﻿名称,地址,城市,电话,区域,lng,lat,urlKey
乐乐网咖,昌里路305号,上海,19116331293,上南地区,121.492473,31.174004,lazzGhw3Gxb7nCMO
喵喵网咖,年家浜路48号1-2层,上海,20943118,康桥/周浦,121.585677,31.114441,laziP34CalQdgTvL
魔神电竞,上川路2271号3楼,上海,15202172180,曹路,121.677589,31.283258,laprDGDB5hLVNaRT
网鱼电竞,上丰路1800号2楼,上海,18721431819,迪士尼,121.679592,31.241203,lakwb0iCfP4R56Vb
伊乐网咖台球·PC방& 당구장,武川路5号B1层（唯庭酒店进去电梯直达）,上海,55808627,五角场/大学路,121.493698,31.300041,lahrpo6zgcsYtE2q
极狐电竞,川周公路2824号2楼,上海,18930316751,康桥/周浦,121.618561,31.143071,laXuk5YUjrPOiyoX
东方电竞·网咖,京华路283号2层,上海,13818227282,国家会展中心,121.273748,31.171971,laU1lIbw3Gx3eSZh
网鱼电竞,望园南路1799弄18号2座2楼205室（星巴克楼上）,上海,15000400497,南桥,121.48675,30.918788,laRGPueRHprgRvMX
网鱼网咖,关岳路108号2楼,上海,16503150239,康桥/周浦,121.585836,31.119448,laQJOUdjoJlRlm3o
星宫电竞,宝安公路3705弄马陆包装城38-39号,上海,19145656812,马陆镇,121.272199,31.324227,laCvOTEsTIBJNSZv
第九维度电竞,南泉北路588号（新大陆广场北楼N2-05/06）,上海,15801993236,八佰伴,121.518911,31.229791,la9viWDWDHpWKCag
网鱼电竞,沪南路2229弄复地活力城商场北区4楼4023（海底捞楼上）,上海,13482836381,御桥,121.564421,31.159844,l9tqhdFhiyZFgz0W
网鱼网咖,市台路388号3楼,上海,13061664655,市台路,121.352634,31.314981,l9jSj8AA1e3dPLAA
蓝像素·腾讯电竞馆,宝山路街道芷江中路266号(中医医院旁),上海,58885859,西藏北路/中兴路,121.472044,31.259904,l9i2InrHMMdP7IbY
,,上海,,,,,l9eo8qgKAXB9zY9A
Bwin电竞,竹园西路930弄4号3层301室,上海,18117013753,浦江镇,121.504461,31.070261,l9e8p6aKn7O60bv4
网鱼网咖,康沈路1608号2层,上海,15201753855,康桥/周浦,121.575607,31.117184,l9PosxOjeaY0rKgN
网鱼电竞,张杨路2852号-2860号二层201室,上海,17510441370,金杨地区,121.564788,31.245258,l9PEFEtFPKMGME8D
东方电竞馆,杨泰路698号2楼,上海,15001805372,杨行镇,121.437352,31.381405,l9OSVCv6cjtF8hGu
网鱼电竞,永泰路1205号207室,上海,13032159792,世博园,121.525345,31.143145,l9N2D1wwytXP8H3X
云翔网咖,嘉年路656号3楼,上海,13636652713,南翔,121.284606,31.295458,l94o4KCrvkrNTnlU
热猫网咖,车墩影视路21-23号,上海,19535868405,车墩影视城,121.315081,31.012574,l92vwW8nzco9OAKA
网鱼电竞,建中路242弄257号F32,上海,13585585588,张江,121.612005,31.202853,l90Ufd1pbDV0rVAD
咖友电竞,罗芬路1312号,上海,18016309880,美兰湖,121.346621,31.405634,l8owczql3IVVRmJ7
亿杰电竞馆,昌里路109号2楼,上海,18916368743,上南地区,121.501248,31.175643,l8lc0pEE1GhBtBPg
网鱼网咖·棋牌,荣乐中路12弄1号方舟广场3楼,上海,13061873202,松江镇,121.239991,31.017491,l8kMCDkf06cBd8jX
子奇电竞·棋牌,尚义路229弄195号2楼A区,上海,13482720701,吴泾镇,121.451077,31.041022,l8Nzg8MW1wIRlph7
魔神电竞,殷高西路218号3楼,上海,17601317452,高境,121.480075,31.320917,l8MrFKgZXVBnv9ml
极狐电竞,海川路58弄16号1层05会所107室,上海,13262597696,江桥,121.349209,31.264632,l8KUFoikunDkfEqn
亿网电竞,三元路253号116室,上海,13651897913,青浦城区,121.112074,31.149647,l8DbHswG98FnGtCh
网鱼电竞,水产路1234号2楼,上海,19121388325,宝山城区/吴淞,121.489464,31.382414,l88OVFedgCZGdpY8
网鱼电竞,东安路599号正大乐城2F201商铺（星巴克楼上）,上海,15221523232,龙华/西岸,121.457385,31.186396,l80y72QvKxR4TrYf
网鱼网咖·棋牌,鹤溪街50号4-301,上海,15317630739,松江区,121.13794,31.03199,l80u4V00SFzrsAs9
网鱼网咖·棋牌,桃浦路328号三楼,上海,13391364919,真如,121.394546,31.260271,l7xiY0vk7pdXBlU1
攻略电竞社·棋牌,余姚路296号,上海,61535376,同乐坊/江宁路,121.437993,31.235557,l7udhTFWt216mdC1
王者时代网咖,新南街407号三楼,上海,18001741809,新桥,121.313934,31.062154,l7qamtl2nT4X3gXQ
魔兔电竞,川沙新镇川环南路401号4幢2楼,上海,18221904842,川沙,121.705321,31.188218,l7m0bQABpa7WyVBB
网鱼电竞,荣科路280号2049万科翡翠公园商场2层,上海,13651605587,张江,121.609743,31.178737,l7iao1KqVuSbSGXv
东方电竞 包装城,包装城大楼东区二楼,上海,13072126331,马陆镇,121.268468,31.325588,l7Z7vxhF2NE1hPzx
欢鹿土星电竞,临汾路706号3楼,上海,18721825603,彭浦新村,121.453036,31.310916,l7XAXSPH92huFCLz
攻略电竞社,西江湾路126号2楼,上海,13370096515,虹口足球场/鲁迅公园,121.478558,31.267221,l77i098q4iqeQQfu
网鱼网咖,尚泰路482号2楼,上海,18616982068,凤溪,121.233598,31.181377,l739lFH3A7TTohEA
网鱼网咖,凯旋路1309号433幢2层,上海,62596215,上海影城/新华路,121.419277,31.202445,l703g8PhApTXOgBK
攻略电竞社,金杨路528号(近枣庄路),上海,50757887,金杨地区,121.580569,31.249492,l6wrPaC2eRohDuHF
网鱼网咖,中华路1003号底层,上海,63185880,老西门/陆家浜路,121.49063,31.21478,l6m8zX1Rfudxz5to
部落联盟网咖,杨行镇蕰川路1588号2幢106室,上海,13311860907,杨行镇,121.430774,31.368193,l6lqkFunlnRMRj2H
联西电竞,联西路60号,上海,13761105028,嘉定区,121.250756,31.267967,l6h07srHcKGri0p1
雏蜂电竞·网咖,望园南路1588弄29号绿地未来中心2楼223室（蒋记海鲜楼下）,上海,57559568,南桥,121.489076,30.915905,l6fOGbjJS9ULMK7t
徽盟网咖,赵重公路2777弄25号,上海,15316821256,重固镇,121.184092,31.193916,l6cREA62kN4MTM5i
IGAME电竞网咖,同景苑云雅路375号,上海,13262769736,迪士尼,121.678713,31.243437,l6ZpLHGmRcHEjyQE
网鱼网咖,塘桥街道浦建路111联捷商厦(塘桥社区卫生服务中心西),上海,17396582890,塘桥,121.520692,31.209322,l6VP6gckE7Aq2o9l
峰鲨电竞.棋牌,博兴路458号2楼,上海,13764826285,金桥,121.582659,31.266109,l6S8pL8NPUgffsR6
棣禹DY网咖,邬桥安东路183号二楼,上海,18918932828,奉贤区,121.403018,30.961643,l6FyrwDLj1B2fYnF
网鱼网咖,东靖路1881号B1 04-01,上海,15316830831,高行,121.610509,31.293466,l68zm0sFIlp7UlFa
虎鲨电竞,永春南路403号,上海,18117150332,浦东新区,121.738681,30.968411,l67eIdz8rim3RMWF
网鱼网咖,扬州路700号2层,上海,17721447783,平凉路/东外滩,121.529442,31.259053,l63ImRYtNzoAWxgC
网鱼电竞,沪南公路9966号,上海,13524544433,惠南镇,121.740904,31.040104,l6046TXzsTDL33nN
网鱼电竞,广灵四路532号(518休闲广场电梯上2楼),上海,15214362302,凉城/江湾镇,121.469422,31.287326,l5zeH2cm3XqwzxoQ
网鱼网咖,天山西路237号（华德饭店旁）,上海,18717953922,北新泾/淞虹路,121.371249,31.216515,l5vko2w6B2tIwsSb
网鱼网咖,莘松路1266号亚繁亚乐城4层439室,上海,18917444448,新桥,121.349142,31.097611,l5uq59lMgZhcKl07
网鱼电竞,龙茗路1706号三楼,上海,13585856755,万源城/东兰路,121.382672,31.153157,l5q8cFrMLOe11H9w
网鱼电竞,宁夏路235号2层（曹杨路地铁站2号口步行440米）,上海,13512131616,武宁地区,121.419817,31.234367,l5g9Jrunl8hSyvUh
杰拉电竞•网咖,龙翔路905-939号二楼229室,上海,15300589183,欧尚商业中心,121.337405,30.746335,l5fyquwsoMPAL6K5
Lv MAX 蓝胖电竞·棋牌,淞沪路98号四楼B区,上海,18917633389,五角场/大学路,121.514891,31.302798,l5UuSf83Y2yUD9nX
攻略电竞社·精选店,曹家渡街道安远路807号(泰州路),上海,61535327,曹家渡,121.433441,31.234875,l5UC8A3tMrpITm6N
网鱼网咖,长寿路155号巴黎春天5楼网鱼电竞,上海,18017703106,长寿路,121.441457,31.242757,l5TsbAhOVY7YpPd7
网鱼电竞,四平路街道控江路1690号凤凰大厦2楼(吴良材眼镜店隔壁),上海,13564199192,鞍山新村,121.514533,31.274338,l5DcrsRXhItogOrS
峰鲨电竞,川沙路4932号3楼,上海,15921306470,川沙,121.697651,31.193381,l55xVUXcgFuy1neG
网鱼网咖·vision pro,南京东路街道南京西路258号1幢5层5F01室,上海,18116242647,人民广场/南京路,121.470816,31.232357,l54FefCggOwi17Zc
摩兔网咖棋牌,益文路120弄-13号,上海,18370356637,莲花路/南方商城,121.412155,31.138405,l4zvaIgpgHPCj47j
佳拉网咖,同丰路718号102室,上海,19711229659,凉城/江湾镇,121.466234,31.272971,l4zNXJj847Sa3HPh
蓝像素电竞·酒吧·棋牌·欣宇店,北桥镇北松公路121号2楼,上海,18221165677,颛桥/北桥,121.407489,31.042342,l4udUdqLNMa3OCsp
E斧电竞,共康路450号2F（近长临路口）,上海,18917550671,庙行/共康,121.437244,31.320724,l4qgQ6dthhbbRtbf
古巴电竞,康华路86号二楼,上海,18321001760,浦江镇,121.523434,31.068585,l4j4Z20W2YSfHjN6
东升网咖,赵兴路182号2楼,上海,19921435837,赵巷镇,121.194894,31.148472,l4XTcrcbvxwUhgwQ
网鱼网咖,南码头路街道浦三路24-26号2楼,上海,13621785591,临沂/南码头,121.511541,31.197021,l4WxX3ynus8nkeUl
PK电竞,车墩镇南乐路456号4幢三层1301、1302、1318室,上海,18916033107,车墩影视城,121.296365,31.025545,l4V2A9R8lbp07P0A
网鱼电竞,罗芬路1088号4号楼407（世纪联华4F）,上海,13774260525,美兰湖,121.350948,31.402668,l4JyK5uDkHL5HJvv
中数电竞,崮山路327号2楼,上海,58522324,洋泾,121.55458,31.2452,l4G3fnqTj5iMRKu7
PLAY电竞,解放中路386号,上海,17321268126,南桥,121.459154,30.915406,l492SDx4Q7bJ7AX1
网鱼电竞,金龙新街598号,上海,18121452393,朱泾镇,121.166804,30.886154,l45AFikwkiRev2QI
网鱼网咖,华江路850弄万达金街42-46号2楼,上海,18717984405,江桥,121.323981,31.239746,l433G87eO3Q8997J
第九纬度电竞,安远路435号地下一层B1,上海,18721825961,同乐坊/江宁路,121.441808,31.238798,l3vC5p5meV0Yfmzp
蜂鸟电竞,盈港路635-641号,上海,18721378386,青浦城区,121.111822,31.159884,l3v7cNsG5rBx64Ae
辰恺电竞,万安路243号辰恺网咖（江湾镇地铁站5号口步行300米）,上海,15000346796,凉城/江湾镇,121.485725,31.302364,l3nqDa9iqRtRMOIs
网鱼网咖,肇嘉浜路10号2楼(近瑞金二路),上海,64661006,打浦桥/田子坊,121.466864,31.205343,l3lDWCaWH6TwhVWR
魔神电竞,华林路217号2楼,上海,19280795282,七宝,121.356321,31.138092,l3kYrD5AijDO6RSm
绮梦网咖·棋牌·台球,东太路259弄1号2层（东太路罗南菜市场二楼）,上海,15601855268,美兰湖,121.363489,31.385556,l3hzkZ1ZgxQvZ4Pq
网鱼网咖,隆昌路610号3楼,上海,13391073693,平凉路/东外滩,121.542755,31.275967,l39BLrxIGFcD0qsD
网鱼网咖,陆家嘴街道商城路618号良友大厦B1,上海,18117597840,八佰伴,121.518051,31.230071,l37yWJgixDklcA0m
网鱼网咖,开江二路10号3楼,上海,17395892102,泗泾镇,121.273805,31.112161,l2zG4blr5b611Y8J
魔神电竞,城中路149号（嘉定影院正门侧面电梯）,上海,15221084217,嘉定镇,121.24776,31.383331,l2yRfZpRtGgx1Vl5
魔兔网咖,金海路2668弄1号楼2楼,上海,,曹路,121.657466,31.265691,l2vYpmnYj6r5Q5zz
熊猫网咖,高宝路404号,上海,,高行,121.623633,31.290093,l2tNEJd5LI6U0Ydd
网鱼电竞,浦锦街道浦锦路1293号D栋2楼201,上海,18917110871,浦江镇,121.492087,31.093965,l2mcVPeoILnuaMDx
金汇网咖,九亭U天地1号楼2层228室（电影院对面、理发店旁）,上海,18918061602,九亭,121.325531,31.140132,l2hRAzQ1YkKpMNiM
金汇网咖棋牌,九亭镇九亭同利路133号2幢,上海,18939921817,九亭,121.312866,31.107238,l2gark4SLl9q1tq5
乐乐电竞,利川路481弄1号2层,上海,13651636853,川沙,121.683624,31.204144,l2gByUiSUOfx9kFa
悟空电竞,陆宝山路771号,上海,19261291915,佘山,121.216724,31.126486,l2d0ZpEsYpYDdRY6
乐乐电竞·棋牌·台球,卡园二路108号9幢北楼119 120,123室,上海,18221290856,null,121.669285,31.238095,l2b42zbJdURUfbpK
CK电竞,七莘路3011号七宝商城110,上海,18019235855,七宝,121.346928,31.155422,l2ZsZyg5agODxPx4
夕阳电竞,虹梅南路梅陇一村103号,上海,19121325745,莲花路/南方商城,121.413416,31.136731,l2XuyBI0mBHG9f5o
网鱼网咖,沪南公路3468弄1支弄29号,上海,19370928930,康桥/周浦,121.566888,31.113713,l2WqpNRAgMU5iETz
夕阳电竞,中山中路196弄43号2层201、202、209、210、211,上海,18964211021,中山中路,121.234116,31.008196,l2OLGTRuT6TmVXB9
极狐电竞,浦申路733号2楼,上海,13255170908,浦江镇,121.502304,31.084995,l2MqRgcCGAeViyQf
徽盟电竞,新南街538号2楼,上海,18017077757,新桥,121.311005,31.062174,l2MjLwyBZiEhvIIl
第九维度电竞,上南路3074号（近杨思路）,上海,15601862121,三林地区,121.497271,31.16119,l2EP3UWiSBPSboBt
金汇电竞,沪青平路公路1899号2幢210室（莱伊份旁8号电梯上二楼）,上海,18917313081,徐泾,121.279436,31.167211,l2BMEkTBl8P4144G
杰拉电竞·网咖,卫零路751号3楼,上海,17521780043,金山卫,121.335779,30.729444,l2AVbixo74PEJBQB
网鱼网咖·棋牌,武威路1285号新邻天地三楼,上海,15618460019,桃浦,121.347768,31.281035,l24gVObrY4gUjuOn
汇金网咖,嘉园路360弄21号301室,上海,15338019249,金汇镇,121.494906,30.959798,l24HLfc0E7bdSQPe
玩嘿电竞,年家浜路329号4楼,上海,17717430265,康桥/周浦,121.578423,31.114983,l234f66l3MnFxx1F
夕阳电竞,金沙江路69号底层-1,上海,19921809648,月星环球港,121.408591,31.231133,l1zWwoEyuvFZ8G4D
网鱼电竞,秀浦路886号擅达广场三楼,上海,15901915179,康桥/周浦,121.573281,31.127081,l1zJMwxPvZ8U1rq3
网鱼网咖,芳草路244号-246号底层,上海,17621422334,北蔡,121.555792,31.193032,l1ra8Idg6O2UVTYz
网鱼电竞,赵巷镇嘉松中路5386弄绿洲智谷花园里北区L2层网鱼电竞,上海,15201760576,赵巷镇,121.223775,31.165495,l1qOvyWQLCden3mq
网鱼网咖,海汇街618号2066-2072室（金山万达广场金街十字路口2楼）,上海,67322072,金山卫,121.336301,30.755461,l1kgdsP8kgy3JKDM
宜度电竞台球卓威店,菊太路1413-1421号,上海,66866377,顾村公园,121.353413,31.346237,l1hE04RHxkRbsGMp
网鱼网咖·棋牌,柳湖路305-313室,上海,17349777684,嘉定镇,121.247402,31.401502,l1UdZ6QIrxMjEKbc
网鱼电竞,万荣路977号2F,上海,17717536756,彭浦镇,121.442119,31.288738,l1N3Hs53tAF9MvD9
君发棋牌·网咖电竞,顾村镇顾太路98号-17号,上海,13052086826,顾村公园,121.399476,31.343891,l1LOF15gD3kjPLcj
网鱼网咖,七莘路1712、1714、1716、1718号二楼1716号三楼,上海,13472788541,七宝,121.36313,31.13582,l1CTRdpRdu8RdbCM
乐鑫网咖,金龙新街528弄6110号,上海,18116355154,朱泾镇,121.168541,30.887011,l16vZdVR74YvDcSg
红猫电竞·台球·棋牌,罗店镇东太路259弄1号2层(东太路罗南菜市场二楼),上海,15601855268,美兰湖,121.363545,31.385595,kaw5pm3zT8r1aHeH
勇网直前电竞·台球·棋牌,界华路98号,上海,13162017668,上海大学,121.422556,31.301656,kauNljYXVnR0gSUN
飞鱼网咖,泗凤路158号2楼,上海,19569715478,泗泾镇,121.263385,31.113608,karXl8xm30kg2wgg
王者电竞,金港路333号禹州国际一期2层,上海,19370955686,金桥,121.612331,31.254821,kapU31R1OJb1zNQg
网鱼网咖,海桐路338号2层（世纪公园世纪联华）,上海,17821917443,世纪公园/科技馆,121.551357,31.209467,kamYGaGjE2NhL07A
中数棋牌·电竞网咖,崮山路648号2楼,上海,58331621,洋泾,121.559051,31.240609,kalNtLJ4WFhurKIn
网鱼网咖,殷高西路555号2楼（江杨南路宝象车行楼上）,上海,13764926796,高境,121.469948,31.320117,kadZ6kL5pUdGMXDD
网鱼网咖,金高路1786号（金桥文体中心对面）,上海,15221338755,金桥,121.609391,31.268214,kaaT8wZddJd3WRGe
嘉草网咖棋牌,复兴中路1号卢湾国际广场B1层,上海,53865808,老西门/陆家浜路,121.483027,31.217467,kaVGpeAEGbevfL1u
万鱼网咖,靖远路698号,上海,59166090,江桥,121.334907,31.254677,kaK1bbUdPMviMr8d
亿晟网咖,新府中路1399弄光明荟113号,上海,13341798285,华新镇,121.22788,31.22801,kaJ07SEsj26C5vEi
古巴电竞,星华公路1572号,上海,18901805309,封浜镇,121.300478,31.268828,kaInS6eKVWEsBpbX
杰拉电竞•网咖,九新公路11弄13号3楼,上海,15021808630,九亭,121.316506,31.134977,kaEmiElD08yV9yCV
玩嘿电竞(航头店),鹤雷路269号2号楼309室,上海,18916004243,迪士尼,121.593367,31.077562,ka78SjTOiQXRPuRZ
姚江缘网咖,凉城路395号2层,上海,13818350886,凉城/江湾镇,121.470101,31.286433,ka1AFipAXHPW8Bjd
攻略电竞社,万荣路959号地下一层（海友酒店大堂进）,上海,66770288,大宁地区,121.442352,31.288042,ka02GBRlj9NuqvWs
杰拉电竞·网咖,虎林路501号二楼,上海,18516791207,通河/泗塘,121.457375,31.338469,k9t8VTmZPhxhabG5
网鱼网咖,外青松公路5999弄2号2层203号-204号,上海,18221207821,青浦城区,121.125665,31.159832,k9pf9oZE2EmeySzM
金成网吧,集贤路150弄32-33号,上海,13162215053,美兰湖,121.354739,31.417484,k9lFTuYCjxuGXcTc
杰拉电竞•网咖,四平路2152号一层,上海,18930998132,五角场/大学路,121.513407,31.294801,k9iw0TrvNiSuJsH6
亮区网咖,赵重公路2777弄2765号,上海,15821620332,重固镇,121.185224,31.193444,k9etSUyoeT4gAgnW
魔都网咖,月罗公路1550号2楼,上海,18301731827,美兰湖,121.377964,31.417021,k9GDrOG48na5yG9Z
网鱼网咖,真新街道新郁路179号203室、189-1号（靠近金沙江路清峪路）,上海,18616537912,丰庄,121.357958,31.244149,k9FOzazf0mIwHrSo
虎鲨电竞,抱雪路166号,上海,18901848846,滴水湖临港地区,121.801951,30.911884,k9F2EbiikOzijdO4
网鱼网咖,浦航路728弄15号2楼（浦航路地铁站2号口步行170米）,上海,13764898773,浦江镇,121.531951,31.041281,k985aiYTIo5rny2v
网鱼电竞,浦锦街道江月路1850号浦江城市生活广场F4层,上海,18817327703,浦江镇,121.504621,31.08363,k97HnhsKQ3mDjjUi
LEGO RACE,大渡河路178号长风大悦城F2层,上海,,长风公园/华师大,121.395746,31.222808,k96LTuxAXbt0xfPV
速8网咖,越联路6号2层201（九杜路与越联路交叉口）,上海,16601993460,九亭,121.310724,31.142073,k95rAxzq77qY9sE0
鋆夏网咖,张扬北路2507号阳光城自由区2F号,上海,18916091189,高行,121.588591,31.300091,k90GxoQyTA8swPbL
网鱼网咖,仙霞新村街道仙霞路606号2层,上海,13391134932,虹桥/古北,121.390036,31.205756,k8zVEbcgMxS3iV5y
乐空间电竞,弘基广场6号,上海,17301827851,马陆镇,121.282478,31.336428,k8xhIizW57bvJHIc
龙珠网咖,八一路338号,上海,17721209110,南门,121.396514,31.623674,k8kFKBW9pp0VLkVH
虎鲨电竞,南奉公路2742号,上海,13386175638,青村,121.583061,30.923853,k8RJW169dXQ4807T
魔兔网咖,海阳路437号,上海,18717776522,三林地区,121.492538,31.154607,k8FgfKrzMtiFmr6R
网鱼网咖,银春路2221号星悦荟2层,上海,15021414869,闵行开发区,121.386678,31.024616,k8CTPjJ5B4dFJ3eV
PLAY电竞,南桥镇菜场二支路8号,上海,13045630132,南桥,121.452135,30.908501,k803uCEmqkd2TwcH
网鱼电竞·棋牌,广富林路658弄万达广场金街82号二层（万达5号口侧边）,上海,15921428518,松江万达广场,121.24268,31.05821,k7wCjzJsy4hoJNXQ
网鱼电竞,泗凤公路149-151号,上海,18916069749,泗泾镇,121.26273,31.1131,k7o4RBKZJi9Bvz64
网鱼电竞,墨玉南路1080号曼度泛乐城3楼,上海,13641822976,安亭嘉亭荟,121.164121,31.287862,k7mbeBsBW2A7Aq9M
网鱼网咖,古美路1487弄10、12、14号1层,上海,13817807743,万源城/东兰路,121.398823,31.160054,k7iB8EdvXmPZt2vi
网e网咖,鹤芳路80-86号2楼,上海,13916947700,江桥,121.31238,31.23582,k7XtuHSeePA22pPZ
嘉草网络,丽园路820号3楼,上海,53016809,打浦桥/田子坊,121.476435,31.206516,k7MTai11CptAkqaI
辉腾网咖,福泉路222号2楼,上海,52907578,北新泾/淞虹路,121.359131,31.211717,k7JXNxoYw0Vmf4aq
魔兔网咖·棋牌,长清路1911号2楼,上海,18717967484,三林地区,121.496303,31.142706,k7HaECgQYX68wgmK
B11电竞,宝安公路3718号莘潮国际家居商场2楼（麦德龙超市楼上）,上海,13311877338,嘉定新城,121.267477,31.326767,k7FmAFoNKXOuSxSE
网鱼电竞,川沙新镇新川路981-983号1-2层,上海,13621812526,川沙,121.687758,31.189015,k7ExdF351UBX1Rwx
宏大网咖棋牌,虹盛东路7号2楼,上海,18049995097,迪士尼,121.682932,31.237984,k77SMjN6IkNeCNNi
轩浩网吧,民耀路397号2楼,上海,19117389527,曹路,121.654533,31.270693,k72y8Ni9SK7qzNFj
网e网咖,长宁路63号4楼（57-59号弄内4楼）,上海,13916947700,曹家渡,121.427917,31.228103,k6sk2USexTETtkQJ
乐乐电竞,涞坊路417号,上海,18019319547,九亭,121.313805,31.152074,k6UPVFHyQZSSjGu5
飓峰电竞棋牌,上南路6453号,上海,13651885571,康桥/周浦,121.550636,31.119313,k6FnXbLyXgsZ2kpQ
欢鹿土星电竞,沪太路3633号海友酒店3楼,上海,13012869257,上海大学,121.407624,31.325984,k6EI0DisuhZtT7EX
魔兔电竞·台球,绿林路211号二楼,上海,17316334149,北蔡,121.548728,31.171481,k6DR5FX5ofwDTXir
捷闽网咖·电竞·台球,嘉戬支路148号2 3楼,上海,19370752589,戬浜镇,121.296233,31.376529,k6643OdHFVqKCrnx
网鱼电竞,银翔路609号B1层B103室-B108室,上海,18916480404,南翔,121.323351,31.290631,k5mzQxVbbeGKCm21
东方网点,天目西路500号3楼（近联通国际大厦）,上海,62455526,上海火车站/客运汽车总站,121.451466,31.245016,k5k33S7kb3EoheZG
青枫网咖,苗桥路康桥仁怡苑,上海,15000571659,迪士尼,121.624319,31.141076,k5jKFEgVitHu6iQ4
蜂鸟电竞,德都路金悦生活广场三楼3301号,上海,18117160004,月浦镇,121.427671,31.402997,k5f8QvJgTkawPULl
夕阳电竞,田林路12号2层东半部、3层东半部,上海,19921135255,漕河泾/田林,121.423056,31.171728,k5dC9abHDhaV1CuZ
极狐电竞,宝翔路671号2楼,上海,19916719420,南翔,121.319137,31.309267,k5bjYQTNNer9X7RZ
Bee电竞网咖,金碧路1998弄1号3楼304室,上海,19921336022,金汇镇,121.510083,30.97333,k5aFwcEyrM2VUyRz
网鱼电竞,海旗路1471、1473号,上海,15800705129,奉贤区,121.737805,30.894176,k58R5PCXRtdRqCYV
网鱼网咖·棋牌,真金路1041号3楼,上海,13512171048,大华地区,121.406144,31.283539,k4znd1xy62Z574jo
夕阳电竞,德华路南翔558商业生活广场2楼208,上海,18019225527,南翔,121.308676,31.293216,k4t5By9Q3BRMA57d
网鱼网咖,华发路399号2楼,上海,15618421963,华泾镇,121.446499,31.126589,k4q5TN8Qwr4RNXyZ
聚龙电竞·MAX,常德路1168号,上海,13262969192,长寿路,121.439284,31.239342,k4o98rPIauObaPdy
腾讯电竞·棋牌,雪松路368号（电梯上4楼）,上海,36036001,桃浦,121.353891,31.285072,k4hgedpGLH3wH053
乐乐网咖·棋牌,浦电路57号4楼,上海,19514677578,世纪大道,121.516264,31.217377,k4fwsihw744HJJ0d
蓝山网咖,诸陆西路852号三楼,上海,13818227282,国家会展中心,121.259234,31.175544,k4em8eyVhqLYtzYQ
红猫电竞馆,水产路2199弄107号招商花园城2楼,上海,15821169273,杨行镇,121.449141,31.369128,k4Yr8LzClBQ52SGn
T电竞,育秀路1279号3楼,上海,18117576817,南桥,121.451098,30.904758,k4UAbwoHw9nLhvjc
蜂鸟电竞,长江西路2230弄凯旋丽都生活广场2楼,上海,13311839002,庙行/共康,121.440328,31.330078,k4OrZEZFlXOz38m0
木庆源网咖,紫薇路201号3楼动漫网咖,上海,17621312369,张江,121.616406,31.202996,k4Jec7l36yUOY3zd
夕阳电竞,云谷路279弄4号地下一层05-106室,上海,18964694772,嘉定新城,121.256219,31.328349,k4AqgmKtb89TfgVj
魔兔网咖,金鼎路1802号2楼,上海,13482188937,丰庄,121.367295,31.258996,k3i62KwBY1iseodW
世纪电竞,江川南路12-20号2楼,上海,,泗泾镇,121.275016,31.109525,k3ZXe0OxCsNzKBrS
网鱼电竞,车墩镇茶坛路591号三层,上海,18217105256,松江区,121.245261,30.986024,k3VT297CRLrBGcLv
部落联盟网咖,杨泰路2120号1层,上海,66220203,杨行镇,121.431204,31.394606,k3J9vQhzm533Q2JP
古巴电竞,宝安公路2958号二楼,上海,15850322318,马陆镇,121.295461,31.334984,k3DBlDbtAlBUDph0
魔兔网咖,曹路镇金海路2505号上海曹路宝龙广场F4层,上海,13120564078,曹路,121.653806,31.266616,k38xvapRfREXH0wZ
网鱼网咖,文汇路1046号华信广场2楼（松江大学城）,上海,17621125299,松江大学城,121.198136,31.049496,k33bspchsN47Xi6j
网鱼电竞·棋牌,航东路366号2楼,上海,18917991552,七宝,121.355767,31.173899,k31pr2lgmyC2SVs1
古巴电竞,城银路555弄12号120室,上海,17316557078,市台路,121.349428,31.314459,k312mzctcynIktiD
蜂鸟电竞,锦秋路809弄745号二楼（上海大学地铁站3号口步行50米）,上海,19921291981,上海大学,121.388389,31.320976,k30wBgukbcMS2Jxx
T电竞,光星路1599弄马利来广场F2层,上海,13166467075,松江万达广场,121.240754,31.058664,k2xDYBvHfMdbBOQa
网鱼网咖,孙桥路271号三楼,上海,19921390038,迪士尼,121.630997,31.181511,k2q62MerSJNEG7zu
网战特区网咖,水产西路513号,上海,56672100,宝山区,121.421488,31.358253,k2fl6W0Yb8wFK7e3
Bwin电竞,安波路533弄2号101-102室,上海,,五角场/大学路,121.528723,31.301277,k2ceNKutLaH2jQG1
速8电竞,谷阳北路126号3楼,上海,18807056182,松江镇,121.236404,31.014031,k2bzXDynE5CjMRtg
金汇网咖,徐泾镇诸光路1588弄471号（L3A幢1层）,上海,19921411018,国家会展中心,121.305155,31.183877,k2UT7uQi1YdOV50k
龙猫电竞,陆翔路1018弄7号103室二层,上海,13253653939,顾村公园,121.360724,31.361481,k2TIUvlzI4fkYgZM
T电竞,南翔镇金润路418号2楼,上海,13641948509,南翔,121.330167,31.290637,k2QkhUkJm03U8O6S
网鱼电竞,申滨路479号新华联购物中心B1层27-1、27-2号,上海,13482628794,虹桥火车站/机场,121.309242,31.200564,k2MSX8d2ymSgMqFt
魔兔电竞,浙桥路190号2楼（台儿庄路地铁站2号口步行340米）,上海,13482466484,金桥,121.600687,31.251721,k2MEBCqSSdlz8Slv
杰拉电竞,箭桥路615弄5号楼15幢301室,上海,19370610379,康桥/周浦,121.610772,31.134322,k2LZfdlD2JlBMrTa
欢鹿土星电竞,中山北路2438号101室-2,上海,18721827631,武宁地区,121.424659,31.243913,k2L4Eun1A51HyX9K
魔兔电竞,德平路1137号-1141号2楼B区,上海,13564738759,金杨地区,121.569029,31.241269,k2IbHpOf68jgPQQe
鑫豪电竞,康沈路1670-1672号2楼,上海,17717380994,康桥/周浦,121.577078,31.115348,k2Cz4dchlFghFfK7
网鱼电竞,环桥路1126号2楼,上海,19145611597,康桥/周浦,121.604912,31.135852,k297knlOoIFiqzs0
叁界网咖,解放中路328号2楼,上海,15021104546,南桥,121.460161,30.915756,k2541jBEBLXIDqrx
一人一间网咖,市光路50号2层（距江湾体育场300米）,上海,65103875,五角场/大学路,121.515148,31.310124,k246GfPvxlZ1GnD0
虎鲨电竞,江川路277号3楼（江川路地铁站3号口步行390米）,上海,13371888385,老闵行/交大师大,121.419851,31.003695,k1yOr8gtnEkigXEG
网鱼电竞,四川北路1661号艾尚天地B1层（东宝兴路边门进 平安银行西侧）,上海,18116155081,四川北路/海伦路,121.481771,31.257971,k1wpvn373dOs8q94
虎鲨电竞,恒久又一城2楼,上海,13052397787,江桥万达广场,121.320708,31.243128,k1wFypJqcCeMsIhs
王牌电竞,新陈路349-357号,上海,13501894814,北蔡,121.565369,31.180389,k1t25AoBskR8l5XA
网鱼网咖·棋牌,东靖路874-1号2楼,上海,,高行,121.586701,31.291231,k1qY1j4aBY8lhuM1
网鱼网咖,盈浦街道青松路62号2-3楼（近城中东路）,上海,18017305331,青浦城区,121.116151,31.147102,k1np3qAbFNkIazzI
虹桥电竞,徐泾镇明珠路258号3号楼,上海,15262567298,徐泾,121.270645,31.169675,k1ZTHA813aB9AiAq
网鱼网咖,管弄路321号（农工商超市正对面）,上海,62146931,中山北路/甘泉地区,121.424024,31.254364,k1Wx9Jt0HnNlUHs2
网鱼电竞,环城东路浦南园59号2楼1室,上海,13564854282,南桥,121.472292,30.906134,k1VP7ANLph660EYl
网鱼电竞,颛桥镇都市路3759号龙盛国际商业广场二楼206A,上海,19308170089,春申地区,121.398624,31.085791,k1PKRFiVW3FypHcF
夕阳电竞,康桥镇沪南公路2588号201室A区,上海,17623804921,迪士尼,121.566067,31.148659,k1OTAZt8GCx2kzSk
乐空间电竞,银春路1955弄71号106室2楼（中国移动旁）,上海,13122098050,老闵行/交大师大,121.393278,31.025178,k1NZrtfuA75E93Ly
T电竞,新沪路445号,上海,15021629776,大华地区,121.41947,31.270581,k1Mu56OtAOM4KIYs
网鱼网咖,仓汇路523号一楼、519号、521号523号2楼,上海,13671779149,飞航广场,121.202811,31.012154,k1LvsO2CAJFpISHG
虎鲨电竞,鹤槎路164号二楼,上海,18375562198,南翔,121.298151,31.301191,k1JpWfSIPomorLw5
柯森网咖棋牌,玉树路2659号2楼,上海,17316511914,松江镇,121.208667,31.011174,k1CD8iCnWmZE9JhT
虎鲨电竞,共和新路1949号2楼,上海,13761655154,上海大学,121.453435,31.275504,k19DGWbUQ8aU5N2s
网鱼网咖·棋牌,徐家汇街道天钥桥路458号申峰大厦B1层,上海,13402090257,徐家汇,121.442085,31.187178,k17luESSN54FZ3GC
e家网咖,沪太路1598号2楼202（行知路地铁站1号口步行190米）,上海,13633962288,大华地区,121.422951,31.282081,k16IeMVF9oDUSdSd
网鱼网咖,三鲁公路3003弄98-99号202、203、205、208、209、210室,上海,18321578518,浦江镇,121.522899,31.074736,jsRYrMkzAyVvUbYp
666电竞网咖,镇泽路560 562,564,566号2楼,上海,13485711899,赵巷镇,121.191934,31.158925,jpEjqExHXSta0QR8
VSPN电竞中心,电气文通709媒体园区71号,上海,,大宁地区,121.443814,31.283654,joYBRhMOu58yRk3D
网鱼网咖,新凤中路333号E区1幢121、122、212、312室,上海,19720211531,华新镇,121.227138,31.230801,jnsOtFXoTWVHD4U2
网鱼电竞,召楼路1982弄1号205、206-1商铺2楼,上海,15201757618,浦江镇,121.540039,31.054639,jf9zuTtODXc62BSY
欢鹿土星电竞,金沙江路1628弄五号楼,上海,18721827837,真北中环,121.37929,31.23447,jVFmt8r1lQkhDF6k
网鱼网咖·棋牌,场北路633-645号2层,上海,13310191170,庙行/共康,121.425003,31.332317,jSkh2pRsIvyWA4Iw
大威电竞,百熙路368弄43号,上海,19916702535,祝桥,121.762174,31.113384,jRAXDYOWw3kf920y
T电竞,川沙新镇北市街242号2楼,上海,13764003662,川沙,121.703081,31.197841,jO7v5TFU9ufjjHsR
涌鑫电竞,志丹路130号2樓涌鑫电竞,上海,18918037351,中山北路/甘泉地区,121.431281,31.260166,jKRi9hVoyFce9oz6
心动网络股份有限公司,万荣路700号大宁中心广场F1层,上海,60727072,大宁地区,121.441893,31.279963,jJwEXPvWKv2G1DsJ
网鱼网咖,七莘路3088号四楼,上海,13311933082,七宝,121.347821,31.157081,jJvywOugqCuQpbBn
窜天猴电竞,美康路美兰湖地铁站2号口,上海,19121195068,美兰湖,121.348674,31.399764,jGVlEHgi79W7pQBa
网鱼网咖·棋牌,古浪路415弄1号楼3楼,上海,66275961,桃浦,121.385343,31.282971,jFEZZnb7JmCFyUYQ
Lv MAX蓝胖电竞,梅川路1362号3楼,上海,18917502739,梅川路步行街,121.380736,31.24414,j8PfCzMP3k9xFTgr
星海电竞,南汇新城镇古棕路438弄7号,上海,19101702777,滴水湖临港地区,121.913941,30.880991,j4btNSim07C1SheZ
网娥电竞,福佑路333号鄂尔多斯广场2楼247室（小商品批发市场斜对面）,上海,18019293161,城隍庙/豫园,121.488938,31.228519,ixk7CYUEXm5rkVj4
盛谊网咖,三鲁公路2659号2楼,上海,16628707999,浦江镇,121.525279,31.068329,iejN0SxsFezi3gEp
网鱼电竞,石家街92号2楼,上海,19821388084,外高桥,121.580689,31.344409,icwZc8PZBuN7LS5n
网鱼电竞,陆翔路111弄正大乐城3楼,上海,18421918161,顾村公园,121.371477,31.345091,iQ0wUCqI1flGAIT5
东方网点,凯旋路1669号天星城5层,上海,18930266687,虹桥路,121.421955,31.194948,iKLL0Y0gyi1QPSPj
国音电玩,漕溪北路339号百脑汇4楼4B01（新域智能餐厅旁）,上海,15618994357,徐家汇,121.438477,31.190977,iAWOnkHqKurVE15p
云顶电竞,绿地长兴家园北区,上海,15021290309,长兴岛,121.707438,31.383148,iA1b1lDoQXcc54gf
网鱼网咖·棋牌·台球,叶榭镇叶政路451弄143号双高商务广场3楼302、303号,上海,18964664993,叶榭镇,121.318774,30.941978,i8LhC7pZ0aMGYj7u
云咖啡电竞馆,月牙港路,上海,13918191413,长兴岛,121.708701,31.382891,Hadw8j2VAaGfcViv
网鱼网咖,岳阳街道庙前街152-166号（近松江中山中路庙前街北门）,上海,67898012,松江镇,121.234036,31.006206,HaduBQiWrFIZpt2C
乐空间网咖,老芦公路858弄101号二楼,上海,13341671260,滴水湖临港地区,121.866582,30.977562,HaaV1VV4RIJpPyox
网鱼电竞,城南路894号2楼,上海,18516551723,惠南镇,121.769471,31.041501,HaPs0hl3vo89GBQy
东方电竞,真如镇街道真南路487号2楼（李子园地铁站2号口步行80米）,上海,16788865477,桃浦,121.391391,31.268631,HaPTMYDV5BMDfmQV
网鱼网咖,东川路881号（靠近永平路）,上海,13482533295,交大闵行校区,121.431662,31.016774,HaJNeiPTCx2qM4Is
网鱼电竞,人民东路2787-2791号,上海,18918290973,惠南镇,121.765461,31.049315,HaH0HAYzK8nIc9YH
攻略电竞社,福山路519号三层3F01-3F02室,上海,50330069,世纪大道,121.532441,31.222533,Ha5NcyOoOt2B0fW2
网鱼电竞,虹桥镇吴中路1109号吴中商务大楼三号楼401室,上海,13482822547,虹桥镇,121.386007,31.176625,Ha4gwrk7UrL2SsjS
网鱼电竞·棋牌,美安路217号202室,上海,17721068351,美兰湖,121.349694,31.388027,Ha4c09lloMsTyIqK
龙腾电竞,泥城路102、104、106号二层B区,上海,15102128212,泥城,121.826054,30.899735,Ha0vAZYHHiUhusSL
魔兔电竞,水丰路390号2楼（延吉中路地铁站3号口步行250米）,上海,13004196142,黄兴公园,121.537395,31.289105,H9tiVbXtmzw7j3XI
古巴电竞·网咖台球,叶城路与胜辛路交叉口东北角红土天阶负1楼,上海,15255099189,嘉定镇,121.237792,31.360167,H9jCl9j01I0shF4Z
峰鲨电竞,川北公路3056号二楼,上海,19521272923,张江,121.613285,31.206075,H9ioHTbvQBb0jjw8
杰拉电竞•网咖,图们路23号（距离军工路理工大学校门口280米）,上海,13601973618,黄兴公园,121.548129,31.290169,H9gvWNG5Je4RYwCH
峰鲨电竞,潍坊路188号202室,上海,18019777972,世纪大道,121.528783,31.226434,H9asD4Tphf6oP8TQ
网鱼电竞,世博大道1368号2区2层203A,上海,18121066973,世博源,121.492419,31.185629,H9R02D4JWZGTzPBj
网鱼网咖,川沙路4611号奇天商厦1幢3楼B区,上海,15221630817,川沙,121.696876,31.199051,H9PzdsBE8zk0RgLh
网鱼网咖,和炯路191号2楼,上海,13917347440,浦江镇,121.503617,31.121405,H9I4uKPxFHX0zFHv
极狐电竞,聚丰园路129号3楼,上海,19901616142,上海大学,121.384537,31.315107,H9EENZaLUAeiGstH
申翔网咖,南山路107号2楼（共和新路西，西藏北路东）,上海,66773326,西藏北路/中兴路,121.464774,31.256811,H9DUuMklLjVL74Hm
网鱼网咖,政民路215号3楼,上海,18321553192,五角场/大学路,121.506503,31.302441,H90enbvnmj5Cphei
网鱼电竞,古楼公路1876弄18号一层,上海,13052531713,佘山,121.232869,31.104229,H8zzgbP72aOaLELO
攻略网咖,宝山路街道永兴路96号(农业银行对面),上海,19921498609,西藏北路/中兴路,121.475031,31.254211,H8uUvn7lhGfqEeto
网鱼电竞,渔港路336弄6号一楼,上海,18939964293,滴水湖临港地区,121.849654,30.866114,H8sV0GCbk6i7x3PL
网游电竞馆,中山北路中瑞商务大厦停车场内101室,上海,18317163797,武宁地区,121.424658,31.243915,H8nEmoM5b4xueZjs
润熙电竞,莲花南路1500号4号楼302-305室,上海,18361008862,春申地区,121.413693,31.096888,H8ZfxOZIodadvmeZ
乐乐电竞,高科中路2860号二层,上海,15026531745,张江,121.638534,31.203725,H8XWFnSqwStV6OsY
网鱼网咖,沪松公路1501号轨道交通9号线九亭站二层JT-210221222,上海,18721445076,九亭,121.319655,31.137249,H8OLOicQUnNjbKCt
CG棋牌网咖,南期昌路江虹花园60号二楼-1,上海,17717327267,松江镇,121.22649,31.02329,H8KaozMCNQskmoe5
杰拉电竞·网咖·棋牌,繁安路229号二楼,上海,13120518973,颛桥/北桥,121.393169,31.064189,H8GCcQZAGSYGJDCp
网鱼电竞,陆宝山路155号佘山旭辉里1幢3层305-306室,上海,19261242246,佘山,121.214485,31.116209,H8F393RuWybnSBOW
网鱼电竞,莘谭路82号交通银行2楼,上海,18121270881,莘庄,121.376041,31.110581,H8B8VJUGxRb2xPbe
网绅电竞,北松公路4915弄13号,上海,19921042333,车墩影视城,121.310534,31.013767,H80qBJZKfVjWxaRg
玩嘿电竞,秀沿路2430-2432号2层,上海,17301716058,康桥/周浦,121.601297,31.137047,H7s8Pv4kPD9dXUaZ
PLAY电竞,百齐路588号百联南桥购物中心一期B1层A室,上海,15221360324,南桥,121.4842,30.916064,H7rRsqyFWaUZ6PCX
龙猫电竞,共和新路5000弄绿地新都会5号楼222-230室,上海,13761519116,绿地风尚/万达广场,121.444623,31.322483,H7ojhDokQIe4SSXi
宜度电竞台球,菊太路813-821号,上海,52738166,顾村公园,121.364423,31.350608,H7WfbBaNk4lcwyj7
网鱼电竞,施镇路396弄1号169室（麦当劳后面）,上海,18901611658,浦东机场/机场镇,121.755543,31.144117,H7WDokOmXUl9oEKV
腾讯电竞体验馆,召楼路2370弄25号202室,上海,17316334899,闵浦,121.538444,31.062364,H7CSwBM5hbQZIHrt
魔兔电竞·棋牌,五莲路1704号二层,上海,17821077726,高行,121.599271,31.281494,H71I3xUFrgoYDs08
网鱼网咖,罗店镇市一路188号二楼,上海,,美兰湖,121.347519,31.415629,H6ykbX9om41xWrRK
古巴电竞,外钱公路885号,上海,17317136690,外冈镇,121.151139,31.349035,H6ir9trYnHeZ6M6M
乐空间网咖,三三公路4900号,上海,15317638937,滴水湖临港地区,121.898323,30.953501,H6cfzBNjbb7DMCkg
乐乐网咖,金高路1050-5号2楼,上海,15026670510,高行,121.609894,31.283619,H6bpDzt7nSEkIrf3
网鱼网咖,御秀路828弄3号楼2F-06室,上海,15821852771,御桥,121.57914,31.15158,H6VHVqLzltSH1OTA
蜂鸟电竞,华济路9-15号二层,上海,19145716562,徐汇区,121.459412,31.115882,H6Qg5dLfxUy7ZNjH
一人一间网咖,政立路227号1层,上海,65103875,五角场/大学路,121.514566,31.308197,H6OZBt8OZNtwe4ak
万鱼精品电竞网咖,嘉涌路26号,上海,69990338,江桥,121.336701,31.268683,H6Hajdrss85a67Fx
连盈电竞潮玩,宝安公路3705弄130号102-104,上海,18201882581,马陆镇,121.270315,31.323964,H6HQYu6kDR0egAio
网鱼电竞棋牌,九里亭街道沪亭北路607弄25号3层,上海,18721295001,九亭,121.315203,31.146513,H6CvirOCleJmHGHM
乐联电竞·网咖·网吧,墨玉路86号,上海,13120560488,安亭镇,121.163142,31.294318,H61B19KV28OJAEN4
欣宇网咖,北松公路121号2楼,上海,15901883077,颛桥/北桥,121.407489,31.042342,H5tGbmDocLXvzZeQ
欢鹿土星电竞,顾曹公路589号,上海,13701658332,曹路,121.664266,31.293236,H5sQD9hJhW02zNWJ
CK电竞,宜山路250弄12-1临,上海,64692678,光启城,121.429606,31.189016,H5eDWOQ5KXD3OaoX
臻火电竞,新松江路927弄4层4044A室（红星电影院旁边）,上海,18916774971,开元地中海,121.218456,31.038262,H5QYrGcvVnHX2JIq
网鱼电竞,名都路36弄14号2楼A区,上海,13166207890,莘庄,121.391165,31.106898,H5OYU6qfAmbAjQp1
杰拉电竞·网咖,华腾路518弄6号303,上海,15021289130,华新镇,121.228827,31.238357,H5K42ZzyDcjVspQQ
蜂鸟电竞卓威体验馆,逸仙路1328号临港新业坊源创8栋3层308-1、308-2室,上海,19302165631,高境,121.484439,31.318934,H5IvDdzYVx8qgMAQ
虎鲨电竞,都市路3613、3617号2楼,上海,15300805396,莘庄,121.401363,31.082185,H5GupurN4PVYwzxa
峰鲨电竞·棋牌,江晖路409弄84号3楼,上海,15921412874,江镇,121.739587,31.172891,H5BZUpnAo8m29sEA
网鱼电竞,黄渡绿苑路587号2楼,上海,13564671941,安亭黄渡镇,121.210858,31.280306,H5970gt3twm5WcuH
魔兔电竞,合川路2908号新乐坊C座301-B室魔兔电竞,上海,13072165587,虹桥镇,121.382439,31.173091,H4yUqBpRFEmj0txn
杰拉电竞·网咖,九杜公路477号1幢3楼,上海,13564919167,九亭,121.309806,31.143603,H4lTAlJmKjKtpT2b
网鱼电竞,华山路2038号百联徐汇商业广场南楼4楼,上海,54070502,徐家汇,121.437281,31.197091,H4kygikvjeJeX4CU
网鱼电竞,张扬路3611号金桥国际商业广场2座4楼405室406室（米村拌饭对面）,上海,19901788357,金桥,121.579021,31.256981,H4jaE8AuVwDu7ezs
星海岸网咖,施新路802弄绿地东海岸时代广场D区3层,上海,19352151947,浦东机场/机场镇,121.756241,31.147221,H4jCifQB2ANQG0N0
峰鲨电竞,施宏路396号2楼,上海,13472418917,浦东机场/机场镇,121.758961,31.151761,H4h9kEhghkd2060e
杰拉电竞•网咖,胜辛路426号2层2061,上海,15921250611,嘉定新城,121.255147,31.330417,H4g9aYc2VcU94YFy
古巴电竞,淞发路25弄13号2层,上海,19101600324,淞南,121.497991,31.344108,H4JlFHnxaKVAc8av
欢鹿土星电竞,东体育会路661号,上海,18721827902,曲阳地区,121.487304,31.281903,H4FtOVI4llNSHNw4
网鱼网咖·棋牌,共富路101号-103号（1号线共富新村站3号口旁）,上海,17698982831,宝山区,121.43297,31.35089,H42fKk9u9zM0zMcr
网鱼电竞,南泉北路588号新大陆广场南楼第三层房间是S3-03a,上海,18201707754,八佰伴,121.518587,31.228979,H3mzo0bkTmaDPB1q
魔兔电竞,沈家弄路808号,上海,15221421017,洋泾,121.544033,31.237853,H3kzQH1aZwAjqh8W
同承网咖·茶艺棋牌,南乐路456号乐尚天地生活广场F4层,上海,13061717951,车墩影视城,121.296076,31.025413,H3iOPJwDE5QQTwvU
网鱼网咖,东门大街193弄10-18号1-2楼,上海,15121179223,惠南镇,121.758782,31.046182,H3avJMweRW9i4gUD
乐空间网咖,进明渡路306号2楼,上海,13062881756,安亭镇,121.177707,31.283347,H3a6IcfFGAPdpVVY
网鱼网咖,枫林路街道中山南二路933号(近双峰路),上海,17717427603,龙华/西岸,121.448965,31.183587,H3UIYXzxtj0EPn8S
网鱼网咖,成山路1257号2楼,上海,19117271859,世博园,121.523116,31.175741,H3SheobfTi5e2r9P
网鱼电竞,滨江百联购物中心,上海,13166369015,平凉路/东外滩,121.537573,31.264937,H3HWUSaBNUEancy4
欢鹿土星电竞,新市北路1386-1号2层,上海,18721827967,凉城/江湾镇,121.481037,31.302822,H3H5DUcAE9ekaJ5d
网鱼电竞,兴坤路18号长兴阳光天地商场4楼,上海,15800790839,长兴岛,121.761455,31.353777,H2tq2hy1YsGuOeSG
Lv MAX蓝胖电竞,古北1699商业广场b1层b111-2 b149,上海,19101746651,虹桥镇,121.402926,31.188262,H2sWzcMunD4IcFrY
网鱼电竞,南京东路588号5楼丝绸商厦商务时装门口上楼（世纪广场正对面）,上海,15001899127,南京东路,121.479159,31.235871,H2q8Gr4fEuj1GE2X
网鱼电竞,关山路48号一层（近国权路）,上海,18221501563,五角场/大学路,121.52203,31.29061,H2mvcYNqkY8c1ahO
嘉草网咖,斜土东路255号三层,上海,33766089,西藏南路/世博会馆,121.487119,31.207768,H2flJhNEQeMQ9xDB
宝菊网吧,万步路10号,上海,59831657,青浦区,121.056091,31.074961,H2f6B7gmMZdZEjru
网鱼网咖,长岛路1228号3楼,上海,58955823,金桥,121.593534,31.261394,H2ZaCjq9yWIR7y8d
臻火电竞,华灵路841号2楼208室,上海,18930350585,大华地区,121.422803,31.279259,H2XpdrgSovGqb0co
New happy电竞综合馆,洪德路201弄35号,上海,19372841037,嘉定新城,121.262279,31.357418,H2WTzFUYXZY18Jgq
轩浩网咖,民雨路335号（大风车广场必胜客楼上）,上海,18117016190,曹路,121.663372,31.275052,H2W0IRp03JSTPAwH
魔兔网咖,齐爱路477-485号2层,上海,17612132719,唐镇,121.662838,31.207872,H2R5hNkQICoMfZJp
玩嘿电竞,成山路500号浦乐汇3楼,上海,18121499232,上南地区,121.507415,31.172028,H2PYVAJYlUnmLvZY
红猫电竞馆,美平路793号二楼,上海,17279346341,美兰湖,121.338218,31.387343,H2MOL8X5eVDME7NW
乐空间电竞棋牌,淀山湖大道万达茂金街B区二楼202室,上海,13311605163,青浦城区,121.084115,31.13498,H2F24bXJ12SLfKac
蓝胖电竞,百联嘉定购物中心4楼407-413室（近南门、来伊份楼上、近露天停车场）,上海,13391106272,嘉定镇,121.279132,31.385182,H2CGdIQ8qqnpRAVI
欢鹿土星电竞,兰溪路148号曹杨数码广场五楼,上海,18721827651,曹杨地区,121.404858,31.239958,H29UWDxuRIYmBLzM
玩嘿电竞·星宫店,海宁路1399号金城大厦3-11,上海,17192186161,苏河湾,121.468324,31.244044,H25JEPaHfvmByHwd
极狐电竞 棋牌,华江路786号,上海,15221157127,江桥万达广场,121.328503,31.242831,H1wkMbTLCBej7eKI
网鱼网咖,泥城镇鸿音路3155弄128号3楼网鱼电竞(海上歌友隔壁),上海,15221168066,泥城,121.815895,30.905775,H1gyWyRZGLoNgDbp
战云电竞,嘉峪关路397号,上海,17521215253,江桥,121.316428,31.270689,H1gRQzfDYNwaULqy
杰拉电竞·网咖,七莘路2907号(9号线七宝站万科广场),上海,13818180484,七宝,121.350238,31.151798,H1e61XRjfIzFP3gQ
网鱼电竞,定西路1550号三樓（大娘水饺三楼）,上海,18918052961,中山公园/江苏路,121.421878,31.217741,H1dDJxIwHCiGXXhX
网鱼网咖,颛兴路117号2楼,上海,18917892440,颛桥/北桥,121.398989,31.066992,H1c7KsGplUacnRvu
网鱼电竞,共和新路街道洛川东路360号裙楼201室360-1室(近农行共和支行),上海,36527181,闸北公园,121.461844,31.269797,H1PvpjbMiTF9ZHhr
乐乐电竞,永德路419号101室208-2,上海,15028195661,吴泾镇,121.456548,31.041006,H1K5XDjyzTpmDKZG
网鱼网咖,仙霞新村街道茅台路480号B1层,上海,62597187,天山,121.393155,31.210154,H1F5lgNgDiKO9OUu
子奇电竞,虹梅南路1005号59幢3034-3037室（华光生活广场）,上海,19821276066,莲花路/南方商城,121.423553,31.123423,H18J3QHz746rMXZV
部落联盟网咖,菊盛路945号2层,上海,13020151292,宝山区,121.367794,31.363456,H15bH8tCpFN0UG6V
零点电竞·台球·棋牌,塘西街39号罗店购物中心2层01室,上海,19121560693,美兰湖,121.343479,31.412738,GatszpCdQRJYZOA1
网鱼网咖·棋牌,金海公路99弄60号304.305室（佳源梦想广场三楼）,上海,18721671181,奉贤区,121.51305,30.84916,Gafa8rJsiv79CSAd
天际电竞,曹安公路2363号2楼,上海,17502176189,江桥,121.341381,31.260073,GaZi2VfYS2GWpEuk
蜂鸟电竞,杨泰路539号,上海,19121896862,杨行镇,121.439441,31.379131,GaXIRcuQ5yoxyYBv
名旺网吧棋牌,福州路515号青莲阁2层,上海,53530808,南京东路,121.480846,31.233094,GaWeomB3Z4xJrMvR
魔神电竞,方中路117号2楼,上海,19121008763,安亭镇,121.214743,31.318601,GaVTdwnCO3VeYkHr
网鱼网咖,铜川路1601-1603号-3楼,上海,15317671109,真如,121.390251,31.251501,GaRmzlgBzW0FoM7y
战狼电竞,灵岩南路1059号2楼,上海,17749711134,三林地区,121.499771,31.142991,GaNzkoxEFyy5WCy5
网鱼网咖,肖塘路255弄4号楼3层,上海,18721131348,西渡镇,121.435421,30.961641,GaMsmcY7RkLtbR6E
网鱼电竞,交通路4687号2楼,上海,18721827925,桃浦,121.390702,31.267672,GaLwn03EOrOWji8s
网鱼电竞,曲阳路566号5楼503室,上海,15316342406,曲阳地区,121.49117,31.279536,GaGnw2OsrHgdCgPW
景程网咖,水产西路513号2楼,上海,56672100,宝山区,121.42153,31.35829,GaEWv9zlVnf6wlIp
网鱼网咖,南汇新城镇港城新天地茉莉路225弄B幢303室,上海,15000155214,南汇新城,121.906109,30.894983,GaCFqaUWkzA7zbsS
网鱼电竞·棋牌,嘉兴路街道公平路776号2楼（近临平路地铁站3号口）,上海,18217010275,临平路/和平公园,121.500158,31.259917,Ga4CIR6aBZcj8DGj
W电竞社,沁春路1322弄4-6号,上海,19921555509,莘庄,121.375952,31.095339,Ga0Uegyvfvxutqhd
蓝胖电竞,临青路273-275号金凤大楼2层,上海,18302104602,平凉路/东外滩,121.540861,31.265951,G9yNK2sRfIzZ3ZpY
万炫网咖,鹤望路487号,上海,19101610073,江桥万达广场,121.323317,31.244335,G9i9jvN7D3XPTCip
网鱼电竞,航南公路5511号三层308室,上海,17717247749,易买得,121.464318,30.930558,G9fjYsBHjTnMMEE2
魔兔网咖,莘东路100号海星大楼二楼,上海,15821918233,莘庄,121.378411,31.106581,G9d7HeyUcRdoCJmv
网鱼网咖,山阳镇卫零路643号3楼(近莲花超市),上海,67961113,卫零路,121.336128,30.728512,G9d0RKBJ0ItLLADV
战壕网咖 ,小木桥路321号底层,上海,18301953419,肇嘉浜路/中山医院,121.459017,31.196398,G9YUHjXpPILPdDZa
网鱼电竞,国庠路28号B1（近好乐迪财富店）,上海,35360393,五角场/大学路,121.518012,31.302252,G9CSaKlocqVF5sCe
杰拉电竞·网咖,余姚路332号,上海,13761957037,曹家渡,121.437472,31.235521,G8hhkEl8wHGFtm99
网鱼网咖·电竞,大华路538号大华澳洲广场2楼201室（大华二路）,上海,17521738945,大华地区,121.414335,31.272505,G8aofwHspASQXelC
网鱼电竞,鲁南路538号13幢2层209-210室,上海,17316455991,浦江镇,121.520141,31.026026,G8a7ziwDhVqrFZeZ
网鱼电竞,牡丹江路1728号3楼302室,上海,15800517209,宝山城区/吴淞,121.482099,31.404219,G8XRiIuVZbEt8esh
摩兔网咖,广兰路236号2楼,上海,,张江,121.616898,31.216614,G8T350NflKOZbHL3
魔兔网咖,江东路1400弄19-21号,上海,13524782587,外高桥,121.544457,31.363977,G8OKmS1E09dRZkY0
悟空电竞,花园路38号.207.208.209-212室,上海,15656285217,虹口足球场/鲁迅公园,121.478095,31.269869,G8FC87xtYu1nvSIc
网鱼电竞,虹梅南路379弄27号力波商场3楼310-311室,上海,18217658325,莲花路/南方商城,121.414098,31.134358,G8EYKNfGZHWwI3KN
古巴电竞,云屏路1520弄8号,上海,15216641740,嘉定新城,121.243082,31.345839,G83RSUk5F01sDVbG
网鱼网咖,城中路2号1幢3楼网鱼网咖,上海,15316131610,嘉定镇,121.253217,31.373461,G7xCQ9vDfN1XmyTU
网鱼网咖,申滨路990号5幢101三层3F-02,上海,18121025627,虹桥火车站/国展中心,121.308469,31.209629,G7v28W1dgjB4JKI6
牛牛电竞,港阳路海港商贸城20栋15号,上海,18721572357,奉贤区,121.744003,30.893373,G7t691PXa6qbHJEl
魔神电竞·网咖·棋牌,淞南路326号二楼,上海,13564094404,淞南,121.491221,31.344751,G7qo4qjD7A9nGRR4
网鱼网咖,南京西路街道江宁路77号恒顺大厦5楼,上海,18916965481,南京西路,121.455472,31.229226,G7iyrThqmLLsxYRf
蓝胖电竞,漕宝路33号徐汇日月光中心A座4楼01部位L4-38-1号,上海,19373593324,漕河泾/田林,121.433057,31.168829,G7fonJAwmbhai4Cv
摩域电竞,中原路50号2楼,上海,18964010156,中原地区,121.532309,31.311679,G7dBzMqU4gUXtfi9
网鱼网咖·电竞,九百购物中心新沪路1139号二楼,上海,66058183,大华地区,121.421974,31.281201,G7bZmGHyMDpOdmev
网鱼电竞·棋牌,光新路163号1楼,上海,52995712,中山北路/甘泉地区,121.431774,31.251619,G798kFodxf71vHMS
欢鹿土星电竞,北石路149号,上海,18721825735,真如,121.400772,31.248562,G78klkwqwmh0cUgM
网鱼网咖,石龙路971号二楼,上海,18221744769,上海南站,121.430222,31.148071,G78jlvacDV2JFfbG
红猫电竞馆,顾荻路378号2楼,上海,13817467482,顾村公园,121.389517,31.355867,G70eBHaNuKFs4Z2Q
古巴电竞,嘉松北路6130弄嘉实广场193号301室,上海,18901805312,安亭黄渡镇,121.221494,31.28787,G6wEG4HK1MZFGP3V
虹丰网咖,江桥镇曹安公路2688号二楼,上海,18790070319,江桥,121.3321,31.26341,G6ruhMQLOS3TElXL
柯森电竞,团结路58号,上海,18917357326,宝山城区/吴淞,121.484243,31.407573,G6obd054GsTyh0ss
网鱼网咖,康沈路1670-1672号2层（靠近年家浜路 肯德基对面）,上海,18916535415,康桥/周浦,121.577007,31.115479,G6oPqoCocUNKyEvQ
连盈网咖,爱特路179号二楼,上海,13601639454,江桥,121.314961,31.232441,G6hRV4wcR6zTmL1o
网鱼网咖,启帆路430号230-233室阳光天地2层,上海,13761104956,高行,121.587964,31.312364,G6h72rIpoMg3wP8F
网鱼电竞,报春路406号二楼,上海,18201887008,莲花路/南方商城,121.387938,31.124371,G6dnyaH7hUkKziSR
网鱼网咖·棋牌,桃源路251号佘山市场二楼,上海,19901693664,佘山,121.184733,31.099373,G6bCHbNHy5fM4rxa
网鱼电竞,灵石路921号1幢3楼,上海,15001886891,彭浦镇,121.432121,31.277317,G6RJzv9wONuID9QJ
杰拉电竞·网咖,江文路470号3楼,上海,15921259722,浦江镇,121.537446,31.061986,G6PTZhFZXMPBZX4Y
雏蜂电竞·网咖,下盐路1054-1056号,上海,19116337914,航头,121.58865,31.067074,G6JBL6jt4lw0wubN
连盈网咖,曲江路48-50号(嘉怡路地铁站1号口步行270米),上海,13817475185,江桥,121.347322,31.257231,G67jUhjroXG74A1z
熙盟电竞,玉树路103号1号楼三楼(玉树路兴日家园东门正对面),上海,13816458057,飞航广场,121.209538,31.007678,G66uEPsmbKm1wWr4
明江网咖,双柏路1786号梅莲农贸市场3楼,上海,13482877991,唐湾镇/曹行镇,121.421754,31.084608,G64oTfFG3P63TCo3
魔神电竞·网咖,余姚路1号（余姚路与西康路交叉口）,上海,15254490966,同乐坊/江宁路,121.444465,31.235924,G63fidI24xDV2luD
中数网咖,共和新路4785号二楼,上海,56776957,宝山万达广场,121.446071,31.322171,G5iMKXcfNg8tVVXL
网鱼电竞·棋牌,运城路236-246号2层203室,上海,17821221024,大宁地区,121.439811,31.270815,G5e88W6hYYAQU4iB
网鱼电竞,影视路164号,上海,15921306122,车墩影视城,121.310899,31.012709,G5ZIt4I3YUYfXyPx
火豹电竞,国和路709号中原城市广场1座5楼1501-1,上海,65115198,中原地区,121.521155,31.31535,G5YQGvxwqp3Ekh3o
网鱼电竞,宝山路778号102-B（3号线东宝兴路站1号口出站即可）,上海,19921307844,四川北路/海伦路,121.479422,31.261968,G5Unk0zYDvZ7CCzu
悟空电竞棋牌,张杨北路5688弄45、47、49、50、69号（浦发银行旁）,上海,13042123002,外高桥,121.574514,31.347297,G5UE3Plw1JebRtiI
e家网咖,沪太支路180号二楼,上海,13110797591,大华地区,121.422721,31.284071,G5TXrgdMc1vqpHep
零点网咖,东大街314号秋霞社区工作站2楼,上海,59531402,嘉定镇,121.254301,31.386361,G5LQWkJmPu4x0ePM
古巴电竞·棋牌,马陆澄城公寓1028弄2楼,上海,13788910105,马陆镇,121.286001,31.357661,G5L6F4FV7myOVtVU
网鱼电竞·棋牌,武宁路1500号1号楼2楼,上海,18317080929,曹杨地区,121.409161,31.245989,G5GPDsu4gy7W5Tub
C4电竞,寺平北路111弄9号2楼,上海,17301677698,亭林镇,121.313793,30.885762,G5CJol31TOCbwzyP
网鱼网咖,环城路518号3楼（酷玩天地对面）,上海,13917635175,松江镇,121.254959,31.010511,G5Aj5QCr8eQJUwxh
夕阳电竞,富岩路121号万达广场4层4025号铺位,上海,18930787002,闵行开发区,121.373465,31.023737,G58DOjneDunUsQV2
网鱼电竞,洋泾街道栖山路155号旭辉雅苑(近苗圃路),上海,58991329,洋泾,121.545466,31.243448,G550aRF2JVzf0EOV
网鱼电竞,秀沿路2751号二楼,上海,15956355702,康桥/周浦,121.609143,31.137951,G4wR2PsrnNjs41DS
网鱼网咖,淀山湖大道988弄8号地下1层041室,上海,15317855922,青浦城区,121.082883,31.135855,G4PlvDUBo9daAyvU
网鱼电竞,彭浦新村街道临汾路818号海冰宫1楼,上海,13564048187,彭浦新村,121.451507,31.310911,G4PKHz9Yi3GJQLts
网鱼网咖,新凤北路499号,上海,19821139834,华新镇,121.223286,31.245763,G47GFh5x3xhwoJ9Q
魔兔网咖,高行镇秋岚路72-80号2楼,上海,15221667909,外高桥,121.591214,31.326644,G43chtMTxEObH7FJ
网鱼网咖,亭升路66号,上海,18916792128,亭林镇,121.322159,30.882089,G3uQe6eaboXDy1EC
温盈电竞,田林路140号T6幢3F302室,上海,13020192690,漕河泾/田林,121.411438,31.1696,G3qOcbyd0Wb5AJ5t
网鱼网咖,丰庄路604号3楼,上海,18930601449,丰庄,121.367123,31.25171,G3gozyfJXcC9j5qK
蜂鸟电竞卓威体验馆,通河路107号共江集贸市场内2楼,上海,15901606581,庙行/共康,121.451033,31.327393,G3ac0Q7JF9pjFrKK
网鱼网咖,汇金路588弄（17号线2号出口旁）,上海,13133617628,青浦城区,121.152631,31.160631,G3Uk411RfRCIggdi
欢鹿土星电竞,芷江西路547号2楼201室,上海,18721826019,上海长途汽车站,121.456066,31.256791,G3UG5RM5cr6NUu0X
网鱼电竞,西渡街道连城商业广场2号楼,上海,16621231078,西渡镇,121.431274,30.988939,G3ODCUiscwJCbTcH
乐乐网咖,唐安路1091-1101号2楼,上海,13817466430,唐镇,121.656128,31.202721,G3EMAM5vi6HYUg4o
网鱼电竞,淞南路363号2楼（中国邮政储蓄前行100米）,上海,36211606,淞南,121.491478,31.344651,G3CNpPhyFskOEWeV
网猫网咖,隆昌路235-1号,上海,,平凉路/东外滩,121.547615,31.269767,G38djCyq1AkaEdbt
E家网咖,大华路518号3楼(讴K拉量贩KTV直达),上海,,大华地区,121.414278,31.271963,G34uC45IOtJipGoq
魔兔电竞,辉河路47号2楼,上海,17317577119,大柏树,121.498094,31.288699,G2wGW1frreW0KPNE
网鱼网咖·Vision Pro,申长路799号龙湖虹桥天街B馆3层（海底捞对面）,上海,18116380172,虹桥枢纽,121.313779,31.191359,G2vk45sFKxEnykCc
青枫网咖,川周公路4009号2楼,上海,58070638,康桥/周浦,121.587308,31.126091,G2pv8hVvPuhESWNP
海马电竞网咖,新源路105弄5号2楼、3楼（安亭地铁站4口步行400米）,上海,15316022287,安亭新源路,121.158751,31.290447,G2lDjotAp7scMDCL
魔神电竞·网咖,殷高西路588号2楼212-218室（雀茗居楼上）,上海,15800489013,高境,121.472331,31.320041,G2hA7ZzCjT3ATSJA
魔兔电竞,顾唐路172号2楼,上海,13472779967,曹路,121.657001,31.262854,G2fNPSsI8g8YiezR
网鱼网咖,川沙路420号,上海,13818111113,曹路,121.668337,31.276879,G2eZpaWxuzsu8YFH
网鱼网咖,陕西南路238号中轻商务楼1层,上海,64668831,淮海路,121.458521,31.217547,G2cFmBhC4OEdFcoV
哈神电竞,南奉公路3111弄1幢,上海,15921363297,青村,121.573381,30.924172,G2ZIp25jala2xfk3
网鱼网咖,北翟路2000弄金色西郊城116号楼1-2层,上海,13042132002,北翟路,121.331157,31.2256,G2VwYMvE0Zt4bFk2
乐乐网咖,翔殷三村包头路150号2楼,上海,18939727635,中原地区,121.538876,31.309903,G2PTd1h6JGHgI9Ak
古巴电竞,方陆路88弄1号2楼,上海,18117573842,安亭镇,121.226589,31.315965,G2M0AInLm5TForJA
峰鲨电竞,灵岩南路1064号2楼,上海,17721404257,三林地区,121.499478,31.142838,G2L4HfSJpNBFAj0Q
夕阳电竞,太阳山路171号2层 175号2层,177号2层,上海,19117396528,上海火车站/客运汽车总站,121.460548,31.250042,G27fRiAJguFKBgiy
网鱼网咖,宣中路500弄67号三楼,上海,15317846825,迪士尼,121.700061,31.021742,G25iMQVSaxEM1DkO
金葵网咖·台球·棋牌,金葵路1176号二楼,上海,17317151534,金桥,121.632179,31.238901,G25ZMZoQj3h3WzUW
峰鲨电竞·棋牌,疏影路976号2楼,上海,13162565008,莘庄,121.363821,31.119341,G24h38Ho0yagtv83
网鱼电竞,曙建路146号,上海,13524228761,颛桥/北桥,121.418887,31.092438,G1xF8sRgxo9Qpq54
古巴电竞,红石路607号2层,上海,15317588871,嘉定西/悠活城,121.226472,31.384591,G1eMWQLQ59jhqeIa
魔兔电竞,唐安路695弄37号2楼,上海,15000258304,唐镇,121.651833,31.209803,G1a5dccgPzrlFKtU
乐乐网咖·棋牌,川沙路338号,上海,13386173523,曹路,121.666612,31.279638,G1MGgykGLyCAnXGE
西瓜网咖,中山中路99-103号三楼,上海,18721295672,鹿都国际商业广场,121.234275,31.006537,G1JLY9o867Y0dstG
,,上海,,,,,G1I8TaRkbNR2LUYT
驰速电竞棋牌,虹中路790号2楼,上海,18106073150,虹桥镇,121.377295,31.188845,G1EjhaTXk8SIg43g
夕阳电竞,仙霞路321、327号东部3层301、302室,上海,18321240029,天山,121.399759,31.206061,G1B9gCrOovOJ1Qem
网鱼网咖·台球·棋牌,古美路1006号3楼306、307室,上海,13917888440,万源城/东兰路,121.402368,31.152304,G11UoRizHfUces7P
网鱼网咖·棋牌,德悦路385号二楼,上海,13661704786,洞泾,121.255471,31.101212,Fq8MMGFaTphfbcUu
虎鲨电竞,安波路533弄2号101、102室,上海,15316116387,黄兴公园,121.528733,31.301253,FoCWQX0vn2PEqa2v
魔兔网咖·台球,沪闵路7398号来来大酒店电梯上三楼,上海,13310179323,莲花路/南方商城,121.400732,31.133239,FnDev51DM7XTmepM
匠星网络,宋园路101号B1层A,上海,52715398,虹桥/古北,121.413293,31.191614,FhzkOQIsINt0THhH
友趣电竞,上南路3521号4幢2层202,上海,18017720167,三林地区,121.506248,31.155698,FeM8P3yb1k8Gh2jg
网鱼网咖,金高路1071弄3号3楼,上海,15800834126,高行,121.610271,31.281816,FcTYFKRf8aipe2fA
网鱼网咖,祝桥镇川南奉公路5642号2楼（网鱼网咖盐仓店）,上海,15026876775,祝桥,121.760907,31.088336,Fb6fB7zmgLvSdwrD
网鱼电竞,上南路1589号二楼,上海,19921221057,上南地区,121.497149,31.168779,FS1T0iFPtN6NRadT
网鱼电竞·棋牌,聚丰园路57弄3号弘基广场二楼203室（上海大学西门）,上海,56565889,上海大学,121.385972,31.315592,FPHU2RN5zRxtuqlf
徽盟电竞,新镇街45弄1-9号2-3楼,上海,18017077757,新桥,121.313765,31.062608,FMunDc7LZ8HT0Bqi
网鱼网咖,锦绣路3218号2层A08室,上海,19117009002,北蔡,121.541281,31.180091,FE2ViUrlmAk2ZIV1
加榕网咖,龙川北路900-2号,上海,64182399,上海南站,121.435284,31.152524,FDBRYmDCAIFm3VnJ
魔王电竞,望园南路1588弄19号(A1绿地未来中心1楼)汉庭酒店后排,上海,57501598,南桥,121.489593,30.915803,F9nr0iLTfjLLqjYd
喵喵网咖,下盐路1062号1层,上海,58126891,航头,121.589326,31.067151,F8sy77u6Q7XEvpWA
网鱼电竞,沈梅东路209号2楼,上海,18702172793,康桥/周浦,121.586303,31.093189,F6lIi3LqfStZvkpp
攻略电竞社·棋牌,虹梅路2905号2楼(吴中路),上海,61535325,虹桥镇,121.393458,31.179248,F5mmTgYAEZcbUoaf
网鱼网咖,龙阳路2000号龙阳广场4楼,上海,17821865016,花木,121.558741,31.20306,F37XxvYznHnyG8mm
网鱼电竞,爱琴海购物中心虹井路120弄6号楼3层外切铺（乘坐大喇叭观光电梯上三楼出电梯左转第三个店铺）,上海,18200327621,龙柏地区,121.372934,31.175437,EzcFCZnFOB5x7tWb
网鱼网咖,沪南路5780号二楼204室（中国银行航头支行二楼）,上海,18221334237,航头,121.596646,31.033482,EyLRHJgSXFwtIKwX
魔兔电竞,龚华路235弄48号3楼,上海,18217686279,曹路,121.685932,31.263832,EvE5TAPJYlnw1h5Z
攻略电竞社·棋牌,罗秀路887号3楼301室,上海,61522001,上海南站,121.432924,31.131143,Eq1ivfIXrwlQDtqi
莱米网咖,清河湾路847号2楼,上海,13818227282,青浦城区,121.101163,31.166723,Ej0r3hqz9JhqMX0X
网鱼网咖,大木桥路428号5楼,上海,13482000292,肇嘉浜路/中山医院,121.462184,31.196424,EYxjulKRivR5JV22
零点网咖,丰庄北路383号2-3楼,上海,18121338652,丰庄,121.364507,31.249711,EYadxyIrnKaKNZeK
网鱼电竞,漕宝路400号明申商务广场2楼H室,上海,18930362433,漕河泾/田林,121.411504,31.163794,EWGUZjSMEzjawuLF
长城网咖,川沙路1215号二楼,上海,18106918809,曹路,121.677896,31.262461,ESEdRu7l4FYzHqOu
网鱼电竞,宜山路455号1层129-134商铺,上海,13585559864,光启城,121.428959,31.183835,ELSHH3ccTOFIFCbe
网鱼网咖,水产西路997号2楼,上海,19946203719,顾村公园,121.411371,31.354481,EIv4xlqSwuC9TZNi
夕阳电竞,中潭路65号2层203,上海,13381620290,中山北路/甘泉地区,121.442761,31.252161,EGesPvtOCGPToVkr
网鱼电竞,天目西路500号三楼,上海,13127568265,上海火车站/客运汽车总站,121.451472,31.245002,EDFUx2hZadG886Pt
古巴电竞,摩登公馆680弄5号,上海,19084231858,共富新村,121.418193,31.355822,EB1Uifg3GCFXGqVO
轻舟网咖,九新公路2730号3楼,上海,18779341559,新桥,121.309111,31.063052,E2MbnQK79VJ4YXEE
网鱼网咖,朱家角镇朱家角新风路100弄7号3楼（老凤祥楼上）,上海,17621481896,朱家角/东方绿舟,121.058331,31.108931,E1tFEGUcfheY1iDJ
