[{"name":"鑫威电竞","address":"赤坎宾馆2楼","phone":"电话:15361121658"},{"name":"1号电竞上网台球棋牌(机场店)","address":"广东省湛江市霞山区椹川大道中11号航城家园3楼商铺","phone":"电话:13360116001"},{"name":"啡鱼网咖·电竞(兴华店)","address":"海北路兴华广场3楼大地影院旁","phone":"电话:0759-3205386"},{"name":"锋速电竞","address":"荣盛中央广场3楼","phone":"电话:13318028783"},{"name":"长城电竞(麻遂路店)","address":"麻遂路21号","phone":"电话:0759-3301758"},{"name":"弈象电竞","address":"龙基路万达海公馆","phone":""},{"name":"北斗星网吧(麻志路店)","address":"麻志路8号（近麻章镇政府）","phone":"电话:19902730752"},{"name":"佰佳电竞旗舰店","address":"建设大道31号","phone":"电话:13376713346"},{"name":"海潮网咖·电竞","address":"椹川大道东二路81号","phone":"电话:19124895649"},{"name":"星光网吧(长安路店)","address":"长安街39号万年丰茶庄对面","phone":"电话:0759-5606036"},{"name":"海潮网咖·电竞","address":"椹川大道东二路81号","phone":"电话:19124895649"},{"name":"三途网吧(坡头店)","address":"东南有限责任公司综合楼2层","phone":"电话:0759-3952010"},{"name":"鑫浪电竞","address":"绿华路12号锦绣华景综合楼(锦绣银座)第一层A07、A08单元","phone":"电话:15119596854"},{"name":"零速网吧","address":"海滨三路41号紫薇花园A幢2楼06号","phone":"电话:13729112218"},{"name":"粽子电竞","address":"湛江市海滨大道中36号天誉澜湾11号楼614室","phone":"电话:19124829982"},{"name":"熊猫电竞(上坡西路店)","address":"上坡西路与人民大道中交叉口西220米","phone":""},{"name":"鑫港源网吧","address":"南桥街道南桥南路21号(近凯德广场)","phone":"电话:0759-3213622"},{"name":"七月半电竞俱乐部网咖(荣盛店)","address":"海滨大道北6号荣盛中央广场A区皇庭广场1-2层","phone":"电话:18671436561"},{"name":"超越网吧(百姓路店)","address":"百姓路东2巷1号","phone":""},{"name":"威飒电竞","address":"海田路27号华盛城市花园4号楼2层11-13号商铺","phone":""},{"name":"天宇网吧(明晶大厦店)","address":"大德路47号","phone":"电话:18927690620"},{"name":"光世网吧(赤坎店)","address":"民主路29号","phone":""},{"name":"星河网咖(华景店)","address":"南桥南路60号华景光华阁与英华阁三层G,H,I号商铺二,三层","phone":""},{"name":"森林网咖(育才中路店)","address":"民兴路直入50米","phone":"电话:13828256086"},{"name":"木木网咖(绿民路店)","address":"绿源路108号","phone":""},{"name":"闽粤网吧","address":"建新西路13号金城大厦东北门旁","phone":"电话:0759-2203303"},{"name":"鸟巢网咖(社坛店)","address":"东新街道社坛路23号澳华花园二层01、02号商铺","phone":"电话:0759-2223966"},{"name":"慢姑娘·振雅致·露台烧烤·电竞团建聚会派对度假轰趴馆(观海长廊店)","address":"海景路156号61幢","phone":"电话:13414933798"},{"name":"奈斯网咖电竞(海滨大道北店)","address":"海滨大道北147号海友酒店二楼","phone":""},{"name":"啡鱼电竞·索罗(爱华店)","address":"跃进路36号爱华广场3楼","phone":"电话:13536357659"},{"name":"開机·电玩·PS·Switch·棋牌(雍景城店)","address":"海北路43号华德力雍景城首层405商铺（游泳场与雍景城之间小路内50米）","phone":"电话:13922186555"},{"name":"新野网咖台球棋牌俱乐部(霞山步行街店)","address":"民享路24号三楼","phone":"电话:0759-2163978/18927625652"},{"name":"先锋网咖(工农路店)","address":"工农路8号万福居","phone":"电话:13670984373"},{"name":"现代网吧(育才中路店)","address":"育才中路44号","phone":""},{"name":"心跳网咖(工农路店)","address":"工农路14号附近","phone":"电话:0759-2338196"},{"name":"新干线网咖(建新东路店)","address":"建新东路15号","phone":"电话:15812335529"},{"name":"露娜电玩PS·Switch·咖啡","address":"大德一横路13号","phone":"电话:13078275889"},{"name":"super101壹零壹潮漫电玩(印象汇店)","address":"椹川大道376号湛江印象汇第MA栋第L3层第03一32A号","phone":"电话:13159803907"},{"name":"拿酷科幻城(丽悦新天店)","address":"沙湾街道海湾路丽悦新天广场B1层(负一层)","phone":"电话:0759-3396866"},{"name":"热带雨林(世贸大厦店)","address":"中山一路2号世贸大厦F3层","phone":"电话:0759-3181131"},{"name":"热带雨林(世贸大厦店)","address":"中山一路2号世贸大厦F3层","phone":"电话:0759-3181131"},{"name":"潮玩无界(环宇天地店)","address":"人民大道南45号民大商贸大厦负一楼","phone":"电话:13828212385"},{"name":"渔乐玩家(上悦城店)","address":"东新路6号银地上悦广场二层2-2124号商铺","phone":"电话:15360745885"},{"name":"动·电玩-PS5·Switch·Xbox(荣盛广场店)","address":"荣盛华府1号楼1层11号","phone":"电话:13326506048"},{"name":"丰华动漫城(印象汇店)","address":"印象汇负一楼","phone":""},{"name":"极限主场(华都汇店)","address":"绿华路48号华都汇二楼20242045商铺","phone":"电话:0759-2220187"},{"name":"超时空动漫城(全丰中央广场店)","address":"遂海路36号全丰中央广场F4层","phone":""},{"name":"ChillGame超电玩","address":"海滨大道中霞山万达广场18栋1030房","phone":"电话:13422004515"},{"name":"大海豚潮PIN店(鼎盛店)","address":"人民大道南鼎盛广场购物中心5楼","phone":""},{"name":"燃信仰耀电竞","address":"湛江市霞山区椹川东二路明晖幼儿园(文明北一路)东侧约140米","phone":""}]