[{"name":"嗨玩电竞网咖(亿丰商场店)","address":"人民西路与西九路交叉口-西北角亿丰美食城三层","phone":"电话:13964487580"},{"name":"星耀电竞(赛齐店)","address":"淄博市临淄区天齐路淄江花园南-五区西北侧约90米","phone":""},{"name":"CU电竞","address":"东门路与中和街路口电信旁边","phone":""},{"name":"国王电竞","address":"建设路547号(鲁泰纺织斜对面)","phone":"电话:13581015110"},{"name":"美文网吧","address":"淄博市临淄区齐园路64号","phone":"电话:18505330103"},{"name":"网鱼网咖·电竞(淄博新玛特商场店)","address":"中润大道中润华侨城南门2号商业楼1单元3层","phone":"电话:18953355707"},{"name":"一网亦家网吧(王府井店)","address":"公园街道王府井大街58号(近王府井阿香米线南邻)","phone":"电话:0533-2119799"},{"name":"浩元网吧(中心商城店)","address":"金晶大道118号中心商城2层","phone":"电话:15689075173"},{"name":"网鱼网咖·电竞(临淄大顺花园店)","address":"雪宫街道桓公路55号商品房二楼西侧","phone":"电话:13275330988"},{"name":"巨龙网吧(柳园路店)","address":"深圳路格美酒店(淄博职业学院店)西南侧约70米","phone":"电话:13561696618"},{"name":"七号电竞","address":"马路街18号","phone":"电话:19353307770"},{"name":"网鱼网咖·电竞(临淄大顺花园店)","address":"雪宫街道桓公路55号商品房二楼西侧","phone":"电话:13275330988"},{"name":"网鱼网咖·电竞(淄博利群时代店)","address":"柳泉路29号利群时代广场三楼南区网鱼电竞","phone":"电话:13296437369"},{"name":"网鱼网咖·电竞(山铝淄博商厦店)","address":"山铝花园路29号铝城购物中心F3层","phone":"电话:13220683814"},{"name":"网鱼电竞(临淄方正2009店)","address":"山东省淄博市临淄区稷下街道天齐路202甲212~213号(齐纳影城二楼)","phone":"电话:18905339672"},{"name":"网鱼网咖·电竞(淄博吾悦广场店)","address":"昌国路吾悦广场3号门东吾悦金街3F302-306","phone":"电话:19153333779"},{"name":"网鱼网咖·电竞(淄博步行街店)","address":"新世界商业街71号营业房二楼北区","phone":"电话:15376829633"},{"name":"宜博电竞馆(信誉路店)","address":"信誉街199号","phone":"电话:15865657673"},{"name":"前峰网咖(吉野店)","address":"共青团西路109号院3号楼沿街房2层","phone":"电话:13864390222"},{"name":"蓝心网吧(晏婴路店)","address":"晏婴路109-5号","phone":"电话:13668630129"},{"name":"环宇电竞","address":"山东省淄博市桓台县兴桓路1466号","phone":""},{"name":"网鱼网咖·电竞(桓台俪都步行街店)","address":"中心大街俪都精品步行街网鱼电竞B9B10","phone":"电话:17305339852"},{"name":"信孚电竞","address":"张北路10号（近行政服务大厅）","phone":"电话:18753387593"},{"name":"一网亦家(理工大店)","address":"人民西路与重庆路交汇处北150米路东（水晶街E1座3层商铺）","phone":"电话:0533-2113799"},{"name":"星之云网吧(晏婴路店)","address":"晏婴路109号蓝溪丽景大厦","phone":""},{"name":"飞鸟网吧","address":"科苑街道办事处南西四路新世界商业街北段38号一层","phone":"电话:15550313211"},{"name":"大圣电竞(印象汇柳泉路店)","address":"山东省淄博市张店区柳泉路63号印象汇南侧停车场进出口","phone":"电话:19153320581"},{"name":"千岚电竞酒店","address":"山东省淄博市张店区华光路93号裕祥综合楼4层","phone":""},{"name":"新晴网吧","address":"中心大街2133号","phone":"电话:13280696789"},{"name":"网鱼电竞(山东淄博理工大学店)","address":"淄博市张店区人民西路汇美弘域二楼","phone":"电话:17705338098"},{"name":"新怡网吧","address":"华光路29甲17号","phone":"电话:15153327933"},{"name":"一网亦家网吧(步行街北店)","address":"步行街160号","phone":"电话:0533-2118799"},{"name":"金硕果电竞(迎春街店)","address":"福瑞花园迎春街23号","phone":""},{"name":"深海蓝网吧","address":"钟楼西527号","phone":"电话:13581015110"},{"name":"网吧咖啡电竞动漫","address":"淄博市淄川区淄城路锦江之星(通乾广场店)东北侧约30米","phone":""},{"name":"一网亦家乐享店","address":"商场西街新世界商业步行街南段3号（小商品街与步行街交叉口,近山东理工大学）","phone":"电话:0533-2119799"},{"name":"磐石网吧(直营店)","address":"临淄大道644号","phone":"电话:18053307484"},{"name":"蓝焰网吧","address":"233省道东50米","phone":"电话:13070667710"},{"name":"网鱼网咖·电竞(淄博星河城店)","address":"和平路星河城童鑫1号楼四层401-405号商铺","phone":"电话:13325222900"},{"name":"网鱼网咖·电竞(淄博SM城市广场店)","address":"般阳路8号SM城市广场4楼","phone":"电话:18954432622"},{"name":"调色板网咖(金穗家园南店)","address":"西二路253号(金穗家园南)","phone":"电话:15898705306"},{"name":"电竞网咖(文昌路店)","address":"淄博师范高等专科学校西门对面","phone":""},{"name":"星空网吧(东岳路店)","address":"东岳路666号","phone":"电话:15692336952"},{"name":"鲨鱼电竞馆(吾悦店)","address":"山东省淄博市周村区吾悦金街二楼S2-246-249号","phone":"电话:18005337892"},{"name":"超音兔网吧(超音兔店)","address":"华光路149甲3号","phone":""},{"name":"像素电竞(淄博周村吾悦广场正阳路店)","address":"正阳路5299号淄博周村吾悦广场F2","phone":""},{"name":"e+人雅君网络","address":"共青团路瑞安路交叉口","phone":"电话:15615839861"},{"name":"恒信电竞","address":"米山路28号","phone":"电话:13053357288"},{"name":"苏曼电竞","address":"淄博市周村区深圳路格美酒店(淄博职业学院店)西南侧约90米","phone":""},{"name":"网鱼网咖·电竞(周村富瑞特广场店)","address":"青年路富瑞特城市广场E座3楼3001号","phone":"电话:19105339870"},{"name":"网鱼网咖·电竞(周村富瑞特广场店)","address":"青年路富瑞特城市广场E座3楼3001号","phone":"电话:19105339870"},{"name":"星耀云端电竞(铭博店)","address":"山东省淄博市张店区鲁泰大道50-甲6号","phone":""},{"name":"白桦林电竞","address":"山东省淄博市淄川区淄城东路381号","phone":"电话:13953337949"},{"name":"淄川慧达网吧(慧达店)","address":"华洋街北首水产公司院内二楼（区医院斜对面）","phone":"电话:0533-5171997"},{"name":"木林森网络会所","address":"体育场街道共青团东路35乙9-11号(儿童公园东三路)","phone":"电话:18560274846"},{"name":"星海网咖(南西六路店)","address":"南西六路57号","phone":"电话:13305330208"},{"name":"摩尔网咖(中和街店)","address":"中和街1号-1","phone":"电话:15605330086"},{"name":"蓝蜻蜓网吧(闻韶路店)","address":"闻韶路58号荟园商务宾馆附近","phone":"电话:18053307484"},{"name":"晴川网吧","address":"淄博市淄川区聊斋路老王家大串烧烤对面","phone":""},{"name":"新强电竞(活力城店)","address":"淄博市周村区正阳路盛世国际","phone":""},{"name":"E+电竞馆","address":"山东省淄博市桓台县张北路3023号","phone":"电话:13953314032"},{"name":"一线天网吧(桓台店)","address":"俪都精品步行街与中心大街交叉口北100米","phone":""},{"name":"友嘉电竞馆","address":"山东省淄博市周村区东街175号","phone":""},{"name":"新兵网吧","address":"临淄大道632号","phone":"电话:18505330103"},{"name":"老冰河电竞","address":"淄博市周村区正阳路盛世国际","phone":""},{"name":"灵龙网吧","address":"人民东路36号","phone":"电话:0533-6673553"},{"name":"赛齐网吧(好买购购物中心店)","address":"天齐路200甲好买购购物中心F2层","phone":""},{"name":"音悦电竞","address":"步行街中段116-1号","phone":"电话:13181911620"},{"name":"莱尚网吧(东二路店)","address":"东二路12号甲6号","phone":""},{"name":"大白兔电竞酒店","address":"淄博市新村西路158号博欣大厦6楼","phone":""},{"name":"莱尚网吧(东二路店)","address":"东二路12号甲6号","phone":""},{"name":"主宰电竞战局","address":"淄博市周村区正阳路盛世国际","phone":""},{"name":"上网趣吧","address":"体育场街道人民东路86号(东三路和共青团路交叉口附近)","phone":"电话:15964480880"}]