[{"name":"兰博S+电竞","address":"湖北东路477号","phone":"电话:15212386131"},{"name":"海涛电竞网吧","address":"安徽省马鞍山市当涂县莲涂路164号","phone":"电话:18005559850"},{"name":"浪客电竞","address":"印山东路533号","phone":"电话:13615552022"},{"name":"兰博电竞(金讯店)","address":"菊园路16栋201-302室","phone":"电话:15551055119/17305553631"},{"name":"E时代电竞馆(提署中路店)","address":"提署中路580号","phone":"电话:0555-6117288"},{"name":"领秀网咖","address":"霍里山大道融邦领秀国际1号南门商业街","phone":"电话:13615552068"},{"name":"玫瑰电竞·棋牌(新天地广场店)","address":"城建路新天地广场二楼","phone":"电话:0555-2223888"},{"name":"乐游电竞酒店","address":"安徽省马鞍山市雨山区湖西北路418号","phone":""},{"name":"兰博电竞(蓬莱路店)","address":"万嘉颐园三村6栋","phone":"电话:18156556191"},{"name":"兰博电竞(绿洲花园店)","address":"绿洲花园一村22-2号","phone":"电话:0555-8228663"},{"name":"星客电竞(大华锦绣店)","address":"大华锦绣国际6栋2楼206-210室","phone":""},{"name":"天浪网吧","address":"采秣路朝辉花园6栋201-202","phone":"电话:18355539999"},{"name":"乐城网吧(财富广场店)","address":"佳山路明都财富广场1-215号二楼","phone":"电话:18055519908"},{"name":"兰博电竞(军民路店)","address":"军民路万嘉南苑一村1村20栋2层","phone":"电话:18326588335"},{"name":"新起点网咖(银塘中路店)","address":"银塘中路金山幼儿园南侧约180米","phone":"电话:13855501313"},{"name":"网猫电竞(鹊桥小区店)","address":"红旗中路鹊桥小区四村13栋101室","phone":"电话:13805550965"},{"name":"星客电竞(国际华城店)","address":"国际华城商业街1栋101-104二楼","phone":"电话:19556437508"},{"name":"乐游电竞酒店","address":"安徽省马鞍山市雨山区湖西北路418号","phone":""},{"name":"鱼籽电竞","address":"霍里山大道达观天下悦城12栋皖江工学院正对面","phone":"电话:15734086398"},{"name":"珑猫网咖","address":"霍里山大道北段864号866-868","phone":"电话:17355524511"},{"name":"玫瑰电竞·网咖(映翠店)","address":"昕源佳苑12栋二层","phone":"电话:18955567612"},{"name":"网猫电竞(雨韵阁店)","address":"慈湖河路322-324号","phone":"电话:18055536866"},{"name":"一网打尽电竞网咖","address":"安徽省马鞍山市和县文昌中路30号","phone":"电话:15309650808"},{"name":"MY电竞酒店","address":"安徽省马鞍山市雨山区红旗中路鸳鸯小区三村20栋105室","phone":""},{"name":"矢空网咖","address":"桃源路街道慈湖河路1119号1栋3楼","phone":""},{"name":"玫瑰电竞·网咖(明日店)","address":"湖东北路与公园路交叉口北160米","phone":"电话:18955567601"},{"name":"镇之洋电竞酒店(华海店)","address":"马鞍山市湖东北路华海3C城市广场3栋16层","phone":""},{"name":"慢时空网咖(万达店)","address":"万达广场24栋105、106号","phone":"电话:0555-2815111/19142555350"},{"name":"兰博电竞(解放路店)","address":"建设村17栋","phone":"电话:18726002041"},{"name":"明日网吧","address":"湖东路18号2层","phone":""},{"name":"雨玄网咖(解放路店)","address":"解放路2号楼5楼","phone":""},{"name":"头号玩家·Ps4·ps5·switch主机体验店","address":"湖东南路69号","phone":"电话:15205550619"},{"name":"网猫电竞(热浪店)","address":"安徽省马鞍山市雨山区红旗中路37号","phone":"电话:18155505578"},{"name":"极峰电竞酒店(马鞍山高铁东站店)","address":"马鞍山市秀山大道圳秀国际金湖湾B区1号楼13层","phone":""},{"name":"网猫电竞(地球村店)","address":"安徽省马鞍山市花山区解放路50号","phone":"电话:19155534470"},{"name":"网猫电竞(团结路店)","address":"团结路2号二层","phone":"电话:15555587521"},{"name":"马鞍山雨烁电竞酒店","address":"雨山东路宝龙公寓16楼1601室","phone":""},{"name":"THEONE电竞","address":"马鞍山市花山区采秣路康嘉花园","phone":""},{"name":"鸿瑞电竞","address":"嘉陵江路178号安粮秀山城市广场4期19栋2-2室","phone":"电话:19105550888"},{"name":"魔桀网伽(银塘店)","address":"银塘中路金山幼儿园北侧约40米（金山嘉苑一区63栋104室）","phone":""},{"name":"地球村网咖(解放路店)","address":"解放路50号3楼","phone":"电话:18955530103"},{"name":"新天空网咖","address":"万嘉南苑二村西门南430米","phone":""},{"name":"唯艺电竞酒店(马鞍山东站名都财富广场店)","address":"安徽省马鞍山市花山区佳山路366号鸿烈太阳广场11楼1101","phone":""},{"name":"聊友网咖(富邦时尚购物中心店)","address":"朝阳路富邦时尚购物中心","phone":""},{"name":"玫瑰电竞","address":"马鞍山市雨山区军民路万嘉南苑-一村西南侧","phone":""},{"name":"天桥网咖(红旗中路店)","address":"安徽省马鞍山市雨山区安民街道红旗中路22号","phone":"电话:0555-2823000"},{"name":"马蜂窝电竞酒店","address":"马鞍山市雨山区伟星时代广场18栋2521室","phone":""},{"name":"兰傅电竞(金讯店)","address":"马鞍山市花山区菊园路菊花园","phone":""},{"name":"兰博电竞大华店(大华嘉年华湖东中路店)","address":"马鞍山市-花山区-香林路香港城北侧约80米大华嘉年华三栋三楼","phone":"电话:18355593140"},{"name":"倍思宜铂电竞酒店","address":"安徽省马鞍山市雨山区雨山西路497号安基大厦3楼（华润苏果东侧）","phone":""}]