[{"name":"黑曼巴网咖","address":"法莱德生活广场1号楼303-305号","phone":"电话:18007996322"},{"name":"不见不散网吧(昭萍东路店)","address":"萍东路1号（近叶家巷）","phone":"电话:13979930571"},{"name":"网鱼网咖·电竞(萍乡安源天空里店)","address":"萍安北大道天虹广场天空里潮流街区6栋三层F-022号","phone":"电话:17779999717"},{"name":"1号网咖(莲川路店)","address":"莲川路城发大厦","phone":""},{"name":"紫茵网吧","address":"后埠街楚萍东路81号","phone":""},{"name":"K9电竞","address":"江西省萍乡市安源区文昌路尚层国际东侧二楼","phone":""},{"name":"网乐网咖(高专店)","address":"安源镇学院路大学城7号楼2楼(萍乡学院后面斜对面)","phone":""},{"name":"龙宇电竞馆(西环路店)","address":"西环路638号（鸿运招待所2楼）","phone":"电话:19179968086"},{"name":"酷风电竞馆(润达国际店)","address":"润达国际购物中心外街4楼酷风电竞馆（未来时空台球室旁）","phone":"电话:17856896696"},{"name":"网鱼网咖·电竞(萍乡南昌百货店)","address":"昭萍东路步行街商贸楼2楼","phone":"电话:18979999344"},{"name":"米果电竞馆(高专店)","address":"城郊管委会学院路与嘉兴路交叉路口北侧","phone":"电话:13507993011"},{"name":"亮剑电竞馆","address":"江西省萍乡市湘东区钢城路41号2层","phone":"电话:13237597777"},{"name":"峡谷电竞","address":"萍乡市横板小区","phone":""},{"name":"乐派潮娱·电竞馆·网吧","address":"萍乡市玉湖东路20号","phone":""},{"name":"奈斯电竞社","address":"梦想天街A区三号电梯直达三楼奈斯电竞社","phone":"电话:13097352591"},{"name":"峡谷之巅电竞馆","address":"翡翠城四号楼401室","phone":"电话:19979977361"},{"name":"不见不散电竞联赛馆","address":"开发区创新创业园万世达2楼","phone":"电话:15079901816/19398592900"},{"name":"萍乡池上电竞酒店","address":"后埠街道跃进北路梦想天街公寓25楼","phone":""},{"name":"慢车道电玩(萍乡天虹店)","address":"萍安北大道凤凰天城·天虹广场4楼","phone":"电话:15071003794"},{"name":"网遇电竞馆(金山角店)","address":"凤凰街街道公园北路65号71商铺(遇见精品酒店金山角店隔壁)","phone":"电话:17779926552"},{"name":"池上电竞","address":"萍乡市后埠街道跃进北路梦想天街公寓25楼","phone":"电话:0799-6333666/17779950188"},{"name":"源火电竞(天玺湾店)","address":"江西省萍乡市安源区经济技术开发区玉湖东路18号碧桂园天玺湾二期23号楼商铺112-212、111-211","phone":"电话:15179994558"},{"name":"艾·电竞(萍乡市人民医院店)","address":"萍乡市公园北路127号(塔斯汀汉堡斜对面)","phone":"电话:18179921486"},{"name":"极速电竞(润达国际店)","address":"萍乡市朝阳南路五里井55号","phone":""},{"name":"网遇网咖(塞纳名城店)","address":"长兴南路10O6号萍乡菲特假日主题酒店","phone":"电话:0799-6655488"},{"name":"提莫电竞(高专店)","address":"学院路大学城锦江华庭东北50米","phone":""},{"name":"ZG电竞馆(观泉北路店)","address":"萍乡市上栗县观泉北路","phone":""},{"name":"尚友网咖(西门店)","address":"八一街八一西路10号","phone":""},{"name":"网遇网咖(南剑分店)","address":"玉湖西路嘉年华城","phone":"电话:0799-6768899"},{"name":"冰雨电竞联赛馆","address":"滨河东路雍华庭商业街562号","phone":"电话:19979974626"},{"name":"HuCar狐狸电玩体验室PS5·SWITCH·体感(润达店)","address":"楚萍东路润达国际商务中心30楼25号","phone":"电话:19047858824"},{"name":"蚂蚁电竞主题网咖","address":"江西省萍乡市安源区文化路步行街b11号","phone":"电话:13507993011"},{"name":"94潮玩馆(润达国际店)","address":"润达国际外街三楼","phone":"电话:18079962126"},{"name":"布啦泽电竞","address":"萍乡市安源区韶山东路罗马风情","phone":""},{"name":"智慧","address":"新村路55号","phone":""},{"name":"探险阳光乐园(润达店)","address":"楚萍东路98号润达国际F3层","phone":"电话:18879964535"},{"name":"泊菲德电竞酒店(市医院店)","address":"萍乡市开发区永陂桥北巷22号(环保局旁)","phone":""},{"name":"美酷拉游乐园(万豪店)","address":"文化路步行街万豪广场二楼","phone":""},{"name":"黑曼巴电竞馆","address":"萍乡市安源区文化路步行街文化小区","phone":"电话:15870082580"},{"name":"疾风电竞酒店(体育中心店)","address":"金陵东路18号","phone":""},{"name":"奇趣动漫SWITCH PS电玩","address":"萍安中大道大学城4幢104号右边商铺","phone":"电话:15879973985"},{"name":"提莫智慧酒店","address":"安源中大道法莱德国际生活广场1栋3楼","phone":""},{"name":"小浣熊家庭娱乐中心","address":"天空里2层","phone":""},{"name":"双鱼电竞(昭萍东路店)","address":"萍乡市安源区昭萍东路南昌百货大楼(萍乡店)西侧约40米","phone":""},{"name":"S电竞酒店(市人民医院店)","address":"江西省萍乡市安源区凤凰街道G319(安源中大道)","phone":""},{"name":"安源欢乐园","address":"萍安南大道安源国家森林公园内(安源镇委对面)","phone":""}]