[{"name":"Max电竞辛市前卫店","address":"前卫网吧","phone":"电话:18691493360"},{"name":"SK电竞馆","address":"陕西省渭南市富平县车站大街西段商城夜市二楼","phone":"电话:17782568350"},{"name":"曼巴电竞","address":"渭南市华州区永安街酱园小区西南侧约100米","phone":"电话:18591339999"},{"name":"飞桥网吧","address":"粟邑路(一马路)","phone":"电话:13891389940"},{"name":"魔杰电竞","address":"高新·锦绣苑7-106号","phone":"电话:0913-2380333"},{"name":"莱客电竞网吧","address":"陕西省渭南市蒲城县东风街","phone":""},{"name":"新世纪电竞","address":"渭南市华州区新华大街华州商城东南侧约150米","phone":"电话:15389609898"},{"name":"绿踪电竞","address":"莲湖大街中段","phone":"电话:19992594737"},{"name":"365电竞网咖","address":"渭南市潼关县桃林路(南段)乐家快捷酒店","phone":""},{"name":"金帝电竞馆(香山东路店)","address":"盘河路与香山路十字京都国际B座三楼","phone":"电话:0913-5200007"},{"name":"和维赛电竞·X6店","address":"乐天大街与西岳路交叉口西北角","phone":"电话:0913-2606222/18991631508"},{"name":"和维赛电竞·四次元店","address":"西一路与广场南路丁字路口西侧","phone":"电话:15291367072"},{"name":"和维赛电竞·一凡店","address":"洲豪大酒店","phone":"电话:17382449063"},{"name":"电谷网咖(信达店)","address":"朝阳大街49号中信银行东邻三楼","phone":"电话:17719761110"},{"name":"塞维斯电竞","address":"海兴锦绣花园B座2层商铺22号","phone":"电话:15769280300"},{"name":"趣尚网吧(宏帆广场店)","address":"广场南路宏帆广场4号楼4-305至310","phone":"电话:13319138881"},{"name":"元宇宙电竞馆(金水路店)","address":"东风街与西二路十字东北角","phone":"电话:16609135188"},{"name":"极速网咖","address":"胜利大街65号附近（东段）","phone":"电话:15309136615"},{"name":"宜博电竞馆(神话店)","address":"陕西省渭南市临渭区东风大街28号","phone":"电话:13609130727"},{"name":"蓝色空间电竞","address":"渭南市临渭区金水路聚龙酒店","phone":""},{"name":"炫蓝网吧","address":"仓程路临渭工商小区西南侧约60米","phone":"电话:15029283385"},{"name":"渭南爱尚电竞酒店","address":"陕西渭南临渭区金水路与东风大街十字南150米路西","phone":""},{"name":"和维赛电竞·漫城店","address":"胜利大街与杜化路十字海兴城一号楼商业二层201室","phone":"电话:18291314775"},{"name":"心网电竞","address":"宣化小区乐天大街与宣化路十字东南角","phone":""},{"name":"龙腾网络(站北街店)","address":"站北路交通宾馆二层","phone":"电话:13087630888"},{"name":"漫时空电竞","address":"临渭区站北街6号","phone":"电话:18191935777"},{"name":"自由空间主题网咖(万兆旗舰店)","address":"站南街道解放路南段10号","phone":""},{"name":"一凡网咖","address":"前进路四季恋歌隔壁","phone":"电话:15336133200"},{"name":"悦漫电竞酒店","address":"陕西神渭南市临渭区东风大街与仓程路十字路口东北角","phone":""},{"name":"玩家国度电竞馆(信达店)","address":"信达步行街","phone":"电话:17391022568"},{"name":"安定屋电玩","address":"前进路与西潼路十字东北角","phone":""},{"name":"龙鹏电竞","address":"渭南市临渭区站北街汉庭酒店(渭南火车站店)","phone":""},{"name":"环游乐园(宏帆店)","address":"前进路宏帆广场A馆1层AZL-1-11号商铺","phone":"电话:15523233322"},{"name":"麦田电竞酒店(渭南居然之家店)","address":"渭南市东风大街与金水路交汇处居然之家A栋15楼","phone":""},{"name":"UP电竞酒店(吾悦广场店)","address":"渭南市杜桥街道仓程路景园小区3-3号临街商铺3楼","phone":""},{"name":"直通车·欢聚中心(吾悦广场店)","address":"仓程路吾悦广场二楼","phone":"电话:17382610772"},{"name":"大玩家(渭南万达店)","address":"渭南高新区万达广场二楼","phone":"电话:0913-2112789"}]