[{"name":"7号电竞网咖","address":"宁夏回族自治区固原市原州区和平街18号","phone":"电话:19995448889"},{"name":"传奇电竞(锦汇ACC商业广场店)","address":"长城路3号地5号","phone":"电话:13995444877"},{"name":"飓风电竞网咖","address":"固原市原州区S101三营镇第一小学东北侧约150米","phone":""},{"name":"1号电竞网咖","address":"东海街康泰医院(文化西路)东北侧约180米","phone":""},{"name":"壹方竞技网咖(派胜·金街店)","address":"北京路派胜世茂广场第2幢111号","phone":"电话:18152576555"},{"name":"巅峰电竞(S202店)","address":"固原市西吉县S202","phone":""},{"name":"鑫运网咖","address":"高平街21005号(和谐路学府花苑公交站北100米)","phone":"电话:18095260055"},{"name":"电竞网咖(文化西路店)","address":"宁夏回族自治区固原市原州区文化西路信合小区文化西路东侧约40米","phone":""},{"name":"魔顽电竞馆","address":"固原市原州区荣华文化商业广场荣华锦园C区3号商业楼06、07、08号营业房","phone":"电话:18169181178"},{"name":"火猫电竞","address":"宁夏回族自治区固原市西吉县西区阳光三号楼负层101号","phone":""},{"name":"拾苑电竞","address":"固原市原州区九龙佳苑荷花苑","phone":""},{"name":"竞自由电竞酒店","address":"固原市南城路365号(荣华景园步行街正对面)","phone":""},{"name":"趣乐玩国(文化西路新时代购物中心店)","address":"新时代购物中心三楼","phone":"电话:18169566679"},{"name":"几何网吧(新华百货店)","address":"文化街22号","phone":"电话:17395460880"}]