[{"name":"星时空电竞馆","address":"聚城峰华","phone":"电话:0818-5876288"},{"name":"百纳电竞(升华店)","address":"健身路80号","phone":"电话:0818-5615777"},{"name":"556电竞","address":"金山北路88号金鹤佳苑1层128号铺","phone":"电话:13882159435"},{"name":"7·62电竞","address":"西河路1号罗浮道城A幢2层","phone":"电话:13350770013"},{"name":"英雄联盟网咖(金龙大道店)","address":"西江路与金龙大道交叉口西北150米","phone":"电话:17313247765"},{"name":"马格南电竞","address":"金龙大道189号","phone":"电话:19180194217"},{"name":"乌兹电竞","address":"紫荆花路140号通锦国际嘉园2期15栋3楼2号","phone":""},{"name":"网域天下网吧(未来城店)","address":"杨柳街道汉兴大道二段505附6号","phone":"电话:13079015111"},{"name":"陌陌电竞","address":"石岭南路琦云药厂联建房2楼","phone":""},{"name":"风叱电竞","address":"金立多凯旋城3栋-1187号","phone":"电话:0818-6668166"},{"name":"乌兹电竞","address":"紫荆花路140号通锦国际嘉园2期15栋3楼2号","phone":""},{"name":"网域天下网吧(未来城店)","address":"杨柳街道汉兴大道二段505附6号","phone":"电话:13079015111"},{"name":"元素电竞(升华店)","address":"健身路39号","phone":"电话:18580260983"},{"name":"元素电竞(第七分店博士店)","address":"府南巷53号","phone":"电话:14781410635"},{"name":"元素电竞(忆时光店)","address":"达川大道一段354号","phone":"电话:19382817020"},{"name":"云顶电竞","address":"金龙大道354号（创世精典旁）","phone":"电话:18398855500"},{"name":"云光电竞网咖","address":"紫荆花路116-2号","phone":"电话:17313275101"},{"name":"元素电竞(宏峰大厦店)","address":"红旗路小红桥路宏峰大厦AB幢3楼","phone":"电话:19198811004"},{"name":"雷霆网吧(来凤路店)","address":"来凤路119号2层","phone":"电话:13350283699"},{"name":"元素电竞(罗浮店)","address":"西外镇金兰路180号第三层10号","phone":"电话:19038203143"},{"name":"旧时光网咖(清晨帝景名都店)","address":"三里坪街道店子梁社区41、43、45、47号门市","phone":"电话:0818-2529783/13808241000"},{"name":"南田电竞(领域广场店)","address":"新北街6号门市","phone":"电话:19162925702"},{"name":"To电竞(钢城店)","address":"金兰路431号兰桂花园东门旁","phone":"电话:13350292471"},{"name":"未来电竞","address":"裕溪街46号3附1号","phone":"电话:14781888288"},{"name":"自由人网吧(金山南路店)","address":"金山南路401号（朝阳西路与金山南路交叉口东行50米路南）","phone":"电话:13778316166"},{"name":"南田电竞·轻奢店(石化南苑店)","address":"汉兴大道二段400号","phone":"电话:15388391230"},{"name":"元素电竞(宏峰大厦店)","address":"红旗路小红桥路宏峰大厦AB幢3楼","phone":"电话:19198811004"},{"name":"小石头电竞(升华店)","address":"达州市达川区健身路巨林天下城-东区","phone":""},{"name":"海克斯电竞","address":"南国大道二段518号","phone":"电话:17738389039"},{"name":"元素电竞(通达西路店)","address":"通达西路353号2层","phone":"电话:15298122006"},{"name":"凯滨电竞酒店","address":"南岳庙街94号","phone":""},{"name":"元素To电竞","address":"达州市通川区裕溪街黄马湾路66号四井楼一层1号","phone":""},{"name":"金鹰网咖(中心广场店)","address":"中心广场步行街附近","phone":"电话:13778385025"},{"name":"泡泡龙网络会所","address":"朝阳西路9号","phone":"电话:18782881298"},{"name":"鸿锋网吧","address":"万达路681号（南外三岔路口农贸市场楼上）","phone":"电话:18982897001"},{"name":"To电竞阿凡达店","address":"金山路金山大厦A栋二楼","phone":"电话:17738360910"},{"name":"海那边1号仓·网咖","address":"东风巷122号2楼","phone":"电话:13808241000"},{"name":"元素电竞(中心广场店)","address":"朝阳东路中心广场第2层B205-206门市","phone":"电话:18381834454"},{"name":"快乐网吧(荷叶街店)","address":"达州宾馆公交站背后二楼","phone":"电话:0818-2126167/19911731567"},{"name":"孔雀网咖","address":"荷叶街99号(原凤凰商场底楼)","phone":"电话:18982812360"},{"name":"明月网吧","address":"通州大道353号","phone":"电话:18908240925"},{"name":"快乐网吧(荷叶街店)","address":"达州宾馆公交站背后二楼","phone":"电话:0818-2126167/19911731567"},{"name":"孔雀网咖","address":"荷叶街99号(原凤凰商场底楼)","phone":"电话:18982812360"},{"name":"宾果网咖","address":"金龙大道棕榈岛203号","phone":"电话:18398888983"},{"name":"梦想网吧(张家湾路店)","address":"张家湾路243号(近金山宾馆)","phone":"电话:0818-2385890/0818-2387806"},{"name":"金鹰网咖(红旗路辅路店)","address":"红旗路16号","phone":"电话:0818-2157013"},{"name":"可可网咖(邓家巷)","address":"金沙滩邓家巷29-31号","phone":""},{"name":"不见不散网络会所(二马路店)","address":"二马路86号","phone":"电话:15583789379"},{"name":"青年城网吧","address":"四川省达州市达川区西环路322号","phone":"电话:19381461682"},{"name":"荣耀网咖(新达街店)","address":"新达街225号3楼","phone":"电话:17738369095"},{"name":"嘻嘻咖啡网络会所","address":"阳平路88号","phone":""},{"name":"岚熙网咖","address":"东升教育花园E栋","phone":"电话:13108189997"},{"name":"卡奇部落电玩城(升华广场店)","address":"升华广场三楼卡奇部落电玩城","phone":"电话:13795698702"},{"name":"斗鱼网咖(惠安路店)","address":"惠安路111号环球电影院3楼","phone":"电话:18980191383"},{"name":"乐满堂欢乐王国(达州店)","address":"巴渠东路318号1号楼第三层303-2/304/305/306/307/308","phone":"电话:0818-2988889"},{"name":"网域天下(南城店)","address":"四川省达州市达川区绥定大道一段187号","phone":"电话:18780859966"},{"name":"趣玩PS switch游戏体验中心","address":"来凤路中心广场滨江国茂7-10","phone":"电话:19908185910"},{"name":"卓威电竞体验馆(金兰路店)","address":"达州市通川区金兰路金兰小区","phone":""},{"name":"加州阳光网吧","address":"南外新车站银都天寓底楼","phone":"电话:18282243817"},{"name":"卓威电竞体验馆(文兴街店)","address":"达州市达川区文兴街立根尚城","phone":""},{"name":"卓威电竞体验馆(城市中心广场店)","address":"达州市通川区凤翔街城市中心广场东北侧约60米","phone":""},{"name":"芝士电玩馆","address":"中心广场滨江国茂2402号","phone":""},{"name":"卓威电竞体验馆(滨河东路店)","address":"达州市通川区滨河东路丽江明珠","phone":""},{"name":"东来电竞","address":"四川省达州市通川区西外镇金兰路兰桂花园A-2楼附近","phone":"电话:18982854321"},{"name":"神马网吧(领域广场店)","address":"四川省达州市达川区河市镇华蜀北路64号","phone":"电话:14781888288"},{"name":"时空潮流动漫","address":"巴渠东路318号17号楼2层B2-16","phone":""},{"name":"网域天下岚馨电竞馆","address":"四川省达州市达川区G542(绥定大道一段)","phone":"电话:18780859966"},{"name":"未电竞","address":"达州市通川区裕溪街凤翎新村","phone":""},{"name":"开心客潮玩电玩城","address":"达州市通川区金龙大道天地人和商场","phone":""},{"name":"站青春电竞jiudian","address":"四川省达州市通川区金山北路88号团包梁综合楼B-3楼二层","phone":""},{"name":"","address":"","phone":""},{"name":"","address":"","phone":""},{"name":"","address":"","phone":""},{"name":"","address":"","phone":""},{"name":"","address":"","phone":""},{"name":"","address":"","phone":""},{"name":"","address":"","phone":""},{"name":"","address":"","phone":""},{"name":"","address":"","phone":""},{"name":"","address":"","phone":""},{"name":"小石头电竞(升华店)","address":"达州市达川区健身路巨林天下城-东区","phone":""},{"name":"海那边1号仓·网咖","address":"东风巷122号2楼","phone":"电话:13808241000"},{"name":"明月网吧","address":"通州大道353号","phone":"电话:18908240925"},{"name":"卓威电竞体验馆(文兴街店)","address":"达州市达川区文兴街立根尚城","phone":""},{"name":"每克斯电竞","address":"达州市达川区南国大道二段罗浮·南山美庐","phone":""},{"name":"元素电竞(升华店)","address":"健身路39号","phone":"电话:18580260983"},{"name":"元素电竞(第七分店博士店)","address":"府南巷53号","phone":"电话:14781410635"},{"name":"卡奇部落电玩城(升华广场店)","address":"升华广场三楼卡奇部落电玩城","phone":"电话:13795698702"},{"name":"勇者游戏社区","address":"升华广场5F-28-2（海底捞火锅旁边）","phone":""},{"name":"潮金乐园电玩城","address":"达州市达川区汉兴大道二段奥韵未来城","phone":""},{"name":"网域天下(南城店)","address":"四川省达州市达川区绥定大道一段187号","phone":"电话:18780859966"},{"name":"潮金乐园电玩城","address":"达州市达川区汉兴大道二段奥韵未来城","phone":""},{"name":"卓威电竞体验馆(通州大道店)","address":"达州市达川区通州大道中侨花园东南侧约50米","phone":""},{"name":"快乐街区(达州升华广场店)","address":"汉兴大道二段240号升华广场4楼4F（桃花源餐厅旁）","phone":""},{"name":"极速飞驰模拟赛车馆","address":"健身路升华广场4楼","phone":"电话:15181822221"}]