[{"name":"动感电竞网吧","address":"文化路5号","phone":"电话:13394987268"},{"name":"若安电竞网吧","address":"阿克苏地区柯坪县团结路柯坪汽车站东侧","phone":""},{"name":"传奇网吧(晶水路店)","address":"晶水路新伟美食街","phone":"电话:18699786008"},{"name":"库车亮点电竞(丝路明珠店)","address":"健康路丝路明珠小区2号楼负一楼","phone":"电话:17399170686"},{"name":"壹号电竞(亮点电竞连锁)","address":"天山路欧洲世纪花园3号楼负一楼","phone":"电话:19999736421"},{"name":"金浩网咖","address":"民主路20-6号","phone":"电话:15701908000"},{"name":"顶楼电竞","address":"温州路步行街阿克苏巷14-9","phone":"电话:15199209700"},{"name":"黑岩电竞","address":"英阿瓦提路27号绿景星光苑临街商铺201室","phone":"电话:18809971117"},{"name":"0997水韵网咖","address":"水韵路水韵明珠北门东侧","phone":""},{"name":"精英网咖","address":"天山路金都景苑1栋3楼","phone":"电话:19999474797"},{"name":"魔杰电竞网咖(金桥路店)","address":"新疆维吾尔自治区阿克苏地区阿克苏市塔北路15号","phone":""},{"name":"友好国际网咖(天百时尚购物中心店)","address":"塔北路与迎宾路交叉口东南100米","phone":"电话:15003066671"},{"name":"鲸鱼电竞","address":"稻香路以西学府路以南公园里2-301,302","phone":"电话:13070021119"},{"name":"给力电竞网咖","address":"新疆维吾尔自治区阿克苏地区温宿县托乎拉乡新城街","phone":""},{"name":"飞狼电竞网咖","address":"阿克苏地区阿克苏市北京中路世纪广场东侧约50米","phone":""},{"name":"新疆阿克苏地区阿克苏市鑫域电竞馆","address":"建设路13号国泰翡翠城2商业楼三楼","phone":"电话:15003054004"},{"name":"极致游戏馆·PS5·SWITCH·XBOX体验(金桥幸福里店)","address":"祥和路与健康路交叉口东240米","phone":""},{"name":"芒果电玩城","address":"阿克苏地区阿克苏市幸福北路天成福都花园小区","phone":""},{"name":"阿克苏市嘎嘎好玩电玩城","address":"新疆维吾尔自治区阿克苏地区阿克苏市新城街道阿克苏地区体育中心","phone":"电话:18119073128"},{"name":"中原宾馆电竞","address":"阿克苏地区阿克苏市中原路金洲·万象城1期","phone":""},{"name":"","address":"","phone":""},{"name":"","address":"","phone":""},{"name":"","address":"","phone":""},{"name":"","address":"","phone":""},{"name":"","address":"","phone":""},{"name":"","address":"","phone":""},{"name":"","address":"","phone":""},{"name":"","address":"","phone":""},{"name":"","address":"","phone":""},{"name":"","address":"","phone":""},{"name":"魔杰电竞网咖(金桥路店)","address":"新疆维吾尔自治区阿克苏地区阿克苏市塔北路15号","phone":""},{"name":"友好国际网咖(天百时尚购物中心店)","address":"塔北路与迎宾路交叉口东南100米","phone":"电话:15003066671"},{"name":"极致游戏馆·PS5·SWITCH·XBOX体验(金桥幸福里店)","address":"祥和路与健康路交叉口东240米","phone":""},{"name":"芒果电玩城","address":"阿克苏地区阿克苏市幸福北路天成福都花园小区","phone":""},{"name":"中原宾馆电竞","address":"阿克苏地区阿克苏市中原路金洲·万象城1期","phone":""},{"name":"阿克苏市嘎嘎好玩电玩城","address":"新疆维吾尔自治区阿克苏地区阿克苏市新城街道阿克苏地区体育中心","phone":"电话:18119073128"},{"name":"摸鱼游戏社","address":"兴隆街69号三楼","phone":"电话:17309977520"},{"name":"幻影游艺店","address":"财富广场幻影xbox游艺店","phone":""},{"name":"卓扬电玩城","address":"阿克苏地区阿克苏市幸福北路金桥现代城南侧约90米","phone":""},{"name":"头号玩家电竞酒店","address":"新疆维吾尔自治区阿克苏地区阿克苏市英阿瓦提路13号辉煌大酒店5楼","phone":""}]