[{"name":"益利网吧(恒安大厦店)","address":"安宁街15-1号(恒安大厦店)","phone":""},{"name":"三川·网络派对","address":"东方街159号","phone":"电话:13723677438"},{"name":"魔力网咖","address":"华南大道美景花园仕业苑第13号店","phone":"电话:18923038567"},{"name":"广顺网吧","address":"东兴路与东兴路二巷交叉口东南50米","phone":""},{"name":"摩登网咖(兴宁店)","address":"东沿江中路28号","phone":"电话:0753-2155088"},{"name":"丰顺电竞馆(伯爵店)","address":"富岭路131号","phone":""},{"name":"飞翔电竞(汤坑路店)","address":"汤坑路7巷1-1号","phone":""},{"name":"科润网咖(彬芳卓威540hz店)","address":"彬芳大道41号新南大厦二楼科润网咖","phone":"电话:19126926326"},{"name":"虫虫电竞(富力城店)","address":"富力城C区S1-10a号","phone":"电话:13723658280/15914928180"},{"name":"科润网咖(富力城卓威540店)","address":"富力城B区公园北路217号","phone":"电话:19128186466"},{"name":"元气熊电玩PS5·Switch手柄游戏室","address":"伯聪路万达广场梅香坊步行街2楼D2-047号","phone":""},{"name":"摩戏电竞酒店(新城店)","address":"广东省梅州市梅县区程江镇广梅中路162号","phone":""},{"name":"摩戏电竞酒店(嘉大店)","address":"广东省梅州梅江区月梅路49-2号一楼大厅","phone":""},{"name":"风天动漫","address":"江边路皇鼎KTV对面巷子肖屋旁104号店","phone":"电话:13543242532"},{"name":"云逸宝摇杆游戏机(万达影城梅州万达广场IMAX店)","address":"万达路19号梅州万达广场4楼万达影城内大厅前台旁","phone":""},{"name":"智趣乐园(客都汇店)","address":"梅水路16号附近","phone":"电话:0753-2120099"},{"name":"宅男日记(锦发商业广场店)","address":"新城办事处街道华侨城科技路45-16号锦发商业广场F2","phone":""},{"name":"福趣电竞酒店(东山新天地店)","address":"梅州市学子大道东山新天地C栋5楼","phone":""},{"name":"齐悦儿家庭娱乐中心(客都汇店)","address":"客都汇商业文化广场内2楼","phone":"电话:0753-2216038"}]