[{"name":"一网电竞(益聚店)","address":"陈记烧腊（人民南路店）","phone":"电话:18000938506"},{"name":"盛世电竞网咖(高凉店)","address":"高凉南路2号大院11号2层","phone":"电话:0668-3331802"},{"name":"星域电竞","address":"高凉中路219号二运大厦","phone":""},{"name":"2008电竞(新福旗舰店)","address":"新福二路3号大院9号第2层02号房","phone":"电话:0668-2832212"},{"name":"唐门电竞","address":"油城七路1号大院28号第2层205房","phone":"电话:18476416492"},{"name":"巅峰电竞(时代店)","address":"人民南路67号油城大厦IU酒店2F","phone":""},{"name":"盈佳电竞(化州店)","address":"北岸火山大夏二楼","phone":"电话:18688365501"},{"name":"时光电竞(西粤中路店)","address":"西粤中路茂丰花园首层5号商铺","phone":"电话:17322835333/18688363543"},{"name":"北极光网咖","address":"人民医院后门","phone":"电话:15113660755"},{"name":"盈佳电竞·网络店","address":"西湖时装广场2楼","phone":"电话:19902440167"},{"name":"SUPER101潮漫电玩(广东茂名万达店)","address":"茂南万达3F-C","phone":"电话:15873762420"},{"name":"顶尖网咖(东桥大楼店)","address":"油城四路50号","phone":""},{"name":"皇仕电竞(亨利店)","address":"亨利华府","phone":""},{"name":"搜酷网咖(光华北路店)","address":"光华北路336号201-203号","phone":"电话:18929763702"},{"name":"摩登网咖(文化广场店)","address":"西粤中路5号大院1、2、3、4、5、6、7、8第2层2号房","phone":"电话:15113653030"},{"name":"巨人网咖星盟电竞","address":"广东省茂名市茂南区双山二路158号","phone":""},{"name":"米其动漫城(文创街店)","address":"光华南路1959文创街内","phone":"电话:0668-2299669/17722298239"},{"name":"名迅电竞","address":"天桥路183号大院1号202房、5号202房","phone":"电话:0668-2801388"},{"name":"皇仕电竞(文创店)","address":"光华南路文光区6号二楼","phone":"电话:13413333887"},{"name":"玩家电竞(迎宾路店)","address":"迎宾路128号三楼","phone":"电话:18877400377"},{"name":"玉米电玩·PS5·Switch(人民广场店)","address":"文光二街68号大院首层6、7号","phone":"电话:13071685150"},{"name":"WD电竞馆","address":"茂名市茂南区东方绿洲东侧约290米","phone":""},{"name":"皇仕电竞","address":"广东省茂名市茂南区红旗街道华山路3号","phone":""},{"name":"电玩城","address":"茂名市茂南区站南十街茂南区司法局宿舍","phone":""},{"name":"游艺城域强网咖","address":"高山街589号域强大厦3楼","phone":"电话:0668-2703666"},{"name":"夏娃迪卡动漫城(爱琴海购物公园店)","address":"茂南大道爱琴海购物公园三层3019-3025号铺位","phone":"电话:17308239565"},{"name":"猫爪星云(茂南万达店)","address":"双山九路与东粤路交叉口东南侧茂名万达广场F4层","phone":""},{"name":"精灵岛家庭娱乐中心(茂名东汇城店)","address":"油城十路1号东汇城F3层","phone":""},{"name":"盈佳电竞玩家店","address":"广东省茂名市茂南区河东街道迎宾二路128","phone":"电话:0668-2988868"},{"name":"鲸奇动漫城(1959文创街店)","address":"光华南路拿酷动漫城178号大院1、2、3、4、5、6、7、8号首层84号商铺","phone":"电话:0668-2299669"},{"name":"潮玩主场电玩城","address":"茂名市茂南区广场南街文化广场","phone":""},{"name":"云逸宝摇杆游戏机(环球国际影城汇丰广场店)","address":"油城四路263号茂名市汇丰大酒店三楼影城内前台旁","phone":""},{"name":"盛和动漫城","address":"新福二路268号第1层自编102号A01","phone":""},{"name":"时空探险(茂名印象汇店)","address":"西粤中路8号茂名印象汇第MA栋第B1层的第B1-18号","phone":"电话:19304900667"},{"name":"茂名市柒季娱乐有限公司","address":"官渡南路1号大院综合楼三楼301","phone":"电话:13927555587"}]