[{"name":"星辰电竞","address":"丁卯桥路168号江南世家6栋2号楼2楼","phone":"电话:13914551222"},{"name":"园电竞网咖","address":"华阳街道华阳东路都市晴园晴园公寓101号","phone":""},{"name":"无界电竞(吾悦店)","address":"东泾路2号珑悦苑21幢","phone":"电话:15951400233"},{"name":"宜博电竞馆(常发店)","address":"黄山西路29号常发广场F3层","phone":""},{"name":"唐潮电竞(万善上院店)","address":"万善上院28栋301-306","phone":"电话:17712832222"},{"name":"RY润扬电竞","address":"朱方路108号11幢301室","phone":"电话:13338810762"},{"name":"宜博电竞馆(江苏大学店)","address":"学府路京润华庭1幢401室","phone":"电话:13906109583"},{"name":"唐潮电竞(新桥梦想城店)","address":"新桥大梦想城沿街二楼2号楼2032-2056室","phone":"电话:17315763333"},{"name":"网鱼网咖·电竞(丹阳后巷店)","address":"丹北镇后巷中心大街天工综合楼18号3楼","phone":"电话:17315757573"},{"name":"影光电竞(玖珑城购物公园店)","address":"丁岗镇五峰山路199号3幢201号","phone":""},{"name":"金苹果网吧(新农路)","address":"四摆渡居委会新农路79号","phone":"电话:0511-85723778"},{"name":"网鱼网咖·电竞(红豆万花城店)","address":"红豆广场四楼","phone":"电话:19105115778"},{"name":"ZG电竞馆(北固湾店)","address":"梦溪路96号3楼","phone":"电话:18136818787"},{"name":"青柠檬电竞网咖(镇江店)","address":"学府路312号东风新家园30幢第2层203（东风步行街入口处2楼）","phone":"电话:18014993990"},{"name":"宜博电竞馆(恒宇大厦店)","address":"谷阳中大道恒宇大厦1号楼101室-110室商铺","phone":"电话:15862937666"},{"name":"極e电竞","address":"大润发(学府店)学府北路188号欧尚三楼","phone":"电话:18168688118"},{"name":"杰拉电竞馆(镇江万达广场店)","address":"江苏省镇江市润州区黄山西路19号万达广场F4","phone":"电话:18006107020"},{"name":"宜博电竞馆(D33店)","address":"健康路街道D33文化广场(小米山大统华超市3楼)","phone":"电话:15162981025"},{"name":"宜博电竞馆(大市口漫书城店)","address":"中山东路254号五楼","phone":"电话:13004360555"},{"name":"宜博电竞馆(学府华庭店)","address":"象山街道学府路学府华庭56号楼(锦绣皇宫对面建行隔壁)","phone":"电话:18205043910"},{"name":"極e电竞","address":"大润发(学府店)学府北路188号欧尚三楼","phone":"电话:18168688118"},{"name":"杰拉电竞馆(镇江万达广场店)","address":"江苏省镇江市润州区黄山西路19号万达广场F4","phone":"电话:18006107020"},{"name":"网鱼网咖·电竞(红豆万花城店)","address":"红豆广场四楼","phone":"电话:19105115778"},{"name":"ZG电竞馆(海韵店)","address":"金山西路3号（金山公园大门斜对面）","phone":"电话:15665112360"},{"name":"石器时代网咖(尚都店)","address":"学府路64号恒顺尚都花苑6幢(欧尚露天免费停车场对面)","phone":"电话:18912113933"},{"name":"江龙电竞馆","address":"金山西路1号欣泰宾馆内","phone":""},{"name":"宜博电竞馆(太古城外星人体验店)","address":"中山西路与黄山北路交叉口西北角7号楼2149-2150室","phone":"电话:15050867766"},{"name":"文轩网咖(江大店)","address":"学府路312号东风新家园30幢302室","phone":"电话:18005280090"},{"name":"宜博电竞馆(朱方路店)","address":"朱方路241号朱方大厦3楼","phone":"电话:18205049892"},{"name":"俊超网咖","address":"恒山路15号","phone":""},{"name":"红蚂蚁网咖(小米山店)","address":"小米山路364号","phone":"电话:18052825828"},{"name":"风云再起游乐汇(镇江苏宁广场店)","address":"解放路与中山东路交汇口苏宁广场3楼313-2号商铺","phone":"电话:0511-85688100"},{"name":"御足巅峰电竞(冰雨店)","address":"谷阳路68号优盛生活广场底商F1","phone":""},{"name":"大玩家(镇江万达店)","address":"黄山西路19号万达广场2楼","phone":"电话:0511-85270566"},{"name":"游民家园洛咖电竞(优盛生活广场店)","address":"谷阳路68号优盛生活广场F1","phone":""},{"name":"暴风电竞(永隆店)","address":"江苏省镇江市京口区丁卯街道永隆城市广场","phone":"电话:0511-89989077/18052751776"},{"name":"轻鲨设计师电竞酒店(红豆广场店)","address":"镇江市京口区禹山路1号红豆购物广场F4","phone":""},{"name":"金居乐电竞酒店","address":"江苏省镇江市京口区学府路106号","phone":""}]