[{"name":"1号电竞","address":"万城镇环市一路华亚欢乐城楼1025-1034号商铺","phone":"电话:15750758759"},{"name":"戰线网盟电竞馆(万城店)","address":"文明北路西侧62号","phone":"电话:0898-62266788"},{"name":"逗号电竞(万宁新时代店)","address":"万城镇文明北街128号","phone":"电话:0898-62181156"},{"name":"零柒电竞(万宁店)","address":"万州大道223号","phone":""},{"name":"逗号电竞(华亚店)","address":"海南省万宁市光明北路新空间2F","phone":"电话:17608960005"},{"name":"老船长电竞馆","address":"黄兴药店二楼","phone":"电话:18889623456"},{"name":"皇马电竞网络会所","address":"海南省万宁市人民中路238号","phone":""},{"name":"老船长电竞馆","address":"人民中路建设大厦一楼59号","phone":"电话:18889623456"},{"name":"心语电竞","address":"文明北路7-9号","phone":""},{"name":"提莫电竞(建设北路店)","address":"万宁市建设北路7天酒店(万宁高铁站店)北侧","phone":"电话:16689512405"},{"name":"日月网吧(建设路店)","address":"建设南路43号(海南省万宁市建设南路43号)","phone":"电话:18089896118"},{"name":"乐斯尼欢乐世界(文化商业广场店)","address":"人民中路文化商业广场一楼16号","phone":"电话:0898-62237715"},{"name":"HI玩家(华亚·欢乐城店)","address":"建设北路华亚·欢乐城","phone":""},{"name":"摩根大古电玩城(万宁店)","address":"万宁市文明北路万洲商业广场","phone":""},{"name":"嘻游潮玩","address":"万城镇环市一西路北侧.城西路东侧华亚欢乐城2035号铺位","phone":""}]