[{"name":"联想电竞网吧(科普巷店)","address":"江西省鹰潭市余江区府西巷4号b栋","phone":"电话:0701-5886667"},{"name":"梦幻电竞馆(城东店)","address":"孺东路阳光时尚广场a座1楼","phone":""},{"name":"小熊电竞(凯翔新天地店)","address":"胜利西路8号凯翔新天地","phone":"电话:15307011916"},{"name":"动力网咖(天虹店)","address":"信江新区象山路百盛名仕府西区南门12栋2层","phone":"电话:0701-6258010"},{"name":"蛋壳电竞馆","address":"经六路6号信江帝景A6、A9号楼商201-2室","phone":"电话:19307036751"},{"name":"动力网咖(亿都店)","address":"财富广场2楼","phone":"电话:0701-5883616"},{"name":"动力电竞(御景壹号店)","address":"御景壹号6栋商202室","phone":"电话:18970192365"},{"name":"动力网咖(龙虎山北大道店)","address":"龙虎山大道18号(汽车站旁)","phone":"电话:0701-6258009"},{"name":"梦幻网咖(雄石西路店)","address":"雄石西路财富大厦西边二楼","phone":"电话:18607010288"},{"name":"动力电竞(贵溪店)","address":"建设路阳光时尚广场以西兰亭苑B-7-8楼102室","phone":"电话:0701-3775800"},{"name":"青云电竞","address":"梅园大道维尔曼奇大酒店东北侧约50米","phone":"电话:19107013013"},{"name":"虎牙电竞(擂鼓岭商住广场店)","address":"叶家塘路21擂鼓岭商住广场F2层","phone":"电话:18607010288"},{"name":"牧马人网咖","address":"一号大道桂花苑","phone":""},{"name":"动力网咖(广场店)","address":"环城西路2号原步步高二楼","phone":"电话:0701-6258002"},{"name":"动力电竞(西湖店)","address":"西湖路29号汉庭酒店二楼","phone":""},{"name":"动力网咖(林荫路店)","address":"林荫西路江南水都一栋2层店面","phone":"电话:0701-6258003"},{"name":"动力电竞(茨荸弄店)","address":"鹰潭市贵溪市解元坊贵溪市好孩子幼儿园北侧约70米","phone":"电话:07013676668"},{"name":"云顶电竞馆","address":"鹰潭市贵溪市建设路都市佳苑(建设路)","phone":"电话:18607010288"},{"name":"皇后电竞馆","address":"江西省鹰潭市贵溪市雄石西路1号","phone":""},{"name":"语情网吧","address":"冠锦城牡丹苑D12栋","phone":""},{"name":"九洲主题网咖","address":"交通路17号","phone":""},{"name":"辛迪电竞","address":"鹰潭市月湖区交通路银座广场(wo店)南侧约160米","phone":""},{"name":"动力网咖(梅园店)","address":"胜利东路189号","phone":"电话:0701-6258001"},{"name":"CC电竞馆(鹰潭市美亚汇金广场店)","address":"江西省鹰潭市月湖区胜利西路1单元3楼","phone":"电话:13870111470"},{"name":"半糖电竞酒店","address":"江西省鹰潭市月湖区交通路25号","phone":""},{"name":"魔方party(体育馆路店)","address":"鹰潭市月湖区体育馆路天洁·奥林山水","phone":""}]