[{"name":"电竞网吧(花城西路店)","address":"浙江省金华市永康市花城西路179号2层","phone":""},{"name":"七羽电竞网咖","address":"神州路390、396号后门上二楼","phone":""},{"name":"AI电竞馆","address":"溪中东路32号","phone":""},{"name":"泰坦电竞(巨兽店)","address":"城西街道鸿运路国际陆港电商城二期19栋1层6号","phone":"电话:15805898321"},{"name":"网咖电竞","address":"金华市东阳市汉宁东路爱琴海商务酒店(汉宁东路店)西南侧约60米","phone":""},{"name":"9号电竞","address":"江东东路188号2楼","phone":""},{"name":"七羽电竞网咖","address":"浙江省金华市东阳市横店镇华夏大道708","phone":"电话:13989448655"},{"name":"曼斯特智能电竞","address":"浙江省金华市婺城区金磐路403号","phone":"电话:13335977550/18969353002"},{"name":"黑玫网吧","address":"南风路美食城b幢311号","phone":"电话:18368695726"},{"name":"博恺电竞","address":"五洲路142.146号2楼","phone":""},{"name":"伊甸园网吧","address":"双汇路92弄1号","phone":"电话:13806788780/17774077677"},{"name":"华夏电竞馆(双馨路店)","address":"双馨路338号","phone":"电话:13868982778"},{"name":"鸟鸟猪电竞(三江路店)","address":"三江路53号景澜宾馆2楼","phone":"电话:17816448926"},{"name":"龙猫网咖(金东店)","address":"金山大道118号","phone":"电话:15957044440"},{"name":"缘来网吧(凤山街)","address":"迪耳路481号2层(金华站地铁站B口步行310米)","phone":"电话:0579-82558728"},{"name":"皇威网吧","address":"宁乐巷17号","phone":"电话:15858901032"},{"name":"星泰电竞馆(金华世贸城市广场店)","address":"浙江省金华市婺城区金华世贸城市广场","phone":""},{"name":"大章鱼网咖","address":"金龙路康桥别院小区9-105号商铺","phone":"电话:18657958382"},{"name":"杰锐电竞(桐琴·佳源商业广场店)","address":"纬三西路佳源广场5号楼3楼","phone":"电话:17351250990/17351259990"},{"name":"屁屁猫电竞(兰溪彩虹城店)","address":"夏荷路彩虹城商业广场e座103室","phone":"电话:13325890570"},{"name":"乐乐电竞(五金大道店)","address":"五金大道万润名城东区2号商铺","phone":"电话:18967965675"},{"name":"连星网咖","address":"琳湖街东湖部落渔具超市旁","phone":"电话:13735710707"},{"name":"7度电竞","address":"经五路中百超市旁","phone":"电话:18057921826"},{"name":"威铂电竞生活馆(心悦店)","address":"浙江省金华市婺城区秋滨街道八达中路663号金厦银湖城威铂电竞生活馆心悦店","phone":"电话:17306790323"},{"name":"奇焕电竞馆(兰溪宝龙广场店)","address":"鸿业路与上园路交叉口东100米","phone":""},{"name":"ET电竞","address":"金华市武义县武阳中路武义天逸·皇冠大饭店","phone":""},{"name":"哈喽电竞","address":"浙江省金华市婺城区秋滨街道金厦银湖城","phone":""},{"name":"恒睿网吧","address":"大堰河街391号","phone":"电话:15397531865"},{"name":"电竞小站","address":"金华市金东区金瓯路金华南站","phone":"电话:18267026114"},{"name":"鹰雄网吧","address":"活力中心6幢1-012号","phone":"电话:15958940838"},{"name":"云希电竞馆·棋牌(东升东路店)","address":"浙江省金华市武义县东升东路61号","phone":"电话:13967941118"},{"name":"航拉网咖","address":"东山街金色港湾花园小区","phone":""},{"name":"极速网咖","address":"唐西村金塘路1128号","phone":""},{"name":"亿竞广场","address":"金华市金东区光南路68号浙中总部中心2幢1501室","phone":""},{"name":"遨乐网咖网络会所","address":"百安街7号","phone":"电话:15857930981"},{"name":"巴喜兔网咖(万达店)","address":"李渔东路300号万达广场金华金东店4F层","phone":""},{"name":"边际网咖","address":"城北街道人民西路987号(距金华火车站南广场150米)","phone":""},{"name":"光之城网咖","address":"华丰路金家新村东南侧约40米","phone":"电话:13506580078"},{"name":"豪歌电竞咖吧","address":"浙江省金华市兰溪市迎春巷37号","phone":"电话:0579-88824745"},{"name":"浪涛网吧(道新街店)","address":"道院街99号2楼","phone":"电话:0579-82423900/13738957588"},{"name":"金钻网咖(和信路店)","address":"和信路639号(和信路与八一南街交叉路口原和天下对面)","phone":"电话:13429106601"},{"name":"九号电竞馆(银泰百货金华之心店)","address":"银泰百货金华之心店6楼","phone":""},{"name":"亿竞网咖","address":"光南路浙中经济总部2幢201","phone":"电话:13655792492"},{"name":"巴喜兔电竞(现代城店)","address":"宾虹路1488号金华现代城三楼C区西北角（近浦江街）","phone":""},{"name":"快活网咖(上溪店)","address":"浙江省金华市义乌市金塘路977号","phone":"电话:13809077830"},{"name":"阿土仔网吧(后街店)","address":"解放东路221号宾虹广场1层","phone":"电话:0579-82301318"},{"name":"科海网咖(桐琴店)","address":"万润名城3幢1号","phone":"电话:13819906736"},{"name":"闲去网咖(金义时代店)","address":"金义时代广场3楼","phone":"电话:0579-82919060"},{"name":"速度电竞","address":"纬五路附近","phone":"电话:18857903123"},{"name":"自在云端电竞馆","address":"浙江省金华市金东区仙霞路8号","phone":"电话:13645793679"},{"name":"派尚电竞","address":"浙江省金华市婺城区新源路金华新能源汽车小镇活力中心","phone":""},{"name":"瑞剑网吧","address":"胡塘村十三栋一单元","phone":""},{"name":"屁屁猫电竞(金华方圆荟店)","address":"浙江省金华市金东区金瓯路辅路金华明呈·方圆荟F2","phone":"电话:18158373691"},{"name":"萤火虫网咖(金园路店)","address":"金园路廊下新村","phone":"电话:13516977531"},{"name":"呗呗网咖早餐店","address":"金三村李宅自然村629号","phone":"电话:15267301833"},{"name":"啪啪网咖(万达广场店)","address":"金华万达广场金街2055-2057号","phone":"电话:18257990263"},{"name":"网鱼电竞(金华第一百货店)","address":"浙江省金华市婺城区城中街道解放东路199号第一百货三楼","phone":"电话:13588643400"},{"name":"花样年华网咖","address":"澧北路4幢铺","phone":""},{"name":"杰拉网咖(骆家塘店)","address":"浙江省金华市婺城区畅达街137号景轩酒店里面","phone":"电话:13868985406"},{"name":"摩羯座电竞小站(吕塘下店)","address":"浙江省金华市婺城区八达中路吕塘下新区2幢5号","phone":"电话:15394231416"},{"name":"魔羯座电竞小站(深蓝艺墅店)","address":"金华市婺城区方前路深蓝艺墅","phone":"电话:18267026114"},{"name":"春秋网咖(和信路店)","address":"和信路512号","phone":"电话:15757906611"},{"name":"麦田圈网咖无限空间店(无限空间店)","address":"下马滩新区5幢","phone":"电话:18267000016"},{"name":"明伦电竞","address":"浙江省金华市婺城区明伦街259号","phone":""},{"name":"四季电竞","address":"金华市婺城区金磐路浅水湾单身公寓东南侧约30米","phone":""},{"name":"恒惠网吧","address":"碧春路228号11-13室","phone":"电话:15858901352"},{"name":"梦缘网吧(博联东路店)","address":"博联路40号","phone":""},{"name":"闲鱼网吧","address":"壶山街道环村路13-3号","phone":"电话:15925909006"},{"name":"马达网吧","address":"清荷街锦春花园5号","phone":""},{"name":"氧气电竞馆(兰溪宝龙店)","address":"振兴路299号宝龙城市广场M1-L2-45","phone":"电话:18167015951"},{"name":"益佳电竞网咖","address":"浙江省金华市义乌市上溪镇上城路75号2楼","phone":"电话:13777923335"},{"name":"云希电竞馆(紫金五圣商业中心壶山上街店)","address":"浙江省金华市武义县壶山街道紫金五圣商业中心(壶山上街店)","phone":"电话:19057457358"},{"name":"博客网吧(南市小区店)","address":"义乌街南市小区20栋博客网吧","phone":"电话:13173801888"},{"name":"电竞客房","address":"金华市婺城区明伦街中村西南侧","phone":""},{"name":"SSG潮玩游艺中心(金华世贸广场店)","address":"李渔路888号金华世贸城市广场3F-D005、D006号","phone":"电话:0579-82202966/18105882800"},{"name":"天域电竞","address":"浙江省金华市金磐路383号2楼(海朵幼儿园旁)","phone":"电话:0579-83708791"},{"name":"军旗网吧","address":"兰荫路95号","phone":"电话:15336909140"}]