[{"name":"电游世家电竞(乐天店)","address":"新镇街74号名珠商务酒店2楼","phone":"电话:0898-31716969/18670730249"},{"name":"临高临城蚂蚁潮玩馆","address":"临城镇行政路富罗广场3楼-01","phone":"电话:19389943778/19389946778"},{"name":"非非电竞","address":"海南省临高县解放路132号","phone":""},{"name":"格镭电竞","address":"临高县江北路碧桂园·小城之春南侧约30米","phone":"电话:0898-28289749"},{"name":"电玩城(临高富罗广场店)","address":"临城镇行政路2号临高富罗广场","phone":""}]