[{"name":"酷我·梦飞网咖(谭家围路店)","address":"广珠路中兴路段168号业盛楼B座二楼","phone":"电话:13425828188/13825593195"},{"name":"休闲度电竞·三剑店","address":"乐从居委会新马路2号二层201房之二号铺","phone":"电话:18169820158/18566433350"},{"name":"迅雷电竞(跃进路店)","address":"跃进路A131号","phone":"电话:18924804751"},{"name":"莱茵电竞·棋牌(顺德伦教店)","address":"解放路1号之1-2层A","phone":"电话:13726905224"},{"name":"东兴电竞网咖(世嘉店)","address":"桂澜路45号怡翠世嘉505-506,601-605号","phone":"电话:13674047520/15813683753"},{"name":"野猫电竞·和剑网吧(狮山罗村店)","address":"西区一路罗村联和工业区利华楼2楼","phone":""},{"name":"日升电竞","address":"兴业一路33号上朗综合市场2楼","phone":"电话:18029265219"},{"name":"幸运星电竞馆(顺德勒流店)","address":"勒流黄连集约工业区1-3号地","phone":"电话:18022280346"},{"name":"休闲度电竞·网咖·柏联网吧","address":"北滘镇港前路6号员工生活村柏联网吧","phone":"电话:15875779760"},{"name":"联动电竞(祖庙店)","address":"广东省佛山市禅城区人民西路3号华盛大厦3楼","phone":""},{"name":"时代电竞网咖(南海广场店)","address":"桂城街道南海大道西（海一路A座新派广场二楼）","phone":"电话:15173716008"},{"name":"日升电竞","address":"兴业一路33号上朗综合市场2楼","phone":"电话:18029265219"},{"name":"惠智网咖","address":"青平路青平市场2楼","phone":"电话:13798690807"},{"name":"联动电竞(祖庙店)","address":"广东省佛山市禅城区人民西路3号华盛大厦3楼","phone":""},{"name":"高浩电竞(乐动力店)","address":"大沥镇黄岐渤海路35号黄岐文体中心A-L201号（乐动力黄岐文体中心）","phone":"电话:18024924765"},{"name":"星剑电竞馆(南海平洲店)","address":"桂城街平洲平顺东路12号商业办公楼A座首层6号","phone":"电话:13723580138/13903031070"},{"name":"网鱼网咖·电竞(佛山怡海港店)","address":"简平路7号1座2楼","phone":"电话:18022724553"},{"name":"金吉拉电竞馆(绿岛店)","address":"季华西路129号绿岛广场东区2层（电影院左侧）","phone":"电话:15858480444"},{"name":"破壳电竞","address":"魁奇一路1号天御盈品","phone":"电话:17724790903"},{"name":"野猫电竞·宜乐网吧(桂城东二店)","address":"南新二路美高时尚酒店2层","phone":""},{"name":"野猫电竞·章鱼网吧(大沥新都会店)","address":"大兴路4号2层","phone":"电话:0757-85576626"},{"name":"万禾电竞","address":"华翠北路11号益禾人才公寓","phone":"电话:18925992689"},{"name":"尚酷网吧","address":"城南一路金雅轩世纪广场a1座","phone":"电话:18529288829"},{"name":"嗨熊电竞","address":"广东省佛山市顺德区陈村镇南边路38号锦龙创意楼2楼","phone":"电话:13318354811"},{"name":"星空网咖(大沥店)","address":"大沥高速公路收费站对面平安路6号(星河广场D座)","phone":""},{"name":"完美电竞网咖","address":"南源路44号2楼","phone":"电话:0757-26666987/19928263717"},{"name":"酷浪电竞(陈村店)","address":"广隆员工村兴业三路","phone":"电话:0757-29291195"},{"name":"网洋网吧","address":"石湾镇街道湾华市场东侧商业街5-8号铺（近西街新村一巷）","phone":"电话:13679708128"},{"name":"老虎网吧(大沥盐步店)","address":"皇朝西路13号","phone":"电话:18028168867"},{"name":"尚柏电竞(联星店)","address":"联星村上二商业北区A座3层(桂丹路辅路即乐安桥底)","phone":"电话:15820217210"},{"name":"绿道电竞(恒福店)","address":"季华六路恒福国际二楼C201号","phone":"电话:18924550100"},{"name":"大唐网吧(大唐店)","address":"忠义路55号","phone":"电话:18988528880"},{"name":"虫洞吧电竞(千灯湖店)","address":"南海大道北30号11-13号铺","phone":""},{"name":"Future未来电竞馆","address":"微醺站三楼","phone":"电话:18926266656"},{"name":"尚柏电竞(联星店)","address":"联星村上二商业北区A座3层(桂丹路辅路即乐安桥底)","phone":"电话:15820217210"},{"name":"老虎网吧(大沥盐步店)","address":"皇朝西路13号","phone":"电话:18028168867"},{"name":"时代电竞网咖(南海广场店)","address":"桂城街道南海大道西（海一路A座新派广场二楼）","phone":"电话:15173716008"},{"name":"2号电竞(乐从钜隆风度广场店)","address":"乐从镇映翠北路1号风度广场A190-A198号商铺","phone":""},{"name":"网鱼网咖·电竞(佛山万民金海城店)","address":"广东省佛山市顺德区乐从镇裕和路110号东平广场商业楼群爱琴海购物公园3楼305号","phone":"电话:18934348717"},{"name":"惠众网咖","address":"黎涌东风村九巷14号","phone":"电话:13798632971/18928625094"},{"name":"天涯电竞","address":"平桂街大围新村二楼","phone":""},{"name":"金桔电竞","address":"桂城街道平南商贸城三楼L3-04、L3-05号商铺","phone":"电话:18333636511"},{"name":"壹号玩家电竞馆(万科金域店)","address":"龙表路万科金域中央25座二楼","phone":"电话:18126653179"},{"name":"星耀电竞馆·网咖(平洲店)","address":"桂城街道林岳大道林岳市场以南与西步路交汇处综合楼F座一层F103号","phone":"电话:13058046275"},{"name":"艺龙电竞(云游店)","address":"广佛路锦城大厦地下东边第一格商铺之四,第二格商铺之一","phone":""},{"name":"绿道电竞(嘉洲店)","address":"大沥镇广佛路98号嘉洲广场四层4006号铺（电影院售票厅正对面）","phone":"电话:18924554577"},{"name":"龙之吻网咖(东鄱分店)","address":"东方大街十一巷老字号正宗桂林米粉对面","phone":"电话:18676527188"},{"name":"零距离网吧(桂城店)","address":"佛平二路南侧74街区雅景楼二层","phone":"电话:0757-86239596"},{"name":"极致网吧(三山分店)","address":"集嘉广场西南侧约120米","phone":""},{"name":"高浩电竞(永旺天街店)","address":"毅贤路3号广佛智城永旺天街五期6号楼2楼（近海底捞门口电梯）","phone":"电话:18927205507"},{"name":"零距离网吧(桂城店)","address":"佛平二路南侧74街区雅景楼二层","phone":"电话:0757-86239596"},{"name":"高浩电竞(永旺天街店)","address":"毅贤路3号广佛智城永旺天街五期6号楼2楼（近海底捞门口电梯）","phone":"电话:18927205507"},{"name":"天王星网咖(深村大道店)","address":"金澜北路200号二层之一（深村大道交界处西北侧）","phone":"电话:18042800748"},{"name":"锦凤电竞","address":"广东省佛山市顺德区白陈路26号","phone":"电话:18397595597"},{"name":"特攻电竞(大沥新都会店)","address":"大沥镇金贸大道2号南海·新都会二层内商铺2F01号","phone":"电话:13927781132"},{"name":"杰派电竞台球俱乐部","address":"大沥镇盐步大道华厦花园南部二层之一","phone":"电话:18025208757"},{"name":"北斗星晖电竞","address":"广东省佛山市禅城区张槎街道大富村莲大北路28号2楼经营场所须经审批机关审批","phone":"电话:15302936626/18675181727"},{"name":"星河网咖(高基街店)","address":"祖庙街道高基街186号","phone":"电话:13360316989"},{"name":"桔上电竞(祖庙店)","address":"锦盛一街与锦盛三街交叉口西北方向40米左右（顺联百花B馆4楼4001）","phone":"电话:13428817444"},{"name":"龙之吻网咖棋牌(长东店)","address":"张槎长东市场2号楼首层","phone":"电话:13016610023"},{"name":"SKY网咖(太港城店)","address":"广东省佛山市南海区佛平五路17号太港城F1","phone":""},{"name":"网鱼网咖·电竞(佛山南海印象汇店)","address":"南海大道北75号印象汇1楼（萨莉亚意式餐厅后身、近桂城地铁站D2口）","phone":"电话:0757-86293660/17324146986"},{"name":"网鱼网咖·电竞(佛山岭南天地店)","address":"祖庙街道福贤路68号网鱼电竞","phone":"电话:19928296065"},{"name":"星火电竞","address":"陈村镇绀村雄业楼一楼111商铺","phone":"电话:15918080096"},{"name":"枫林网咖(松源商厦店)","address":"佛平路48号首层","phone":"电话:0757-82323936"},{"name":"四方互联电竞体验馆","address":"升平路46号升平商场3楼","phone":"电话:13610355554"},{"name":"三龙电竞网咖(南海三山好好多广场店)","address":"佛山市南海区桂城街道长江路13号禾仰广场2座1层北门旁","phone":"电话:18825964812"},{"name":"网鱼网咖·电竞(金沙洲金铂店)","address":"金沙洲金铂天地6层618-619号商铺","phone":"电话:18126655089"},{"name":"天伝网咖(陈村顺联店)","address":"佛陈路锦龙商业楼三楼","phone":"电话:13586529538"},{"name":"幻影时空网吧(南桂西路店)","address":"南桂西路28号","phone":"电话:13141550113"},{"name":"星美电竞(A32万科里店)","address":"海八东路A32万科里2楼L201","phone":""},{"name":"雅翔网吧","address":"黄岐岐西路3号","phone":"电话:0757-85909648"},{"name":"管家电竞馆一网情深店(华远店)","address":"华远东路10号2楼","phone":""},{"name":"管家电竞馆·月儿湾店","address":"普君北路与普君西路交叉口北60米","phone":"电话:15800080576"},{"name":"魔尔网咖","address":"穗盐路17号米格精品酒店一楼","phone":"电话:13070256347"},{"name":"爱尚电竞馆","address":"塱沙路塱沙国际商品批发中心2号B区B2号（4号电梯2楼）","phone":"电话:15625980888"},{"name":"熊喵电竞馆(黄岐店)","address":"广东佛山市南海区广佛路4号2楼","phone":""},{"name":"域拓网咖(国威商场店)","address":"泰宁西路17号","phone":"电话:15272730117"},{"name":"零度轻奢电竞酒店(佰德广场店)","address":"佛山市盐步佰德广场1栋","phone":"电话:17786846999"},{"name":"九凤网咖","address":"盐步蟾龙北路1号珑耀华府座二层13-18号","phone":"电话:17371621838"},{"name":"人来人网吧(乐安店)","address":"联星大道44号","phone":"电话:17688267157"},{"name":"泽声电竞网咖","address":"海北广场二期时代网商基地二楼216号","phone":"电话:13336474731"},{"name":"易用网吧","address":"小涌村住宅新区一巷1号","phone":"电话:075729237650/18928547650"},{"name":"热情网咖(亮点时尚购物广场店)","address":"大沥镇金贸大道8号二楼自编2号","phone":"电话:18566595664"},{"name":"澳林网咖","address":"罗村城中路24号1层之一","phone":"电话:18673704688/19924140369"},{"name":"网络快车网吧(卫国路店)","address":"卫国西路4号山紫市场","phone":"电话:13431650782/15602834501"},{"name":"吉祥棋牌(榴苑路店)","address":"榴苑路5号3楼","phone":"电话:0757-82729945"},{"name":"网鱼网咖·电竞(佛山南海万达店)","address":"桂澜北路28号南海万达广场南7栋","phone":"电话:18125741736"},{"name":"万嘉网咖","address":"平洲夏东大道顺盈商业楼3栋一层","phone":"电话:18028106767"},{"name":"艺龙网咖(鸿大广场店)","address":"海三路17号鸿大广场F4层","phone":""},{"name":"苍龙网吧","address":"江心村美乐城首层","phone":"电话:15118358260"},{"name":"T0电竞网咖","address":"官华路金街口广场2层201室","phone":"电话:17724790023"},{"name":"高浩电竞(奥园广场店)","address":"佛山市南海区狮山镇博爱中路佛山奥园广场停车场入口旁扶手梯直上L2层","phone":"电话:18620426675"},{"name":"杏趣网咖(杏头商业中心店)","address":"杏头村樵乐路南侧1号三层317号商铺","phone":"电话:13724960173"},{"name":"驱动网吧(联安分店)","address":"广佛新干线佛山一环出口西南100米家园宾馆南海店","phone":"电话:15112988766"},{"name":"云虎电竞(江湾店)","address":"江湾一路28号南园商业街3层","phone":""},{"name":"零距离网吧(启航店)","address":"狮山镇罗村联和工业区西区九路卫智瑞综合楼一、二楼","phone":""},{"name":"网鱼电竞(佛山魁奇路店)","address":"汾江南路51号三层1号301-304铺","phone":"电话:17324303332"},{"name":"快乐时光网咖(狮山广场店)","address":"狮城路中国移动购机中心旁","phone":"电话:18228921777"},{"name":"全境方舟(桂城店)","address":"南海大道北46号万达广场F3层","phone":"电话:18175543169"},{"name":"全境方舟(桂城店)","address":"南海大道北46号万达广场F3层","phone":"电话:18175543169"},{"name":"疯狂牛仔城电玩体验中心(保利MALL店)","address":"保利MALL3楼B082号","phone":""},{"name":"前城电竞(三分店)","address":"钟边路北二村综合楼二三层","phone":"电话:18924576000"},{"name":"捕娱电竞Club(创意产业园店)","address":"金源街2号107铺","phone":"电话:18680025454"},{"name":"鲸羽电竞(奥骏商业广场店)","address":"教育路1号3楼","phone":"电话:18974788678"},{"name":"强信网吧(海口大道店)","address":"季华三路","phone":""},{"name":"龙途电竞","address":"汾江中路8号P2号商铺","phone":""},{"name":"天空之城游乐体验世界(黄岐金铂店)","address":"黄岐段广佛路121号二层200-201商铺","phone":"电话:17765615595"},{"name":"摩力座网咖","address":"墩厚村直街186号","phone":"电话:15015676628"},{"name":"科林网吧(大沙路店)","address":"大沙管理区粤联陶瓷厂内3幢二楼","phone":"电话:15920358805"}]