[{"name":"未来电竞(开心网吧店)","address":"河南省南阳市方城县康达路便民服务中心斜对面","phone":"电话:18438885808"},{"name":"创客电竞·网吧台球棋牌(卧龙店)","address":"卧龙路港岛路交叉口南行30米路西","phone":"电话:0377-60667557/13323684842"},{"name":"斗鱼网咖(斗鱼店)","address":"中州中路775-927号（中州路与永安路交叉口中国银行隔壁）","phone":"电话:13333777038"},{"name":"小明电竞(中州路店)","address":"中州路与广场南街交叉口和城春天里商场二楼东侧","phone":"电话:037762350007/17550396777"},{"name":"顽石电竞","address":"河南省南阳市社旗县南滨河路天鹅堡北门西侧三楼","phone":""},{"name":"梦飞翔电竞","address":"河南省南阳市社旗县文化广场斜街最后1排东头","phone":"电话:0377-67723066"},{"name":"绿茵电竞","address":"仲景路四五老窖旁","phone":"电话:18537778886"},{"name":"飞渡电竞(永安路店)","address":"中州中路与永安路交叉口向北100米路东","phone":"电话:18695988877"},{"name":"宜博电竞馆(蓝宇店)","address":"健康路与雪枫路交叉口向西20米路北","phone":"电话:0377-65568881/18537726560"},{"name":"上上电竞(新华路店)","address":"新华路天桥东100米如家酒店二楼","phone":"电话:15660066530"},{"name":"海豚电竞巴克店(金玛特店)","address":"中州路572号","phone":"电话:13333616399"},{"name":"上上电竞(新华路店)","address":"新华路天桥东100米如家酒店二楼","phone":"电话:15660066530"},{"name":"海豚电竞","address":"范蠡路与理想路交叉口宏江升龙苑6号楼路一川4楼商业","phone":"电话:13323773760"},{"name":"海豚电竞(南航店)","address":"南航花园西107号","phone":"电话:0377-63228889/16639981377"},{"name":"海豚电竞(万达坊店)","address":"河南省南阳市宛城区孔明南路与关帝庙路交叉口万达坊","phone":"电话:18738707971"},{"name":"海豚电竞(张衡路店)","address":"张衡路与工农路交叉口向东150米","phone":"电话:15539960781"},{"name":"幸福鸟电竞(理工店)","address":"长江中路99号,理工学院对面二楼","phone":"电话:18338192599"},{"name":"39°电竞网咖","address":"独山大道与光武路交叉口向南200米39°电竞酒店院内","phone":"电话:0377-62226222"},{"name":"大地电竞(师院店)","address":"卧龙路王婆大虾二楼（师范学院对面）","phone":"电话:15839992808"},{"name":"幻影电竞(卧龙路店)","address":"卧龙路师院对面","phone":""},{"name":"飞鱼电竞(万事达店)","address":"万事达生活广场万客隆超市二楼","phone":""},{"name":"桔子电竞","address":"长江东路中达宝城天润苑-C区","phone":"电话:18037709319"},{"name":"幸福鸟电竞(枣林前街店)","address":"枣林街178号","phone":""},{"name":"坤翔电竞馆·红艳网吧","address":"建设东路1009号","phone":"电话:15036207995/15993108008"},{"name":"星猫电竞","address":"光武东路帝苑锦城小区门面房二楼","phone":"电话:15767761058"},{"name":"标力星盟电竞(巴黎大道店)","address":"建设东路巴黎大道商业楼2楼","phone":""},{"name":"海盗船网咖电竞(师院店)","address":"卧龙路与南京路交叉口向西300米师院西门正对面","phone":"电话:15544377711"},{"name":"风暴电竞棋牌台球·新级店","address":"卧龙岗街道卧龙路与南京路交叉口佳乐福超市4楼","phone":""},{"name":"标力电竞","address":"建设中路与文化路交叉口西南角2楼","phone":"电话:13262082728"},{"name":"海豚电竞(魔方店)","address":"建设路与文化路交叉口盛世龙源南门富一楼","phone":"电话:15036268575"},{"name":"创客电竞(建设路店)","address":"建设西路80号静园小区楼下","phone":"电话:17518901877"},{"name":"金盾网吧","address":"中州西路裕冠小区北侧约60米","phone":"电话:18537702913"},{"name":"心灵电竞","address":"独山大道(中段)城建开发东苑文明新村","phone":"电话:19137718216"},{"name":"小明电竞","address":"南阳市卧龙区G312(旧)南阳新港商务宾馆东侧约70米","phone":""},{"name":"星火电竞","address":"北京大道龙锦嘉园西门二楼","phone":"电话:19059636388"},{"name":"南阳大学网吧","address":"创业中心光电孵化园","phone":"电话:15937788577"},{"name":"蚂蚁电竞(仲景路店)","address":"汉冶街道尚城国际1号楼222号","phone":"电话:0377-60693588"},{"name":"摩菲电竞生活馆","address":"孔明北路1999号","phone":"电话:15303771477/15565756669"},{"name":"传神网吧(广厦银杏苑西南)","address":"文化路与八一路交叉口南阳银基购物中心F1","phone":"电话:13513770547"},{"name":"宏扬电竞馆","address":"南泰路与仲景北路交叉口西北60米","phone":"电话:13838705939"},{"name":"南都网络","address":"华山路99号","phone":"电话:13949314788"},{"name":"巅峰网络","address":"中州西路598号","phone":"电话:13937739880"},{"name":"熊猫电竞(豪盛百货店)","address":"民主街南阳府衙100号（小吃街南口旁）","phone":""},{"name":"麒麟网咖(麒麟路店)","address":"麒麟路七局医院斜对面","phone":"电话:15837776932"},{"name":"競道网咖","address":"车站南路与七一路交叉口北","phone":"电话:0377-62297779"},{"name":"金牛网苑(人民北路)","address":"人民北路498号","phone":"电话:15290301709"},{"name":"网路电竞(车站北路店)","address":"车站北路与光武中路交叉口向南100米路西","phone":"电话:17303778283"},{"name":"天星网咖(天麒家园店)","address":"杜诗路天麒家园7号楼","phone":"电话:15893328590"},{"name":"同兴网吧(工农北路店)","address":"工农北路与聚贤街交叉口东行20米路南","phone":"电话:18937739171"},{"name":"悠米电竞网咖","address":"嵩山路与兴隆路交叉口东北40米","phone":""},{"name":"旭日网络(北京南路店)","address":"北京南路189号","phone":""},{"name":"太空网络(枣林街店)","address":"枣林街快乐堡对面200米(老世纪龙向东150米)","phone":"电话:18203888804"},{"name":"守心网咖","address":"百里奚北路金兰酒店旁边2楼","phone":"电话:18624792411"},{"name":"自由天地网络","address":"张衡路万事达广场西行50米","phone":"电话:18736500400"},{"name":"风云网络(工业北路店)","address":"工业北路天工牡丹花园西区2楼","phone":"电话:13838707653"},{"name":"潮棱镜潮玩街区(南阳店)","address":"新华街道人民路豪盛百货四楼(府衙对面)","phone":"电话:18238614931"},{"name":"陌陌网咖(人民北路店)","address":"河南省南阳市卧龙区人民北路145号","phone":""},{"name":"中兴电竞馆(七里园步行街店)","address":"河南省南阳市卧龙区1G312云河国际商务会馆2层1单元","phone":"电话:15837761409"},{"name":"游戏时间","address":"民主街与民权街交叉口南50米路东","phone":"电话:0377-63210866/13037676969"},{"name":"黑神话·悟空电竞","address":"南阳市宛城区人民北路东华新村","phone":""},{"name":"网络电竞休闲","address":"南阳市宛城区建设东路报社小区西北侧约50米","phone":""},{"name":"遨游网吧(中青网络家园王府店)","address":"民权街与新华东路交叉口西南40米","phone":"电话:0377-63260600"},{"name":"美克电竞(都市春天店)","address":"宛仲景街道天山路都市春天西门向南100米路东","phone":"电话:19137712282"},{"name":"云燕电竞","address":"独山大道与汉冶东路交叉口西北角88米","phone":"电话:17538251258"},{"name":"升势网吧(金利源购物广场店)","address":"百里奚南路与建设西路交叉口东北角金利源购物广场西北门旁","phone":"电话:13838797978"},{"name":"蓝箭电竞馆","address":"南阳市宛城区独山大道(中段)宛城区农发行住宅楼","phone":""},{"name":"洛克澎湃潮玩运动街区","address":"孔明北路建业田园综合体建业田园家二楼（24路公交直达）","phone":"电话:17128983333"},{"name":"玩美世界e动城(南阳摩根吾悦广场店)","address":"光武街道建设中路与人民南路交汇处","phone":"电话:19137753537"},{"name":"瑞鑫网咖(信臣东路店)","address":"独山大道与信臣东路交叉口向东400米路北大庄村大北组","phone":"电话:18637799378"},{"name":"仟橙电竞(万达坊店)","address":"建业凯旋广场15号楼3楼","phone":""},{"name":"飞翔电竞馆","address":"南阳市卧龙区G312(旧)云河·国际商务会馆东侧","phone":""},{"name":"行建休闲网咖","address":"兴隆路","phone":"电话:18337778881/18736563636"},{"name":"纯美电竞馆(港达商贸城店)","address":"河南省南阳市卧龙区港达商贸城4楼","phone":"电话:13333666075"},{"name":"极客电竞(枣林街店)","address":"南阳市宛城区枣林街南阳家具博览中心北侧约30米","phone":"电话:18237750325"},{"name":"HY电竞馆","address":"南阳市卧龙区卧龙路十二里河综合市场东侧约100米","phone":""},{"name":"微达网络","address":"南京路445号","phone":"电话:15688186896"},{"name":"仟橙电竞","address":"孔明路与医圣祠街交叉口西南角(近体育场)凱旋廣場F2","phone":""}]