[{"name":"本色电竞","address":"陕西省汉中市汉台区人民路55号","phone":"电话:17395682158"},{"name":"方正网吧","address":"南环路109号","phone":"电话:17729168051"},{"name":"世纪星电竞","address":"劳动西路中心医院北门（康明巷红枫苑对面）","phone":"电话:13892678912"},{"name":"太初电竞(第五元素店)","address":"前进西路温莎国际二层商铺","phone":"电话:18191698038"},{"name":"风云电竞(南一环路店)","address":"风景路中段古玩城临街二楼","phone":"电话:15336200596"},{"name":"鑫缘电竞馆","address":"北团结街114号乐海ktv旁边","phone":"电话:15353859532"},{"name":"鲨鱼电竞馆(北一环路店)","address":"北关街道人民路金江酒店南二楼(工商银行对面)","phone":"电话:13399168533"},{"name":"浩克电竞","address":"周家坪西大街民乐园","phone":"电话:15591449691"},{"name":"博客网吧","address":"太白巷2号","phone":"电话:15332523310/17395697828"},{"name":"Hello电竞","address":"东府商厦一楼长安银行北侧hello电竞","phone":""},{"name":"Hello电竞","address":"东府商厦一楼长安银行北侧hello电竞","phone":""},{"name":"e佰分网咖","address":"天台路272号（汉中烟草公司对面）","phone":"电话:13335441441"},{"name":"CYBER GEEK CLUB奇客电竞馆","address":"艺苑2期65号","phone":"电话:18609263186"},{"name":"火狐电竞","address":"中园城北小区门口向北200米（水果摊后面）","phone":"电话:13379169152"},{"name":"绿虫电竞天汉时光店","address":"汉中路街道办事处劳动西路新天汉广场1号楼3层","phone":"电话:17730761029"},{"name":"猛犸电竞馆(BOX旗舰店)","address":"前进东路","phone":"电话:18691617082"},{"name":"南枫电竞酒店","address":"陕西省汉中市汉台区风景路中段","phone":""},{"name":"鼎盛电竞(艺苑·情艺园店)","address":"大河坎油坊街百隆购物广场对面","phone":"电话:09165307044"},{"name":"绿虫电竞(康复路店)","address":"汉中路街道康复路中心医院老门向西50米","phone":""},{"name":"551电竞俱乐部","address":"马家坪小区3号楼二层整层","phone":""},{"name":"A8网吧","address":"莲湖路东段5号","phone":"电话:15319373058"},{"name":"e动网吧","address":"汉山路体育场对面","phone":"电话:13309167501"},{"name":"爱慕电竞","address":"东一环路与幸福巷交叉口南240米","phone":"电话:13399268978"},{"name":"鼎盛电竞(陕航店)","address":"大河坎镇红军路李家营社区二组广场南侧二楼","phone":""},{"name":"银狐网吧(利民中路店)","address":"利民中路中园城北侧","phone":"电话:0916-5371981"},{"name":"绿虫电竞小蚂蚁店","address":"大河坎镇龙岗路艺苑居住区二期202-3号","phone":"电话:15591636517"},{"name":"红苹果网吧(兴达二号小区店)","address":"老虎巷与莲湖路交叉口旁","phone":""},{"name":"正道网谊","address":"东大街供销大厦2楼","phone":"电话:18691682600"},{"name":"心悦电竞(民主街店)","address":"汉中市汉台区汉宁路明珠南苑2期","phone":"电话:18700877638"},{"name":"羊驼电竞(盛世国际商业广场店)","address":"东一环路盛世国际商业广场4层B402-B410层","phone":"电话:17792182340"},{"name":"明阳电竞","address":"陕西省汉中市汉台区铺镇武大路新兴竹韵汉府北侧约200米","phone":"电话:18291631654"},{"name":"泽艺电竞酒店","address":"汉中市七里街道东一环路长青家园3号商住楼2楼","phone":""},{"name":"潮玩日记(大红门店)","address":"大红门集团购物广场一楼106号商铺","phone":"电话:18992617788"},{"name":"Go One电玩舍·Switch·PS·聚会","address":"天汉大道祥瑞太阳城商住楼4楼403室","phone":""},{"name":"云逸宝摇杆游戏机(中环影城汉中店)","address":"汉桂路与龙岗路东一段交叉口西南100米汉辉购物中心4楼中环影城休息区前台旁","phone":""},{"name":"浣熊部落ps4 ps5 switch 电玩(汉台店)","address":"东一环路陕西理工大学东门对面小吃街向东100米路北（乡村木桶饭楼上）","phone":"电话:18220462040"},{"name":"么么哒动漫游艺(百隆时代广场店)","address":"城东社区百隆时代广场三楼","phone":"电话:13399163211"},{"name":"游戏大魔方(汉中吾悦店)","address":"西新街沙沿路吾悦广场3楼Z10商铺","phone":"电话:15291669991"},{"name":"臻火电竞(万邦时代广场店)","address":"陕西省汉中市汉台区汉中路街道万邦时代广场","phone":""},{"name":"星豪汇·动漫体验中心(民生百货店)","address":"世纪阳光商城(天汉大道店)三楼","phone":""},{"name":"江边城外电竞酒店","address":"陕西省汉中市汉台区西环南路1号","phone":""},{"name":"墨鱼仔主机体验店·PS·Switch(汉台店)","address":"东大街大汉锦绣城市广场负一层A13号","phone":"电话:15686069389"},{"name":"毛毛虫游戏厅","address":"幸福巷与东一环路交叉口东南160米","phone":"电话:13399163211"},{"name":"多奇妙乐园(汉中吾悦广场店)","address":"吾悦广场3层","phone":"电话:18019233972"}]