[{"name":"天宇电竞(丰城街店)","address":"小鹿药店对面原维也纳5楼","phone":"电话:13766070008"},{"name":"德玛西亚网络会所(多寿路店)","address":"人民大街3407号","phone":"电话:0437-5085080"},{"name":"智桥vr电竞馆","address":"吉林省辽源市东丰县金鹿大街188号","phone":"电话:15844768087"},{"name":"知音网吧(吉林省辽源市吉光路步行街店)","address":"吉光路1044号","phone":"电话:0437-5083365"},{"name":"媛媛主机店","address":"济康路与康宁大街交叉口东60米","phone":"电话:17704374959"},{"name":"飞洋网吧(仙城南一街店)","address":"仙城街36号楼","phone":"电话:13504375025"},{"name":"威鲸电玩世界(欧亚购物中心店)","address":"财富大路146号欧亚购物中心辽源店F5层","phone":"电话:0437-5011056"},{"name":"威尼斯电玩城(辽源店)","address":"步行街东旺集贸三层","phone":""},{"name":"示界网咖","address":"人民大街3037号东旺集贸4F","phone":""},{"name":"博禹动漫电玩城(辽源店)","address":"人民大街4250号御峰城市广场物业内编号7061商铺(公安局旁)","phone":"电话:13766087085"},{"name":"鲨鱼电竞俱乐部","address":"吉林省辽源市龙山区人民大街640号","phone":"电话:17390911985"},{"name":"金铲铲电竞","address":"辽源市西安区义宁街山语城西北侧约160米","phone":"电话:15590379927"},{"name":"壹月电竞馆(半岛店)","address":"吉林省辽源市龙山区福民大街2686号维也纳酒店斜对面","phone":"电话:13624374444"},{"name":"威鲸电玩世界(欧亚购物中心店)","address":"财富大路146号欧亚购物中心辽源店F5层","phone":"电话:0437-5011056"},{"name":"媛媛主机店","address":"济康路与康宁大街交叉口东60米","phone":"电话:17704374959"},{"name":"威尼斯电玩城(辽源店)","address":"步行街东旺集贸三层","phone":""},{"name":"无限斗主机游戏体验馆(辽源店)","address":"永辉大厦1层115号门市（永辉大厦北门旁）","phone":"电话:13514375678"},{"name":"博禹动漫电玩城(辽源店)","address":"人民大街4250号御峰城市广场物业内编号7061商铺(公安局旁)","phone":"电话:13766087085"},{"name":"布吉岛主机游戏","address":"吉林省辽源市龙山区东吉街00001幢107室","phone":""},{"name":"新世界彩悦城电玩国度","address":"仙城大街1888号新世界彩悦城3楼","phone":"电话:13039092234"},{"name":"格子怪兽(欧亚购物中心二期店)","address":"辽源市龙山区向阳大路与友谊大路交汇处东南角欧亚购物中心二期F3","phone":""}]