[{"name":"白鲨电竞馆","address":"云南省保山市施甸县嘉城阳光广场","phone":"电话:18313962725"},{"name":"致青春网咖(光华路店)","address":"顺城小区13号","phone":"电话:15398759333/18287539885"},{"name":"煕贝电竞影院酒店(保山火车站店)","address":"隆阳区正阳北路义乌商贸城商墅七栋2号(距保山火车站695米)","phone":""},{"name":"小蚂蚁网咖(万和华府店)","address":"正阳北路万和华府东南门西南100米","phone":"电话:15087500750"},{"name":"艾泽拉斯电竞馆","address":"太保南路以西易乐上苑润苑A区24幢商铺04室","phone":"电话:19987558862"},{"name":"噜啊噜网咖(文笔街)","address":"秀峰社区泰安小区217号","phone":"电话:15393850680"},{"name":"波比电竞馆","address":"云南省保山市腾冲市天成商业街3幢217号","phone":"电话:18287171193"},{"name":"光易电竞馆","address":"保山市腾冲市腾越镇观音塘社区红星小区38号","phone":"电话:15925585196"},{"name":"ET电竞馆(旗舰店)","address":"保岫东路136号九龙明珠3楼","phone":"电话:19908758075"},{"name":"保山MG电竞馆","address":"云南省保山市隆阳区海棠路奥林匹克体育中心二层","phone":"电话:19987503903"},{"name":"ET电竞馆(竞界店)","address":"云南省保山市隆阳区正阳南路122号","phone":"电话:19948955665"},{"name":"潮玩部落(保山五洲国际广场店)","address":"五洲国际广场","phone":"电话:13116227733"},{"name":"艾泽拉斯电竞馆(青华海店)","address":"云南省保山市隆阳区廖沈小区(杭瑞高速公路东300米)","phone":"电话:19987255780"},{"name":"迪尚嘉年华","address":"板桥镇眼镜","phone":""},{"name":"ET电音空间筹备办公室(保山吾悦广场永昌路店)","address":"永昌路与惠通路交叉口东北角保山吾悦广场","phone":"电话:0875-2598888"},{"name":"云逸宝游戏厅(星轶影城吾悦店)","address":"保山吾悦广场5楼星轶影城休息区前台旁","phone":""},{"name":"怎么玩主机游戏体验店","address":"永昌路20号（电信大楼旁泰龙方向67米）","phone":"电话:17787856859"},{"name":"奇畅动漫","address":"云南省保山市隆阳区永昌街道九隆新天地时尚城","phone":""},{"name":"嘻哈豆亲子乐园(保山吾悦广场店)","address":"永昌路吾悦广场茶马印巷二楼S216-S220号","phone":"电话:18487123968"},{"name":"星际宝贝潮玩(保山吾悦广场永昌路店)","address":"永昌街道吾悦广场(保山店)","phone":""}]