[{"name":"爱电竞","address":"吉林省通化市辉南县朝阳大街103-13号","phone":"电话:13766175299"},{"name":"轻奢电竞馆","address":"通化市东昌区新华大街中房花园西北侧约30米","phone":""},{"name":"E+电子竞技馆(领尚店)","address":"吉林省通化市柳河县市政北路36号","phone":"电话:13196155333"},{"name":"纵横网咖(站前路店)","address":"站前路147号","phone":"电话:0435-4255333"},{"name":"电哥哥竞妹妹·电竞馆","address":"新华大街1-2号铺","phone":"电话:18626541314"},{"name":"大咖秀网络俱乐部","address":"兴工路87号（光明街交叉口西北40米）","phone":"电话:15944534670"},{"name":"太子电竞(梅河口店)","address":"松江路紫御东郡小区C3-1","phone":"电话:0435-4519898"},{"name":"睿航电竞馆","address":"民主路华兴商厦A座2楼201号","phone":"电话:15500396300"},{"name":"鑫新网吧(柳河大街店)","address":"爱民大街303站前商场柳河大街店F1层","phone":"电话:0435-7327006"},{"name":"龙腾电竞馆","address":"梅河大街1003号","phone":"电话:18043528825"},{"name":"悠米主机游戏(中东城市广场店)","address":"江南大街中东新天地生活城市广场1-22门市","phone":"电话:18043503606"},{"name":"电玩·帝国通化站-no·1","address":"江南大街298号通化市中东新天地购物公园2层","phone":"电话:13603642670"},{"name":"菁睿电竞体验馆(中东新天地购物公园店)","address":"江南大街与江惠路交叉口西160米","phone":""},{"name":"漫电玩城","address":"通化市通化县英才街山水华城","phone":""},{"name":"真金电玩","address":"通化市东昌区胜利路华夏佳园","phone":""},{"name":"云逸宝摇杆游戏机(万达影城万达广场店)","address":"江南大街万达广场4楼万达影城休息区前台旁","phone":""},{"name":"未来娱乐空间(万达广场店)","address":"吉林省通化市东昌区江南大街与江畅路交叉口西北万达广场F1","phone":""},{"name":"通化简忆轻奢电竞酒店","address":"光明路3-2号","phone":""},{"name":"乐夹夹(通化万达广场店)","address":"万达广场二楼2-2080","phone":"电话:18504359666"}]