[{"name":"E路风情电竞馆","address":"西环街三段81-1号","phone":"电话:18525381277"},{"name":"74电竞","address":"海滨旅游路129-3号2楼","phone":"电话:18525453281"},{"name":"浩瀚电竞","address":"辽宁省大连市普兰店区海北路北段15-4号","phone":"电话:18698658900"},{"name":"BUFF电竞网咖·卓威","address":"北斗街46号","phone":"电话:13555955563"},{"name":"Hello未来电竞(西安路店)","address":"西安路66号君安国际大厦hello未来电竞","phone":"电话:15542455135"},{"name":"hello未来电竞","address":"辽宁省大连市金州区鞍山街27号","phone":"电话:13942808053"},{"name":"蜜菓电竞(金州店)","address":"北山路1418号(新区五一路与北山路交汇处)","phone":"电话:0411-39338877"},{"name":"艾蒂电竞(五彩城店)","address":"辽河西路88号2-B-3、4","phone":"电话:18504113789"},{"name":"嘉乐电竞网咖网吧","address":"海辉街177-3号","phone":"电话:15842666868"},{"name":"春缘网吧","address":"华北路273号（车家村6路车站旁10米）","phone":""},{"name":"网鱼网咖·电竞(西岗长江路店)","address":"长江路558号一层2A-3A轴二层1A-6A轴公建","phone":"电话:18504237601"},{"name":"合和电竞","address":"辛吉街辛府园8-6号（农副产品市场西门）","phone":"电话:18940962982"},{"name":"网鱼网咖·电竞(凯德和平广场店)","address":"辽宁省大连市沙河口区马栏街道和平现代城-C座","phone":"电话:13109818994"},{"name":"鑫海电竞","address":"周水子街道东海街东海浴池旁","phone":"电话:13942008055"},{"name":"红蜻蜓网咖","address":"鹏辉广场6号楼3-1-1室","phone":"电话:0411-88140401/15524820008"},{"name":"潮玩电竞网咖(开发区店)","address":"本溪街-3-1号","phone":""},{"name":"揽胜电竞(抚顺街店)","address":"马桥子街道抚顺街25-9号","phone":"电话:13578591888"},{"name":"先声电竞","address":"金湾路140号先声网吧2层","phone":"电话:15164063789"},{"name":"中录电竞网咖","address":"盛滨花园","phone":"电话:13904263440"},{"name":"杰途电竞网咖·台球","address":"赤峰街21号-A3-4","phone":"电话:15846616099"},{"name":"悦嘉网咖","address":"高安里26-4单元102室悦嘉网吧","phone":"电话:15041119258"},{"name":"发现电竞(五彩城店)","address":"五彩东街五彩城j区1栋3号","phone":"电话:13578591888"},{"name":"聚仙网咖","address":"大地街73-3号1-2层（康馨壹品西门旁）","phone":""},{"name":"开发区惠鑫网吧(网咖)","address":"开发区湾里南51-3室","phone":"电话:13604266889"},{"name":"洪云网咖","address":"天河路129号附近","phone":"电话:13795185336"},{"name":"松鼠电竞(金湾商城店)","address":"大连市金州区湾里金湾商城(大地街西)","phone":"电话:13624919229"},{"name":"智语网咖","address":"天河路祥龙街1号","phone":"电话:13050516662"},{"name":"力鑫网苑","address":"泉水n3区21-2号","phone":"电话:15541128380"},{"name":"合和谷网咖","address":"友谊街道老街坊4号1-2层东8号","phone":"电话:15140417390"},{"name":"彩虹网苑","address":"黄浦路瑞丰园37号楼B1层","phone":"电话:13130000457"},{"name":"蜜菓电竞(泉水店)","address":"珍珠泉街泉水A2区11-2号(家家乐商场南门旁)","phone":""},{"name":"数码王国网咖","address":"红旗东路中国移动旁","phone":"电话:13478978365"},{"name":"前城网苑","address":"黄河路41-1号前城国际花园","phone":"电话:15840601759"},{"name":"亿佳网咖(富丽庭生活广场店)","address":"辽宁省大连市沙河口区景云巷45号(商场后面)","phone":"电话:15940936846"},{"name":"纳威网咖","address":"兴工街道襄平街30号","phone":"电话:13998418211"},{"name":"凯曼网咖","address":"黑石礁街道尖山街153号(近东北财经大学)","phone":"电话:18640876876"},{"name":"飞腾网络","address":"泉水经济适用房N2区18-9号","phone":"电话:17341109118"},{"name":"我是网咖(万达广场店)","address":"辽河西路117号万达广场三楼","phone":"电话:0411-88160777"},{"name":"异度时空网苑(松江路店)","address":"玉云路3号","phone":""},{"name":"潮玩电竞(星海商城店)","address":"人民广场街道珠江路61号","phone":"电话:15245991118"},{"name":"阳光网咖(大连湾街店)","address":"大连湾街162号","phone":""},{"name":"索罗门网络","address":"山东路156-5号(千山路地铁站D口步行450米)","phone":"电话:18242024662"},{"name":"海豚电竞·网咖","address":"辽宁省大连市甘井子区玉情街37号-7公建","phone":"电话:13942834925"},{"name":"网鱼网咖·电竞(中山经典生活店)","address":"辽宁省大连市中山区文林街14号B区12-1号","phone":"电话:15998506649"},{"name":"新动网络时空(车家村店)","address":"大连市沙河口区华顺街103号","phone":"电话:13610921519"},{"name":"水木时空网咖","address":"高新园区软件园路新新园2,4号","phone":""},{"name":"佳佳时速网络(一部)","address":"白云街道东北路167号","phone":""},{"name":"无极限网苑","address":"中国泡崖八区玉山路299号1-2室","phone":"电话:18940868882"},{"name":"全成网咖","address":"八一路118号韩帝园烤肉对面","phone":""},{"name":"星动电竞","address":"黄河路877号附近","phone":""},{"name":"全成网咖","address":"八一路118号韩帝园烤肉对面","phone":""},{"name":"青青·电竞(幸福小区店)","address":"大连市黄河路959号","phone":""},{"name":"先锋网咖","address":"柳树南街柳岸人家4号","phone":""},{"name":"嘉宾网咖(辛意街店)","address":"辛意街10号","phone":"电话:15042416999"},{"name":"多彩网络(南岭人家西北)","address":"南关岭东街5号","phone":"电话:13998417630"},{"name":"银河网苑(甘井子街店)","address":"新大街3号","phone":"电话:13840987625"},{"name":"一起来吧网咖","address":"山东路2号(东纬路地铁站C口旁)","phone":"电话:13478587559"},{"name":"网鱼网咖·电竞(甘井子华南广场店)","address":"汇达街8号1单元1层6号","phone":"电话:13009418334"},{"name":"海达电竞(奥林匹克购物广场店)","address":"中山路奥林匹克电子城东A区1124号","phone":"电话:18641166606"},{"name":"林林网咖·电竞馆·棋牌(高尔基路店)","address":"高尔基路255号开元曼居酒店旁边","phone":"电话:18841184777"},{"name":"星语网吧(崇山街店)","address":"崇山街3-11号(青泥洼桥地铁站C口步行220米)","phone":"电话:13941129393"},{"name":"ZD智达网苑(甘井子商业街店)","address":"甘井子街125-12号","phone":"电话:0411-83061520/15524740353"},{"name":"奥悉欧网咖(盛林商城店)","address":"马栏广场19号","phone":"电话:15566924177"},{"name":"宏宇网络(甘井子商业街店)","address":"文体街9号(甘井子街地铁站B口步行130米)","phone":"电话:13591797419"},{"name":"动漫网络(玉境路店)","address":"玉金路14-1号","phone":"电话:18641170589"},{"name":"飞宇电竞","address":"红凌路104号","phone":"电话:15840666063"},{"name":"铭泽网苑","address":"大连市沙河口区书香一街弘基·书香园-三期西北侧约70米","phone":""},{"name":"帝拓网城(东特购物广场店)","address":"辽宁省大连市甘井子区华北路10C大连周水前东特购物广场B1","phone":"电话:0411-86702299"},{"name":"金沙网咖","address":"南沙街-道路2号","phone":""},{"name":"广惠网咖","address":"新昌街2号","phone":"电话:13942030633"},{"name":"异影网络","address":"五一路142-23号","phone":"电话:13390001185"},{"name":"易顺达网络","address":"金工街98号","phone":"电话:15542386902"},{"name":"大连悟空电竞(人民路港湾广场地铁站店)","address":"辽宁省大连市中山区人民路港湾街3-2号","phone":"电话:15524738322"},{"name":"宇欣网吧(北京街店)","address":"北京街54号","phone":"电话:18841184999"},{"name":"提莫网咖(辽师店)","address":"黄河路858号八一公寓公建二号半地下公建","phone":"电话:17615001178"},{"name":"扑京网咖","address":"红旗镇棠梨村村委会乐意超市旁","phone":""},{"name":"中建网络","address":"长江路630号","phone":"电话:13941129393"},{"name":"网咖(万达广场大连高新店)","address":"大连市甘井子区黄浦路500号万达广场F1","phone":""},{"name":"趣尚网吧(圣水泉街店)","address":"圣水泉街泉水h3区14号楼13号(泉水h3区14号楼)","phone":""},{"name":"新玉网络城","address":"杨柳街17号附近","phone":""},{"name":"金凯旋网咖(成仁商业街店)","address":"新华街206号地下一楼","phone":"电话:15145737999"},{"name":"青蛙一族网苑","address":"华南汇通街9号","phone":""},{"name":"鑫丰茂网苑","address":"丝绸路45-55号","phone":"电话:15509848511"},{"name":"无极网吧(锦石路店)","address":"锦泉中园12号锦绣足球场斜对面（近开锁胡同口）","phone":"电话:13998653816"},{"name":"大玩家电竞酒店(星海广场店)","address":"辽宁省大连市沙河口区星海湾街道白山路107号","phone":""},{"name":"硕鹏网络","address":"迎客路6号","phone":""},{"name":"微星电竞主板(中央大道旅游文化购物中心店)","address":"辽宁省大连市沙河口区西安路107号中央大道旅游文化购物中心B1","phone":""},{"name":"最网咖(武昌街店)","address":"辽宁省大连市中山区武昌南巷4号","phone":"电话:13674247961"},{"name":"华硕电竞特工(中央大道旅游文化购物中心店)","address":"辽宁省大连市沙河口区西安路107号中央大道旅游文化购物中心B1","phone":""},{"name":"佳信网络(五四路店)","address":"奥林匹克电子城西C109号","phone":"电话:18642812633"}]