[{"name":"战火电竞","address":"前红路136-146号","phone":"电话:18161152719"},{"name":"星际电竞","address":"广安市邻水县凰腾国际广场东北侧约70米","phone":"电话:15198284146"},{"name":"极速电竞","address":"岳池县朝阳街道银城东路下段60号龙庭御景1栋2层11号","phone":"电话:18160127129"},{"name":"蚂蚁电竞(万新三街店)","address":"四川省广安市广安区立邦漆万盛三街9号万新三街金盛大楼三单元4层401号","phone":"电话:18188322992"},{"name":"新空气电竞","address":"建安中路117号","phone":"电话:0826-2332920"},{"name":"1+电竞","address":"广安市邻水县东临路邻水县中医医院","phone":""},{"name":"世嘉电竞网咖","address":"广安市前锋区兴业街广安世纪医院东北侧约170米","phone":"电话:18181818372"},{"name":"超前电竞馆","address":"中正·天下豪庭北门东南190米","phone":"电话:18011361824"},{"name":"王者电竞馆","address":"柠檬工坊2楼","phone":"电话:18048104806"},{"name":"时光电竞·饮品(建设南路店)","address":"东街40号","phone":"电话:0826-6298956"},{"name":"艾欧尼亚网咖(建安南路店)","address":"四川省广安市广安区建安南路58号","phone":""},{"name":"头号玩家电竞馆","address":"广宁北路216号2楼","phone":"电话:13330629912"},{"name":"摩豹电竞(三山店)","address":"四川省广安市岳池县文化街69号","phone":"电话:0826-5556888"},{"name":"卓威电竞网咖","address":"广安市广安区宏志大道南苑小区东南侧约70米","phone":""},{"name":"欢柯电竞生活馆","address":"广安职业技术学院大学生创业园3幢-1层-107、108号","phone":""},{"name":"1+1电竞网咖","address":"广安市华蓥市广华大道豪情骏座","phone":"电话:0826-4899666"},{"name":"魔都电竞","address":"四川省广安市广安区建设路21-9号","phone":""},{"name":"1987电竞馆","address":"宏志大道361号","phone":"电话:08262151987/19934028005"},{"name":"盈科硬核电竞(玉兔店)","address":"玉兔路110号","phone":"电话:0826-2353168"},{"name":"星悦电玩城","address":"江南里及天上街市A37幢1-2-2号、1-2-3号、1-2-4号","phone":"电话:15280575222"},{"name":"头号玩家电竞馆","address":"广宁北路216号2楼","phone":"电话:13330629912"},{"name":"卓威电竞网咖","address":"广安市广安区宏志大道南苑小区东南侧约70米","phone":""},{"name":"魔方电竞(大西街店)","address":"川东医院对面时兴楼上","phone":""},{"name":"摩豹电竞(三山店)","address":"四川省广安市岳池县文化街69号","phone":"电话:0826-5556888"},{"name":"云端城电竞馆","address":"四川省广安市岳池县永利广场转角处上三楼","phone":"电话:18728680261"},{"name":"西西弗主题网咖(广前大道店)","address":"四川省广安市前锋区广前大道55号附43号西","phone":"电话:0826-2728866"},{"name":"欢柯电竞生活馆","address":"广安职业技术学院大学生创业园3幢-1层-107、108号","phone":""},{"name":"卓威电竞","address":"四川省广安市岳池县九龙街道银城东路162号三楼","phone":"电话:18090509923"},{"name":"阳光网吧(银城南路店)","address":"九龙广场南门外","phone":""},{"name":"蓝琴电竞馆(宏帆广场店)","address":"人民路南段60号宏帆广场F1","phone":"电话:18784165503"},{"name":"星都会电竞馆","address":"成果街上段166号2楼","phone":"电话:17742834865"},{"name":"1+1电竞网咖","address":"广安市华蓥市广华大道豪情骏座","phone":"电话:0826-4899666"},{"name":"蜂鸟电竞网咖(人民路北段店)","address":"四川省广安市邻水县人民路北段408号","phone":"电话:0826-3263808"},{"name":"速达网咖(万兴中路店)","address":"万兴中路31-33号","phone":"电话:18784179778"},{"name":"魔都电竞","address":"四川省广安市广安区建设路21-9号","phone":""},{"name":"天使的电玩小屋","address":"园田路96号","phone":"电话:18111390112"},{"name":"1987电竞馆","address":"宏志大道361号","phone":"电话:08262151987/19934028005"},{"name":"11号公路电竞咖(万贯店)","address":"枣山大道东段6611号","phone":"电话:18908280829"},{"name":"菠萝电竞(枣山万贯店)","address":"万贯二期17栋301","phone":"电话:18323384886"},{"name":"艾欧尼亚网咖(建安南路店)","address":"四川省广安市广安区建安南路58号","phone":""},{"name":"艾欧尼亚网咖(建安南路店)","address":"四川省广安市广安区建安南路58号","phone":""},{"name":"大玩小乐(邻水宏帆店)","address":"宏帆广场3楼","phone":"电话:19180338038"},{"name":"童年搭档家庭游乐中心(邻水店)","address":"城南镇广邻大道6号212（宏帆广场宁洋百货内）","phone":"电话:13708045422"},{"name":"天运网络会所","address":"四川省广安市广安区兴华路广安市永欣职业技术学校东南侧约250米","phone":"电话:15308285115"},{"name":"潮玩空间(摩尔春天店)","address":"滨河路一段88号国际商业中心2楼234号（中惠通讯旁）","phone":"电话:13982681533"},{"name":"乐玩岛恐龙乐园(宏帆广场店)","address":"西后街118号301","phone":"电话:19382660158"},{"name":"南门网咖(南门超市店)","address":"新南街新南门公交站旁边","phone":"电话:0826-2220212"},{"name":"森系电竞(广宁南路店)","address":"四川省广安市广安区广宁南路318-4号","phone":"电话:13308284222"},{"name":"柠九网咖(尚水熙源店)","address":"建新路342号","phone":"电话:19130293777/19981823445"},{"name":"蜗牛电竞酒店(滨河东路东一路店)","address":"广安市岳池县九龙镇翔凤大道下段608号C栋4-3号","phone":""},{"name":"玫瑰园电竞馆","address":"广安市广安区滨江东路广安职业技术学院","phone":""},{"name":"玩咖电竞","address":"四川省广安市广安区金安大道二段77号202号","phone":"电话:18980321345"},{"name":"飞影传奇家庭游乐中心(岳池店)","address":"九龙镇建设路71号(电梯公寓)2-1","phone":"电话:19130257537"},{"name":"飞影传奇家庭游乐中心(广安店)","address":"滨河路国际商业中心A区三楼325号（吉布鲁自助牛排楼下）","phone":"电话:17554236334"},{"name":"喵与游戏小屋","address":"滨河路一段88号摩尔春天250号2楼","phone":"电话:19946239674"},{"name":"炫酷地带(岳池店)","address":"瑞鼎·星都会2楼","phone":""},{"name":"大玩小乐(广安吾悦店)","address":"金安大道三段吾悦广场Z305室","phone":"电话:19961108899"},{"name":"天空之城游乐体验世界(广安吾悦店)","address":"宏志大道吾悦广场三楼","phone":"电话:19182619373"},{"name":"炫酷地带(华蓥店)","address":"文化路华蓥山广场C-1至96号A1区","phone":""},{"name":"宜博电竞馆(诗雨店)","address":"广安市岳池县九龙广场玉龙街119号","phone":"电话:18008269456"}]