[{"name":"银河电竞网咖","address":"江苏省泰州市姜堰区阳光花园9幢3室一层","phone":"电话:18115942888"},{"name":"雷神电竞(莲花店)","address":"济川东路99号","phone":""},{"name":"村上电竞(龙凤店)","address":"医药高新区吴陵南路龙凤家园商业用房C6-C9二楼","phone":""},{"name":"可乐电竞","address":"佳源新天地11幢4楼","phone":"电话:18014548999"},{"name":"风暴电竞","address":"江苏省泰州市高港区许庄街道振北路141号","phone":""},{"name":"板桥电竞","address":"江苏省泰州市海陵区明珠街道戚庄南路","phone":""},{"name":"村上电竞(祥龙店)","address":"祥龙家园","phone":""},{"name":"板桥电竞","address":"江苏省泰州市兴化市安丰镇兴化泰丰花园大酒店","phone":"电话:18115952922"},{"name":"战狼电竞","address":"泰州市姜堰区叶甸路泰州市姜堰区叶甸中心小学东南侧约30米","phone":""},{"name":"灵狐电竞","address":"江苏省泰州市海陵区城南街道汇鸿香颂","phone":"电话:19941625282"},{"name":"水流年电竞","address":"凤凰瑞景30号楼107室","phone":"电话:13951162467"},{"name":"五月电竞(时尚广场店)","address":"海陵北路191号财富广场南门二楼","phone":"电话:052385666668"},{"name":"東谷电竞","address":"济川华庭151-9二楼、151-10二楼","phone":"电话:15366727373"},{"name":"龙珠电竞(祥龙家园店)","address":"吴陵南路祥龙家园一期2f","phone":"电话:17802525666"},{"name":"战旗电竞网咖(马厂店)","address":"马厂西路与杭州路交叉路口中国电信2F","phone":"电话:17768608833/17768609109"},{"name":"战旗电竞网咖(不夜城店)","address":"人民中路东方不夜城17号楼116","phone":"电话:17768607298/17768608833"},{"name":"战旗电竞网咖(车站店)","address":"人民中路50-1号3层","phone":"电话:17368071698/17768608833"},{"name":"尼塔电竞","address":"金山路5号113室、114室、115室","phone":"电话:19975151515"},{"name":"战云电竞网咖","address":"祥和花园二期农贸市场2F","phone":"电话:18083702239"},{"name":"赫兹电竞","address":"江苏省泰州市姜堰区罗塘西路230号","phone":"电话:18705266622"},{"name":"E9电竞(泰州天虹购物中心店)","address":"天虹商场1楼175铺","phone":"电话:17712709226"},{"name":"泰谷电竞","address":"明珠花园西商住楼53号1室-","phone":"电话:18052660151"},{"name":"月光电竞","address":"南通路399号-101室F02020X号商铺","phone":"电话:18052926191"},{"name":"卓威电竞馆(万象城店)","address":"海陵南路289-23号","phone":""},{"name":"月光电竞(凤城悦天地店)","address":"凤凰街道周山河路凤城悦天地海底捞楼上3楼","phone":"电话:15312386168"},{"name":"朗速电竞网咖","address":"江苏泰州海陵区海军西路二期16号楼3层","phone":"电话:18061981766"},{"name":"头号玩家电竞馆","address":"江苏省泰州市姜堰区人民南路3号","phone":"电话:18861090017"},{"name":"逸咖电竞网咖","address":"药城大道7号华融生活广场2楼","phone":"电话:18562310326"},{"name":"泡泡网吧(江州南路店)","address":"明珠花园88-9（正广和海鲜馆隔壁）","phone":"电话:0523-86566001/13285209771"},{"name":"优谷电竞","address":"长江西路9号","phone":"电话:17315697179"},{"name":"艾特电竞网咖","address":"京泰路街道永吉路鑫山商厦2楼","phone":"电话:13401244359"},{"name":"老表电竞","address":"城西林海集团旁凤凰瑞景北门面","phone":"电话:18168535721"},{"name":"悟空电竞网咖","address":"江苏省泰州市海陵区海陵北路442号","phone":""},{"name":"雷神电竞网咖(金鹰店)","address":"鼓楼北路88号","phone":"电话:17798896888"},{"name":"风云电竞(花园路店)","address":"罗塘街道花园路388号","phone":""},{"name":"小象电竞网咖","address":"泰州市海陵区海姜大道欧德隆购物广场","phone":"电话:18961056806"},{"name":"天选电竞(人民路店)","address":"人民北路19号如家隔壁","phone":"电话:18652652777"},{"name":"水流年电竞(战狼店)","address":"兴龙路34号中国银行二楼","phone":"电话:15896035667"},{"name":"树人网吧(锦尚铭苑商业街店)","address":"金诚街31号(锦尚铭苑商业街店)","phone":"电话:18921723138"},{"name":"89维度网咖(教育教学区邻里中心店)","address":"邻里中心2楼","phone":"电话:13382594659"},{"name":"卓威电竞馆(海陵南路店)","address":"泰州市海陵区海陵南路恒景国际花园","phone":""},{"name":"海上电竞(福田店)","address":"荷叶路490-492-494","phone":"电话:13814486867"},{"name":"東昇网咖","address":"玉景园12栋106室","phone":"电话:13327798066"},{"name":"福达电竞","address":"江苏省泰州市海陵区九龙路178-5号","phone":"电话:15351590589"},{"name":"斗鱼网咖(万达广场店)","address":"海陵南路莲花小区22-23号营业房","phone":"电话:18921745222"},{"name":"网鱼电竞(泰州金鹰店)","address":"泰州市海陵区东进东路金鹰国际购物中心(泰州店)","phone":"电话:19260736866"},{"name":"极速网咖连锁直营店","address":"十字路口往南五十米桥头排骨二楼","phone":"电话:18994667607"},{"name":"优谷电竞(速度与激情店)","address":"江苏省泰州市姜堰区长江西路9号","phone":"电话:17315697179"},{"name":"极致网咖","address":"春晖路18号（避风塘隔壁）","phone":""},{"name":"龙珠电竞(超帅店)","address":"江苏省泰州市姜堰区人民南路1号","phone":"电话:0523-80577999/15380705888"},{"name":"土豆电竞","address":"江苏省泰州市海陵区海阳路50号","phone":"电话:17798898887"},{"name":"多伦多网咖","address":"春晖路20号103室","phone":"电话:18115938586"},{"name":"江南电竞","address":"江州北路46号赵春霞诊所","phone":"电话:18168553333"},{"name":"心语电竞","address":"江苏省泰州市海陵区迎春东路80号海阳广场2楼209室","phone":"电话:13401244359"},{"name":"尼克电竞网咖(华信广场店)","address":"华信广场C208、C209、C210","phone":""},{"name":"未来电竞馆(府西人家店)","address":"江苏省泰州市姜堰区马厂路901、903号","phone":"电话:18012093099"},{"name":"海尚海电竞","address":"泰州市姜堰区姜堰大道海泰·尚城国际(幸福南路)","phone":"电话:18952668894"},{"name":"天空之城游乐体验世界(泰州中骏世界城店)","address":"迎春东路中骏世界城2楼M251号","phone":"电话:0523-86080908"},{"name":"星际传奇(海陵万象城店)","address":"永定东路华润万象城c馆3楼311号商铺","phone":"电话:16626405999"},{"name":"月光电竞悦天地店","address":"江苏省泰州市海陵区海陵北路588号","phone":""},{"name":"大玩家(泰州万达店)","address":"城南街道济川路万达广场3楼(骨味坊)","phone":"电话:0523-80661888/0523-86833056"},{"name":"罡杨网吧","address":"天罡路85号","phone":"电话:13196903036"},{"name":"谷德网咖(青年南路店)","address":"青年南路2-30号","phone":"电话:18105263999"},{"name":"星耀电竞酒店·网咖","address":"江苏省泰州市海陵区城西街道迎春西路299号","phone":""},{"name":"思远网咖","address":"锦尚名苑66号","phone":"电话:15370711588"},{"name":"水流年电竞·女神店","address":"扬州路598-3-4号二楼","phone":"电话:13951140109"},{"name":"森园网咖","address":"森园小区3商铺104号","phone":"电话:13515153796"},{"name":"八零九零网咖(姜堰古罗塘旅游文化景区店)","address":"北大街C栋17幢201-301室","phone":"电话:15852979579"},{"name":"优谷电竞(谷德店)","address":"青年南路与永定西路交叉口东北300米","phone":"电话:18994622550"},{"name":"盛世联华网吧","address":"海阳东路福寿苑2幢106-108室","phone":"电话:13338887199"},{"name":"吉洁恒电竞","address":"泰州市江州南路4栋5号","phone":"电话:13771147029"},{"name":"云顶电竞网咖","address":"江苏省泰州市姜堰区花园路112号","phone":"电话:18051178200"},{"name":"泰州市领航网络科技有限公司","address":"育才路80号","phone":"电话:17315250086"},{"name":"香蕉电竞(金鹰国际购物中心(泰州店)西区店)","address":"江苏省泰州市海陵区东进东路18号金鹰国际购物中心F2","phone":""},{"name":"诸神电竞","address":"泰州市海陵区鼓楼北路金鹰国际购物中心(泰州店)东北侧约30米","phone":""},{"name":"龙珠电竞(天达店)","address":"天达佳园31幢13室1-2层","phone":""},{"name":"双杰电竞酒店","address":"鼓楼北路36号","phone":""}]