[{"name":"无忧电竞(梁召店)","address":"河北省沧州市任丘市梁召镇永兴家园商业街16号","phone":"电话:16630868671"},{"name":"联众电竞网咖(网缘店)","address":"朝阳街12号（同天购物中心北100米路西）","phone":"电话:13513037722"},{"name":"时空电竞","address":"南皮迎宾馆对面","phone":"电话:15731700371"},{"name":"战地电竞网咖","address":"沧州市任丘市会战北道创新大厦北侧","phone":"电话:18617441890"},{"name":"伍柒电竞(极速网吧店)","address":"河北省沧州市青县新华西路38-5号","phone":"电话:13833768427"},{"name":"飞洋电竞网咖(凤凰大道商业步行街店)","address":"凤凰大道商业街","phone":""},{"name":"新贵族电竞","address":"沧州市河间市S331蓝天幼儿园南侧约70米","phone":"电话:15233792718"},{"name":"名扬电竞","address":"红旗大街587号","phone":"电话:13482911112"},{"name":"羽菲电竞(小王庄店)","address":"军民南路3号","phone":""},{"name":"月亮城网吧(朝阳街店)","address":"朝阳街同天超市往北沧州体育对面第三服装厂院内","phone":"电话:13784169773"},{"name":"新星际网城","address":"建设北街颐和花园30号","phone":"电话:15100827819"},{"name":"千予网咖","address":"长芦北大道10号","phone":"电话:15100854419"},{"name":"大马猴电竞","address":"重庆路附1号兴愉台球二楼","phone":"电话:18617717837/18730722266"},{"name":"时尚尖兵网咖","address":"人防大厦","phone":"电话:13231797595"},{"name":"蓝波湾电竞·网咖","address":"解放东路安定医院对面","phone":"电话:15100854419"},{"name":"全能猫电竞馆","address":"光荣路20号","phone":"电话:17740363211"},{"name":"羽菲网咖电竞馆","address":"一中前街颐和新世界A1","phone":"电话:13315758689"},{"name":"艾尚电竞","address":"清池南大道43号","phone":""},{"name":"沧州猛玛电竞","address":"河北省沧州市新华区车站街底商猛玛电竞三楼(沧州火车站店)","phone":"电话:18633677762"},{"name":"一千零一夜网咖(广场街店)","address":"光荣路与广场街交叉口东100米","phone":"电话:18830708888"},{"name":"一千零一夜网咖(广场街店)","address":"光荣路与广场街交叉口东100米","phone":"电话:18830708888"},{"name":"一千零一夜堤顶路电竞馆","address":"御河小区商贸楼106室","phone":"电话:0317-3168888/17331700861"},{"name":"逐梦网咖","address":"黄河东路46号汉庭酒店二楼","phone":"电话:18331760511"},{"name":"全能猫电竞","address":"沧州市运河区新华西路港务小区","phone":""},{"name":"全能猫电竞","address":"沧州市新华区解放东路物华小区东北侧","phone":""},{"name":"全能猫电竞","address":"沧州市运河区大和庄街华元·一世界东南侧约50米","phone":""},{"name":"动漫电玩城","address":"南川楼C7号104铺105铺","phone":"电话:13292799802"},{"name":"去上网咖电竞馆(老华北店)","address":"报业大厦6号","phone":"电话:19932235655"},{"name":"摩非电竞(建新大厦店)","address":"市场街道","phone":""},{"name":"全能猫电竞(宏宇城店)","address":"宏宇城C区5号楼底商","phone":""},{"name":"德玛西亚网吧(红卫街店)","address":"红卫街4号","phone":"电话:18732714385"},{"name":"临江仙实景沉浸悬疑互动剧场·桌游(水月寺店)","address":"水月寺街颐和新世界C区4层","phone":"电话:17692470719"},{"name":"未来电竞电影酒店(南川老街店)","address":"河北省沧州市运河区南环中路街道浮阳南大道47号","phone":""},{"name":"羽菲网咖(县礼堂店)","address":"千童南大道49号沧县礼堂2层","phone":"电话:17778866698"},{"name":"游易电竞馆(华北商厦新华路店)","address":"新华东路华北商厦8楼蜜雪冰城旁","phone":""},{"name":"天马空间","address":"朝阳街10号","phone":""},{"name":"夜伴·体验俱乐部(荣盛广场店)","address":"沧州市荣盛国际购物广场1-808","phone":""},{"name":"米罗动漫(旗舰店)","address":"新华东路3-8号","phone":"电话:13303179031"},{"name":"运河区-光荣路电竞馆","address":"沧州市运河区光荣路泰合朝阳门西南侧","phone":""},{"name":"易玩乐共享电竞体验馆(华北商厦新华路店)","address":"沧州市运河区新华中路7号华北商厦F8","phone":"电话:15231700737"},{"name":"天马空间","address":"朝阳街10号","phone":""},{"name":"米罗动漫(旗舰店)","address":"新华东路3-8号","phone":"电话:13303179031"},{"name":"玩聚电动社ps4·ps5·switch(沧州吾悦广场店)","address":"吾悦广场外街运河印象步行街二楼S1号-1-235号铺","phone":"电话:17778870529"},{"name":"运河区-光荣路电竞馆","address":"沧州市运河区光荣路泰合朝阳门西南侧","phone":""},{"name":"易玩乐共享电竞体验馆(华北商厦新华路店)","address":"沧州市运河区新华中路7号华北商厦F8","phone":"电话:15231700737"},{"name":"冒险家卡游社(沧州泰合商业广场店)","address":"泰合星耀城写字楼8栋1315室","phone":"电话:18630747883"},{"name":"大圣电竞馆(荣盛·丽水花庭店)","address":"河北省沧州市新华区交通北大道丽水华庭11号门铺","phone":"电话:15530479407/16633739556"},{"name":"胖胖熊儿童益乐城(沧州商城店)","address":"新华东路沧州商城3楼","phone":"电话:0317-3517888"},{"name":"雪瑟体验馆(九州大厦店)","address":"沧州市九州大厦1609","phone":""}]