[{"name":"你我他电竞网咖","address":"德吉路222号","phone":"电话:18108948836"},{"name":"炫酷电玩城","address":"福州大道北侧林芝藏游坛城A-1-4号三楼","phone":"电话:18716354988"},{"name":"星空梦网咖(藏立景观酒店步行街)","address":"西藏自治区林芝市波密县梅州路5号","phone":"电话:13308946704"},{"name":"林芝百乐电竞酒店","address":"林芝市工布天街A3幢106","phone":""},{"name":"猎袭电玩","address":"幸福小区商贸城7栋1-8室","phone":""},{"name":"极速电玩城","address":"西藏自治区林芝市波密县扎木镇君微百货附近47米","phone":"电话:17789083300"}]