[{"name":"忆缘网咖电竞馆","address":"信阳市淮滨县民义街淮滨县第二高级中学东侧约210米","phone":"电话:18790066001"},{"name":"Ui电竞","address":"信合大道与廖城大道交叉口正兴佳苑北门西20米","phone":"电话:18338652257"},{"name":"静怡电竞(羊羊店)","address":"息夫人大道中段39号","phone":"电话:15137680611"},{"name":"爱尚网咖(锦绣路店)","address":"众鑫二期锦绣路226号","phone":"电话:15839746663"},{"name":"逸枫林电竞馆(直营一店)","address":"工区路290号","phone":"电话:13462029299"},{"name":"怪兽电竞","address":"信阳市潢川县弋阳路银都小区(弋阳路)西侧约120米","phone":""},{"name":"风云电竞","address":"信阳市平桥区中山街明港镇第一小学西北侧约220米","phone":""},{"name":"科广电竞KG网吧","address":"建设路聆波苑","phone":"电话:15139769506"},{"name":"优客电竞(万达店)","address":"前进街道信合阳光城六号楼2楼","phone":"电话:15978560125"},{"name":"芯感电竞","address":"新七大道江南家园1号楼二楼","phone":"电话:13193890505"},{"name":"尼克电竞(永声店)","address":"万象城路对面","phone":"电话:13837665525"},{"name":"优客电竞(中山路店)","address":"中山北路长虹综合门面房","phone":"电话:15978560125"},{"name":"好莱坞电竞馆(信运汽车站店)","address":"人民路信运汽车站售票大厅隔壁","phone":"电话:13101769997"},{"name":"好莱坞电竞(平安大道店)","address":"平安大道瑞龙商务宾馆(平西路店)东北侧约80米","phone":"电话:13569739006"},{"name":"海浪电竞·网吧","address":"东方红大道荣基广场海浪网吧","phone":"电话:13939787889"},{"name":"她他电竞龙脉网吧","address":"民权街道成功花园23号楼","phone":"电话:17638386822"},{"name":"来尚电竞(工十路店)","address":"工十路振兴家园","phone":"电话:13137630066"},{"name":"头号玩家电竞","address":"新五大道泰安新城国际107-108","phone":""},{"name":"海豚电竞(羊山店)","address":"百花名都6号楼110号","phone":"电话:13693768688"},{"name":"暴龙电竞","address":"长安路63号好弘鑫新村","phone":"电话:13033730228"},{"name":"摩登电竞","address":"新十六大街楚城天街南18米路东","phone":"电话:0376-6378933"},{"name":"TiMi电竞(原兰亭网吧)","address":"湖东大道贸易广场北区5栋25号","phone":"电话:13598578509"},{"name":"龙吟电竞(南门风情小吃街店)","address":"建设西路柳堤春晓门面114-116室","phone":"电话:15188578435"},{"name":"TOP电竞(万达店)","address":"前进街道新七大道信合阳光城9号楼402、501","phone":"电话:17337665118"},{"name":"M+电竞馆","address":"正通广场14号楼3层","phone":""},{"name":"1018电竞馆","address":"和源·贰号公馆","phone":""},{"name":"阿飞电竞","address":"平中大街桥头小区47号（近宝鹏美食广场、平南农贸市场）","phone":"电话:15237659565"},{"name":"鑫鑫网吧","address":"晨光花园2号","phone":"电话:18697726621/18790479579"},{"name":"三只猴子电竞生活馆(平桥店)","address":"龙江路与平西路交叉口西北角天龙大酒店隔壁","phone":"电话:03763800776"},{"name":"友约电竞","address":"五星乡平西村6组919号（平西涵洞口老广烧烤斜对面）","phone":"电话:15518586812"},{"name":"好莱坞电竞(府都花园店)","address":"新七大道府都花园三期大门旁","phone":"电话:19913450137"},{"name":"好莱坞网咖(文化宫店)","address":"四一路文化宫院内（停车场入口旁）","phone":""},{"name":"风云·鑫阳电竞","address":"花园路楚王城四组95号二楼","phone":"电话:13383971899"},{"name":"风云·克拉电竞(报晓店)","address":"五星街湖东五星村一组综合楼门面1号","phone":"电话:13383975696"},{"name":"新年华网咖","address":"富丽华城西北1门东南210米","phone":"电话:15303768877"},{"name":"名人堂电竞馆","address":"平桥街道平桥大道九龙苑3幢25号","phone":"电话:15837695065"},{"name":"森友网咖","address":"中信·上城品","phone":"电话:13523763525"},{"name":"风云卓威电竞馆","address":"民权街道胜利路138号","phone":"电话:13939717299"},{"name":"3F电竞馆(香格里拉店)","address":"恒信香格里拉3楼313A号","phone":""},{"name":"新亮点网咖(网络旗舰店)","address":"民权路与大庆路向东300米左右","phone":"电话:18537695939"},{"name":"青春电竞(火车站店)","address":"信阳市浉河区民权街晨光小区","phone":""},{"name":"金麒麟网咖","address":"新七大道和谐家园","phone":"电话:15938247486"},{"name":"风云超音速网咖(新十六街店)","address":"政和花园C区新16大街门面房","phone":"电话:13383979668"},{"name":"电E竞·电竞馆","address":"虹桥小区3号楼（彩虹桥北100米）","phone":""},{"name":"杰啦电竞","address":"申鹏假日酒店(信阳市浉河区)浉河区工区路319号","phone":"电话:13782900873"},{"name":"好莱坞网咖(世纪广场店)","address":"龙江路鑫和园胡同7号好莱坞网咖世纪广场店","phone":"电话:13939706011"},{"name":"乐尚电竞","address":"河南省信阳市平桥区五星街道富地轩城","phone":""},{"name":"7号电竞网咖(北京大街北段店)","address":"河南省信阳市浉河区北京路7号","phone":"电话:15937605418"},{"name":"黑鹰电竞","address":"河南省信阳市平桥区信茶大道信阳农林学院西北侧约130米","phone":""},{"name":"中青电竞(金领时代广场店)","address":"平安大道88号附近","phone":"电话:13598565116"},{"name":"摩非电竞茶室(新六大街店)","address":"河南省信阳羊山新区新六大街与新七大道交汇处凤凰牡丹园西门5号楼东商铺104~106号","phone":"电话:18637600001"},{"name":"万通网咖(平安大街店)","address":"平安大道232号（西凤路口西100米粥鼎记对面）","phone":"电话:13939768261"},{"name":"小时代网咖(海苑商业街店)","address":"海苑路160号靠近中国人民解放军第一五四中心医院","phone":""},{"name":"SKY电竞酒店(西亚和美信阳火车站店)","address":"河南省信阳市浉河区八一路金桂园小区7号楼13楼","phone":""},{"name":"精致电竞","address":"河南省信阳市浉河区湖东大道贸易广场西区1栋","phone":"电话:17737647070"},{"name":"MT电竞馆","address":"信阳市浉河区新七大道正通桂花苑","phone":""},{"name":"新亮点时代网咖直营NO.2","address":"河南省信阳市浉河区一零七国道宝石桥宽景一品1楼门面房","phone":"电话:15837665677"},{"name":"上网休闲电竞饮","address":"信阳市平桥区平安大道信瓷小区东侧","phone":""},{"name":"诺克网咖","address":"信阳市浉河区海苑路解放军第九九0医院西南侧约60米","phone":""}]