[{"name":"永新电竞","address":"交通路32号天桥旁(K歌王斜对面)","phone":"电话:0714-6229960"},{"name":"桔子红了电竞星空店(团城山店)","address":"团城山菜场小李子旁老厨房3楼","phone":"电话:0714-3959588-0714"},{"name":"桔子红了电竞爱尚店(摩尔城店)","address":"湖北省黄石市黄石港区武汉路193号摩尔城e座5栋209室","phone":"电话:13117026380"},{"name":"桔子红了电竞(大世界店)","address":"兴国大道73-5号","phone":"电话:18071852100"},{"name":"桔子红了电竞(水利局新贵族店)","address":"兴国大道21号(邮政银行隔壁)","phone":"电话:0714-7325566/18071852100"},{"name":"芒果电竞网吧","address":"兴国镇城东新区白杨村武阳绿苑小区二期1幢2层201铺","phone":""},{"name":"亿豪电竞网咖(湖师东二门店)","address":"社区工作管理委员会磁湖路23号副2号","phone":""},{"name":"桔子红了电竞(莲花湖店)","address":"莲花湖1号南区5号楼幢202铺","phone":"电话:18672022107"},{"name":"黑马电竞馆(城东店)","address":"兴国镇华成新都铁铺路路千瑟舞蹈艺术旁边","phone":"电话:17762955559"},{"name":"黑马电竞馆","address":"湖滨路与俞家湾路交叉口东200米","phone":"电话:15826954908"},{"name":"银海电竞","address":"黄石市黄石港区磁湖路3号2楼","phone":"电话:17771166668"},{"name":"古剑魂电竞(团城山店)","address":"腾龙·龙湾一品","phone":"电话:0714-6505888"},{"name":"爱电竞广场·网咖·棋牌·台球","address":"澄月街道武汉路31-3号(万利大厦A-B栋第3层301)","phone":"电话:17282382207"},{"name":"唯e电竞馆(吾悦店)","address":"东岳路街道伍桥还建楼1期西侧9-1号商铺","phone":"电话:13297667999"},{"name":"极限网咖(万达店)","address":"花湖大道30号万达广场东楚步行街SA5-1063号","phone":"电话:18872760156"},{"name":"杰拉电竞馆(拾年店)","address":"观山路36号天怡嘉园2楼","phone":""},{"name":"公寓电竞房","address":"黄石市黄石港区磁湖路博雅花园东侧约50米","phone":""},{"name":"久阳电竞网咖","address":"青龙山路168-4-12号二楼","phone":"电话:13707235255"},{"name":"蓝悦电竞","address":"金湖大道港湖还建楼-一期东南侧约30米","phone":"电话:0714-8738881"},{"name":"桔子红了电竞星空店(团城山店)","address":"团城山菜场小李子旁老厨房3楼","phone":"电话:0714-3959588-0714"},{"name":"君子网友俱乐部","address":"花湖开发区湖滨大道1939号","phone":"电话:0714-6529393"},{"name":"乐屿电竞酒店","address":"湖北省黄石市黄石港区黄石大道1345号","phone":""},{"name":"艾上电竞网咖(和德天下店)","address":"东风路街道大冶大道108号荟萃北路交汇处1层（原风华酒店）","phone":"电话:0714-8600888"},{"name":"水木年华网咖(湖师东二门店)","address":"沈下路152号（湖师东二门对面）","phone":"电话:13995977676"},{"name":"古剑魂网咖(金港步行街店)","address":"下陆大道39-2号","phone":"电话:13177322597"},{"name":"天方电竞酒店(万达广场店)","address":"黄石港区湖滨大道人力资源和社会保障局旁","phone":""},{"name":"必成网咖","address":"百花还建小区1期","phone":"电话:13995989224"},{"name":"红灯笼网咖","address":"磁湖路48号-1栋-副5号","phone":"电话:18934663579"},{"name":"夜色网咖","address":"华新路20号2栋副1号","phone":""},{"name":"春天乐酷电竞","address":"黄石市黄石港区黄石大道黄石港交巡警小区","phone":"电话:0714-6459090/18108690031"},{"name":"清新网吧(颐阳路店)","address":"颐阳苑小区1栋6室","phone":"电话:0714-6220530"},{"name":"飞渡网吧","address":"刘韦线还建楼底商","phone":"电话:13297212222"},{"name":"杰拉网咖(琪豪花园店)","address":"观山路琪豪花园2楼","phone":"电话:15172112089"},{"name":"如意网络空间","address":"老下陆火车站候车大厅","phone":""},{"name":"中和网络俱乐部","address":"发展大道60号中和小区商铺46号","phone":""},{"name":"终极在线网咖(万利大厦店)","address":"社区工作管理委员会武汉路31号","phone":"电话:0714-6266576"},{"name":"联讯网咖","address":"武汉路148号歌舞团院内","phone":""},{"name":"星羽网咖(上冯路店)","address":"上冯路18号","phone":""},{"name":"天域网咖(黄石港区经济和信息化局北)","address":"黄石大道55号附2号","phone":"电话:15971536113"},{"name":"X·PARTY(黄石店)","address":"广会路10号","phone":""},{"name":"艾上网咖(运翔店)","address":"新冶大道59-9（怡景花苑门口）","phone":""},{"name":"BUFF电竞网咖","address":"黄石市大冶市大冶大道都市·阳光花园","phone":""},{"name":"忆元素宜博电竞生活馆(两湖天下店)","address":"黄石市大冶市东风东路两湖天下1号楼2-5号门面","phone":"电话:15897755676"},{"name":"桔子红了E·宜博电竞馆(劳动路店)","address":"劳动路79号","phone":"电话:13886470135"},{"name":"东风云电竞(荟萃路店)","address":"黄石市大冶市荟萃路伍家垅集贸市场东北侧约30米","phone":""},{"name":"腾飞电竞馆(观山路店)","address":"湖北省黄石市大冶市观山路20号","phone":"电话:13872051428"},{"name":"卓威电竞体验馆(青龙山路店)","address":"黄石市下陆区青龙山路国秀园东侧","phone":""}]