[{"name":"MVP电竞俱乐部","address":"阳江市阳春市南新大道登宝大厦","phone":""},{"name":"经典网吧(阳春大道店)","address":"东湖公园2期旅游购物广场E栋112-114号","phone":"电话:13680688333"},{"name":"英雄电竞馆","address":"广东省阳江市江城区创业路132号","phone":""},{"name":"趣尚网咖(东风四路店)","address":"东城镇东风四路329号金瑞酒店二楼","phone":"电话:18198772122"},{"name":"风雷网吧","address":"广东省阳江市江城区人民路之一13号(奇伟大排档2楼)","phone":"电话:13680690659"},{"name":"塞伯坦电竞馆(阳东店)","address":"振士路边阳东花园Bd3-5号","phone":"电话:13530679906"},{"name":"飞鱼电竞(盈信店)","address":"华联路与东风三路交叉口东南60米盈信写字楼二楼","phone":"电话:19328867172"},{"name":"塞伯坦电竞馆(江城店)","address":"北环路兴达小区B座二层","phone":""},{"name":"飞鱼网咖(悦景台店)","address":"北环路102号建华悦景台18幢2层2008号铺","phone":"电话:13537951059/19328870162"},{"name":"聚缘网吧(车马大街店)","address":"南新大道29号粤运汽车站对面","phone":"电话:0662-7717155"},{"name":"天堡欢乐城","address":"东风一路42号","phone":"电话:0662-3222138"},{"name":"塞伯坦电竞馆(阳东店)","address":"振士路边阳东花园Bd3-5号","phone":"电话:13530679906"},{"name":"风云玩家电玩城(新达城店)","address":"福盈·新达城三楼","phone":""},{"name":"九州城梦乐园","address":"九州城酒店","phone":"电话:0662-8666686"},{"name":"上升方程竞技馆(淘金湾店)","address":"新江北路299号淘金湾北区1栋04.05号铺","phone":"电话:17728788794"},{"name":"开心主场(京源城店)","address":"振仕中路52号京源城F3层","phone":"电话:18023820440"},{"name":"开心主场(麻演店)","address":"中洲街道麻演工业区南路2号之2号","phone":"电话:13642429096"},{"name":"PS5·XBOX·Switch电玩之星游戏屋","address":"名扬广场","phone":"电话:13411862788"},{"name":"魔方习题动漫城(东汇城店)","address":"东汇城广场","phone":"电话:18664420629"},{"name":"天博网咖","address":"新江北路新江雅苑1号楼-8号商铺二层","phone":"电话:13106780305"},{"name":"A8电竞俱乐部(会员店)","address":"广东省阳江市江城区南恩街道阳江市田家炳学校(漠江路)西北121米","phone":""},{"name":"零壹竞技棋牌","address":"马曹路668号阳光幸福里花园5幢1-2层20号铺","phone":"电话:13106780305"},{"name":"尼卡电玩体验馆","address":"体育路湖湾华庭正门","phone":"电话:13570921212"},{"name":"电玩桌球","address":"阳江市江城区X608科盈主题客房酒店","phone":""},{"name":"星际乐园电玩城(新都汇时代广场店)","address":"东门南路333号新都汇广场","phone":""},{"name":"龙珠探险(福盈·新达城时代广场店)","address":"福盈·新达城三楼01A号","phone":""},{"name":"欧库派主机体验馆·Switch·ps5·主机游戏(雅景豪庭店)","address":"城北街道雅景豪庭4幢01铺欧库派主机体验馆","phone":"电话:15012623785"},{"name":"极限主场(新达城店)","address":"新达城时代广场3楼","phone":"电话:13160530695"},{"name":"超能时空(盈信广场店)","address":"盈信广场二楼","phone":"电话:13542615161"},{"name":"摩戏电竞公寓(阳江粤运汽车站店)","address":"阳江市城北街道石湾北路143号(富华大酒店同栋)","phone":""},{"name":"星奇8游乐中心(新达城时代广场店)","address":"福盈·新达城三楼（海底捞旁）","phone":"电话:13926321593"},{"name":"时光国度-潮玩社(新达城店)","address":"创业北路与新江北路交叉口东北120米","phone":"电话:13751605885"},{"name":"开心主场(十八子投资广场店)","address":"十八子投资广场","phone":""},{"name":"魔方习题动漫城(名扬国际广场店)","address":"三环路名扬国际广场商业楼303商场F01卡","phone":"电话:17306620629"},{"name":"满园电玩麻将(阳江东汇城中级人民法院店)","address":"东风三路123号(近新江北路,近广东省阳江市中级人民法院)阳江东汇城B1","phone":""},{"name":"乐动达人(天润奥莱广场店)","address":"东风一路11号天润奥莱广场F6层","phone":""},{"name":"小伙伴潮玩(盈信店)","address":"盈信广场3F","phone":""},{"name":"探险阳光乐园(百利广场店)","address":"城北街道东风一路3号百利广场3楼3014-3028室(近人民广场)","phone":"电话:18666255045"},{"name":"零食部落(军民路店)","address":"东风三路东汇城3楼3002室（魔方习题内部）","phone":""}]