[{"name":"鲸羽电竞网吧","address":"安徽省淮北市相山区淮海路377号","phone":"电话:18256121222"},{"name":"咖啡猫电竞馆(德城新天地店)","address":"孟山中路235号德城新天地三楼","phone":"电话:0561-3861888"},{"name":"咖啡猫电竞馆(碧乐城店)","address":"桓谭路与长山北路东北角碧乐城3层3F-C-B","phone":"电话:5268966"},{"name":"咖啡猫电竞馆(万里大厦店)","address":"万里大厦","phone":"电话:0561-3116888"},{"name":"速8名典网络","address":"濉溪中路明仁医院(南黎小区附近)","phone":""},{"name":"咖啡猫电竞馆(万茂广场店)","address":"万茂广场二层206-207","phone":"电话:0561-3303222"},{"name":"爱网咖","address":"闸河路3-2号","phone":""},{"name":"骑士网络(淮海中路店)","address":"淮海路150号明珠花园","phone":""},{"name":"米牛电竞","address":"红跑车大华店三楼","phone":""},{"name":"飞宇网吧(溪河路店)","address":"溪河路47号2楼","phone":"电话:19956137672"},{"name":"咖啡猫电竞馆(万达店)","address":"南湖路淮北万达广场三楼3035号","phone":"电话:0561-5229966/18130209399"},{"name":"咖啡猫电竞馆(云集店)","address":"南翔云集1号楼301-302铺","phone":"电话:0561-3922999/13966109868"},{"name":"PANDA电竞","address":"盍街美食城301","phone":""},{"name":"都市网栈(金海燕店)","address":"惠苑路92号金海燕5号","phone":"电话:13965865588"},{"name":"GAME电竞(吾悦广场店)","address":"高岳街道龙山路吾悦广场4层4022室","phone":"电话:0561-3321000"},{"name":"沫家电竞馆(濉溪店)","address":"淮海路157号","phone":""},{"name":"麟麒电竞馆","address":"淮北市濉溪县国槐北路濉溪新体育场北侧约210米","phone":""},{"name":"咖啡猫电竞馆(华翊广场店)","address":"华翊广场1号楼2层201铺","phone":"电话:19715627186"},{"name":"卡尔玛电竞酒店","address":"惠黎路金星商住楼A栋","phone":""},{"name":"牧马人电竞馆(二店)","address":"宝厦·丽景新城文景苑","phone":"电话:13905616915"},{"name":"莱恩电竞","address":"安徽省淮北市相山区相南街道四海绿洲花园","phone":"电话:19356109777"},{"name":"蓝调网咖(高岳路店)","address":"安徽省淮北市杜集区高岳路67号东方红小区7号","phone":"电话:18156155082"},{"name":"九程电竞(淮北步行街店)","address":"大华现代城代城13幢301A(步行街老乡鸡三楼)","phone":"电话:18555211105"},{"name":"超越名品网络玩家","address":"站前路格林豪泰酒店(新火车站店)","phone":""},{"name":"汇远电竞","address":"淮北市相山区惠苑路南街大华现代城-西区东侧","phone":""},{"name":"浪漫满屋主题电竞馆","address":"淮北市相山区濉溪中路南黎小区东北侧约160米","phone":"电话:0561-3862888"},{"name":"莱恩智能酒店电竞馆(惠苑路南街店)","address":"淮北市相山区惠苑路南街大华现代城-西区","phone":""},{"name":"超越至尊网络","address":"濉溪北路46-1号","phone":"电话:13966098497"},{"name":"天骄网吧(深蓝商街店)","address":"职大东校区西门对面巷内50米（天骄宾馆前）","phone":""},{"name":"不夜电竞馆","address":"矿山集街道龙湖苑","phone":"电话:17756170402"},{"name":"","address":"","phone":""},{"name":"","address":"","phone":""},{"name":"","address":"","phone":""},{"name":"","address":"","phone":""},{"name":"","address":"","phone":""},{"name":"","address":"","phone":""},{"name":"","address":"","phone":""},{"name":"","address":"","phone":""},{"name":"","address":"","phone":""},{"name":"","address":"","phone":""},{"name":"咖啡猫电竞馆(云集店)","address":"南翔云集1号楼301-302铺","phone":"电话:0561-3922999/13966109868"},{"name":"都市网栈(金海燕店)","address":"惠苑路92号金海燕5号","phone":"电话:13965865588"},{"name":"PANDA电竞","address":"盍街美食城301","phone":""},{"name":"超越至尊网络","address":"濉溪北路46-1号","phone":"电话:13966098497"},{"name":"浪漫满屋主题电竞馆","address":"淮北市相山区濉溪中路南黎小区东北侧约160米","phone":"电话:0561-3862888"},{"name":"莱恩电竞","address":"安徽省淮北市相山区相南街道四海绿洲花园","phone":"电话:19356109777"},{"name":"蓝调网咖(高岳路店)","address":"安徽省淮北市杜集区高岳路67号东方红小区7号","phone":"电话:18156155082"},{"name":"九程电竞(淮北步行街店)","address":"大华现代城代城13幢301A(步行街老乡鸡三楼)","phone":"电话:18555211105"},{"name":"超越名品网络玩家","address":"站前路格林豪泰酒店(新火车站店)","phone":""},{"name":"卡尔玛电竞酒店","address":"惠黎路金星商住楼A栋","phone":""},{"name":"超越名品网络玩家","address":"站前路格林豪泰酒店(新火车站店)","phone":""},{"name":"莱恩智能酒店电竞馆(惠苑路南街店)","address":"淮北市相山区惠苑路南街大华现代城-西区","phone":""},{"name":"天骄网吧(深蓝商街店)","address":"职大东校区西门对面巷内50米（天骄宾馆前）","phone":""},{"name":"虎猫网咖","address":"东山路108-1号附近","phone":"电话:18656192392"},{"name":"龙行网络","address":"东山路57号紫藤苑小区门面（煤师院东）","phone":"电话:15956116000"},{"name":"北一电竞酒店(慢城店)","address":"淮北市人民路239号慢城花园27栋102号","phone":""},{"name":"网络玩家","address":"安徽省淮北市相山区南黎路121号","phone":""},{"name":"骇客网咖(万福家园店)","address":"安徽省淮北市相山区南黎路121号万福家园5栋","phone":"电话:15856138359"},{"name":"燃乐电竞酒店俱乐部","address":"安徽省淮北市相山区三堤口街道碧桂园天玺","phone":"电话:19005611131"},{"name":"大玩家(淮北万达店)","address":"南湖路万达广场2F-B","phone":"电话:13365611317"},{"name":"虎猫网咖","address":"东山路108-1号附近","phone":"电话:18656192392"},{"name":"北一电竞酒店(慢城店)","address":"淮北市人民路239号慢城花园27栋102号","phone":""},{"name":"网络玩家","address":"安徽省淮北市相山区南黎路121号","phone":""},{"name":"燃乐电竞酒店俱乐部","address":"安徽省淮北市相山区三堤口街道碧桂园天玺","phone":"电话:19005611131"},{"name":"骇客网咖(万福家园店)","address":"安徽省淮北市相山区南黎路121号万福家园5栋","phone":"电话:15856138359"},{"name":"东江电竞","address":"淮北市孟山北路81-6号","phone":"电话:19356135798"},{"name":"快乐真棒(土楼店)","address":"土楼新村17栋(凤林路一号)","phone":"电话:0561-3153351"}]