[{"name":"敏捷网吧","address":"湖北省十堰市丹江口市老营路51号","phone":"电话:15172280558"},{"name":"智者网咖(人民北路店)","address":"人民北路35号金伯利2楼","phone":""},{"name":"至高点电竞(和信销品茂店)","address":"邮电街和信销品茂4楼","phone":"电话:0719-8616175"},{"name":"龙鳞电竞(十堰旗舰店)","address":"上海路书香嘉苑3楼","phone":"电话:18674199999"},{"name":"阿瑞斯电竞馆(东汽技校店)","address":"车城西路139号(东汽技校门口100米)","phone":"电话:15171381987"},{"name":"王者电竞馆(上海路店)","address":"上海路12号金座4号电梯2楼","phone":"电话:18674176563"},{"name":"星网网咖(网咖总店)","address":"上海路金座3号厅/4号厅(右)三楼","phone":"电话:0719-8497123"},{"name":"世纪电竞馆(红卫店)","address":"车城西路199号寿康永乐2F","phone":""},{"name":"世纪电竞馆(六堰店)","address":"万隆广场2楼","phone":"电话:0719-8027788"},{"name":"来来往往网吧","address":"房陵西大道91号十堰江山时代宾馆隔壁","phone":"电话:13593757379"},{"name":"世纪电竞馆(六堰店)","address":"万隆广场2楼","phone":"电话:0719-8027788"},{"name":"尚趣网吧","address":"花果街119号","phone":"电话:0719-8564441"},{"name":"暴雪网咖","address":"湖北省十堰市茅箭区十堰公园路26号2楼","phone":""},{"name":"一点通网吧(文化街店)","address":"公园路20号","phone":""},{"name":"火山电竞","address":"车城西路171号新麦秀KTV旁","phone":"电话:13117107707"},{"name":"爱尚电竞网咖","address":"五堰街道武当广场3层","phone":"电话:13429979520"},{"name":"6.22电竞(大学星城时代广场店)","address":"湖北省十堰市茅箭区二堰街道大学星城时代广场","phone":""},{"name":"天悦电竞馆","address":"上海路66号大学星城2楼","phone":"电话:18371958877"},{"name":"战线电竞","address":"车城路16号建行楼上","phone":"电话:18972469707"},{"name":"卓威电竞馆(金座店)","address":"上海路金座","phone":"电话:18674176563"},{"name":"先锋网吧(白浪东路店)","address":"白浪东路61号消防队旁","phone":"电话:13397299858"},{"name":"网猫网咖(上海路店)","address":"上海路大美盛城4栋6号","phone":"电话:18671663438"},{"name":"爱游电竞网咖","address":"湖北省十堰市茅箭区柳林路武当广场3楼","phone":"电话:13429979520"},{"name":"吉泰网咖","address":"白浪中路53号天盾花园1-2层","phone":"电话:0719-8315205"},{"name":"君乐网吧(白浪中路店)","address":"白浪街道滨河路祥安欣利广场旁","phone":"电话:13035267475"},{"name":"龙腾网咖(速龙店)","address":"人民北路和信销品茂旁","phone":""},{"name":"领航网吧","address":"湖北省十堰市茅箭区东风大道7号","phone":""},{"name":"KX电竞","address":"十堰市张湾区车城路十堰市张湾区张湾小学","phone":""},{"name":"超人网咖(三堰店)","address":"人民南路三堰客运站对面农业银行二楼","phone":"电话:13581384351"},{"name":"顽家网咖","address":"五堰街道香港街38号旺角二楼（柳林沟步行街口）","phone":"电话:13593707719"},{"name":"良友尚客网咖(人民南路店)","address":"二堰街道人民南路25号(太和医院门诊部正对面)","phone":"电话:18772753789"},{"name":"红马网咖(柳林路店)","address":"柳林路交通银行对面","phone":"电话:13971931215"},{"name":"十堰未来之窗电竞馆","address":"大岭路8-18号","phone":""},{"name":"新感觉电竞","address":"十堰市车城街道大岭路1号","phone":""},{"name":"次元疯爆PS5·PS4·Switch电玩社(十堰店)","address":"朝阳中路大洋百货二楼货梯旁","phone":"电话:18986911657"},{"name":"双人成行电玩室PS4·Switch·PS5(万达店)","address":"北京北路99号19幢2-020(万达广场室外街)","phone":"电话:15071452878"},{"name":"云硕电竞酒店(五堰街道店)","address":"湖北省十堰市茅箭区柳林路42号","phone":"电话:0719-8486666"},{"name":"网园网咖(人民医院店)","address":"山西路何家沟新合作超市旁三楼","phone":"电话:17720263585"},{"name":"玩家娱乐主机游戏PS5·Switch·xBox","address":"东岳路翔龙世纪花园杰座1单元302室","phone":"电话:15586936282"},{"name":"艾克电竞公馆","address":"茅箭区朝阳中路1号大洋百货B栋31层","phone":""},{"name":"和信奇妙乐园(邮电街店)","address":"邮电街8号和信销品茂3楼","phone":"电话:0719-8641185"},{"name":"城市英雄Party House(公园路店)","address":"公园路9号（民众乐园负1楼）","phone":"电话:18107197290"},{"name":"天竞电竞酒店(十堰武商mall店)","address":"十堰市人民路万德国际大酒店12楼(十堰武商mall正对面,六堰转盘旁)","phone":""},{"name":"浩瑞酒店(柳林路店)","address":"湖北省十堰市茅箭区柳林路84号","phone":""}]