[{"name":"赖着不走","address":"台湾省台南市中西区西门路一段578号","phone":""},{"name":"大都会网路电竞馆(台南永大店)","address":"台湾省台南市永康区永大路二段245号","phone":""},{"name":"赖着不走电竞馆中华店","address":"台湾省台南市东区中华东路二段36-2号","phone":""},{"name":"新战线电竞人文","address":"台湾省台南市归仁区大仁街39号","phone":""},{"name":"大卡司电竞馆(台南成功店)","address":"台湾省台南市北区成功路466号","phone":""},{"name":"赖着不走电竞馆(长荣店)","address":"台湾省台南市东区长荣路二段53号","phone":""},{"name":"赖着不走电竞馆(大同店)","address":"台湾省台南市中西区大同路一段24号","phone":""},{"name":"大卡司电竞馆(台南安南店)","address":"台湾省台南市安南区海佃路一段345巷28号","phone":""},{"name":"大都会网路电竞馆-台南中华店","address":"710台湾台南市永康區中華路785號","phone":""},{"name":"巨网电竞馆-新营旗舰店","address":"73050台湾台南市新營區健康路65號","phone":""},{"name":"領航者電競人文 - 台南北門店","address":"70449台湾台南市北區北門路二段59號","phone":""},{"name":"領航者電競人文 - 台南永康店","address":"710台湾台南市永康區大灣路942巷12號","phone":""},{"name":"黑科技-電競/組裝/零售/水冷改裝/筆電/批發","address":"702台湾台南市南區金華路二段21巷6號","phone":""},{"name":"天呈電腦-新市平價電腦維修|電腦升級|電腦買賣|客製化主機|電競電腦專賣|文書機組裝","address":"744台湾台南市新市區富中街195號1樓","phone":""},{"name":"台南辦公家具OA屏風推薦【888創意生活館】升降電腦桌辦公家具電腦椅辦公椅鐵櫃圖櫃電競椅","address":"702台湾台南市南區濱南路65號2F","phone":""},{"name":"RAComputerStudio(RA電腦3C)/台南電腦維修/南區電腦維修/電腦組裝販售/筆電販售/筆電維修/水冷主機/電競主機/二手品項買賣","address":"702台湾台南市南區中華南路二段315巷20號","phone":""},{"name":"天呈電腦-新市平價電腦維修｜電腦升級｜電腦買賣｜客製化主機｜電競電腦專賣｜文書機組裝","address":"744台湾台南市新市區富中街195號1樓","phone":""},{"name":"銳利電競 RayZ1 Gaming 台南客製化電腦組裝首選/電腦維修/系統重灌/電競主機/設計剪輯專用主機/電競周邊販售/筆電販售","address":"710台湾台南市永康區永安二街16號","phone":""},{"name":"孟庭資訊 msi微星.華碩.技嘉筆電、電腦、電競周邊、羅技視訊、wacom繪圖板、Tp-link網通","address":"701台湾台南市東區北門路一段138號","phone":""},{"name":"友乐网咖生活馆-仁德店","address":"台湾省台南市仁德区中正路二段1052号","phone":""}]