[{"name":"雷霆电竞","address":"水源街便民市场综合楼二层2号","phone":"电话:13347102333"},{"name":"小城电竞(网吧)河畔花园店","address":"呼和浩特市清水河县滨河南街清水河河畔花园","phone":""},{"name":"龙猫电竞网吧","address":"呼和浩特市玉泉区五塔寺西街泓博花园东南侧","phone":""},{"name":"新风暴电竞","address":"哲里木路工业大学西门正对面","phone":"电话:18347982238"},{"name":"风云电竞","address":"呼和浩特市回民区成吉思汗西街青橙紫苑南侧","phone":"电话:15849434894"},{"name":"雷霆电竞","address":"中山西路37号","phone":"电话:15184700601"},{"name":"台球电竞","address":"呼和浩特市回民区文化宫路莫泰酒店(呼和浩特医科大学附院店)","phone":""},{"name":"外星人网咖(财大店)","address":"青橙紫苑A区七号楼A7-6、A7-7号","phone":"电话:13190513126/15754977400"},{"name":"辛飞悦网咖","address":"滨河南路银河时代广场2层","phone":"电话:15024913991"},{"name":"灰猴电竞(星空网飞店)","address":"郭勒南路34号","phone":"电话:15714714699/15771386604"},{"name":"绿色电竞","address":"桥靠西街金宇文苑北门对面","phone":""},{"name":"灰猴电竞·回忆时光店","address":"昭乌达路锦绣嘉苑A区北门东侧50米","phone":"电话:18148298534"},{"name":"外星人电竞馆(内大南校区店)","address":"内大南校区西侧文博楼三楼","phone":"电话:15754977400"},{"name":"龙猫电竞网咖(炫彩店)","address":"文化宫路东巷E家酒店步梯2楼","phone":"电话:13484719466"},{"name":"范府网咖","address":"和林格尔路远鹏星河国际","phone":"电话:15754817650"},{"name":"爱尚蓝激束网咖讨号板店","address":"经济技术开发区如意工业园区讨号板步行街齐德恩东侧1-6号","phone":"电话:18947169990"},{"name":"奕丰网咖","address":"五里营小区西门18号","phone":"电话:13488548257"},{"name":"七舰队电竞馆(浩荣店)","address":"鄂尔多斯东街中国银行旁","phone":"电话:13214021224/17704807774"},{"name":"七舰队电竞馆(热点店)","address":"展览馆东路中华家园2号楼","phone":"电话:15548795110/15848182925"},{"name":"雨嫣网飞网咖(万达店)","address":"万达广场A区1014-1015号","phone":"电话:18048324777"},{"name":"肥猫电竞(中海店)","address":"内蒙古自治区呼和浩特市赛罕区巧报镇中海拾里晴川","phone":"电话:18347110321"},{"name":"乐州电竞","address":"呼和浩特市赛罕区-金宇钻石3号楼","phone":""},{"name":"七舰队电竞馆(豆豆店)","address":"腾飞南路33号","phone":"电话:13190501249"},{"name":"外星人电竞馆(金桥店)","address":"陶利街易合办公文化用品西南25米","phone":"电话:13039513126/15754977400"},{"name":"东方电竞","address":"迎新中路团结小区邮局对面","phone":"电话:18947185100"},{"name":"龙骑士电竞(兰亚店)","address":"呼伦南路雅阁星城商业楼一楼南侧1号商铺","phone":"电话:0471-3641789"},{"name":"木子电竞","address":"内蒙古自治区呼和浩特市新城区万通路火车东站水岸小镇b28","phone":"电话:18104713176"},{"name":"水苑网吧","address":"成吉思汗大街西段水泉文苑小区","phone":"电话:18698410653"},{"name":"新七夜电竞","address":"思汗大街街道街道东段铁甲商业楼B座西侧中间连接部分第三层","phone":"电话:18547140784/18822323306"},{"name":"英川网咖","address":"光明路办事处光明路街道光明路1号","phone":"电话:15560946521"},{"name":"七舰队电竞馆神彩店(神彩店)","address":"内蒙古师范大学东门北20米十字路口60路东1-2层","phone":"电话:15540451453"},{"name":"龙骑士电竞(俪城店)","address":"石羊桥路富丽城A区8号楼3层商业","phone":""},{"name":"玩家电竞战神网吧(石羊桥路店)","address":"石羊桥路东南角红苹果快捷酒店后院","phone":"电话:18648487880"},{"name":"铁幕电竞馆","address":"内蒙古自治区呼和浩特市新城区塔利公租房小区","phone":"电话:15247143284"},{"name":"七舰队电竞馆(新天地店)","address":"内蒙古自治区呼和浩特市土默特左旗台阁牧镇金川新天地购物广场3层","phone":""},{"name":"久亿网络电竞公寓","address":"石羊桥路城市桂冠C座","phone":""},{"name":"外星人网咖(农大店)","address":"内蒙古自治区呼和浩特市赛罕区馨苑小区底商二楼","phone":""},{"name":"七舰队电竞馆·华辰店(华辰店)","address":"东护城河南街迎来食品批发部南15米","phone":"电话:17647484534"},{"name":"七舰队电竞馆","address":"呼和浩特市赛罕区展览馆西路亚辰景院","phone":"电话:15661191099"},{"name":"蓝宇网咖(海亮店)","address":"海亮广场金宝街负一层1B330-1B383层","phone":""},{"name":"伍月网咖(金川宽城店)","address":"左旗商业街2号","phone":"电话:18504992426"},{"name":"腾骏网咖","address":"乌兰察布东街园艺御景西北门西110米","phone":"电话:13674743427"},{"name":"七星电竞(金沙大厦店)","address":"新华大街与战备路交叉口金沙大厦二层","phone":""},{"name":"帅虎电竞","address":"呼和浩特市新城区腾飞北路名都·和景","phone":"电话:18148240889"},{"name":"七舰队网咖(雷霆店)","address":"中山西路73号","phone":"电话:17614839866"},{"name":"亮杰网咖","address":"锡林北路街道郭勒北路158号三楼","phone":"电话:13065557555"},{"name":"迈森电竞馆","address":"思汗大街街道街道阳光诺卡2期会所2层204号","phone":"电话:13337000084"},{"name":"七舰队电竞酒店(五里营店)","address":"万锦·融城底商3层","phone":""},{"name":"七舰队网咖(杰拉店)","address":"乌兰察布东路伟业大厦三楼","phone":"电话:16271873999"},{"name":"怪兽电竞馆(丰州南路店)","address":"丰州南路34号嘉友城市花园底商","phone":"电话:04713682888"},{"name":"龙吟电竞馆(中商世界里智慧生活Mall万正·尚都店)","address":"内蒙古自治区呼和浩特市赛罕区大学东街6号中商世界里智慧生活MallF2","phone":""},{"name":"优客电竞俱乐部(巨海店)","address":"大学东街丰泽大厦东侧二楼","phone":"电话:13190505391"},{"name":"怪兽电竞馆(万豪长隆湾店)","address":"包头大街长隆湾26号商业楼3楼","phone":"电话:0471-3918666"},{"name":"鲁比客网咖","address":"内蒙古自治区呼和浩特市赛罕区呼伦贝尔南路592号","phone":""},{"name":"树铭网咖","address":"丽苑小区前50米回味馆旁边","phone":"电话:15849365132"},{"name":"优客电竞俱乐部(金桥店)","address":"陶利街希望阳光苑北门西侧2楼","phone":"电话:17113536666"},{"name":"深蓝电竞·台球(农大店)","address":"大学东街98号金宇钻石3楼","phone":"电话:18686080101"},{"name":"拾壹悦的游戏屋","address":"前达门路新华联雅园西门103商铺","phone":"电话:13798974809"},{"name":"友情岁月网咖","address":"公园世家西南门南160米","phone":"电话:18147301118"},{"name":"网飞飞电竞馆(中山西路店)","address":"中山西路街道中山西路9号楼2楼","phone":"电话:19997616015"},{"name":"琦琳电竞(体育场店)","address":"呼和浩特市气象局西路天府花园东门写字楼3层","phone":""},{"name":"飞宁电竞","address":"呼和浩特市新城区公主府街嘉和小区(公主府街)","phone":""},{"name":"全顺网咖","address":"呼和浩特市回民区文化宫路战备路知福公寓","phone":""},{"name":"优派电竞高清网咖七夜电竞馆","address":"鄂尔多斯大街金宇新天地B座对面","phone":"电话:15247143284"},{"name":"天晟网吧","address":"呼伦贝尔南路托电花园小区东侧约40米","phone":"电话:13804711263"},{"name":"金驰网咖","address":"中银城市广场a座105室","phone":"电话:15308414069"},{"name":"超宇电竞台球棋牌","address":"明珠巷25号附近","phone":"电话:18004805260"},{"name":"九度空间网咖","address":"民生巷盛世名筑一期G6","phone":"电话:15561005678"},{"name":"七舰队电竞馆(鸿图店)","address":"东影南街74号天美商城F2层","phone":"电话:15247165655"},{"name":"飞宇电竞(恒兴大厦店)","address":"公主府街30号恒兴大厦负1楼","phone":"电话:18947958867"},{"name":"瀚海网咖","address":"和畅路29号旺第嘉苑","phone":""},{"name":"久亿电竞网咖","address":"昭君路鼎丰丽景天下小区A2幢101","phone":"电话:13154884348"},{"name":"凡歌电竞馆","address":"展览馆名都枫景12号楼2层201室","phone":"电话:15801039208"},{"name":"七夜电竞(南茶坊丽景天下店)","address":"鼎丰丽景天下A区-A1号楼-东单元","phone":""},{"name":"蓝天网吧(永盛巷)","address":"新华公园西门西北160米","phone":""},{"name":"七舰队网咖(绿色同盟店)","address":"金川开发区上院小区门脸房101","phone":"电话:13644845102"},{"name":"达尔优电竞网咖(酷时代店)","address":"呼和浩特市回民区县府街西口任祥医院对面","phone":"电话:18148242006"},{"name":"七舰队电竞馆","address":"呼和浩特市赛罕区如意南路绿地蓝海大厦","phone":""},{"name":"喜彩网飞电竞(维多利商厦店)","address":"中山西路39号","phone":"电话:17614898441"},{"name":"税苑网吧","address":"金桥经济技术开发区世纪七路税苑小区底商3号","phone":"电话:15354869110"},{"name":"初见电竞夜班","address":"呼和浩特市赛罕区桥靠西街金宇紫光","phone":"电话:15504816999"},{"name":"小小电竞","address":"内蒙古自治区呼和浩特市回民区钢铁路街道新华西街52","phone":""},{"name":"熊大网吧","address":"昭君路紫云锦都营销中心旁","phone":"电话:15247143284"},{"name":"聚鼎网络会所(学苑西街店)","address":"新建东街电影制片厂西巷","phone":"电话:15754977400"},{"name":"酷乐网城","address":"世纪五路万豪名园底铺","phone":""},{"name":"天亿网吧","address":"内蒙古自治区呼和浩特市玉泉区小召头道巷钰景花园","phone":"电话:13384894757"},{"name":"热带雨林主题乐园(海亮广场店)","address":"中山西路茂业时代城海亮广场5-6楼（横店电影院旁）","phone":"电话:0471-5290071"},{"name":"怪兽电竞馆(五里营店)","address":"呼和浩特市玉泉区锡林郭勒南路万锦融城","phone":"电话:15849348888"},{"name":"卓威官方指定电竞馆","address":"呼和浩特市赛罕区金桥路锦绣嘉苑-A区","phone":""},{"name":"七舰队电竞馆(亮杰馆)","address":"内蒙古自治区呼和浩特市新城区中山东路街道锡林郭勒北路22号","phone":""},{"name":"龙吟电竞酒店(石羊桥南路五里营店)","address":"呼和浩特市石羊桥南路五里营小区1号公寓楼1层","phone":""},{"name":"宠爱FPS电竞酒店(农大新区店)","address":"呼和浩特市鄂尔多斯大街天和公寓A座4楼","phone":""},{"name":"聚缘网吧(呼伦贝尔南路店)","address":"呼伦南路托电公司南20米路西","phone":"电话:18647979100"},{"name":"七星电竞网咖","address":"呼和浩特市新城区战备路南口金沙大厦外围商铺","phone":""},{"name":"北鱼电竞","address":"呼和浩特市新城区苏雅拉巷东方文苑","phone":""},{"name":"网咖私人影院","address":"昭君路与银河南路香榭澜湾商业楼C座三层","phone":""},{"name":"巍光电竞","address":"呼和浩特市玉泉区鼎盛国际","phone":""},{"name":"联盟网络电竞主题公寓(海亮广场店)","address":"海亮·誉峰3号楼","phone":""}]