[{"name":"龙魂电竞","address":"云波社区盛唐城C1地块C2商业C7栋326号","phone":"电话:0871-65652365"},{"name":"奇麟电竞","address":"云南省昆明市寻甸回族彝族自治县月华路玉秀苑6-6商铺","phone":"电话:18725128261"},{"name":"爱玩电竞","address":"云南省昆明市石林彝族自治县财富中心2号楼2楼(苏宁易购对面)","phone":"电话:19988561579"},{"name":"龙魂电竞(极地店)","address":"海屯路340号三层","phone":"电话:0871-63565638"},{"name":"爱玩电竞","address":"彝城新都b3栋1-19室","phone":"电话:15825257855"},{"name":"电竞网咖","address":"昆明市呈贡区彩云南路实力心城","phone":""},{"name":"爱玩电竞","address":"昆明市官渡区福居路万科魅力之城","phone":""},{"name":"全成电竞·牧心店","address":"云南省昆明市五华区正义路43号","phone":"电话:0871-64166998"},{"name":"新宇网吧","address":"前兴路佳馨园小区二楼商铺（润城第四大道对面）","phone":"电话:0871-65031318"},{"name":"梦幻网吧","address":"白塔路86街号u2公寓9号商铺","phone":"电话:13888781375"},{"name":"YOYO电竞馆(云纺店)","address":"永昌小区云兴路99号一楼","phone":""},{"name":"星兴电竞","address":"彩云北路新亚洲体育城星耀广场5楼025号商铺","phone":"电话:17787277092"},{"name":"至善电竞","address":"云南省昆明市安宁市云锡奥城sv栋负2楼5号商铺","phone":"电话:15108883343"},{"name":"驿站电竞(火车站店)","address":"永平路3号新光世纪城3楼","phone":"电话:18313851843"},{"name":"雷斯特网吧","address":"人民西路124号华思宾馆2层","phone":"电话:0871-65395883"},{"name":"空岛网吧","address":"航远路空港佳苑1栋2楼","phone":"电话:18388232223"},{"name":"海特电竞","address":"东寺街82号新港花园二楼","phone":"电话:0871-65510643/13708480278"},{"name":"K·Two电竞生活馆(云纺店)","address":"金帝富士大厦2楼(玉道采耳楼下)","phone":"电话:18388840403"},{"name":"方牛电竞馆","address":"昌源中路28号2楼","phone":"电话:19988465285"},{"name":"云顶竞地电竞馆(云纺国际商厦购物中心店)","address":"海埂路云纺国际商厦购物中心A座11楼","phone":"电话:0871-67266044"},{"name":"星宇恋电竞网咖","address":"福海街道柳苑路50号","phone":""},{"name":"翰艺电竞(涌鑫哈佛店)","address":"涌鑫哈佛8栋二层","phone":"电话:17787292229"},{"name":"S+电竞馆","address":"昆明市五华区-滇缅大道2743号7栋3号商铺","phone":"电话:16608800870/19187158923"},{"name":"乐众网咖·电竞馆","address":"吴井路天城园林居6栋20号附2号","phone":"电话:15812095369"},{"name":"皇庭网吧","address":"昆州路医药物流中心4栋1号","phone":""},{"name":"漂流瓶网吧","address":"灵光街10号附1号（穿心鼓楼地铁站B口步行430米）","phone":"电话:18087053573"},{"name":"云树电竞网咖","address":"长水航城云翎苑3-s5-4号（长航超市楼上）","phone":"电话:13888323393"},{"name":"方圆电竞","address":"三合村幸福里小区北区2楼2-9号商铺","phone":"电话:15887273071"},{"name":"兴昕网吧","address":"盈江路55号附3-5号","phone":"电话:0871-65148728"},{"name":"全成·外星人电竞馆","address":"云南省昆明市官渡区永中路与吉祥中路交叉口春城时光花园11-2号地块12幢3层303、304、305号","phone":"电话:13808710673/13888893433"},{"name":"战龙网吧","address":"小石坝102号","phone":"电话:18088440340"},{"name":"糖潮电竞(海乐店)","address":"永中路云青花园A2区ZT-2F-8、9、10、11、17A号","phone":"电话:18187529092"},{"name":"花狸电竞(润城店)","address":"润城二区D-208号商铺","phone":"电话:13700681271"},{"name":"全成电竞·俊夷店","address":"双桥路鸿城花园A座二楼","phone":"电话:13318843351"},{"name":"志远电竞(假日店)","address":"海源中路假日城市小区d区3楼","phone":"电话:13888539624"},{"name":"黑豹电竞(金星店)","address":"云南省昆明市盘龙区万宏路342号","phone":"电话:087163630004"},{"name":"隔壁电竞·昆仑店","address":"新闻路331号二楼201号","phone":"电话:19387133413"},{"name":"志远电竞(西苑店)","address":"丽苑路117号","phone":"电话:13354643626"},{"name":"德芳网吧","address":"船房新村十社26号","phone":"电话:18887137826"},{"name":"网鱼网咖·电竞(昆明火车站店)","address":"永平路11号（三元宾馆二楼）","phone":"电话:13312541713"},{"name":"休闲·云电竞","address":"龙泉路云大教工小区商场一层","phone":"电话:0871-68225518"},{"name":"网鱼网咖·电竞(昆明华都花园店)","address":"滇池度假区夏意雅园三期12幢12-3,12-4号商铺","phone":"电话:15288384084"},{"name":"馨瑞网吧","address":"沪瑞线IU酒店2楼","phone":"电话:13548320111"},{"name":"致酷电竞","address":"云南省昆明市西山区福海街道益家人超市(船房老村店)附近38米","phone":"电话:18388027080"},{"name":"全成电竞(和平路店)","address":"和平路44号","phone":"电话:15758560024"},{"name":"网鱼电竞(昆明官渡世纪金源店)","address":"世纪金源购物中心下沉广场负一楼益禾堂旁边","phone":"电话:13608819664"},{"name":"驿站电竞(网成新迎店)","address":"云南省昆明市盘龙区新迎小区田园路新宁巷6号2楼","phone":"电话:18087100382"},{"name":"果本电竞(斗南店)","address":"昆明市呈贡区瑞香西街斗南花卉市场","phone":"电话:19988586772"},{"name":"竞杰电竞(迪荡店)","address":"云南省昆明市官渡区矣六街道俊发新螺蛳湾国际商贸城精品区-13栋1楼商铺101、102、103、104、105室","phone":""},{"name":"云电竞","address":"昆明市呈贡区彩云南路实力心城","phone":"电话:18645186796"},{"name":"易心电竞(金祥店)","address":"联盟街道灵光街44号（穿心鼓楼地铁站A口步行350米）","phone":"电话:15288184706"},{"name":"谷泰电竞网咖(静怡店)","address":"滇缅大道2651号","phone":"电话:16608800870"},{"name":"全成电竞·旗舰店","address":"人民西路保利中心1-108A号","phone":"电话:13658898876"},{"name":"元宇电竞(晋城店)","address":"云南省昆明市晋宁区晋东路95号二楼","phone":"电话:0871-67803667"},{"name":"网鱼网咖·电竞(昆明呈贡大学城新天地店)","address":"雨花毓秀小区商业广场206号","phone":"电话:19887135957"},{"name":"K·Two电竞馆·卓威(万宏体验店)","address":"万宏路社区居委会万宏嘉园2栋2层","phone":"电话:19988458794"},{"name":"苍宇电竞桌球俱乐部","address":"天文台路大华时光园S9-107、111号商铺","phone":"电话:18987881644"},{"name":"糖果电竞特权网咖","address":"云南省昆明市西山区西福路金岸春天28栋5号","phone":""},{"name":"星兴电竞","address":"昆明市官渡区广福路邦盛广场7栋3楼","phone":"电话:15912878992"},{"name":"K·Two电竞馆(瑞鼎城购物公园店)","address":"东华石闸路瑞鼎城爱琴海购物公园B馆3楼F3066号","phone":"电话:18187515178"},{"name":"网鱼网咖·电竞(昆明五华金鹰店)","address":"青年路418号金鹰购物广场A座4楼","phone":"电话:18087767228"},{"name":"谷泰电竞网咖(北站店)","address":"北京路312号2层商场","phone":"电话:18087117425"},{"name":"帝豪电竞","address":"小麻村鹏程春天花园1栋","phone":"电话:18314165998"},{"name":"糖潮电竞","address":"昆明市呈贡区致远路第七街区","phone":""},{"name":"竞杰电竞(汇洋店)","address":"云南省昆明市官渡区罗衙社区恒大玖珑湾小区19号楼1-2层113、114、115号","phone":"电话:18087129239"},{"name":"酷酷娱乐(网咖电竞台球棋牌)","address":"鑫都韵城","phone":"电话:18988078005"},{"name":"万游通电竞","address":"云南省昆明市盘龙区白龙路85号","phone":"电话:13208896515"},{"name":"魅力电竞(斗鱼店)","address":"云南省昆明市五华区学府路754号","phone":""},{"name":"IM电竞综合体","address":"永中路与广福路交叉口海乐荟三座裙楼三层","phone":"电话:13759485487"},{"name":"绝版电竞(真速店)","address":"寺瓦路小黄土坡村23号","phone":"电话:13888191255/18987869729"},{"name":"彩虹宇网吧","address":"南院路世纪龙苑9-2幢4号商铺","phone":"电话:13887477886"},{"name":"全成电竞·光度店(白马店)","address":"白马小区东碧组团2层铺面","phone":"电话:0871-63332522"},{"name":"智游电竞","address":"罗丈村综合市场1栋2号二楼","phone":"电话:17387843991"},{"name":"亮吉网吧","address":"环港南路与320国道交叉口东南200米","phone":"电话:13668700802"},{"name":"SEVEN电竞馆","address":"昆明市呈贡区招商翰林大观二期4栋201号、209号室","phone":"电话:18082765866"},{"name":"臣鼎网吧","address":"龙翔路71号","phone":"电话:18213000772"},{"name":"一路行空网城","address":"商院路龙院村三组商铺一栋二楼","phone":"电话:18388576276"},{"name":"竞雄网咖·西门电竞中心","address":"珥季路小板桥社区居委会第一居民小组2层","phone":""},{"name":"魅力电竞(赛驰店)","address":"广博路航空艺术港小区B区39栋102-105号","phone":"电话:18182149500"},{"name":"哈楼电竞","address":"新亚洲体育城星天地商业广场S10栋负一层C2室","phone":"电话:18288699756"},{"name":"佳点电竞馆","address":"邦力酒店","phone":""},{"name":"银河电竞(云南大学店)","address":"前卫营小区1号商铺（云南民族大学5号门对面）","phone":"电话:13987609527"},{"name":"网鱼网咖·电竞(昆明云大店)","address":"圆通北路121号佰腾数码广场A座1F-168室","phone":"电话:17787288913"},{"name":"真速网吧","address":"寺瓦路小黄土坡村23号","phone":"电话:13888191255"},{"name":"NX电竞","address":"云南省昆明市官渡区春城路125号","phone":"电话:18313875703"},{"name":"飞运达网络","address":"阳光北路与日新西路中段交叉口河边年轮菜馆旁（昕苑阳光花园西南）","phone":"电话:15925160679"},{"name":"金圆电竞(佰腾数码广场昆明店B座店)","address":"圆通北路佰腾数码广场B座","phone":"电话:18788444606"},{"name":"蓝猫电竞(致远路店)","address":"昆明市致远路博鼎上城6幢9层923号","phone":"电话:18313810135"},{"name":"广益网吧","address":"船房新村九社64号二楼","phone":"电话:15288308683"},{"name":"壹连网吧","address":"经开区昆船工业区8栋3号商铺","phone":"电话:13888616998"},{"name":"YOYO悠悠电竞(云纺店)","address":"永昌小区云兴路99号一楼","phone":""},{"name":"栋梁网吧","address":"金马街道金马路凉亭村公交车站旁（玖昌招待所隔壁）","phone":"电话:15808715775/18088314010"},{"name":"新天龙网吧","address":"官渡镇官渡街道办事处西庄社区六谷村609号","phone":"电话:13320502436"},{"name":"祥源网吧","address":"土桥村119号","phone":"电话:18987875493"},{"name":"曼巴网咖电竞酒店","address":"云南省昆明市盘龙区龙华路97号","phone":"电话:13099961341"},{"name":"暴风雪电竞(实力心城店)","address":"昆明市呈贡区彩云南路实力心城","phone":"电话:18213817241"},{"name":"穿天宇电竞","address":"黑林铺海屯路龙院五组新村一号二层","phone":"电话:18183647165"},{"name":"糖潮电竞(大学城A馆)","address":"云南省昆明市呈贡区毓秀路雨花毓秀小区商业广场负一层8号商铺","phone":"电话:13527442334"},{"name":"奥益网咖","address":"官南大道大润发商业广场3号写字楼105-106室","phone":""},{"name":"海王电竞网咖","address":"白云路芝麻街白云商场3楼1、2、3号","phone":"电话:15887872819"},{"name":"凯凯网吧","address":"滇缅大道2621号海源商业大厦2楼","phone":"电话:13099930103"},{"name":"行运网城(万隆达店)","address":"福海街道办事处船房村1154号2楼（滇池世界花苑对面）","phone":"电话:18887137826"},{"name":"全成电竞瀚海店","address":"昆明市官渡区小板桥街道办事处广福路与金源大道交汇处春商业201至206号","phone":"电话:13619618129"},{"name":"AA国际动漫(新知书城店)","address":"昆师路1号百汇商业广场三楼新知图书城里","phone":"电话:0871-65099602"},{"name":"休闲网城(龙泉路店)","address":"龙泉路286号双马综合楼3楼","phone":"电话:0871-65197802"},{"name":"华建网咖网柜店","address":"永安路120号友联宾馆二楼","phone":"电话:0871-63333152"},{"name":"骇客码头(柏联广场店)","address":"三市街6号柏联广场5层508室","phone":"电话:0871-67335449"},{"name":"网鱼网咖·电竞(昆明白云路店)","address":"白云路470号金色年华B栋二楼","phone":"电话:18088328088"},{"name":"K·Two电竞馆(云时代店)","address":"科普路联想科技城二期7栋三层A1234室","phone":"电话:18388840403"},{"name":"要塞时空网吧(北辰店)","address":"北辰小区茶花苑商业步行街B段5号","phone":"电话:14787810071"},{"name":"堂口网咖(昆明旗舰店)","address":"宝善街68号祥云美食城3楼","phone":"电话:13312673852"},{"name":"辉月电竞","address":"前卫街道润城第三大道一期A栋101号-107号","phone":""},{"name":"纯度网咖","address":"环城东路430号（岔街地铁站C口步行390米)","phone":"电话:18987957728"},{"name":"超级星座家庭娱乐中心(METOWN店)","address":"白塔路399号METOWN购物中心三楼","phone":"电话:15911720541"},{"name":"KM·Square昆明街区","address":"彩云北路星耀广场3楼A010-012号","phone":"电话:17787840027"},{"name":"西门网络莱莱网网","address":"关上街道宏德村228号","phone":"电话:18213915695"},{"name":"YOYO悠悠电竞馆(火车北站店)","address":"北京路312号2层","phone":"电话:18087117425"},{"name":"蓝宇电竞网咖(新迎店)","address":"新迎路69号","phone":"电话:15911522776"},{"name":"星火游戏广场(福缇邻里中心店)","address":"青云街道办事处县华社区居委会郭家凹福缇岛小区9幢2层A204号","phone":""},{"name":"驿站电竞(聚诚新迎店)","address":"新迎路10号附1号","phone":"电话:18487351687"},{"name":"夜空神话网吧(小板桥店)","address":"东廊新村32-33号","phone":"电话:18213530131"},{"name":"ZMOD魅力电竞馆(呈贡吾悦店)","address":"洛龙街道彩云中路吾悦广场4楼","phone":"电话:18313822386"},{"name":"谷泰电竞网咖(青年路店)","address":"青年路52-53号(经贸宾馆路口)","phone":"电话:13888976992"},{"name":"天耀网咖(大渔路店)","address":"马街南路55号(大渔路地铁站B口步行70米)","phone":"电话:13608716220"},{"name":"荣发网吧","address":"盘龙路7号","phone":""},{"name":"中舫网吧(润通店)","address":"新广丰批发市场竹园村","phone":"电话:18788506049"},{"name":"电竞馆","address":"昆明市官渡区镇中街康宝幼儿园西北侧约110米","phone":""},{"name":"犀牛电竞科技有限公司(金实店)","address":"金实小区金庄路19号","phone":"电话:18087322881"},{"name":"吾域电竞(启城店)","address":"昆明市东原启城A1地块15号楼S305、S306、S307、S308号商铺","phone":""},{"name":"昆明顺游网吧","address":"洛羊街道小洛羊社区100号","phone":"电话:15398652193"},{"name":"花狸电竞(极速店)","address":"昆明市官渡区世纪银都风情街官渡古镇花鸟市场","phone":""},{"name":"润洛电竞","address":"昆明市官渡区精品街螺蛳湾国际商贸城精品1区","phone":""},{"name":"华硕电竞特工(圆通北路店)","address":"云南省昆明市五华区华山街道圆通北路46号","phone":"电话:13888972063"},{"name":"华建电竞生活馆(建工新城店)","address":"云南省昆明市呈贡区洛羊街道建工新城商务楼5号楼","phone":"电话:19969131932"},{"name":"昆明雪人电竞","address":"云南省昆明市呈贡区洛羊街道果林广场","phone":""},{"name":"瑞泽电竞","address":"云南省昆明市西山区安康路104号","phone":"电话:18213456876"},{"name":"谷泰电竞网咖(教场中路店)","address":"云南省昆明市五华区教场中路294号","phone":"电话:13238665725"},{"name":"三人行电竞馆(金格百货时光店)","address":"盘龙区北京路985号金格百货F1","phone":""},{"name":"竞杰电竞馆(沐泽店)","address":"东旭骏城13EB幢3楼101号商铺","phone":""},{"name":"momo电竞馆","address":"昆明市白龙寺村305号","phone":""},{"name":"集潮时光(奥斯迪购物广场店)","address":"万宏路14号","phone":"电话:18064800661"}]