[{"name":"乾坤电竞·硬石网咖(医学院店)","address":"黄河北大街130-16-22号","phone":"电话:13840534888"},{"name":"拉菲网吧","address":"大什字街134号1-3门","phone":"电话:15609811156"},{"name":"易酷电竞","address":"辽宁省沈阳市铁西区艳粉街53号12门","phone":"电话:13998139333"},{"name":"乾坤电竞·博众店","address":"长江北街6号网点2","phone":"电话:13840485627"},{"name":"畅通电竞(鸭绿江街店)","address":"辽宁省沈阳市皇姑区鸭绿江街61号8门","phone":"电话:13654903655/13700020887"},{"name":"小布电竞·璐璐店","address":"长安路49号","phone":"电话:13082436102/13840567432"},{"name":"启橙电竞(三台子店)","address":"黄河北大街29-18号(12门)","phone":"电话:17740031508"},{"name":"超电竞","address":"中山路318号甲","phone":"电话:15309899072"},{"name":"乾坤电竞(松山西路店)","address":"北固山路20-12-2","phone":"电话:13390240427"},{"name":"小二电竞(淘乐新天地商业广场店)","address":"沈阳市沈北新区蒲昌路22号淘乐新天地商业广场底商淘乐新天地商业广场F2","phone":"电话:15140035469"},{"name":"嘉棋电竞(长白店)","address":"长白北路330号11门","phone":"电话:15998100504"},{"name":"任逍遥网吧(鑫隆店)","address":"北六经街6号甲12-1号","phone":"电话:18624069892"},{"name":"哈游电竞网咖","address":"长白南路296号甲1号","phone":"电话:13664160661"},{"name":"蓝鲸电竞(塔湾飞雅店)","address":"辽宁省沈阳市皇姑区昆山西路150号8门","phone":"电话:18540195742"},{"name":"嘉棋电竞(合作街店)","address":"北海街31号","phone":"电话:18302445130"},{"name":"嘉跃电竞(蒲河路店)","address":"蒲河路55-63号（7门）","phone":"电话:18602465389"},{"name":"嘉棋电竞(北站店)","address":"惠工街212号德郡7号","phone":""},{"name":"森美电竞馆","address":"柳林二街24号","phone":"电话:18640356346"},{"name":"格子电竞","address":"文萃路与青年大街西120米","phone":"电话:17602454583"},{"name":"米兰电竞","address":"鸭绿江西街26号1门","phone":"电话:13940428036"},{"name":"蓝鲸电竞(第一城店)","address":"北四西路4甲6","phone":"电话:13019323826"},{"name":"伊媚电竞","address":"十三纬路140号","phone":"电话:13082497825"},{"name":"星回电竞","address":"月星国际城（双深路北）","phone":"电话:15566149230/18740022930"},{"name":"帝成电竞馆","address":"南塔街与南塔街80巷交叉口北40米","phone":"电话:18704069997/18802439991"},{"name":"睿锋电竞·腾讯电竞体验馆(云峰街店)","address":"云峰北街34-1","phone":"电话:13322406168"},{"name":"小布电竞·兴鹏网吧(兴工街店)","address":"兴工南街36号5门","phone":"电话:13940366468"},{"name":"恒隆电竞(大南街店)","address":"大南街303号","phone":""},{"name":"天天向上电竞(白塔店)","address":"全运路420-1号5门","phone":"电话:18002466128"},{"name":"小雨电竞","address":"文萃路179号","phone":"电话:13234011120"},{"name":"蓝鲨电竞馆","address":"蒲河路医大熙街二楼2041","phone":"电话:13909816155"},{"name":"蓝鲸电竞(长江北街店)","address":"辽宁省沈阳市于洪区长江北街51-甲号","phone":"电话:13080839657"},{"name":"燃电竞","address":"长江街56号2楼（皇姑副食商场旁）","phone":"电话:13080866910"},{"name":"ZG电竞馆(添瀛店)","address":"汪河路19-7-8号商铺","phone":"电话:13591467893"},{"name":"杰森电竞(东大店)","address":"文体西路21号甲6","phone":"电话:13390574180"},{"name":"星云电竞馆","address":"沈阳市沈河区南北快速干道十字里小区东南侧约90米","phone":""},{"name":"绿云电竞","address":"南七中路6乙号","phone":"电话:15040125407/15104042179"},{"name":"腾越网吧电竞馆","address":"牡丹街85号","phone":"电话:15640012341"},{"name":"沈阳领动电竞","address":"长白北路与长白二街交叉口东50米路北","phone":""},{"name":"网鱼网咖·电竞(上亿广场店)","address":"沈阳市浑南区沈营大街587号上亿广场3楼(乘坐炫麦KTV电梯至三楼)","phone":"电话:19997828908"},{"name":"杰森电竞(燕塞湖店)","address":"沈阳市经济技术开发区燕塞湖街10-6号(7门)","phone":"电话:17624012331"},{"name":"锦鲤电竞","address":"辽宁省沈阳市铁西区艳粉街道艳华街2号2门","phone":"电话:17740015448"},{"name":"幻影电竞网咖管(远大花园店)","address":"沈辽西路122-32号远大花园北门","phone":"电话:13134203856"},{"name":"道森电竞","address":"开发二十一号路13-1号5门","phone":"电话:13889147572"},{"name":"零点网咖(金杯店)","address":"中华路太原街57号金杯商务酒店3楼","phone":"电话:024-23863066"},{"name":"繁花电竞馆(大北店)","address":"大北街44号","phone":""},{"name":"鲸宸电竞(红羽店)","address":"宁工街十马路南十东路8-1号","phone":"电话:13342480167"},{"name":"嗨熊电竞4F","address":"翟家街道中央南大街康姆士游泳健身4楼","phone":""},{"name":"超级玩家电竞(云峰店)","address":"沈阳市铁西区-云峰北街25号","phone":""},{"name":"乾坤电竞(鑫隆店)","address":"赤山路16号-4门","phone":""},{"name":"乾坤电竞网咖(职业学院店)","address":"辽宁省沈阳市大东区柳林二街22-5号1门","phone":""},{"name":"首语网吧电竞","address":"恒山路24号2门（长江街地铁站C口步行190米）","phone":"电话:18602457775"},{"name":"天赐电竞馆","address":"辽宁省沈阳市铁西区中央大街30-13-1门","phone":""},{"name":"利民电竞","address":"沈阳市大东区瑞光巷居易新青年","phone":""},{"name":"网鱼网咖·电竞(沈河春河里店)","address":"文艺路18号万科春河里17号楼B1室","phone":"电话:17609812080"},{"name":"网鱼网咖·电竞(铁西翡翠之光店)","address":"齐贤北街23甲-2号3门","phone":"电话:13390155662/17640304701"},{"name":"ZG电竞馆(鼎盛店)","address":"怒江北街32号二门二层东辉生鲜超市旁","phone":"电话:15140263687"},{"name":"兮呐家的电竞(上亿广场店)","address":"沈营大街587号上亿广场F1层","phone":""},{"name":"乐游网吧(电竞)","address":"辽宁省沈阳市沈北新区人和街126-10号","phone":"电话:18698850578"},{"name":"电竞网咖(文体西路店)","address":"辽宁省沈阳市和平区南湖街道文体西路23号-1","phone":""},{"name":"沈阳市鼎盛电竞网咖网吧(红田美林居店)","address":"辽宁省沈阳市于洪区怒江北街32号(2门)二层、怒江北街30号(1门)二层","phone":""},{"name":"杰森电竞(工程学院店)","address":"辽宁省沈阳市沈北新区蒲昌路15-1号(9门)","phone":"电话:17741771079"},{"name":"杰森电竞(中街吾悦广场店)","address":"沈阳市大东区大什字街225号","phone":"电话:15142009658"},{"name":"网鱼网咖·电竞(铁西南六西路店)","address":"辽宁省沈阳市铁西区南六西路54号","phone":"电话:15940582250"},{"name":"魔王电竞","address":"辽宁省沈阳市和平区太原街街道太原街商圈同泽南街20号","phone":"电话:17640252548"},{"name":"杰森电竞(三好街店)","address":"辽宁省沈阳市和平区南湖街道文翠路4-9号","phone":"电话:18041353766"},{"name":"喜爆电竞","address":"沈阳市延边街33号","phone":""},{"name":"鸿鹄网吧","address":"沈大路珍珠巷8-18号门号","phone":"电话:18524425946"},{"name":"超电竞(淮河接店)","address":"辽宁省沈阳市皇姑区舍利塔街道风华时代","phone":"电话:18940205461"},{"name":"繁花电竞(时代超人店)","address":"辽宁省沈阳市大东区津桥街道大什字街58","phone":""},{"name":"ZG电竞馆(盛世益缘店)","address":"黄海路20-1号五门（于洪广场）","phone":"电话:13604217093/13998276292"},{"name":"杰森电竞(盎羽店)","address":"造化街道西江街203号","phone":"电话:18143435682"},{"name":"嘉棋电竞(淮河店)","address":"辽宁省沈阳市皇姑区淮河南街11号13门","phone":"电话:17640174455"},{"name":"网鱼网咖·电竞(皇姑淮河街店)","address":"淮河南街4-3号（皇姑屯站地铁站D口步行170米）","phone":"电话:13234013988"},{"name":"网鱼网咖·电竞(皇姑塔湾店)","address":"崇山西路49号","phone":"电话:18524240197"},{"name":"启橙电竞(松山西路店)","address":"北固山路18-11号5门","phone":"电话:17642007591"},{"name":"电竞王者","address":"沈阳市铁西区南十三路万达广场-A组团","phone":""},{"name":"杰森电竞(华苑商场海棠街店)","address":"海棠街39号华苑商场","phone":"电话:13125419669"},{"name":"正祥网咖","address":"德增街3号（德增小区沿街商铺）","phone":"电话:15840195776"},{"name":"智慧网吧(东北大马路店)","address":"东北大马路365号2层","phone":"电话:13504976088"},{"name":"龙骑士网咖(建筑大学店)","address":"文华街3-7号12门","phone":"电话:15940015710"},{"name":"启橙电竞(世纪大厦店)","address":"沈阳市浑南区新隆街万科明天广场","phone":"电话:15504052900"},{"name":"趣玩电竞馆","address":"五里河街10号","phone":""},{"name":"网娱电竞·嘉旭店","address":"文大路343-12号甲2门保利溪湖林语四期东门","phone":"电话:13390122095"},{"name":"时代超人网吧(大什字街店)","address":"大什字街60号","phone":"电话:18202403148"},{"name":"网鱼网咖·电竞(沈河北中街店)","address":"辽宁省沈阳市沈河区北中街路136号","phone":"电话:13840109356"},{"name":"小布电竞·沐泊旗舰店","address":"沈营路15-4号-13门","phone":"电话:18640189220"},{"name":"小布电竞(北站店)","address":"惠工街81号1-3层8-12室","phone":"电话:18940048936"},{"name":"乔氏桌球电竞网咖","address":"沈阳市和平区盘锦路北市社区","phone":""},{"name":"金豹儿网吧","address":"肇工南街36号","phone":"电话:15524278888"},{"name":"嘉棋电竞(沈阳站店)","address":"中山路2号","phone":"电话:18602441907"},{"name":"嘉棋电竞(市府恒隆店)","address":"中山路318号甲1号","phone":"电话:15524431442/15841749540"},{"name":"青春年华电竞","address":"令闻街33号","phone":"电话:15998235011"},{"name":"01电竞","address":"沈阳市沈北新区蒲昌路雨润中央宫园","phone":""},{"name":"嘉棋电竞(浑南店)","address":"天坛南街5-10号1门（居然之家后身）","phone":"电话:15084283666"},{"name":"国王电竞(东纬路店)","address":"辽宁省沈阳市沈河区东纬路25号（东纬路25号）","phone":"电话:15940519951"},{"name":"新梦友电竞(沈铁路店)","address":"沈铁路35号","phone":"电话:13134231185"},{"name":"电竞网咖","address":"沈阳市皇姑区珠江街鲲鹏小区东区","phone":""},{"name":"网鱼网咖·电竞(铁西百货店)","address":"辽宁省沈阳市铁西区南七中路6号3门4门","phone":"电话:15309856198"},{"name":"惠友任逍遥网吧","address":"山东堡路27号","phone":"电话:13889815052"},{"name":"博程网咖五爱店","address":"风雨坛街54号","phone":"电话:17602423918"},{"name":"鼎鼎电竞馆","address":"海棠街118号南9门","phone":"电话:024-66991008"},{"name":"宇博电竞","address":"辽宁省沈阳市大东区联合路电台东巷1-1号楼","phone":"电话:18540144365"},{"name":"海阔天空网吧","address":"奉天街69号71甲","phone":"电话:13840016069"},{"name":"天奇网吧(胜利北街店)","address":"民族北街15号","phone":"电话:13842037772"},{"name":"小布电竞(沈辽路店)","address":"兴华南街58-21号35门","phone":"电话:15940560068"},{"name":"大象网咖","address":"滨河街道小南街165号(潭阳烧烤斜对面)","phone":"电话:15504057803"},{"name":"杰森电竞(浑南亿丰店)","address":"天成街1-4-1号","phone":"电话:18540143369"},{"name":"英勇联盟星际电竞馆(巴山路店)","address":"巴山路77号","phone":"电话:17302496670"},{"name":"双鱼网咖(浑南奥莱店)","address":"富腾国际B座1-140二楼（近浑南奥体中心,近盛京大奥莱）","phone":""},{"name":"嘉棋电竞(南市场店)","address":"辽宁省沈阳市和平区南五经街1号2楼","phone":"电话:15140093010"},{"name":"圣汇电竞(方家栏店)","address":"方明街17号","phone":"电话:13332406268"},{"name":"嘉棋电竞(鸭绿江店)","address":"鸭绿江街41-1号","phone":"电话:15040201347/18642013226"},{"name":"百人网吧","address":"合作街65-1号(合作街地铁站D口步行230米)","phone":""},{"name":"大漠电竞馆","address":"蒲昌路22号(2096)门","phone":""},{"name":"电竞(盛京大奥莱b座店)","address":"辽宁省沈阳市浑南区营盘北街5号盛京大奥莱(沈阳奥体店)底商F1","phone":"电话:17696627278"},{"name":"后海网吧","address":"桂花街164号11.12门","phone":"电话:13840264460"},{"name":"杰森电竞·电竞酒店(浑南奥莱店)","address":"沈阳市浑南三路1-3号","phone":"电话:18904016593"},{"name":"星烁网吧","address":"营城子大街189号雍华御景20号附7号","phone":"电话:13042416092"},{"name":"赛科电竞馆(艳粉新村店)","address":"艳粉街55号10-11门(滑翔地铁站B口步行440米)","phone":""},{"name":"雨滴电竞","address":"宁省沈阳市和平区胜利北路55号","phone":"电话:024-31128554"},{"name":"龙骑士电竞馆(樱子店)","address":"辽宁省沈阳市铁西区保工南街71号11门","phone":"电话:15604004402"},{"name":"小布电竞(尊阳店)","address":"辽宁省沈阳市沈河区文萃路185甲9门","phone":"电话:13314223477"},{"name":"天利网咖","address":"十一纬路10号甲","phone":"电话:024-82634985/18642059170"},{"name":"博程电竞(铁西店)","address":"霁虹街道兴华北街5-3号(2门)","phone":""},{"name":"梓一网吧","address":"沈铁路35号沈铁路与明堂街交叉口旁","phone":"电话:15140222765"},{"name":"君临网吧","address":"昆山西路与广业西路交叉口东260米","phone":"电话:13654141136"},{"name":"蓝鲸电竞(强工二街店)","address":"强工二街23号","phone":"电话:18940137984"},{"name":"凯乐网吧","address":"重工北街58甲3号1门","phone":"电话:15840555978"},{"name":"轻奢电竞","address":"沈阳市沈北新区道义南大街如家商旅酒店(沈阳辽宁大学地铁站店)","phone":""},{"name":"卓越棋牌","address":"正义路15号13门","phone":"电话:13897982407"},{"name":"铭越网吧","address":"胡台镇中心路133号","phone":"电话:15541558088"},{"name":"杰森电竞(卓威MAX店)","address":"北二马路太原街交口","phone":"电话:15040266567"},{"name":"小布电竞(大南店)","address":"大南街与乐郊路交叉口南80米","phone":"电话:13897980366"},{"name":"沈阳市胜汇电竞","address":"经济技术开发区沈辽西路107-1号2门","phone":""},{"name":"小布电竞(吉祥店)","address":"洮昌街1号2室","phone":"电话:17640056562"},{"name":"Tt电竞馆","address":"沈阳市和平区新龙逸家园1号楼4号门市","phone":""},{"name":"嘉棋电竞(如家酒店)","address":"辽宁省沈阳市铁西区兴顺街六马路友谊斜对面","phone":""},{"name":"绵鲤电竞","address":"沈阳市铁西区艳华街昊辰苑","phone":""},{"name":"大白鲨电竞","address":"辽宁省沈阳市沈北新区道义街道惠生新城","phone":""}]