[{"name":"玩家基地电竞馆(五矿尊城店)","address":"九华步步高大道五矿尊城盘龙山酒店二楼","phone":"电话:15616731517"},{"name":"一号电竞","address":"新杉世纪广场-1栋-2单元","phone":""},{"name":"完美电竞竞技馆","address":"湖南省湘潭市湘潭县贵竹中路与云龙东路交叉口北80米","phone":"电话:15200388886"},{"name":"宝域电竞网咖(科大店)","address":"江南大道南段九华大新安置区门口","phone":"电话:13467420258"},{"name":"极速上网电竞","address":"湘潭市岳塘区纱厂正街多伦","phone":""},{"name":"战神网咖(工贸店)","address":"工贸新区桑梅路金海市场","phone":"电话:0731-56977388"},{"name":"潘多拉电竞","address":"纱厂正街湘纺小学西南侧约60米","phone":"电话:19330212507"},{"name":"江灵网吧","address":"湘潭大学金翰林服务公司2层13-16号门面（雪亮眼镜隔壁）","phone":"电话:15773292499"},{"name":"头号玩家·FPS电竞馆","address":"熙春路115号","phone":"电话:15683406876"},{"name":"烈火电竞网咖(众一国际店)","address":"双马街道众一国际A栋","phone":""},{"name":"潘多拉网咖(金鹰商贸大厦店)","address":"解放南路133号（金鹰商贸大厦二楼）","phone":"电话:18173230038"},{"name":"双鱼网咖(下摄司店)","address":"下摄司街399号","phone":"电话:19313210803"},{"name":"潮集电竞馆","address":"双拥路14号都市莲花5A栋4楼","phone":"电话:19310222657"},{"name":"阿格莱亚电竞中心(双鱼网咖万达店)","address":"岳塘区湖南省湘潭市高新区双马街道湘潭大道281号万达商业广场主-2F-02-B号","phone":""},{"name":"潘多拉电竞(岚园店)","address":"岚园路4号4层4001号","phone":"电话:19173282525"},{"name":"聚沙网咖(天易财富广场店)","address":"中特青年公寓3层","phone":"电话:13786200800"},{"name":"双鱼电竞馆(汽车城店)","address":"河东大道168号湖南三鑫国际汽车文化广场1栋0201002号门面","phone":"电话:16617325839"},{"name":"潘多拉电竞(基建营店)","address":"华商生活广场五楼","phone":"电话:18975221353"},{"name":"博克电竞馆(九华杉山店)","address":"吉利西路9号迎吉小区综合服务楼020102号","phone":"电话:19973270103"},{"name":"博克电竞馆·棋牌室(柏丽广场店)","address":"柏丽大厦3楼","phone":"电话:0731-55566698"},{"name":"博克电竞(金铃大厦店)","address":"大鹏中路418号金铃大厦3楼","phone":"电话:19313210070"},{"name":"融城电竞","address":"湘潭市湘潭县银杏南路融城大厦","phone":""},{"name":"双鱼电竞(红旗店)","address":"步步高大道2号金九大厦2号楼003号","phone":"电话:16617325889/17773238988"},{"name":"幻影电竞(南盘岭店)","address":"韶山西路286号附4号2号楼整层","phone":""},{"name":"一帆电竞","address":"九华春天里1栋2层","phone":"电话:17373288389"},{"name":"源宇宙电竞","address":"天易国际(天易大道北)","phone":"电话:0731-52821688"},{"name":"博克电竞馆(友谊店)","address":"下摄司街道电工路1号华雅花园A1栋综合楼A区2层A1栋-2102号","phone":""},{"name":"TOP顶点电竞(科大店)","address":"湖南省湘潭市九华经开区大新村建新组","phone":""},{"name":"天下英雄网吧(金荣广场店)","address":"熙春路金荣广场西维咖啡一楼","phone":"电话:13975267379"},{"name":"双鱼网咖(农贸店)","address":"芙蓉路43号一单元3层0301001号","phone":"电话:17752800678"},{"name":"双鱼网咖(广电店)","address":"湖湘西路1号天元尚玲珑小区A栋（政务中心后巷）","phone":"电话:0731-55555068"},{"name":"Top顶点电竞(湘大店)","address":"湘潭市雨湖区-北二环路湘大金翰林教育服务有限公司16号2楼","phone":"电话:15273219389"},{"name":"勇网直前网咖","address":"裕锦路裕丰新城国际商住二C-203A商铺","phone":"电话:18670906780"},{"name":"双鱼网咖(友谊店)","address":"书院路26号湘电友谊一号综合楼15栋2层F203-1、F203-2号","phone":"电话:0731-55555076"},{"name":"天籁网咖(尊荣店)","address":"宝庆路1号","phone":"电话:13975249318"},{"name":"双鱼网咖(爱上店)","address":"建设北路同乐主题酒店一楼（爱尚网咖水吧旁）","phone":"电话:15197295997"},{"name":"战火网城(下摄司店)","address":"下摄司街368号二楼","phone":"电话:19907322088"},{"name":"新园网吧(岳塘路店)","address":"岳塘路158号2层","phone":"电话:13467903148"},{"name":"独尊网吧旗舰店","address":"吉安路118号","phone":""},{"name":"上机堂电竞馆(九华分店)","address":"北二环路步步高新天地商业街3F层东A3101号铺面","phone":"电话:17680580336"},{"name":"双鱼网咖(韶西店)","address":"解放南路海水产肉禽蛋市场2楼","phone":"电话:0731-55555612"},{"name":"魔方电竞(欣益家购物广场店)","address":"和平街道欣益家购物广场(新杉世纪广场店)","phone":"电话:18670209768"},{"name":"印象网咖(书院西路店)","address":"建设南路湘电·友谊1号附近","phone":""},{"name":"时尚网咖(红易路店)","address":"株易路长株潭大市场","phone":"电话:19373261230"},{"name":"美玩电竞馆(书院中路店)","address":"湖南省湘潭市岳塘区电工北路1号","phone":"电话:19330207958"},{"name":"湖工网吧","address":"渔场巷东湖安置小区东侧70米（菜鸟驿站旁）","phone":"电话:18873243938"},{"name":"绿亿网咖","address":"麒麟路铠鑫凤凰城二期1栋3楼","phone":""},{"name":"潘城网咖(时尚魔方店)","address":"建设北路5号时尚魔方地下室","phone":"电话:19973217877"},{"name":"战火网城(步行街店)","address":"莲城商业步行街C区1栋3层战火网城步行街店","phone":"电话:17769413513"},{"name":"友谊天下网咖(书院西路店)","address":"书院西路1号湘电友谊1号14栋3楼0301001号","phone":"电话:15807320416"},{"name":"小酋长动漫游戏(湘潭店)","address":"莲城大道步步高新天地商场4层4002号","phone":"电话:0731-55575676"},{"name":"暴雪电竞馆(朝阳路店)","address":"湖南省湘潭市湘潭县朝阳路39号","phone":""},{"name":"快乐街区(湘潭易俗河步步高店)","address":"凤凰中路步步高广场4楼","phone":""},{"name":"酷洛潮漫(步步高广场店)","address":"步步高广场8楼","phone":"电话:19307323322"},{"name":"极光电竞馆(龙江路店)","address":"湖南省湘潭市湘潭县龙江路25号","phone":"电话:15807327711"},{"name":"宜博电竞馆(民主路店)","address":"湘潭市雨湖区民主路湖南省湘潭市第二中学东侧约150米","phone":""},{"name":"美玩电竞馆(白石店)","address":"凤凰中路中银综合大厦2楼","phone":""},{"name":"美玩电竞馆(杨柳北路店)","address":"湖南省湘潭市湘潭县杨柳北路495号","phone":""},{"name":"宜博电竞馆(湘潭赤友科大御花苑店)","address":"湖南省湘潭市雨湖区经开区和平街道科技大学以南御花苑1栋009号","phone":"电话:18607328799"},{"name":"完美世界电竞馆(雪松南路店)","address":"湘潭市湘潭县雪松南路江南名府东北侧约30米","phone":"电话:15897324060"},{"name":"独尊网吧(芙蓉农贸店)","address":"火炬北路人民公社大食堂东面","phone":"电话:13873210389"},{"name":"好朋友网咖","address":"东湖路20号","phone":"电话:18867371995"},{"name":"欧皇电竞馆","address":"岳塘区高新区吉安路9号华金国际莱茵城6栋","phone":"电话:15200321447"},{"name":"华速电竞网咖(华宇·银座店)","address":"湖南省湘潭市岳塘区建设南路华宇银座2楼","phone":"电话:17773264890"},{"name":"君子莲电竞","address":"河东大道2号（建设路与河东大道路口东100米路北建设银行隔壁）","phone":"电话:19967219567"},{"name":"西雅图网城(纱厂正街店)","address":"东信花园东南（纺城大道北）","phone":"电话:13337322567"},{"name":"超神网咖(双拥南路店)","address":"城建学院侧门斜对面","phone":""},{"name":"巨浪电竞","address":"湖南省湘潭市湘潭县朝阳路10-2号","phone":"电话:15080772899"},{"name":"双鱼网咖(大融城店)","address":"岚园路4号湘潭中心大融城购物中心4层4001A号","phone":"电话:0731-55555211"},{"name":"西瓜电竞(湘潭中心B座店)","address":"湖南省湘潭市岳塘区湘潭中心B座32楼","phone":"电话:15580178618/19308423037"},{"name":"金凤凰网吧","address":"吴家巷朝阳路46号","phone":"电话:13873284453"},{"name":"快乐街区(湘潭城市盒子店)","address":"建设北路城市盒子情景购物街3楼","phone":"电话:13517398816"},{"name":"九州网络会所","address":"金羚东路51号","phone":"电话:13975239292"},{"name":"马里奥电玩体验馆PS5 Switch Xbox(湘潭中心B座店)","address":"建设中路湘潭中心B座维也纳国际酒店9楼902001号","phone":"电话:15616281581"},{"name":"竞放电竞酒店(湘潭城市盒子店)","address":"湘潭市建设北路5号潭城大厦7楼(简悦酒店同栋)","phone":""},{"name":"华侨电竞馆","address":"湖南省湘潭市湘潭县大鹏中路泊雅铭致酒店2楼","phone":""},{"name":"浪漫人间网咖","address":"海棠南路668号","phone":""},{"name":"小牛电竞","address":"湘潭市岳塘区纱厂正街湘纺小学西南侧约100米","phone":""},{"name":"漫时空电竞酒店(湘潭河西店)","address":"湘潭市广场街道韶山西路8号润丰国际商业广场期2号栋1单元14楼(润丰酒店同栋)","phone":""},{"name":"上机堂(易俗河店)","address":"飞羊西路南侧中特香堤雅郡5栋111-118号","phone":""},{"name":"华硕电竞特工(金湘潭商业广场店)","address":"韶山中路30号金湘潭商业广场F1","phone":""},{"name":"源宇宙电竞(红旗店)","address":"湖南省湘潭市雨湖区九华街道多伦金九大厦","phone":""},{"name":"湘潭NOBOSS电竞酒店","address":"湖南省湘潭市雨湖区赤马路御花苑7号门面","phone":""}]