[{"name":"时空电竞","address":"南关街道南关桥西街1号（华北楼对面二层）","phone":""},{"name":"怀来糖果网吧","address":"新东方城市广场2栋商业楼302室","phone":"电话:15033616886"},{"name":"纶音网络电竞","address":"南关大街阳光尚城2号底商","phone":"电话:15132364666"},{"name":"星族电竞馆","address":"河北省张家口市桥东区瑞麟轩(富强路东)","phone":"电话:13313133863"},{"name":"米乐星电竞馆","address":"河北省张家口市桥东区富强路2号瑞林轩小区13号楼29号","phone":"电话:15930362223"},{"name":"他&她电竞会所","address":"朝阳西大街世纪豪园12号建筑学院斜对面","phone":"电话:15803234000"},{"name":"飓风网咖(华原路店)","address":"华原路丽景新城2号底商（府后街中国移动）","phone":""},{"name":"瑞祥电竞","address":"长城北路福欣园小区","phone":"电话:18610854000"},{"name":"朗诗电竞网咖","address":"桥东区胜利南路58号朗诗东山逸园8号楼(枫尚台球对面)","phone":""},{"name":"依网天下电竞","address":"河北省张家口市赤城县赤城镇建国西街19号楼","phone":"电话:13623233618"},{"name":"轻风之语风暴网吧(胜利路店)","address":"胜利中路附19号","phone":"电话:13331302123"},{"name":"德玛电竞网咖","address":"清水河中路3号地下一层","phone":"电话:18232314321"},{"name":"KG电竞","address":"建设东街10-1号老火车步行街西区2楼3号","phone":"电话:13333130777"},{"name":"头号玩家电竞馆","address":"新华东街农业银行对面","phone":""},{"name":"激越电竞","address":"宣化路28号","phone":"电话:17732361924"},{"name":"超神网吧(台球)","address":"建设路与新华东街交叉口北150米","phone":"电话:15030334333"},{"name":"玩家电竞馆(冠垣生活广场店)","address":"冠垣生活广场","phone":"电话:13331315392"},{"name":"天开网络","address":"钻石南路11号","phone":"电话:13331333232"},{"name":"酷乐游电玩(尚峰广场店)","address":"至善街1号尚峰广场F5层","phone":"电话:18811402777"},{"name":"镭射电竞(斗鱼·同心店)","address":"富强路时代广场小区22-2号","phone":"电话:13393337646/19931346777"},{"name":"天元网吧(工业街店)","address":"工业横街3号惠安北苑1号楼(房管局对面)","phone":"电话:18803333339"},{"name":"竞界电竞馆","address":"河北省张家口市桥西区串窑街盛和苑底商(家家悦超市楼上)","phone":"电话:19831317777"},{"name":"腾飞网络城(新华街店)","address":"新华街30-111号","phone":"电话:15903132222"},{"name":"玩嗨乐电玩城(容辰广场店)","address":"银座商城五楼","phone":"电话:17330302056"},{"name":"电竞嘉年华(银座张家口店)","address":"胜利北路56号银座商城张家口店F3层","phone":""},{"name":"头号玩家电玩PS·SWITCH(张家口店)","address":"胜利中路2号冠垣广场15楼1507","phone":"电话:18803333385/18849335145"},{"name":"华硕电竞特工(中联大厦店)","address":"张家口市桥西区至善街中联大厦","phone":""},{"name":"漫心无界电玩社ps5·switch(红旗楼店)","address":"乐享城张垣商务中心710","phone":"电话:13333138060"},{"name":"老火车电竞城","address":"河北省张家口市桥东区胜利北路街道建设东街11号","phone":""},{"name":"烂摩托FPS电竞馆","address":"河北省张家口市桥东区马路东街道瑞麟轩","phone":""},{"name":"烂摩托FPS电竞馆","address":"河北省张家口市桥东区马路东街道瑞麟轩","phone":""},{"name":"风暴电竞馆","address":"张家口市桥东区胜利中路全兴小区西侧约120米","phone":""},{"name":"柒楼电玩社","address":"工业东街11-1号","phone":""},{"name":"闹不机密","address":"大境门景区(西北角)","phone":"电话:18515458788"}]