[{"name":"","address":"","phone":""},{"name":"","address":"","phone":""},{"name":"","address":"","phone":""},{"name":"","address":"","phone":""},{"name":"","address":"","phone":""},{"name":"","address":"","phone":""},{"name":"","address":"","phone":""},{"name":"","address":"","phone":""},{"name":"","address":"","phone":""},{"name":"","address":"","phone":""},{"name":"鸿运网吧(玉洱路店)","address":"一塔路42号大理古城","phone":""},{"name":"随心网吧","address":"宏强路粮食局路口","phone":"电话:0872-7145141"},{"name":"环宇网吧(弘圣路店)","address":"弘圣路6-72号","phone":"电话:0872-2568877"},{"name":"E时光电竞馆(天街店)","address":"泰安路大理恒邦时代天街商场4楼13号、14号","phone":"电话:0872-2283318"},{"name":"宜博电竞馆(超时空店)","address":"云南省大理白族自治州宾川县金牛镇金牛路57号","phone":"电话:18987227467"},{"name":"顺越网咖","address":"苍山东路金牛家缘1楼商铺1008-1010","phone":"电话:13887236773"},{"name":"玩+电竞馆","address":"大理白族自治州大理市苍山路下关一中初中部(开发区校区)东侧约210米","phone":"电话:19995829227"},{"name":"艾欧尼亚电子竞技会所","address":"巍山路341号东50米","phone":""},{"name":"星月网吧(中和路店)","address":"中和路9号二楼","phone":""},{"name":"星星电竞馆(锦绣华城店)","address":"满江路","phone":"电话:15187282909"},{"name":"星星电竞馆(锦绣华城店)","address":"满江路","phone":"电话:15187282909"},{"name":"趣尚网吧(兴弥大厦店)","address":"锦屏街弥昆大厦2楼","phone":"电话:18087212347"},{"name":"瑞云电竞智能酒店","address":"云南省大理白族自治州大理市巍山路321号顺馨小区门口","phone":""},{"name":"E时光电竞馆","address":"万花路新里程小区","phone":"电话:13208831249"},{"name":"星际电竞馆(州医院城市春天店)","address":"人民南路大理纳思城市春天1期3号楼三层（纳思宝贝王国三楼）","phone":"电话:13987203855"},{"name":"智慧网吧(漾江路店)","address":"漾江路97号","phone":"电话:13769248885"},{"name":"堂口电竞(大理鸿诚广场店)","address":"云南省大理白族自治州大理市泰安路112号大理鸿诚广场F3","phone":"电话:15368984768"},{"name":"华鑫网咖(富海路店)","address":"巍山路263号天景园2楼","phone":""},{"name":"星星网咖(正阳店)","address":"正阳时代广场漂亮女人街2楼","phone":""},{"name":"新港网吧(大关邑商业街店)","address":"大关邑175号","phone":"电话:13577293911"},{"name":"金欣电竞酒店(大理火车站店)","address":"大理白族自治州下关镇金星村苍山路67号","phone":""},{"name":"盛浪网吧","address":"大理创新工业园区满江办事处大理开发区满江村","phone":"电话:13987281102"},{"name":"漾城网咖","address":"苍山中路42号漾濞锦星宾馆2层","phone":"电话:0872-7520700"},{"name":"恒源网吧","address":"泰兴巷明颖客栈隔壁","phone":"电话:13577880620"},{"name":"指尖电竞网咖(一分店)","address":"大理白族自治州巍山彝族回族自治县景贤庄路大仓客运站西侧约130米","phone":""},{"name":"北境电竞","address":"大理白族自治州大理市雪人路大理大学(下关校区)南侧约100米","phone":""},{"name":"快乐网咖","address":"凤中路与东街交叉口东北80米","phone":"电话:13987279869"},{"name":"魔尔电竞馆","address":"云南省大理白族自治州大理市秦安桥北艺墅花乡b幢","phone":"电话:18608720800"},{"name":"顶星电竞酒店-星星网咖12号机","address":"云南省大理白族自治州大理市凤仪镇凤中路10号","phone":""},{"name":"E网情深网苑(绿玉公园店)","address":"建设路115号绿玉公园内3层","phone":""}]