[{"name":"星链电竞馆","address":"武陵源汽车站","phone":""},{"name":"维克多电竞酒店(张家界七十二奇楼店)","address":"张家界市子午路韦斯特财富大厦11栋8楼","phone":""},{"name":"贝壳电竞馆","address":"天子街二楼","phone":""},{"name":"展航电竞馆(人民路店)","address":"人民路与古庸路交叉口西南120米","phone":"电话:15174459197"},{"name":"青云电竞","address":"张家界市桑植县科赛路金科明珠西侧约190米","phone":"电话:13707446226"},{"name":"超顽电竞","address":"体育馆路与永定大道交叉口南180米","phone":"电话:17671641063"},{"name":"黑马电竞馆","address":"张家界市永定区鼎泰路桂花园","phone":""},{"name":"柏克电竞馆","address":"田家台路义务国际汽车城29栋二层","phone":"电话:17752853866"},{"name":"外星人电竞馆(2栋公寓店)","address":"迎宾路与大庸路交叉路口往西约100米(金穗花园西侧约50米)","phone":"电话:18407432531"},{"name":"阳光电竞馆(回龙路店)","address":"回龙路人民广场","phone":"电话:15174459197"},{"name":"时光网吧","address":"306省道张家界飞狐商务酒店","phone":""},{"name":"星耀电竞馆","address":"湖南省张家界市永定区南庄坪街道南庄坪社区水榭花都颖力B4201,202","phone":""},{"name":"D9电竞(澧水广场店)","address":"张家界市永定区澧水高架桥澧水广场","phone":""},{"name":"超顽电竞-超顽网咖","address":"湖南省张家界市永定区古庸路355号","phone":""},{"name":"非度电竞","address":"湖南省张家界市永定区回龙路89号","phone":"电话:18974482168"},{"name":"加伦电竞馆","address":"子午路与沙堤大道交叉口西南40米","phone":"电话:18974435337"},{"name":"维克多电竞酒店(张家界七十二奇楼店)","address":"张家界市子午路韦斯特财富大厦11栋8楼","phone":""},{"name":"摩豹电竞馆","address":"教场路居委会天门路201号","phone":"电话:15174459197"},{"name":"巅峰对决电竞馆","address":"古庸路南奥莱广场","phone":"电话:19974489666"},{"name":"双子电竞馆(南门口特色小区店)","address":"滨河路与人民路交叉口西北80米","phone":"电话:15367691118"},{"name":"双子电竞馆(南门口特色小区店)","address":"滨河路与人民路交叉口西北80米","phone":"电话:15367691118"},{"name":"加辰电竞","address":"湖南省张家界市永定区永定街道天门路80号","phone":""},{"name":"顶尖电竞","address":"张家界市永定区南庄西路南岸晶都西北侧约30米","phone":""},{"name":"嘻游电竞","address":"解放西路龙城街一、二期7B栋2001号商铺","phone":"电话:18607441320"},{"name":"彩豚电竞馆(天门山店)","address":"张家界市永定区大庸路华天金街","phone":"电话:19974408480"},{"name":"一线牵网咖电竞(子午路后溶街巷)","address":"子午路后溶街巷与古庸路交叉口西北方向25米","phone":"电话:18074421719"},{"name":"影子电竞馆","address":"湖南省张家界市永定区吉首大学张家界校区学生第二食堂西","phone":"电话:15874499808"},{"name":"新浪电竞(长张高速店)","address":"湖南省张家界市永定区镇街道农村信用社正对面","phone":""},{"name":"U+电竞馆","address":"胡家河公租房站前路1号","phone":"电话:18613933253"},{"name":"飞火流星网娱网咖","address":"维港十字街2栋四楼聚划算超市三楼","phone":""},{"name":"无双电竞(福天广场福天华府店)","address":"张家界市永定区迎宾路天门大厦西北侧约150米","phone":"电话:19974467370"},{"name":"太空人·射箭·PS4PS5·switch","address":"东门巷18号","phone":"电话:17769207899"},{"name":"享游网咖(张家界国际旅游商业城店)","address":"官黎路国际旅游商业城A1栋1楼","phone":"电话:15974407513"},{"name":"摩杰电竞馆(西溪坪店)","address":"张家界市永定区永定大道都市金苑","phone":"电话:13707448004"},{"name":"名流电竞酒店","address":"迎宾路南城金座3栋701室","phone":""},{"name":"城市一号台球","address":"解放路220影视城5楼","phone":""},{"name":"大拇指网咖","address":"官黎路威乐御花园E栋2S05号","phone":""},{"name":"ZG电竞","address":"张家界市永定区古庸路森怡佳苑北侧约130米","phone":""},{"name":"潮气冲天(灯火文昌店)","address":"灯火文昌购物广场","phone":"电话:19174491588"},{"name":"城市英雄Party House(张家界中商广场店)","address":"永定街道解放路中商广场3楼(大庸府城对面)","phone":"电话:18374412136"}]