[{"name":"战网电竞","address":"江西省吉安市遂川县东路大道19号","phone":""},{"name":"D+电竞","address":"人民广场东路7号卫生局大楼101室二楼","phone":""},{"name":"D+电竞","address":"吉安市吉水县健走步道金岸银河广场","phone":"电话:13807682300"},{"name":"D+电竞","address":"吉安市永丰县欧阳修大道大园村小学西南侧约200米","phone":"电话:13807682300"},{"name":"快乐电竞(泰和店)","address":"泰豪商城2楼","phone":"电话:18879609450"},{"name":"畅游电竞(西区店)","address":"君山大道与兴华路交汇处南100米七天酒店二楼","phone":"电话:15679609227"},{"name":"魔域电竞","address":"江西省吉安市吉州区永叔街道永叔路239号A栋30层3001室","phone":"电话:18179663158"},{"name":"万维网吧(韵花路店)","address":"春天小区13振兴路14号","phone":"电话:18979612388"},{"name":"情系天涯网吧","address":"文星路与文盛路交叉路口往西北约50米(吉安辉业职业技术学校东北侧约50米)","phone":""},{"name":"龙腾电竞网咖","address":"江西省吉安市吉安县深圳大道300号德逸国际3层","phone":""},{"name":"猴赛雷电竞(凯旋店)","address":"迎宾大道6号凯旋华府13幢3-01号","phone":"电话:15179621721"},{"name":"猴赛雷电竞(影城店)","address":"跃进路48号二楼","phone":"电话:13387965830"},{"name":"EZ电竞(汇金广场店)","address":"汇金广场","phone":"电话:18770406732/18907965619"},{"name":"仙人掌网吧(学苑路店)","address":"学苑路铁建路2-1号","phone":"电话:15279838019"},{"name":"壹嘉电竞","address":"江西省吉安市吉安县天祥大道200号","phone":"电话:15879684089/18179666688"},{"name":"奈斯电竞社","address":"庐陵商业街H栋三楼","phone":"电话:19079669301"},{"name":"999网吧","address":"文峰镇文水路47栋","phone":""},{"name":"T1电竞馆","address":"吉州大道5号A幢2-01室","phone":"电话:19812381483"},{"name":"鲸奇电竞","address":"江西省吉安市青原区坪田路滨江首府14号楼","phone":"电话:15910464771"},{"name":"鑫睿电竞","address":"井冈山经济开发区吉安大道109号D2幢1-01室","phone":"电话:15270168599"},{"name":"宙斯电竞馆","address":"人民广场南路广场佳苑","phone":"电话:13317069573"},{"name":"艾克电竞馆","address":"东门街115号","phone":"电话:17373008899"},{"name":"天高电竞","address":"学苑路施家新村1栋4楼(近井大后门)","phone":"电话:15979650502"},{"name":"齐鑫电竞","address":"创新大道与建设大道交叉口北120米","phone":""},{"name":"乌拉电竞馆","address":"井冈山大道102号","phone":"电话:18007960786"},{"name":"捌加壹电竞","address":"白云路东侧白云路休闲一条街2号楼号第二层21号","phone":""},{"name":"星座网咖电竞馆","address":"江西省吉安市吉安县盘龙路20号","phone":""},{"name":"国泰网吧(文峰中大道店)","address":"文峰中大道367号","phone":"电话:13766287571"},{"name":"讯旺电竞","address":"江西省吉安市吉安县富川路与深圳大道交叉口南240米","phone":""},{"name":"火星电竞","address":"江西省吉安市吉州区吉州大道38号凯震建材装饰大市场","phone":"电话:18679695467"},{"name":"蓝色网吧","address":"文峰中大道艺术广场西北侧约60米","phone":""},{"name":"库里南电竞","address":"信和新城·嘉苑东区1-4幢201-2室","phone":"电话:19907968993"},{"name":"鲸奇电竞(五岳观店)","address":"江西省吉安市吉州区永叔街道国光超市(五岳观店)附近26米","phone":""},{"name":"宜博电竞馆(吉安馆店)","address":"吉州大道6号","phone":""},{"name":"金辉煌电竞馆","address":"江西省吉安市吉安县德逸国际(吉安大道东)","phone":"电话:19970651498"},{"name":"拍拍拍电竞","address":"江西省吉安市吉州区文山街道阳明西路33号","phone":"电话:19907965338"},{"name":"竞放电竞酒店(吉安韶山东路店)","address":"吉安市韶山东路8号","phone":""},{"name":"战狼网咖(汇金商业城店)","address":"汇金商业城3楼西南方向50米","phone":"电话:18370604968"},{"name":"象牙塔网吧","address":"学苑路井大排档旁","phone":""},{"name":"天空之星主题乐园(九颂购物公园店)","address":"爱琴海购物公园3楼150-151B（阳明西路与东塘大道交叉口西北角）","phone":""},{"name":"吉福网城","address":"西苑小区东区对面二楼","phone":"电话:18679606022"},{"name":"李上网来网络俱乐部(火车站店)","address":"火车站广场北路8号青原财富广场2001号","phone":""},{"name":"哈啰电竞(凯震阳明商城吉安店)","address":"阳明东路9号凯震阳明商城(吉安店)C栋二楼","phone":""},{"name":"飞狐电竞(韶山西路店)","address":"江西省吉安市吉州区井冈山大道201号","phone":"电话:13707969863"},{"name":"创天下电竞(美博店)","address":"江西省吉安市吉安县美博购物广场二楼","phone":""},{"name":"爱尚网咖(文山路店)","address":"文山路29号庐陵商业大世界1号楼汉庭酒店3楼","phone":"电话:18379696930"},{"name":"美洲网络时空会所","address":"石阳路1号","phone":"电话:0796-2195557"},{"name":"666网咖(青原大道店)","address":"青原大道410号永兴大厦二楼","phone":"电话:18079676789"},{"name":"520网咖","address":"韶山东路36号天一园旁边","phone":""},{"name":"未来空间潮玩部落","address":"阳明西路与东塘大道交接处爱琴海购物公园3楼3001-3009号","phone":"电话:19079680215"},{"name":"魔方电竞(君山湖骑行道店)","address":"江西省吉安市吉安县君山湖骑行道","phone":""},{"name":"追风电竞酒店(德逸国际店)","address":"江西省吉安市吉安县S314(吉安大道)","phone":""},{"name":"金街潮玩","address":"习溪桥街道世兴庙路文山大市场1层","phone":"电话:15062307732"},{"name":"偶遇电竞网咖","address":"吉安市青原区学苑路奥克文化创意园东北侧约30米","phone":""},{"name":"潮玩拾光电玩(城南天虹店)","address":"吉安南大道18号吉安城南天虹商场三层L3601铺","phone":"电话:13970081220"},{"name":"魔杰电竞(车站广场北路店)","address":"江西省吉安市青原区名士财富广场b栋魔杰电竞","phone":""},{"name":"吉安纵横电竞酒店","address":"江西省吉安市吉安县彩虹路西区4楼","phone":""},{"name":"鲸奇电竞(鹿风店)","address":"吉安市青原区青原大道雷家小区西侧约100米","phone":""},{"name":"360°网络沙龙","address":"吉福路美洲大酒店东侧约110米","phone":"电话:13766266029"},{"name":"爱时尚网咖(华厦大楼店)","address":"井冈山大道123号华厦大楼","phone":""},{"name":"趣尚电竞","address":"青原大道435号盛唐华都2幢111号","phone":"电话:18979637660"},{"name":"1号机长超乐场(吉安九颂店)","address":"东塘大道九颂购物公园商业广场二层017-019号商铺","phone":""}]