[{"name":"星辰电竞网咖","address":"甘肃省庆阳市庆城县兴庆路中国农业银行对面二楼","phone":"电话:15509345555"},{"name":"雷霆电竞网咖(天禾店)","address":"甘肃省庆阳市西峰区九龙路92号","phone":"电话:16609340888"},{"name":"征服者网络(九龙路分店)","address":"九龙路19号(老年医院隔壁)","phone":"电话:15095592513"},{"name":"金桥网吧(南亚商场店)","address":"南梁路9-1号正北方向60米","phone":""},{"name":"M2电竞(万辉国际店)","address":"万辉·国际广场商业楼5栋4层","phone":"电话:19993427007"},{"name":"怪兽电竞","address":"甘肃省庆阳市华池县G244(华庆路)","phone":"电话:17609347388"},{"name":"飓风网咖(大槐树购物广场店)","address":"兰州东路汽车南站对面金昊义乌小商品批发商城二楼","phone":"电话:0934-6886988"},{"name":"头号玩咖(小十字丽晶百货店)","address":"小十字丽晶百货8楼","phone":"电话:0934-5550777"},{"name":"查理熊电竞","address":"北街办事处街道北大街锦绣城小区商铺1栋2层002号","phone":"电话:15268988994"},{"name":"狸猫电竞(世纪城店)","address":"庆阳市西峰区岐黄大道世纪城写字楼","phone":""},{"name":"雷霆电竞(桐树街体验店)","address":"安东西路豪庭名苑","phone":"电话:16719344444"},{"name":"电玩橙(好又多超市店)","address":"庆阳市兰州路13号","phone":""},{"name":"云逸宝摇杆游戏机(横店电影城西峰店)","address":"西峰区南大街昊鑫时代广场6楼横店电影城内大厅前台旁","phone":""},{"name":"西峰蜗牛电竞酒店","address":"仁杰路与朔州东路交叉处文鼎苑小区6号楼二楼商铺","phone":""},{"name":"M²电竞(雄越店)","address":"岐黄大道格林东方酒店3楼","phone":""},{"name":"杰拉电竞馆(南站店)","address":"东城新街西楼2楼","phone":"电话:17309340208"},{"name":"头号玩咖电竞体验中心(朔州东路店)","address":"甘肃省庆阳市西峰区万辉·国际广场7号楼三楼","phone":"电话:0934-8888765"},{"name":"元气满满·家庭娱乐中心","address":"南大街62号昊鑫时代广场Z-3F-A商铺","phone":""}]