[{"name":"芭芭乐沉浸式剧本体验馆","address":"西顺城路滨湖家园小区9号网点","phone":"电话:15941936886"},{"name":"假日·网络(团结街店)","address":"辽宁省辽阳市白塔区团结街24号","phone":""},{"name":"杰森电竞(辽阳店)","address":"西顺城路55号","phone":"电话:18604195159"},{"name":"D-ONE电竞馆","address":"辽阳市灯塔市市府路市府茗城南侧约30米","phone":""},{"name":"金鲨网咖","address":"德盛街辽阳恒大绿洲","phone":""},{"name":"跨世纪网咖(民主路店)","address":"跃进街道民主路114号","phone":"电话:0419-2958555"},{"name":"宇宙网吧(卫国路)","address":"卫国路红楼社区东侧约40米","phone":""},{"name":"网约网咖电竞馆","address":"天福路恒大绿洲1单元10-114号","phone":"电话:13841971533"},{"name":"千淇网吧","address":"市府路104号","phone":"电话:18641944555"},{"name":"佰乐门网吧","address":"博达嘉园东南门东90米","phone":""},{"name":"自由国度电竞馆","address":"胜利路与新运大街交叉口东北240米","phone":""},{"name":"吧小时网咖","address":"解放路78号","phone":"电话:13841907551"},{"name":"神觅电竞酒店·桌球棋牌","address":"佰亿路75-5号楼43号网点","phone":""},{"name":"圣玺电竞娱乐综合体","address":"辽宁省辽阳市白塔区北顺城街40-3号","phone":"电话:0419-2272111"},{"name":"未来猩球潮玩店(辽阳万达广场店)","address":"新运大街333号","phone":""},{"name":"蜜豆手办解压体验馆","address":"辽阳市白塔区新运大街晟宝龙G区3栋","phone":""},{"name":"胡来主机游戏体验馆","address":"北新华路74-49号","phone":""},{"name":"横好玩潮玩游戏空间(大润店)","address":"武圣路145号横店电影城内","phone":""},{"name":"云逸宝摇杆游戏机(横店电影城武圣路店)","address":"辽阳市新运大街和武圣路交汇处武圣路145号大润发超市五楼横店电影城休息区前台旁","phone":""},{"name":"306游戏王国","address":"辽阳市佰亿路75号益友铭学苑4号楼63号","phone":""},{"name":"大玩家(辽阳万达店)","address":"新运大街333号万达广场一楼3号门","phone":"电话:0419-3635598"},{"name":"酷乐光年家庭游乐中心(辽阳友谊商城一部店)","address":"新运大街73号友谊商城一部5楼","phone":"电话:13352337717"},{"name":"云逸宝摇杆游戏机(星梦沙发影城辽阳店)","address":"辽阳市友谊商场8楼铁岭星梦影城内大厅前台旁","phone":""},{"name":"梦幻城游乐园","address":"民主路75号友谊商城2店B座3楼","phone":"电话:18243267878"}]