[{"name":"米兰网咖(涪城万达店)","address":"金菊街36-8号万达广场万达公馆卤校长2楼","phone":"电话:0816-2373888"},{"name":"007电竞","address":"汇丰路北段515号","phone":""},{"name":"旗舰电竞","address":"涪临园路中段34-4号","phone":"电话:0816-2323695"},{"name":"袋鼠电竞网吧","address":"绵兴村飞龙路16号2楼","phone":"电话:15390275128"},{"name":"神剑网咖","address":"普明中路与火炬西街北段交叉口西约120米","phone":"电话:13281586918/18981166918"},{"name":"梦幻网咖(沈家坝下街店)","address":"沈家坝下街9-8","phone":"电话:0816-2960661"},{"name":"新干线电竞(西山东路店)","address":"西山东路74号","phone":"电话:0816-2763633"},{"name":"诺亚方舟电竞(巴登店)","address":"四川省绵阳市江油市永丰路36号","phone":""},{"name":"新思路电竞(绵阳店)","address":"富乐综合市场东南门旁","phone":"电话:15884653433"},{"name":"亚丁网咖","address":"医院后门","phone":"电话:18990119601"},{"name":"蜂羽电竞","address":"五里堆路282号","phone":"电话:18981192997"},{"name":"万家乐网咖","address":"六一堂路630-1号","phone":"电话:0816-6391378/13320880686"},{"name":"快速电竞(海峰店)","address":"海峰小区13栋28-32号","phone":"电话:18608165507"},{"name":"壹号电竞生活馆(跃进路店)","address":"跃进路50号1958一期（德克士二楼）","phone":"电话:0816-6351958"},{"name":"巴洛克电竞网咖","address":"圣鼎·巴洛克西北2门旁","phone":""},{"name":"神网电竞","address":"通安巷55号","phone":"电话:0816-2344511"},{"name":"蜘蛛电竞","address":"涪城区经开区南区花园四期270号","phone":"电话:13340887489"},{"name":"华益电竞","address":"成绵路142","phone":"电话:0816-2816151"},{"name":"萌+电竞(爱喜嘉年华店)","address":"爱喜嘉年华2楼","phone":"电话:13350024222"},{"name":"卡奇色电竞","address":"仙桃路19号凯旋城3楼1号","phone":"电话:15196242822"},{"name":"半糖电竞哈雷店","address":"四川省绵阳市涪城区铁匠巷3号","phone":"电话:19381160608"},{"name":"神骏电竞","address":"跃进路北段168号","phone":"电话:0816-2698610"},{"name":"新奈斯电竞","address":"长虹大道北段155号1层","phone":""},{"name":"布卡电竞馆(麋鹿店)","address":"机场东路451号博雅海润二楼","phone":"电话:15882887714"},{"name":"浪浪山网吧","address":"城南一号一期A区9幢2单元2层12-2和12-3","phone":"电话:18981117498"},{"name":"半糖电竞(天骄旗舰店)","address":"福星·时代天骄6栋2层3-9号","phone":""},{"name":"网上人家·电竞","address":"五里堆路富临原山对面","phone":""},{"name":"斯巴达电竞馆(中沅广场店)","address":"双碑东街中沅广场四号楼二楼","phone":"电话:0816-2733222/18008161078"},{"name":"7号电竞馆","address":"四川省绵阳市安州区花荄镇白鹤路南侧典汇国际1期1号2楼","phone":"电话:18030998333"},{"name":"百度网咖电竞(荷花东街店)","address":"荷花东街53号","phone":""},{"name":"Miss you网咖","address":"园艺东街北段58号奥林春天二期8栋2楼2号一层6号","phone":"电话:0816-2309080"},{"name":"天楠电竞","address":"绵阳市涪城区塘坊大道卓信金楠天街","phone":""},{"name":"网神网咖(场店)","address":"塘汛镇中三市场二楼","phone":"电话:15351252086"},{"name":"米骑电竞","address":"一环路东段良居商务楼2楼","phone":"电话:0816-2296555"},{"name":"腾讯网咖(桃源路店)","address":"临园路131号福泽大厦13栋2层1号","phone":"电话:13981153772"},{"name":"爱尚网咖(文苑路东段店)","address":"五路口世纪苑","phone":"电话:0816-4331111"},{"name":"德玛西亚网吧电竞(东方之星店)","address":"板桥第八组西南3门旁","phone":"电话:13320880608"},{"name":"竞燃电竞馆","address":"四川省绵阳市北川羌族自治县永昌镇滨河南路2号1幢","phone":"电话:18111110286"},{"name":"德玛西亚网吧电竞·耐斯店(群丰街店)","address":"群丰街与塘汛西路交叉口西100米","phone":"电话:15681229111"},{"name":"蓝莓电竞","address":"沿江东街16号通安巷十字路口(陈稀饭2楼)","phone":"电话:13320880736"},{"name":"魅力电竞馆(红光实业店)","address":"御旗路9号","phone":"电话:15760506928/18608169996"},{"name":"绵阳市涪城区半糖电竞(艾特店)","address":"长虹国际城二期2楼33-2-53号","phone":""},{"name":"欢喜网咖(城市奥莱店)","address":"永兴镇永兴国际2楼1-4号","phone":"电话:13438837693"},{"name":"AK电竞馆(玫瑰花城店)","address":"三汇·玫瑰花城金海·阳光里(红桥路东)","phone":"电话:18681677073"},{"name":"Flyingcat飞天猫电竞·简餐咖啡·现制饮品(游仙店)","address":"绵阳市游仙镇五里堆路3号","phone":"电话:15182416816"},{"name":"老佳友电竞馆","address":"梅花东街与文竹街交叉口西160米","phone":"电话:13981190032"},{"name":"庠云网咖","address":"教育中路18号西园新城大学居18号","phone":""},{"name":"兴汇电竞","address":"双碑东路北段与普明北路东段交叉口北180米","phone":""},{"name":"超越网咖(圣水南街店)","address":"跃进路北段113号恒星商苑","phone":"电话:0816-2312948"},{"name":"博傲电竞(往鱼店)","address":"双碑东街28号2楼","phone":""},{"name":"互动电竞馆","address":"绵阳市涪城区永昌路文泉理想城邦东侧约220米","phone":"电话:13158888653"},{"name":"防空洞网咖","address":"飞云社区磨家卫生院旁边","phone":"电话:18048187690"},{"name":"德玛西亚电竞·三山旗舰店","address":"经开区板桥村5社","phone":""},{"name":"德智网络","address":"阳光路42号","phone":"电话:15182353545"},{"name":"天启电竞网咖","address":"绵阳市涪城区源龙街绵阳市涪城区吴家镇人民政府南侧约80米","phone":""},{"name":"庐雅电竞馆","address":"四川省绵阳市涪城区御旗路13-7号","phone":"电话:0816-2311293"},{"name":"宜博电竞馆(典汇国际金街店)","address":"白鹤路南侧(典汇国际)一期10号203-207铺","phone":""},{"name":"飓风电竞(富临阳光小区东北)","address":"绵阳市涪城区长虹大道南段67号之5-7号良缘三国文化酒店对面","phone":"电话:18981100416"},{"name":"英雄电竞纵横店(高水南街店)","address":"高水南街75号(神州酒店旁)","phone":""},{"name":"星辰电竞(跃进路店)","address":"四川省绵阳市涪城区跃进路1958-2期号6栋","phone":"电话:0816-2297333"},{"name":"凤羽电竞馆","address":"四川省绵阳市游仙区开元路24号11幢2楼","phone":""},{"name":"舒心园网咖","address":"四川省绵阳市游仙区涪江街道一环路东段-165号-2区-290号","phone":"电话:0816-2270112"},{"name":"飞翔网吧(青羊西街店)","address":"青羊村科大路341号","phone":"电话:0816-2624067"},{"name":"超速网咖","address":"宇虹北街31-3号","phone":"电话:13398387977"},{"name":"极速飞影电竞","address":"水电商务酒店（永兴综合市场店）","phone":""},{"name":"E网奇缘","address":"一环路南段249-5号","phone":"电话:15182353545"},{"name":"智能电竞馆","address":"绵阳市游仙区德政街四川电子机械职业技术学院","phone":""},{"name":"蓝梦阁网咖","address":"金菊街11号","phone":"电话:0816-2350323"},{"name":"爱陌电竞(富临时尚天街店)","address":"富临天街安昌路66号2楼","phone":"电话:0816-2178776"},{"name":"欣广网吧","address":"塘汛南街356号","phone":""},{"name":"半极网咖","address":"西城国际二期商业楼3楼(新开农业银行旁30米上电梯3楼直达)","phone":"电话:18681611321"},{"name":"黑曼巴电竞馆","address":"石桥铺东门(近石桥旅馆)","phone":"电话:13518300572"},{"name":"洞天电竞","address":"御营三社御旗路4号附20号(洞天加气站旁边,近火车站)","phone":"电话:0816-2909888"},{"name":"星美网络(绵阳商场店)","address":"临园路东段41-43号2楼","phone":"电话:0816-2245653"},{"name":"德玛西亚网咖(沁和店)","address":"六一堂路南湖鑫南湖宾馆630-1号","phone":""},{"name":"绵阳市安州区7号电竞(文星店)","address":"四川省绵阳市安州区文星八巷7号电竞馆","phone":"电话:18030998333"},{"name":"智者电竞馆","address":"绵阳市涪城区青义路149号","phone":"电话:18990190315"},{"name":"斯巴达电竞(蓝顿店)","address":"绵阳市涪城区花园崇尚国际1栋3层2号","phone":""},{"name":"英雄电竞(安国寺街店)","address":"绵阳市游仙区安国寺街绵阳市游仙区小枧镇置信小学南侧约270米","phone":"电话:13908089482"},{"name":"异域网吧","address":"宝马街20号","phone":""},{"name":"网村网吧","address":"沈家坝北街13号103幢7号","phone":"电话:13320906327"},{"name":"酷谷网吧(墨家店)","address":"绵兴西路168号","phone":"电话:13689673733"},{"name":"面对面电竞","address":"御旗路13-4号","phone":"电话:0816-2401669"},{"name":"阿波罗网咖(治平路)","address":"治平路47之1-6号","phone":"电话:15882898786"},{"name":"曼雅网咖(南湖街店)","address":"南湖街与红桥西路交叉路口往东约100米嘉来板桥小区","phone":"电话:15378212883/18190015598"},{"name":"海河电竞茶楼","address":"绵阳市涪城区剑门路西段海珂·三千城","phone":""},{"name":"电竞馆","address":"四川省绵阳市涪城区西山东路四川绵阳四〇四医院北侧约50米","phone":""},{"name":"半糖电竞(天江店)","address":"绵阳市涪城区涪城路勇拓洋楼西北侧约60米","phone":""},{"name":"王子电竞(火车站店)","address":"花园东街2-9号","phone":"电话:15328118222"},{"name":"先禾网吧","address":"游仙路168号","phone":"电话:15386635679"},{"name":"里昂网咖","address":"华裕路1号5楼","phone":"电话:18602809322"},{"name":"红狐电竞馆(华兴南街店)","address":"四川省绵阳市游仙区华兴南街14号","phone":""},{"name":"黑洞电竞馆","address":"绵阳市游仙区东星街红太阳幼儿园(东星街)西南侧约30米","phone":""},{"name":"半糖电竞(红星街店)","address":"红星街119号","phone":"电话:0816-6938515/18681686690"},{"name":"神话网城(涪城路店)","address":"涪城路113号涪城大厦4楼","phone":""},{"name":"如家快捷网络城","address":"沈家坝北街16-14号","phone":"电话:15884642488"},{"name":"新天地网吧(九华路店)","address":"八角社区第六居民区4栋101室","phone":"电话:18190010341"},{"name":"绵州往鱼网咖(双碑店)","address":"双碑东街27号","phone":"电话:18008161722"},{"name":"时空隧道电竞馆(御旗路店)","address":"御营坝御旗路9号","phone":"电话:0816-2384137"},{"name":"吼狮网咖(凝祥寺商业街店)","address":"普乐街169-9号正东方向190米","phone":"电话:0816-2559592"},{"name":"小兰电竞","address":"绵阳市涪城区金菊街万达公馆","phone":""},{"name":"战火电竞(御园街店)","address":"御园街58-3综合楼2楼","phone":"电话:0816-2856560/13550859968"},{"name":"战幕网咖(长虹世纪城店)","address":"跃进路北段74幢35号","phone":"电话:13398358935/13547102264"},{"name":"青年网咖(创业大道店)","address":"创业大道258号a幢2楼（西财天府学院后街）","phone":"电话:15902235160"},{"name":"米兰网咖平政店(高水南街店)","address":"高水南街68号御景名城31号楼一楼","phone":"电话:0816-2201188"},{"name":"战岭网络(富乐路店)","address":"富乐路5号富乐大厦2层","phone":""},{"name":"魔方电竞网咖(东辰·永兴国际店)","address":"普明街道东辰·永兴国际(弘光路西)负一楼","phone":"电话:19915980224"},{"name":"凯撒时代网咖(城南新区综合市场店)","address":"花园路(城南新区综合市场)","phone":"电话:18009065983"},{"name":"AK电竞馆(九洲又一城店)","address":"虹苑北路东段与双碑中街交叉口西约160米","phone":"电话:18030977280"},{"name":"智慧网吧(三河街店)","address":"普明北路东段三河堰居委会4组33号","phone":"电话:13881181559"},{"name":"酷点电竞","address":"虹苑路27号富安新居内","phone":"电话:0816-2718117"},{"name":"蓝魔网咖","address":"幼儿园旁边","phone":"电话:18081169602"},{"name":"心怡电竞","address":"普明街道永昌路与弘光路交汇处东南侧益安宾馆旁","phone":""},{"name":"金玖网络","address":"九洲科技工业园西2门西南70米","phone":""},{"name":"云鼎电竞(天楠店)","address":"绵阳市涪城区塘坊大道卓信金楠天街","phone":""},{"name":"轩宏网络","address":"上马西街65号11栋","phone":"电话:15328206299"},{"name":"临渊羡鱼电竞馆","address":"四川省绵阳市涪城区新皂镇石梯子村10组27号","phone":""},{"name":"老马网咖","address":"西街14-3号","phone":"电话:18144267962"},{"name":"晨星网咖(永昌路店)","address":"万兴公爵府南2门旁","phone":"电话:13320880833"},{"name":"零点网咖(中华坊店)","address":"科创园区九洲大道附88号中华坊一期B组团2栋1层11号","phone":"电话:0816-2218718"},{"name":"欢乐嘉时光电玩游乐场(涪城茂业店)","address":"公园路1号兴达广场茂业百货三楼","phone":"电话:18161221007"},{"name":"狂飙网咖(樊华似锦店)","address":"飞云大道东段繁华似景4期二楼","phone":"电话:18188406355"},{"name":"品奢电竞网咖","address":"四川省绵阳市涪城区临园路西段30号-18号","phone":""},{"name":"方寸之间网咖(圣水购物广场店)","address":"玉龙街玉女路211号","phone":"电话:15328228081"},{"name":"袋鼠电竞","address":"绵阳市涪城区科大路科大美林东南侧约90米","phone":""},{"name":"遇见网咖天下无敌店","address":"万兴街15号附6号","phone":"电话:13458042901"},{"name":"羽彩电竞","address":"长虹大道北段89-27号","phone":"电话:08162991163"},{"name":"时空战舰电竞","address":"四川省绵阳市游仙区五里堆南路49-102号","phone":"电话:18161017308"},{"name":"艾加电竞","address":"群文西街6号","phone":"电话:18181776117"},{"name":"星火电竞","address":"跃进路中段404医院十字路口","phone":"电话:18781163666"},{"name":"快速电竞(兴亚店)","address":"永兴综合市场水电商务酒店对面","phone":"电话:18608165507"}]