[{"name":"雅池电竞网吧","address":"民安镇民族路中路123号","phone":""},{"name":"快来电竞","address":"湖南省湘西土家族苗族自治州吉首市乾州汽车总站湘泉世纪领域第一栋109号门面","phone":"电话:13574340068"},{"name":"星河电竞(世纪大道店)","address":"湖南省湘西土家族苗族自治州吉首市接丰巷42号2楼","phone":"电话:0743-2810111"},{"name":"风雨湖网吧","address":"人民中路89号","phone":"电话:18974339668"},{"name":"2020电竞酒店","address":"湖南省湘西土家族苗族自治州吉首市人民中路砂子坳加油站旁","phone":""},{"name":"创一电竞馆","address":"世纪大道世纪山水酒店大门右边(二楼)","phone":"电话:0743-8537745"},{"name":"蓝鲸电竞(建设南路店)","address":"鹏程园一单园201室","phone":""},{"name":"梦之路电竞(北半球店)","address":"民安街道办事处二0九国道（原供水大厦二楼）","phone":""},{"name":"言叶之森网咖(吉首店)","address":"武陵东路101号2楼","phone":"电话:17374373433"},{"name":"枫尚电竞","address":"金地明珠2楼","phone":""},{"name":"石頭电竞(吉首店)","address":"湘西土家族苗族自治州吉首商业城二楼219号商铺","phone":""},{"name":"吉首市星耀电竞","address":"世纪大道18号世纪山水61栋203-204室","phone":""},{"name":"魅力皇朝电竞(吉首店)","address":"湘西土家族苗族自治州武陵东路3号吉首商业城","phone":""},{"name":"2020电竞酒店","address":"湖南省湘西土家族苗族自治州吉首市人民中路砂子坳加油站旁","phone":""},{"name":"探险阳光乐园(吉首和盛堂店)","address":"人民北路99号和盛堂百货5楼探险","phone":"电话:15074319298/18797463066"},{"name":"世纪电玩城","address":"人民中路390号世纪广场商业城F3层","phone":"电话:13974311069"},{"name":"乐动奇迹","address":"乾州街道载福路7号盛世豪庭欢乐城第三层L3-20号","phone":"电话:19311437893"},{"name":"头号玩家电竞","address":"吉首大学北门学府嘉园商场4楼","phone":"电话:17752626612"},{"name":"幻时空电玩城","address":"乾州街道世纪大道101号佳慧超市","phone":""},{"name":"燃熊电竞馆","address":"人民北路107号206","phone":"电话:0743-8660003"},{"name":"拳头电竞","address":"湘西土家族苗族自治州吉首市西一环吉首市博士幼儿园(冲塘巷)东南侧约250米","phone":""},{"name":"魔方电竞(朝阳路店)","address":"香桂圆东北门东南75米","phone":"电话:19974318196"},{"name":"极速电竞(人民北路店)","address":"湖南省湘西土家族苗族自治州吉首市人民北路7号","phone":"电话:19974328881"},{"name":"世纪电竞(世纪广场购物中心店)","address":"湖南省吉首市乾州街道湘西州世纪广场商业城第一栋134号世纪广场购物中心F2","phone":""},{"name":"网际豪庭(文艺路)","address":"文艺路与武陵东路交叉口南120米","phone":"电话:0743-8518000"},{"name":"超级大玩家(天虹店)","address":"吉首天虹购物中心负一楼","phone":"电话:18706796231"},{"name":"兄弟电玩","address":"湘西土家族苗族自治州吉首市人民中路世纪广场","phone":""},{"name":"哈乐园电玩","address":"财信商厦佳惠超市服务台处","phone":""}]