[{"name":"头号玩家电竞网咖(官渡路店)","address":"黑龙江省黑河市爱辉区官渡路12号","phone":"电话:15945651234"},{"name":"辉岩电玩城","address":"黑龙江省黑河市嫩江市双山镇1委新天地-D座附近23米","phone":"电话:13214662777"},{"name":"桔子电竞网咖","address":"龙滨路74号","phone":"电话:18545640521"},{"name":"加勒比网咖(中央街店)","address":"中央东大街256号（亮城家园底商）","phone":"电话:15945651234"},{"name":"无限斗主机体验馆","address":"官渡路7号","phone":"电话:18814652005"},{"name":"无忧电竞","address":"黑河市北安市乌裕尔大街世贸国际西南侧约50米","phone":""},{"name":"A+卓威电竞馆(福民大街店)","address":"福民大街与嫩兴路交叉口东南80米","phone":""},{"name":"纵横网络(龙升农贸市场店)","address":"东北亚购物公园东南194号","phone":""},{"name":"118号电竞馆(东北亚购物公园店)","address":"黑河市北安市龙江路148号东北亚购物公园","phone":""},{"name":"电竞馆","address":"黑河市嫩江市繁华路龙圣大酒店西北侧约140米","phone":""}]