[{"name":"星辰电竞","address":"百馨西苑港区西路110幢10号","phone":"电话:15995073323"},{"name":"电竞风","address":"常州市武进区龙颜路南苑小区-南区","phone":""},{"name":"西园电竞","address":"鸣新东路20-17号3层","phone":"电话:18112892551"},{"name":"e网情深网咖(河海东路店)","address":"河海东路145号（河海地铁站4号口步行450米）","phone":"电话:17712779906/18961400800"},{"name":"曼都电竞","address":"邹区时代广场58幢129号","phone":"电话:13912335491"},{"name":"雨欣电竞(清水湾花园店)","address":"云河路清水湾花园一期23、25号商铺","phone":"电话:18801508808"},{"name":"小巨人电竞网咖(丽华店)","address":"光华路丽华一村48-1二楼","phone":"电话:17701703111"},{"name":"瀚轩电竞","address":"翠湖菜市场三楼","phone":"电话:0519-88886666"},{"name":"网鱼网咖(常州新北万达店)","address":"通江中路369号太阳城购物广场3层","phone":"电话:0519-85807758"},{"name":"莱利网吧","address":"魏村戎家村258号","phone":"电话:15380005688"},{"name":"千帆网咖(九洲店)","address":"兰陵街道劳动西路九洲新世界北门5-13号(九洲服装城对面)","phone":""},{"name":"网鱼网咖·电竞(常州汉江路店)","address":"金城大厦368号","phone":"电话:18115420798"},{"name":"网鱼电竞(常州宝龙广场店)","address":"梧桐路宝龙广场1号口上三楼ktv隔壁","phone":"电话:18114320798"},{"name":"新境界网咖(红梅假日广场店)","address":"竹林南路红梅假日广场31号","phone":"电话:18015002338"},{"name":"芒果网咖·阿姨奶茶(湖港名城店)","address":"今创路湖港名城商铺58号","phone":"电话:18118378878"},{"name":"网友网咖(泰富时代广场店)","address":"东方路振中路泰富时代广场三楼","phone":"电话:0519-85251998"},{"name":"动感网咖(阳湖路店)","address":"阳湖东路南湖家苑商业中心F2层","phone":"电话:15161168887"},{"name":"怡华网吧","address":"飞龙东路红梅假日广场13-3","phone":"电话:13585311322"},{"name":"拓维电竞(圩塘店)","address":"新民家园36-2号","phone":"电话:13806121042"},{"name":"中达网咖","address":"经济开发区常州市武进经发区职工宿舍北区1号楼(兰香路18号-15)商业中心2层","phone":""},{"name":"晓君网咖","address":"金牛中路51号","phone":"电话:13775082568"},{"name":"恒达网咖(龙颜路店)","address":"南淳家园SP-2幢2楼","phone":""},{"name":"巨蟹座电竞(银谷广场店)","address":"武宜中路与鸣新中路交叉口东南角银谷广场F3层","phone":"电话:18994772292"},{"name":"常州美高梅电竞","address":"常州市钟楼区大华路安阳花苑-西区东南侧约30米","phone":"电话:18888024122"},{"name":"恒通网咖(东城路店)","address":"东方东路181号","phone":""},{"name":"大狮电竞","address":"鸣新中路3-303号","phone":"电话:18861132949"},{"name":"瑞得网咖·台球·棋牌(创新一路店)","address":"盘龙苑创新一路2-22综合市场","phone":"电话:15380050822"},{"name":"宇飞网咖","address":"红梅街道竹林东路康家塘47-1","phone":"电话:18625293285"},{"name":"虹门电竞(德泰恒大楼店)","address":"德泰恒大楼3楼","phone":""},{"name":"蓝冰网咖(常工院店)","address":"健身北路31-5号锦绣花园31幢3-5号","phone":"电话:13961294466"},{"name":"风云网咖","address":"花园街332号","phone":"电话:13337886897"},{"name":"盛世网咖(紫荆西路店)","address":"荆川路98号紫荆苑36-2号","phone":"电话:13912341611"},{"name":"云居网咖(香山路店)","address":"巢湖路嘉顺花园6-15号","phone":"电话:13775633307"},{"name":"欢悦网咖","address":"星港花苑1号楼1-3号","phone":"电话:17712752492"},{"name":"灰蚁电竞(星河店)","address":"武宜北路9号星河cococityL4C-001号","phone":"电话:15306111180"},{"name":"灰度网咖","address":"北港街道宝龙国际花园61-19(青枫公园南面天主教堂斜对面)","phone":"电话:13625115035"},{"name":"艾依电竞馆(牛塘店)","address":"牛塘镇青云村后路组15号","phone":"电话:13372287222"},{"name":"云居电竞","address":"江苏省常州市新北区通江中路108号丰臣国际广场F2","phone":""},{"name":"常州网咖(闽江店)","address":"人民路与大华路交叉口人民路51号","phone":"电话:17315388777"},{"name":"疾风电竞馆","address":"江苏省常州市金坛区亿晶大街172-15号","phone":""},{"name":"","address":"","phone":""},{"name":"","address":"","phone":""},{"name":"","address":"","phone":""},{"name":"","address":"","phone":""},{"name":"","address":"","phone":""},{"name":"","address":"","phone":""},{"name":"","address":"","phone":""},{"name":"","address":"","phone":""},{"name":"","address":"","phone":""},{"name":"","address":"","phone":""},{"name":"网鱼网咖·电竞(常州汉江路店)","address":"金城大厦368号","phone":"电话:18115420798"},{"name":"网鱼网咖·电竞(常州文化宫店)","address":"元丰巷与桃林巷交叉口西50米","phone":"电话:17312218289"},{"name":"网鱼网咖·电竞(常州万博广场店)","address":"湖塘镇万博广场二楼北边二号门扶梯上(宝莱眼镜旁)","phone":""},{"name":"网鱼电竞(常州宝龙广场店)","address":"梧桐路宝龙广场1号口上三楼ktv隔壁","phone":"电话:18114320798"},{"name":"点点网吧(中吴大道店)","address":"昌盛路136号交通银行对面","phone":""},{"name":"动感网咖(阳湖路店)","address":"阳湖东路南湖家苑商业中心F2层","phone":"电话:15161168887"},{"name":"怡华网吧","address":"飞龙东路红梅假日广场13-3","phone":"电话:13585311322"},{"name":"芒果网咖·阿姨奶茶(湖港名城店)","address":"今创路湖港名城商铺58号","phone":"电话:18118378878"},{"name":"中达网咖","address":"经济开发区常州市武进经发区职工宿舍北区1号楼(兰香路18号-15)商业中心2层","phone":""},{"name":"网友网咖(泰富时代广场店)","address":"东方路振中路泰富时代广场三楼","phone":"电话:0519-85251998"},{"name":"中达网咖","address":"经济开发区常州市武进经发区职工宿舍北区1号楼(兰香路18号-15)商业中心2层","phone":""},{"name":"恒达网咖(龙颜路店)","address":"南淳家园SP-2幢2楼","phone":""},{"name":"晓君网咖","address":"金牛中路51号","phone":"电话:13775082568"},{"name":"常州美高梅电竞","address":"常州市钟楼区大华路安阳花苑-西区东南侧约30米","phone":"电话:18888024122"},{"name":"恒通网咖(东城路店)","address":"东方东路181号","phone":""},{"name":"大狮电竞","address":"鸣新中路3-303号","phone":"电话:18861132949"},{"name":"瑞得网咖·台球·棋牌(创新一路店)","address":"盘龙苑创新一路2-22综合市场","phone":"电话:15380050822"},{"name":"蓝冰网咖(常工院店)","address":"健身北路31-5号锦绣花园31幢3-5号","phone":"电话:13961294466"},{"name":"宇飞网咖","address":"红梅街道竹林东路康家塘47-1","phone":"电话:18625293285"},{"name":"盛世网咖(紫荆西路店)","address":"荆川路98号紫荆苑36-2号","phone":"电话:13912341611"},{"name":"虹门电竞(德泰恒大楼店)","address":"德泰恒大楼3楼","phone":""},{"name":"风云网咖","address":"花园街332号","phone":"电话:13337886897"},{"name":"云居网咖(香山路店)","address":"巢湖路嘉顺花园6-15号","phone":"电话:13775633307"},{"name":"欢悦网咖","address":"星港花苑1号楼1-3号","phone":"电话:17712752492"},{"name":"灰度网咖","address":"北港街道宝龙国际花园61-19(青枫公园南面天主教堂斜对面)","phone":"电话:13625115035"},{"name":"灰蚁电竞(星河店)","address":"武宜北路9号星河cococityL4C-001号","phone":"电话:15306111180"},{"name":"艾依电竞馆(牛塘店)","address":"牛塘镇青云村后路组15号","phone":"电话:13372287222"},{"name":"常州网咖(闽江店)","address":"人民路与大华路交叉口人民路51号","phone":"电话:17315388777"},{"name":"云居电竞","address":"江苏省常州市新北区通江中路108号丰臣国际广场F2","phone":""},{"name":"星痕网络会所","address":"长安家园4幢2层","phone":""},{"name":"云居电竞","address":"江苏省常州市新北区通江中路108号丰臣国际广场F2","phone":""},{"name":"浪淘沙网咖棋牌台球·LOL特权店(薛家农贸市场店)","address":"奥园路70号","phone":"电话:18859313723"},{"name":"星痕网络会所","address":"长安家园4幢2层","phone":""},{"name":"捌号电竞","address":"龙名仕豪庭10栋2楼204-207","phone":""},{"name":"雷城网咖(圩墩路店)","address":"圩墩路68号好精彩家具成","phone":"电话:17396838908"},{"name":"摩尔网咖(理工学院店)","address":"湖滨路1号","phone":"电话:15380050922"},{"name":"灰蚁电竞(九洲店)","address":"江苏省常州市天宁区劳动中路39号","phone":"电话:13337888907"},{"name":"帝豪网咖·棋牌(种茂大楼店)","address":"人民中路33-35号","phone":"电话:15851966828"},{"name":"网鱼电竞(常州邹区泰富时代广场店)","address":"常州市钟楼区东方大道188号邹区泰富时代广场F2","phone":"电话:18961295133"},{"name":"网鱼网咖·电竞(常州南大街莱蒙店)","address":"南大街莱蒙都会商业街1-202","phone":"电话:18761169681"},{"name":"简尚网咖","address":"滆湖中路36-28号","phone":"电话:15306222263"},{"name":"帝豪网咖·棋牌(种茂大楼店)","address":"人民中路33-35号","phone":"电话:15851966828"},{"name":"网鱼电竞(常州中吴大道丽华店)","address":"中吴大道1082号,诺诚高地商务广场8幢","phone":"电话:18961198626"},{"name":"网鱼电竞(常州艺博园店)","address":"江苏省常州市新北区庆阳路58-1号","phone":"电话:19802515224"},{"name":"网鱼电竞(常州文化广场店)","address":"文化广场印象天地负一楼109-2号商铺(肯德基对面)","phone":"电话:15151980168"},{"name":"网林高手(河海店)","address":"燕山路40号（网林高手网咖）","phone":""},{"name":"网鱼电竞(常州飞龙吾悦广场飞龙中路店)","address":"江苏省常州市新北区常州飞龙吾悦广场3楼(飞龙中路店)","phone":"电话:15861893050"},{"name":"网鱼网咖·电竞(常州南大街莱蒙店)","address":"南大街莱蒙都会商业街1-202","phone":"电话:18761169681"},{"name":"网鱼电竞(常州龙虎道成广场店)","address":"江苏省常州市新北区道成广场1幢203~208号商铺","phone":"电话:15951210139"},{"name":"龙源电竞网咖(天宁常发豪郡店)","address":"江苏省常州市天宁区青龙街道逸方路常发豪郡16号商铺","phone":"电话:17768366989"},{"name":"网鱼网咖·电竞(常州新区公园地铁站店)","address":"黄山路99-5号-6-16-2号","phone":"电话:15161112049"},{"name":"清风网吧(巢湖路店)","address":"巢湖路江南春晓花园24号","phone":"电话:18015880320"},{"name":"常州网咖(千百回店)","address":"前桥新村37之3-4号","phone":"电话:15851571119"},{"name":"豆豆电竞网咖(招商花园城店)","address":"武进招商花园城105号","phone":""},{"name":"常州市焱焱网咖(广信·悦动广场店)","address":"悦动广场2幢330号、331号","phone":"电话:13776846381"},{"name":"澳新电竞网咖(猫空澳新分店)","address":"江苏省常州市武进区花园街与科北街交叉口东北50米","phone":"电话:18018216056"},{"name":"灰蚁电竞(万博广场店)","address":"常武北路108号3楼306商铺","phone":"电话:13775082048"},{"name":"米游网咖(万达广场店)","address":"花园街301号武进万达广场南区2层武进金街","phone":"电话:13912341096"},{"name":"康佳网络会所·棋牌(花园新村店)","address":"五星街道怀德中路花园新村28号2楼(花园工商银行楼上)","phone":"电话:13912347761"},{"name":"追忆电竞馆","address":"新福路绿地世纪城商铺44号","phone":"电话:18261991681"},{"name":"江南易点网咖","address":"人民中路617号2楼(信特超市入口上二楼)","phone":"电话:13912341096"},{"name":"慕爱网咖(时代金街店)","address":"东方路5号华佳时代金街1-403号","phone":""},{"name":"川汐电竞","address":"翠园世家商业街2楼","phone":"电话:15351931329"},{"name":"青涩年代网络会所(丽华店)","address":"丽华北路121号华盛家园","phone":"电话:0519-85326261/18068536161"},{"name":"蜀之缘网吧(前桥店)","address":"长江路6号前桥新村19号楼","phone":"电话:17352432865"},{"name":"诺凡网咖","address":"天鹅湖花园10幢1号","phone":"电话:17712333356"},{"name":"雷城电竞(弘阳广场店)","address":"中吴大道弘阳上城二楼","phone":"电话:18921099308"},{"name":"懒猫电竞","address":"创新一路1-32号","phone":"电话:18651994476"},{"name":"新潮流网咖(吾悦广场店)","address":"吾悦广场11-122号","phone":"电话:13382813138"},{"name":"拓维电竞(薛家店)","address":"江苏省常州市新北区奥园路37-2号","phone":"电话:13861143072"},{"name":"雨点网咖(小雨点店)","address":"邹区南大街96号","phone":"电话:15720649184"},{"name":"灰蚁电竞·猫空店(凯尔LOMO广场店)","address":"花园街凯尔锋度LOMO广场负一楼B111-B118号","phone":""},{"name":"宏源网咖城堡(奥体中心店)","address":"水木年华花园3-5号3层","phone":""},{"name":"战霆电竞网咖","address":"浏阳河路与通江中路交叉口东北220米","phone":""},{"name":"绝地大咖网吧","address":"辽河路亿达商务中心196-3号","phone":""},{"name":"拓维电竞(盘龙苑店)","address":"创新一路32号盘龙苑东区2楼","phone":""},{"name":"雨欣电竞(奥园路店)","address":"江苏省常州市新北区薛家镇奥园路66","phone":""},{"name":"蜂鸟电竞·榕都网咖","address":"金鸡东路7-17号","phone":"电话:18915017682"},{"name":"网鱼网咖·电竞(新桥商业广场店)","address":"新桥商业广场3幢2120、2121号","phone":"电话:13861064191"},{"name":"昌达网吧(南湖路)","address":"天山花园65号","phone":"电话:18018220717"},{"name":"吉米网咖(新桥店)","address":"新桥大街新桥商业广场2120号","phone":"电话:0519-88886666"},{"name":"新乐网吧(勤业路店)","address":"五星街道勤业路星园路口向东30米(邮局对面)","phone":"电话:13951226665/13951228885"},{"name":"傲游网络(许家巷)","address":"清潭路262号","phone":"电话:13915088650"},{"name":"电竞动漫星空舱","address":"常州市天宁区青洋北路青龙苑","phone":""},{"name":"虹17电竞","address":"常州市钟楼区官保巷德泰恒大楼","phone":""},{"name":"淘缘网咖(马杭北路店)","address":"兴隆街80-12号2层","phone":"电话:18262973877"},{"name":"嘉年华网吧(新昌路店)","address":"新昌路186-190号","phone":""},{"name":"盛美电竞(金谷花园店)","address":"怀德中路金谷花园17幢1层","phone":"电话:15380009330"},{"name":"网鱼电竞(常州龙湖天街店)","address":"五星街道星悦花都10幢负1层","phone":"电话:15951202521"},{"name":"X电竞","address":"芭芘酒吧与菲芘金座中间","phone":"电话:13337883822"},{"name":"盛美电竞(金谷花园店)","address":"怀德中路金谷花园17幢1层","phone":"电话:15380009330"},{"name":"拓维电竞(盘龙苑店)","address":"创新一路32号盘龙苑东区2楼","phone":""},{"name":"网鱼电竞(常州龙湖天街店)","address":"五星街道星悦花都10幢负1层","phone":"电话:15951202521"},{"name":"X电竞","address":"芭芘酒吧与菲芘金座中间","phone":"电话:13337883822"},{"name":"腾讯认证电竞馆","address":"常州市新北区武夷山路清水湾花园-南区","phone":""},{"name":"灰蚁电竞·猫空店(凯尔LOMO广场店)","address":"花园街凯尔锋度LOMO广场负一楼B111-B118号","phone":""},{"name":"灰蚁电竞(澳新店)","address":"花园街与科北街交叉口东北80米","phone":"电话:18106122260"},{"name":"雨欣电竞(锦海星城店)","address":"新桥镇武夷山路锦海星城20-1、20-2号二楼","phone":"电话:18801508808"},{"name":"拓维电竞(卢家巷店)","address":"卢家巷卢南街7-2号","phone":"电话:13775639622/13915013613"},{"name":"大玩家(新北万达店)","address":"通江中路88号万达商业广场娱乐楼三楼6-301号","phone":"电话:0519-83997163/15151980393"},{"name":"乐满堂电玩公园(吾悦广场店)","address":"武宜中路188号吾悦广场3层（电影院楼下）","phone":"电话:0519-88668966"},{"name":"灰蚊电竞","address":"常州市武进区常武北路芳草园","phone":""},{"name":"天空之城游乐体验世界(路劲又一城店)","address":"湖塘镇花园街33号又一城购物广场1楼(湖塘大润发隔壁)","phone":"电话:0519-88990889"},{"name":"天空之城游乐体验世界(吾悦国际广场店)","address":"延陵西路123号吾悦国际广场A栋3层","phone":"电话:0519-81885758"},{"name":"大玩家(武进万达店)","address":"花园街301号万达广场二楼","phone":"电话:0519-86294996"}]