[{"name":"无尽电竞","address":"泰基工业城生活配套服务区一期豪美商铺B座二层7-10号铺","phone":"电话:19926958784"},{"name":"联盟网吧(中山路店)","address":"骏豪城南门东110米","phone":""},{"name":"天城电竞(顺盈店)","address":"清远市静福路金茂公馆2号楼226室","phone":"电话:17353028848/19007631007"},{"name":"艺龙电竞馆","address":"清远市清城区G240","phone":""},{"name":"绿道电竞(清远店)","address":"凤翔中路广信花园康雅苑2层01号铺","phone":""},{"name":"聚友电竞馆","address":"富强路6号2楼","phone":"电话:19075666736"},{"name":"桔上电竞(顺盈时代广场店)","address":"人民一路28号顺盈时代广场2-5号4层商铺","phone":"电话:13711911886"},{"name":"方野电竞","address":"清远市英德市新天路英德新天地东北侧约30米","phone":""},{"name":"环宇网吧(滨江路店)","address":"清滨江路振盛五金经营部隔壁","phone":"电话:0763-3638262"},{"name":"华鑫电竞馆","address":"广清产业园华越广场4幢2层","phone":"电话:13590510859"},{"name":"晨曦网吧(朝阳路店)","address":"朝阳路16号1层4号","phone":"电话:0763-5821599"},{"name":"星空网吧(顺景新邨东北店)","address":"商业街","phone":"电话:13500299312"},{"name":"精英电竞馆(城市花园店)","address":"滨江路城市花园4号","phone":"电话:0763-3638386"},{"name":"飞鱼电竞","address":"先锋中路城市广场一期四层自编492商铺","phone":"电话:19926981151"},{"name":"康富电竞","address":"康乐路1号嘉乐豪园A栋2楼","phone":"电话:13431999968"},{"name":"桔上电竞(城市花园店)","address":"广东省清远市清城区洲心街道城市花园-牡丹苑","phone":"电话:16676771094"},{"name":"城市网咖","address":"人名二路城市花园30号楼2层","phone":"电话:18922550202"},{"name":"酷我电竞(蓝点店)","address":"北门街富利花园5号楼（技嘉笔记本维修中心楼上）","phone":"电话:18938604430"},{"name":"皮皮虾电竞","address":"石狮路2号体育中心体育馆B111铺","phone":"电话:15018771959"},{"name":"传奇电竞俱乐部(康怡花园店)","address":"笔架路康怡居首层103,104及二层","phone":"电话:0763-5812552"},{"name":"全德网吧","address":"金荷花园6号小区C二栋2层","phone":"电话:0763-3343702"},{"name":"机灵网吧","address":"滨江路49号","phone":"电话:15627603414"},{"name":"风云网吧(笔架路店)","address":"北架路阳光丽居a栋","phone":"电话:13926678281"},{"name":"武大侠网吧","address":"振南街B座201号","phone":"电话:0763-3855869"},{"name":"福来网吧(滨江路店)","address":"清和大道141号2楼","phone":"电话:13192752915"},{"name":"精灵网吧(凤翔大道店)","address":"凤城大道6号景馨名居20-21号商铺","phone":""},{"name":"玩家电竞馆(宝银旺商业中心清远店)","address":"先锋东路3路世纪荟广场首层106室","phone":"电话:15986080848"},{"name":"新星网吧(培英路店)","address":"培英路与渝园街交叉路口往东约50米(时代花园南侧)","phone":"电话:13413481800"},{"name":"如逸电竞馆","address":"东城大道6号新时代嘉园1座(综合楼)首层商铺13.14号","phone":"电话:15986080848"},{"name":"又一家动漫城","address":"南门街6号","phone":"电话:13437803220"},{"name":"天空之城游乐体验世界(清远万达店)","address":"湖西路89号万达广场3F-A-1号商铺","phone":"电话:13511167842"},{"name":"盈科网吧(中录时空店)","address":"滨江路广泰商业街22号远志楼2楼","phone":"电话:0763-3870985"},{"name":"漫威电竞酒店(万达广场店)","address":"广东省清远市清新区新宁路3号","phone":""},{"name":"聊天网吧(信用路店)","address":"建设路尚丽居C栋2楼","phone":""},{"name":"极限主场(顺盈·城市广场店)","address":"先锋中路18号城市广场三楼","phone":"电话:0763-3348809"},{"name":"澎湃电竞","address":"清远市清城区半环东路朝南维港新天地","phone":"电话:18025039222"},{"name":"开心主场(顺盈时代广场店)","address":"洲心街道人民一路28号顺盈时代广场3层","phone":"电话:0763-3109171"},{"name":"猎游电竞(胜利广场店)","address":"广东省清远市清城区人民路1号胜利广场二号楼二楼B05","phone":""},{"name":"0rigin电竞酒店(清远顺盈广场店)","address":"清远市东方天城13栋2322号","phone":""},{"name":"海洋游艺城(赢之城购物中心店)","address":"连江路78号赢之城购物中心F2层","phone":"电话:17608512294"},{"name":"疯狂牛仔城电玩体验中心(宝银旺商业中心店)","address":"世纪荟广场一层","phone":"电话:18098155547"}]