[{"name":"电竞部落网咖","address":"海城市海州管理区泰华园小区2-4号门","phone":"电话:13104228859"},{"name":"桔子电竞网咖(北顺城路店)","address":"人民保险交通岗路北8米","phone":"电话:04123333318/18624600141"},{"name":"尖端电竞网咖","address":"辽宁省鞍山市铁东区站前街道青年街3号","phone":"电话:15566267266"},{"name":"时空电竞","address":"台安县金帝溪阁东门","phone":""},{"name":"九一电竞","address":"辽宁省鞍山市海城市东方红路御隆盛景小区","phone":"电话:18242200200"},{"name":"网娱电竞","address":"兴源街祥圣小区18号楼6-7门面","phone":""},{"name":"网鱼网咖·电竞(东市街店)","address":"辽宁省鞍山市台安县东市街金瀚馨园1号楼北1号门市","phone":"电话:13514123000"},{"name":"齐天大圣电竞网咖","address":"辽宁省鞍山市海城市经济开发区长江路212号","phone":"电话:15084020505"},{"name":"延鑫网吧(百年老街店)","address":"立山街26号","phone":"电话:0412-6623160"},{"name":"黑鲨电竞主题网咖(大润发店)","address":"民生西路大润发超市北门（铁西潮流之外）","phone":"电话:18824111113"},{"name":"都市阳光电竞馆","address":"自动化小区11号楼","phone":""},{"name":"云上电竞网咖(湖南街店)","address":"湖南街16号","phone":""},{"name":"新斌电竞网咖棋牌","address":"园林大道416号深沟寺11区51栋","phone":"电话:13104120819"},{"name":"英冠电竞馆(立山店)","address":"鞍千路与孟家沟街交叉口西180米","phone":"电话:13050004147/17614127553"},{"name":"千鸣笛网苑","address":"站前一道街国泰后边","phone":"电话:13130069545"},{"name":"那迪派网吧(韩国第一街店)","address":"阪芙·小镇回迁楼南3门旁","phone":""},{"name":"e&a电竞生态馆(五一路店)","address":"二道街91号文化街3号负一层G区（第一大道负一层）","phone":"电话:15164289700"},{"name":"杰森电竞(百盛店)","address":"铁东一道街80号","phone":"电话:17642048215"},{"name":"青蓝电竞网咖(解放东路店)","address":"鞍山市铁东区解放东路春熙园西北侧","phone":"电话:15604220652"},{"name":"子非鱼网吧(大学城综合广场店)","address":"千山中路280号","phone":"电话:13904200533"},{"name":"天下网苑(双山路店)","address":"深沟寺双山路82号","phone":"电话:0412-7654329"},{"name":"麦田·電競","address":"解放东路25栋S1层","phone":""},{"name":"圣光天翼网吧","address":"鞍山市铁西区达旗街林溪城北侧约40米","phone":"电话:18842265131"},{"name":"大咖电竞(万达广场鞍山店)","address":"辽宁省鞍山市立山区千山中路278甲号万达广场1A","phone":"电话:15604221175"},{"name":"千枫网苑","address":"自治街14-8号","phone":"电话:13998000937"},{"name":"凯圣网络会所(黑鲨网咖胜利北路店)","address":"胜利北路79号（原立山劳动大厦北走50米）","phone":"电话:18824111113"},{"name":"大时代网苑(解放东路店)","address":"解放东路9号1-57附近","phone":""},{"name":"快乐吧网苑(人民路店)","address":"人民路56号","phone":""},{"name":"芸聚网苑","address":"铁西三道街24号附近","phone":"电话:13998094233"},{"name":"金色年华网咖","address":"东山街红楼小区33号(四隆畅响KTV对面)","phone":"电话:15841255586"},{"name":"金悦电竞影院公寓(鞍山万熹广场店)","address":"鞍山市二道街万熹城市广场B座27层2722房间","phone":""},{"name":"万通网苑(铁西六道街店)","address":"六街口阳光800北门的","phone":""},{"name":"青蕾电竞","address":"鞍山市铁东区解放东路春熙园西北侧约30米","phone":""},{"name":"世冠网吧","address":"兴盛路165号金地花园正门西20米","phone":"电话:0412-2882222"},{"name":"独角兽网咖(太平街店)","address":"太平街154号5栋","phone":"电话:13029395413"},{"name":"东方英雄嘉年华(站前店)","address":"五道街60号（新华影城旁、邻景子街小商品城）","phone":"电话:0412-2524755"},{"name":"皓展电竞(铁西民生路店)","address":"辽宁省鞍山市铁西区152号民生西路152号","phone":"电话:0412-6311111"},{"name":"奥逸星网吧","address":"建设大道808号","phone":"电话:15641217988"},{"name":"嗨潮主机游戏店PS5·switch","address":"明山街15号","phone":"电话:18609800807"},{"name":"千年游网苑","address":"共和街28号","phone":"电话:18642252677"},{"name":"逸通时空网络会所","address":"康乐街39-45号","phone":"电话:13942270802"},{"name":"7号潮玩俱乐部","address":"五一路33号乐雪市场5楼","phone":"电话:18941241233"},{"name":"大玩家(万达广场店)","address":"千山中路万达广场1B","phone":"电话:0412-7267744"},{"name":"东方英雄(碧乐城店)","address":"二道街71号1-29-210万熹佳柏奥特莱斯7层7017号商铺","phone":""},{"name":"圣通网苑","address":"民生西路48号唐帝园西南2门旁","phone":"电话:13065423591"},{"name":"月亮堡主机游戏","address":"铁东十一道街6栋临街商铺","phone":"电话:0412-5555772"},{"name":"新新意网苑(馨合家园北区店)","address":"民主街与长胜街交叉口北60米","phone":""},{"name":"祥龙网咖","address":"爱国街119号","phone":"电话:15842009460"},{"name":"浩鋆网苑","address":"新开街甲63-2号","phone":"电话:13941289008"},{"name":"葫芦娃电玩城(佳泰乐超市店)","address":"辽宁省鞍山市铁东区湖南街道湖南街105号","phone":""},{"name":"","address":"","phone":""},{"name":"","address":"","phone":""},{"name":"","address":"","phone":""},{"name":"","address":"","phone":""},{"name":"","address":"","phone":""},{"name":"","address":"","phone":""},{"name":"","address":"","phone":""},{"name":"","address":"","phone":""},{"name":"","address":"","phone":""},{"name":"","address":"","phone":""},{"name":"千枫网苑","address":"自治街14-8号","phone":"电话:13998000937"},{"name":"芸聚网苑","address":"铁西三道街24号附近","phone":"电话:13998094233"},{"name":"杰森电竞(百盛店)","address":"铁东一道街80号","phone":"电话:17642048215"},{"name":"大玩家主机游戏店PS4·PS5·SWITCH","address":"美南大厦2206号","phone":"电话:15566885645/15842244266"},{"name":"头号玩家主机游戏店PS4·PS5·Switch(万熹店)","address":"站前街道三道街10栋21层295号（万熹B座）","phone":""},{"name":"e&a电竞生态馆(五一路店)","address":"二道街91号文化街3号负一层G区（第一大道负一层）","phone":"电话:15164289700"},{"name":"金色年华网咖","address":"东山街红楼小区33号(四隆畅响KTV对面)","phone":"电话:15841255586"},{"name":"7号潮玩俱乐部","address":"五一路33号乐雪市场5楼","phone":"电话:18941241233"},{"name":"月亮堡主机游戏","address":"铁东十一道街6栋临街商铺","phone":"电话:0412-5555772"},{"name":"星际潮玩(碧乐城店)","address":"二道街71号碧乐城3楼","phone":""},{"name":"东方英雄嘉年华(站前店)","address":"五道街60号（新华影城旁、邻景子街小商品城）","phone":"电话:0412-2524755"},{"name":"库玩台球游戏室","address":"十二道街52栋东侧第七间南向车库","phone":"电话:13624921019/19904207348"},{"name":"头号玩家主机游戏店PS4·PS5·Switch(万熹店)","address":"站前街道三道街10栋21层295号（万熹B座）","phone":""},{"name":"头号电竞·私人影院(万熹店)","address":"铁东三道街10栋17层131号（万熹B座）","phone":"电话:13194128801"},{"name":"次世代主机游戏室·PS5·XBOX·Switch","address":"文化街美南大厦1602号","phone":"电话:18642216066"},{"name":"玩刻GAME SPACE(鞍山万象汇店)","address":"建国大道700号万象汇","phone":""},{"name":"心动方格","address":"四隆广场四层四隆国际电影院旁","phone":""}]