[{"name":"劲叶网吧","address":"经济开发区兴旺路积山村塘边59-1号","phone":"电话:18046160853"},{"name":"快乐网咖·卓威包厢(芗城区店)","address":"漳华路1-24号附近","phone":"电话:0596-2105189"},{"name":"高新网吧(大学城店)","address":"大学路学生中心街194","phone":"电话:0596-2125189"},{"name":"老地方网咖·电竞(理工学院店)","address":"景山街道鹤鸣路11号-14铺(吉马宾馆同排店面)","phone":"电话:0596-2106229"},{"name":"金丽来网吧台球","address":"福建省漳州市芗城仙景路50-6号","phone":"电话:13328800007"},{"name":"星空电竞","address":"福建省漳州市龙海区港尾镇钻石健身西北22米","phone":""},{"name":"艾尔文网咖(绥安新都城市广场店)","address":"福建省漳州市漳浦县西大街15号","phone":"电话:18150722069"},{"name":"电竞蜂网咖(红星美凯龙店)","address":"福建省漳州市芗城区胜利西路368号红星美凯龙2层D2009、D2031店铺","phone":"电话:18065726327"},{"name":"闪电侠电竞(Tone特房C区店)","address":"建元东路18号锦绣碧湖C区16幢D307号（特房南街【烤个锤子】旁上3楼）","phone":"电话:18960131611"},{"name":"新人类网吧(漳州港店)","address":"大径社区48幢1号","phone":"电话:15394566303"},{"name":"新人类网吧(漳州港店)","address":"大径社区48幢1号","phone":"电话:15394566303"},{"name":"再辉网吧","address":"浦口村470号","phone":"电话:15259602282"},{"name":"欣悦网吧","address":"积山村塘边215-1号（宝药堂左边巷子里）","phone":"电话:17350637619"},{"name":"一网情深网吧(水仙大街店)","address":"步文镇水仙大街荣昌花园荣昌广场C座10号","phone":"电话:0596-2662322"},{"name":"假日网咖(丹霞路店)","address":"丹霞路146号","phone":"电话:18850288608"},{"name":"新恒友网吧","address":"梧桥村85号101-103室","phone":""},{"name":"彩虹网吧(金峰北路店)","address":"漳州伟昌机械有限公司北门旁","phone":""},{"name":"电竞蜂网咖(碧湖万达店)","address":"建元东路2号万所达广场A1地块商场百货6F室602","phone":""},{"name":"开心网咖","address":"人民东路225号广荣建设大厦5楼","phone":"电话:0596-8324155"},{"name":"维客电竞馆","address":"侨兴街56-10号201-203室","phone":"电话:19359562178"},{"name":"鸿恩网吧","address":"龙鑫路龙勋花园c110店","phone":"电话:0596-6265567"},{"name":"酷玩网咖(腾飞店)","address":"新华东路3-22号世纪广场8幢2楼","phone":"电话:0596-2999981"},{"name":"新天地网吧(龙昌路店)","address":"毅达世纪新城南区6栋D59-61号店面","phone":"电话:13806905057"},{"name":"良辰网咖(漳州碧湖万达广场店)","address":"九龙大道万达广场A1地块1幢2层D067号商铺","phone":"电话:0596-2082228"},{"name":"尖锋网咖","address":"胜利东路65鹭美佳超市二楼4-5号","phone":"电话:18150744793"},{"name":"假日网咖(丹霞路店)","address":"丹霞路146号","phone":"电话:18850288608"},{"name":"广众网咖","address":"文华园市场7-8号","phone":"电话:0596-2938675"},{"name":"相约网吧(平宁路店)","address":"人民西路39号锦龙小区光大银行进去40米","phone":"电话:0596-6528855"},{"name":"电竞蜂网咖(万达广场漳州台商店)","address":"福建省漳州市龙海区角美镇锦江大道2号万达广场F3","phone":""},{"name":"游族网咖","address":"胜利西路95号高信花园1幢d11-12店面","phone":"电话:05962598325"},{"name":"游族网咖","address":"胜利西路95号高信花园1幢d11-12店面","phone":"电话:05962598325"},{"name":"艾尔文网咖(芗城天虹商场店)","address":"南昌中路39号天虹商场负1层B107铺（沃尔玛正对面）","phone":"电话:13328359610"},{"name":"鸿恩网咖(平和店)","address":"东大街65号中顺大厦2层","phone":"电话:0596-5218867"},{"name":"星大陆电玩","address":"南滨大道367号综合楼五楼西侧","phone":""},{"name":"欣悦电竞馆(保生海滨公寓西北)","address":"福建省漳州市龙海区龙池大道1号","phone":""},{"name":"先锋网咖","address":"东南商贸城西区3栋内街1号","phone":"电话:0596-2934999"},{"name":"萌宇宙·游乐体验中心","address":"荆南路36号金才假日广场内","phone":"电话:18259677977"},{"name":"闪电侠电竞(特房A区店)","address":"漳州市龙文区水仙大街112号锦碧湖A区15幢D106-D109号","phone":""},{"name":"考拉电玩·毛里斯手绘","address":"台湾路142号","phone":"电话:18505969506"},{"name":"小猪电竞工作室","address":"漳州市芗城区胜利西路西洋坪芗教新村西北侧约150米","phone":""},{"name":"No·91电玩咖·PS5·Switch·私影(天虹店)","address":"南昌中路39号悦华城市广场1幢1421室（柠檬茶与肯德基中间门进去电梯14楼）","phone":"电话:18359185531"},{"name":"Double·H电玩社","address":"九龙大道1035-25号附近东方明珠花园21幢","phone":""},{"name":"兔子洞(龙溪路店)","address":"龙溪路336号","phone":""},{"name":"微星电竞主板(北京路店)","address":"漳州市芗城区北京路东盛大厦东侧约30米","phone":"电话:13599688602"},{"name":"超速网咖(先锋网咖分店)","address":"丹霞路128-11、12、13号","phone":"电话:0596-2934999"},{"name":"欢鹿电竞(漳州沃尔玛店)","address":"福建省漳州市芗城区巷口街道南昌路49号","phone":"电话:19524214513"},{"name":"欢丽无限满贯玩家电玩体验馆(漳州碧湖万达广场店)","address":"万达金街4幢D12、D13","phone":""},{"name":"电竞之王","address":"漳州市龙文区龙昌路福隆城","phone":""},{"name":"新世电玩城(漳州T·ONE北街锦绣碧湖A区店)","address":"福建省漳州市龙文区水仙大街112号漳州T·ONE北街F2","phone":""},{"name":"星际传奇(漳州吾悦店)","address":"吾悦广场3层","phone":""},{"name":"星际传奇(漳州吾悦店)","address":"吾悦广场3层","phone":""},{"name":"几何玩乐基地","address":"延安北路36号商业大厦501室","phone":""},{"name":"大玩家(碧湖万达店)","address":"建元东路2号万达广场百货大楼2楼d262号","phone":"电话:18350603807"},{"name":"超级大玩家(兴旺路店)","address":"兴泰开发区金发大厦2楼","phone":""},{"name":"幻影电玩PS5/switch","address":"巷口街道天下广场竹禅街10-8号清吧对面RELX二楼","phone":"电话:13960159122"},{"name":"御足巅峰电竞(冰雨店)","address":"紫云西路1号龙海明发广场底商F1","phone":""},{"name":"LETANGTANG乐棠棠(万达广场漳州芗城店)","address":"瑞京路289号三宝广场3幢319室（万达广场三楼）","phone":""},{"name":"云逸宝游戏厅(几何影城商业大厦店)","address":"延安北路36号商业大厦5楼几何影城休息区前台旁","phone":""},{"name":"时代王者电玩城(长泰哈啰广场店)","address":"福建省漳州市长泰县积山村尚书209号长泰哈啰广场F2","phone":""},{"name":"哇咔王国(美一城广场店)","address":"紫崴路美一城广场三楼","phone":""}]