[{"name":"依自由电竞网吧","address":"霞淮街162号二楼","phone":"电话:18859410175"},{"name":"超时网吧","address":"324国道沙巴克网吧东南侧","phone":"电话:15306964139"},{"name":"艾尔文网咖(丰泽中骏世界城店)","address":"高新产业园内辉达大厦一层（欢乐迪一层）","phone":"电话:15260761926"},{"name":"根据地电竞(西贤路店)","address":"西贤路5号","phone":"电话:18959795325"},{"name":"新海浪网吧(西江路店)","address":"沟西工业区","phone":"电话:18250610000"},{"name":"城市猎人网吧","address":"五里工业区欣鑫路202号二楼","phone":"电话:19306091397"},{"name":"勇敢牛牛电竞·网吧网咖(万达店)","address":"万华路33号","phone":"电话:15159879882"},{"name":"太阳网吧","address":"陈埭镇霞村龙庄北路43号","phone":"电话:13960250268/18016592088"},{"name":"艾尔文网咖(内坑工业区店)","address":"内坑工业区锦丰路宏晋鞋业大厦2层","phone":"电话:17750700682"},{"name":"电竞蜂网咖(新天城市广场店)","address":"新天城市广场1号门下负一楼(菲洋台球旁)","phone":"电话:19959816397"},{"name":"艾尔文网咖(丰泽北峰工业区店)","address":"丰盈路3号一层","phone":"电话:18250295276"},{"name":"超会玩电竞(百捷金街店)","address":"福建省泉州市晋江市池店镇望江路88号百捷中央金街1幢D208D209D210D211D212D213号店面","phone":"电话:17268366222"},{"name":"爱玩网咖(石狮店)","address":"湖滨街道宝岛路27如家酒店二楼(晒特医院对面)","phone":"电话:0595-88667998"},{"name":"网鹿电竞(福璟店)","address":"溪滨路50-6号","phone":"电话:0595-87333368/17750073336"},{"name":"世纪网吧(创业路店)","address":"创业路22号宏冠大厦二楼","phone":"电话:18965789509"},{"name":"北极星新生代网吧","address":"成功东路289-299号","phone":"电话:0595-85724023"},{"name":"金浪电竞馆","address":"世纪大道欧景帝苑7号楼133A店","phone":"电话:0595-87368788"},{"name":"龙祥电竞馆(东园店)","address":"东园村嘉园商住区5号A楼2层","phone":"电话:13489884695"},{"name":"遇见网咖(青阳店)","address":"泉安中路得添大厦2层","phone":"电话:0595-83335558"},{"name":"快乐无限休闲网吧(草田尾大道店)","address":"泉安北路225号","phone":"电话:18006037269"},{"name":"电竞鲨网咖(保利白鲨店)","address":"迎客路555号中航城天骏2期25幢店铺106、107、108、109","phone":"电话:15159769563"},{"name":"启明星网吧(鹏头路)","address":"坪头村湖外综合小区5号","phone":"电话:18050813992"},{"name":"石狮战略网吧(锦盈工商大厦店)","address":"科技园横二路锦盈工商大厦2-4层","phone":""},{"name":"艾欧尼亚网咖(东大路店)","address":"明发商业中心4号楼D106,D206,D107号","phone":""},{"name":"外星人网咖(千百度店)","address":"新塘街道良种场晋良路24号","phone":"电话:0595-82920777"},{"name":"星光网咖(狮城店)","address":"凤里街道南洋路星期一创意园2楼（宝佳儿童乐园，好迪旁边）","phone":"电话:18159991506"},{"name":"网客网咖·天空店","address":"南洋路1234号（新桥大酒店隔壁）","phone":"电话:17750987893"},{"name":"有福之洲网吧(宝业大厦店)","address":"江湾路1688号二楼210-212号","phone":"电话:19005952268"},{"name":"艾尔文网咖(丰泽东海太古广场店)","address":"福建省泉州市丰泽区东海大街东海湾太古广场一期1001号二层","phone":"电话:18750560277"},{"name":"火力网吧","address":"文明路东5号","phone":"电话:18006037269"},{"name":"十月电竞(晋江百捷店)","address":"望江路百捷金街3栋3楼321-326号","phone":""},{"name":"冲浪网咖·卓威FPS(电竞馆)","address":"福建省泉州市晋江市青阳街道腾达大厦(金溪路)","phone":"电话:17750636789"},{"name":"超时空网咖(浔丰路店)","address":"浔美工业区56号路A栋(近浔丰路)","phone":"电话:15859777412"},{"name":"电竞鲨网咖(溪美黑鲨店)","address":"源昌财富中心9-10号楼商业2层店213-214-215-235-236","phone":"电话:15375710397"},{"name":"艾尔文网咖·棋牌(五里万业汇广场店)","address":"五里工业园区兴丁路13号万业汇广场二层F-022-1号（六婆串串香旁）","phone":"电话:15059520026"},{"name":"自由人网吧(雅泰路店)","address":"崇宏街与雅泰路交叉口北150米","phone":""},{"name":"海洋网咖(横坂朝阳路店)","address":"朝阳路百世快递南30米","phone":"电话:15659887779"},{"name":"艾尔文网咖·棋牌(磁灶海西星城店)","address":"磁灶镇延泽南街198号冠超市2层","phone":"电话:15059529061"},{"name":"唯爱网咖(浦西万达店)","address":"灯星社区宝洲街330号店及二楼2A01、2A02、2B01、2B02室","phone":"电话:17750506779"},{"name":"速龙网吧","address":"灯福街160号（近金亚花园）","phone":"电话:13505024922"},{"name":"飞鱼电竞(汉唐店)","address":"乌洲路201号泉秀花园西区","phone":"电话:18160915852"},{"name":"高新电竞馆","address":"高新技术产业开发区惠企便民服务中心3楼","phone":"电话:13328982726"},{"name":"外星人网咖(依家店)","address":"梧坑工业区300号二层","phone":"电话:18016598636"},{"name":"艾尔文网咖(霞美星城新天地店)","address":"霞美镇汽贸南路6号1单元二层（星城新天地南门停车场对面）","phone":"电话:18959992559"},{"name":"晋益网咖","address":"锦里东北区85号C幢106室(喜迎隆超市二楼)","phone":"电话:13328985338"},{"name":"艾尔文网咖(池店百捷金街店)","address":"池店镇晋成路桥南百捷金街5幢213号","phone":"电话:18559644084"},{"name":"爱克斯网咖怪兽店","address":"长兴路中奥名雅居1栋118号","phone":"电话:18959929516"},{"name":"外星人网咖(时代店)","address":"阳光路青莲社区17-3号4层401","phone":"电话:13532680850"},{"name":"外星人网咖(大自然店)","address":"清濛经济技术开发区崇顺街68-70号店面","phone":"电话:15659710826"},{"name":"卓速电竞(中骏店)","address":"福建省泉州市丰泽区安吉南路69号中骏世界城9幢D227室","phone":""},{"name":"大众网咖(涵口下埭大道店)","address":"工业路3号","phone":"电话:0595-82681111"},{"name":"电竞蜂网咖(晋江宝龙店)","address":"泉州市晋江市世纪大道宝龙城市广场","phone":"电话:18159225909"},{"name":"卓速电竞(大盈分店)","address":"福建省泉州市南安市水头镇大盈村大盈街297-16号","phone":""},{"name":"艾尔文网咖(石狮狮标店)","address":"九二路1183号兴达大厦二层（沃尔玛斜对面）","phone":"电话:17758771320"},{"name":"光速龙酷玩电竞店","address":"福建省泉州市洛江区万安街道嘉琳天地","phone":""},{"name":"彼岸电竞(晋江万达店)","address":"泉州市晋江市世纪大道888号万达广场","phone":"电话:13328989586"},{"name":"电竞蜂网咖(新华都店)","address":"丰泽广场新华都购物商城5楼UNi旁","phone":"电话:18050982972"},{"name":"电竞蜂网咖(领秀天地店)","address":"领SHOW天地妙街原创特色步行街2楼（近1号入口）","phone":"电话:18065523098"},{"name":"电竞蜂网咖(时代广场店)","address":"青阳街道阳光路青莲南区19号阳光时代广场2层216室（汉堡王旁）","phone":"电话:18120606398"},{"name":"电竞蜂网咖(晋江万达店)","address":"世纪大道888号晋江万达6号门","phone":"电话:18905068378"},{"name":"电竞蜂网咖(复悦尚柏奥莱店)","address":"安吉南路970号城东万达广场室内步行街3楼3029-3030号（KK台球斜对面）","phone":"电话:15375877856"},{"name":"电竞蜂网咖(石狮泰禾店)","address":"宝岛中路339号泰禾广场4楼L413号","phone":"电话:13375953109"},{"name":"恒兴网吧","address":"大堡村宝狮路41号","phone":"电话:18900319636"},{"name":"网客网咖(德辉星语店)","address":"八七路德辉广场地下室一层","phone":"电话:17750987902"},{"name":"卓速电竞","address":"泉州市福建省南安市水头镇海一路9-1号","phone":"电话:13397952788"},{"name":"极速网吧","address":"双阳街道阳山社区商业步行街68号","phone":"电话:15805993211"},{"name":"爱玩电竞网咖(东海湾1+1广场店)","address":"东海大街东海湾御文阁-1号东海湾1+1广场F2","phone":""},{"name":"新盈科网咖","address":"芒果公寓(北峰工业区北)丰泽区丰顺北路55-1号","phone":""},{"name":"艾米网吧","address":"长安巷20.22.24.26号","phone":"电话:0595-85712800"},{"name":"海浪网吧","address":"香江路877号","phone":""},{"name":"小龙女网咖","address":"g324复线泉州市云谷精品建材城云谷工业园南区26号楼","phone":"电话:13055669999"},{"name":"光速网咖·卓威FPS(电竞馆)","address":"福建省泉州市鲤城区开元街道泉州金星大酒店综合楼三楼","phone":"电话:13023902021"},{"name":"创娱电竞","address":"兴贤路777号A区三层A305A306层","phone":"电话:17706993639"},{"name":"金苹果网吧(八七路店)","address":"八七路751号","phone":"电话:15985985688"},{"name":"北极光网咖(时代新城店)","address":"时代新城7号楼2楼","phone":"电话:15396577658"},{"name":"电竞蜂网咖(吾悦广场店)","address":"鞋都路1830号吾悦广场1号门霸王茶姬旁电梯3楼","phone":""},{"name":"威格宝网吧","address":"旦厝村08号2楼","phone":"电话:18698385885"},{"name":"龍祥电竞馆(惠安店)","address":"东南大街南苑8号楼30号店","phone":"电话:17350973551"},{"name":"北极星网吧","address":"鸿江中路156-166号附近","phone":""},{"name":"石狮市无限空间网吧(隆兴路店)","address":"隆兴路38号","phone":"电话:15985985688"},{"name":"北极光电竞馆(水头东南广场店)","address":"东南广场桥盛街178号","phone":"电话:15396577658"},{"name":"寻乐园网吧","address":"津坂路20号","phone":"电话:15359511171"},{"name":"落咖点网咖","address":"陈埭镇中兴路45号2层","phone":"电话:17705062730"},{"name":"蓝色魅力网吧(妙灵路店)","address":"云山社区东云路192号","phone":"电话:059585171209"},{"name":"梦网网吧","address":"江滨东路88号","phone":"电话:13860761571"},{"name":"芙蓉电竞·网咖","address":"福建省泉州市晋江市陈埭镇塘岸街20-22号","phone":"电话:0595-88135558"},{"name":"点击网咖","address":"海都商城18号楼二楼","phone":""},{"name":"天地网吧(万荣连锁店)","address":"陈埭岸兜村北工业区8号","phone":"电话:15659887779"},{"name":"益辉时代网吧","address":"丰顺北路大地幼儿园西北侧约160米","phone":"电话:18960392598"},{"name":"艾尔文网咖(丰泽浔美工业区店)","address":"城东镇浔美工业区浔江路百旺超市二层","phone":"电话:13305066094/15260761926"},{"name":"网客网咖·云达店","address":"SM旁罗山北区3号2楼","phone":"电话:18005057752"},{"name":"爱克斯网咖(劲浪店)","address":"田淮街云谷工业区南区5号楼二楼","phone":"电话:4008881157"},{"name":"大地网吧(湖兴路店)","address":"湖兴路28号","phone":"电话:0595-85097592"},{"name":"万荣武夷网吧(武夷花园店)","address":"兰台路11-15号","phone":"电话:15260337511"},{"name":"移动先锋网咖","address":"塔前同德路100号一楼","phone":"电话:18965789507"},{"name":"天空之城游乐体验世界(晋江吾悦店)","address":"鞋都路吾悦广场3楼","phone":"电话:15051663396"},{"name":"大玩家(晋江万达店)","address":"世纪大道888号万达广场2层","phone":"电话:0595-88012351"},{"name":"冲浪网咖","address":"科技园区大帝集团3区F1号","phone":"电话:0595-88888121/13636952595"},{"name":"新秀网咖","address":"仑前菜市场路口","phone":"电话:0595-87580203"},{"name":"老地方网吧(宝洋路店)","address":"宝洋开发区树林陶瓷有限公司店面8-9号","phone":""},{"name":"金叶网吧(江声路店)","address":"青阳街道青华西区1层36-5号","phone":"电话:0595-85693189"},{"name":"功夫动漫(中国有限公司)","address":"新门街610号源和堂内32号楼3层","phone":"电话:0595-22192923"},{"name":"艾尔文网咖(浮桥王宫社区店)","address":"江南街道王宫社区兴贤路629-1号","phone":"电话:13030947340/15759886803"},{"name":"艾尔文网咖(陈埭吾悦广场店)","address":"陈埭镇双龙路新城吾悦广场2号楼2层2010-2011号（近3号门）","phone":"电话:15951956612"},{"name":"艾尔文网咖(溪美源昌财富中心店)","address":"溪美街源昌财富中心7-8号楼商业B区二层201-2号","phone":"电话:18359805815"},{"name":"外星人网咖(永和店)","address":"永和镇诚信路116号","phone":"电话:15885307089"},{"name":"艾尔文网咖(池店万商汇店)","address":"池店镇龙池路万商汇广场（汉釜宫正对面）","phone":"电话:18359547796"},{"name":"外星人网咖(晋江店)","address":"湖兴路七天连锁酒店斜对面","phone":"电话:15905099237"},{"name":"逆态度电竞网咖(石狮店)","address":"湖滨街道东港路666号2楼(天遇韩情2楼)","phone":""},{"name":"飞鱼网咖(浮桥兴贤路店)","address":"兴贤路431号二楼","phone":"电话:18065328157"},{"name":"外星人网咖(空间站店)","address":"泉安路罗山段303号子哈商贸楼","phone":"电话:18959790527"},{"name":"艾尔文网咖(罗山SM广场店)","address":"罗山街道安泰路1号SM安泰世界城63幢D201室","phone":"电话:17350736446"},{"name":"红石网吧(益众路店)","address":"东环路88号","phone":"电话:15659887779"},{"name":"欢乐园网咖(美桐街店)","address":"东美社区美桐街100号","phone":""},{"name":"明辰网咖","address":"丰盈路11-3号","phone":"电话:0595-22200660"},{"name":"红狐网吧(同丰路店)","address":"和丰路晋江农商银行北行10米","phone":"电话:15960732272"},{"name":"黑马电竞(优越广场店)","address":"安海镇海八南路60号、62号","phone":"电话:18960316367"},{"name":"海岸网络会所","address":"火炬街223号江南火炬工业区中段先锋公司1-8号店","phone":""},{"name":"天音网吧","address":"前进路","phone":""},{"name":"云顶电竞网咖综合体(机场名人店)","address":"和平中路好莱斯登大酒店副楼6楼","phone":"电话:15396507555"},{"name":"新旺嘉网咖","address":"鸿山新大街嘉宝商厦底商","phone":"电话:18250285270"},{"name":"优浮网咖","address":"振兴路25号二楼","phone":"电话:18965789508"},{"name":"都来上网吧","address":"唐厝村谢鹏飞大道百度电脑旁边","phone":""},{"name":"火车头网咖(建设北街店)","address":"建设北路螺城镇政府商住b6号店","phone":"电话:13328898395"},{"name":"艾尔文网咖(丰泽华侨大学店)","address":"城华北路酷6酒店华大店1-2楼（近华侨大学北门）","phone":"电话:18050948050/19330078479"},{"name":"新蓝道网咖","address":"华大美食街2号华侨大学2楼","phone":""},{"name":"奔腾网咖(温陵店)","address":"温陵南路213号","phone":""},{"name":"爱玩网咖(双青店)","address":"霞行社区新华街171-9号","phone":"电话:13808528795"},{"name":"羽毛哥电竞工作室","address":"泉州市晋江市东升路青阳育才幼儿园西侧约90米","phone":""},{"name":"北极光电竞馆(新美居店)","address":"海联创业园营运中心E地块","phone":"电话:15396577658"},{"name":"日云电竞","address":"泉州市丰泽区美桐街滨海大酒店(淮秀路店)","phone":""}]