[{"name":"海滨电竞","address":"新疆维吾尔自治区五家渠市八一路57号","phone":"电话:13899642587/15509947727"},{"name":"美达网吧","address":"新疆维吾尔自治区五家渠市梧桐镇农贸综合市场","phone":"电话:15999084441"},{"name":"焦点电竞","address":"新疆维吾尔自治区五家渠市天山北路146号","phone":""},{"name":"狼腾休闲吧","address":"新疆维吾尔自治区五家渠市天山南路83号","phone":"电话:18509942345"},{"name":"信点电竞","address":"五家渠市天山北路汇嘉时代北侧约140米","phone":""}]