[{"name":"易速电竞馆(新丝路商业广场店)","address":"新疆维吾尔自治区克拉玛依市克拉玛依区兴开路新丝路广场46-204","phone":""},{"name":"繁星网吧","address":"长岭路40号17层","phone":"电话:0992-3653189"},{"name":"战狼网咖(天池南小区店)","address":"胜利路","phone":"电话:0990-6261127"},{"name":"未来网吧(人民路店)","address":"人民路16-2号","phone":"电话:13399900988"},{"name":"克拉玛依市壹号电竞馆","address":"新疆维吾尔自治区克拉玛依市克拉玛依区安定路300-202、203号","phone":"电话:19009909666"},{"name":"克拉玛依蚂蚁电竞","address":"新疆维吾尔自治区克拉玛依市克拉玛依区昆仑路街道安居苑","phone":"电话:13369054333"},{"name":"青桔世界电竞馆","address":"克拉玛依市克拉玛依区兴业路维也纳酒店(克拉玛依泰富广场店)东南侧约150米","phone":"电话:19909909340"},{"name":"壹号电竞馆(昆仑路店)","address":"新疆维吾尔自治区克拉玛依市克拉玛依区前进路4号","phone":"电话:19018249888"},{"name":"风云电竞网咖","address":"克拉玛依市独山子区泰和佳苑北侧约30米","phone":""},{"name":"克拉玛依市顶峰电竞馆","address":"新疆维吾尔自治区克拉玛依市克拉玛依区昆仑路街道恒隆广场","phone":""},{"name":"蘑菇电玩主机游戏体验馆(汇嘉滨河广场店)","address":"幸福路丁1号B2-(2)-2-13、14号","phone":"电话:18767147277"},{"name":"哈乐谷","address":"汇嘉时代购物中心2层","phone":""},{"name":"任天堂SWITCH齐趣乐享(汇嘉时代广场克拉玛依幸福路店)","address":"汇嘉时代购物中心一楼01号","phone":""}]