[{"name":"胜利电竞","address":"胜利路泉茗酒店2楼","phone":"电话:0834-3620766"},{"name":"男爵领域电竞俱乐部(网咖)","address":"凉山彝族自治州四川省西昌市学海路二段正黄金色学府16栋202号、203号","phone":"电话:13558733464"},{"name":"雄风电竞","address":"四川省凉山彝族自治州西昌市胜利南路269号2楼","phone":""},{"name":"剑客网咖","address":"文汇路外语艺术幼儿园西侧约100米","phone":"电话:18980286766"},{"name":"艾特电竞","address":"四川省凉山彝族自治州盐源县润盐东街75号财富首座4栋2层","phone":"电话:19181519919"},{"name":"皇朝电竞馆(正义路店)","address":"正义北路44号","phone":"电话:17380800666"},{"name":"C5电竞馆","address":"四川省凉山彝族自治州西昌市胜利路145号","phone":""},{"name":"雄风电竞刀客网咖店","address":"凉山彝族自治州西昌市吉祥路20号22号","phone":"电话:0834-3633397"},{"name":"宏博电竞馆","address":"中意广场停车场内1层","phone":"电话:0834-3308888"},{"name":"锦上花电竞","address":"长安西路108号长安村十组福新苑内","phone":"电话:19115761850"},{"name":"星辰电竞CLub(月海国际店)","address":"月海国际10楼","phone":"电话:18113379242"},{"name":"聚友电竞(西门坡街店)","address":"西门坡街120楠华大厦3楼","phone":"电话:15282970178"},{"name":"漫谷电竞·茶楼(长安路店)","address":"奔月路13号3楼","phone":"电话:0834-3365888"},{"name":"外星人电竞俱乐部(同德苑店)","address":"长安北路2号同德苑3楼","phone":"电话:19380681571"},{"name":"柏特尔网咖(彩云府店)","address":"一环路东沿线西昌彩云府5号楼2层203铺","phone":"电话:19115705105"},{"name":"UE电竞CLUB","address":"建昌西路39号","phone":""},{"name":"雄风电竞(一环路南一段店)","address":"四川省凉山彝族自治州西昌市健康一环路156号","phone":"电话:18181185999"},{"name":"橙派电竞","address":"铁投·邛海壹号","phone":""},{"name":"极度电竞(胜利北路店)","address":"胜利北路133号","phone":""},{"name":"忘忧谷电竞","address":"四川省凉山彝族自治州西昌市长富路47号","phone":"电话:18123116669"},{"name":"罗技电竞","address":"四川省凉山彝族自治州西昌市春城东路18号","phone":"电话:15308155535"},{"name":"熊猫电竞","address":"春城大道8号3-205-206号","phone":"电话:18215755999"},{"name":"鲸羽电竞","address":"凉山彝族自治州四川省凉山州西昌市北碧府路1号2楼","phone":"电话:18380207776"},{"name":"壹号电竞(长安南路店)","address":"四川省凉山彝族自治州西昌市西郊乡西长安南路凯悦帝景旁","phone":"电话:18123116669"},{"name":"漫谷网咖(河东大道店)","address":"民政家园西南1门东南60米","phone":"电话:0834-2233118"},{"name":"盛世阳光电竞馆(航宇中路店)","address":"四川省凉山彝族自治州西昌市航宇中路166号","phone":"电话:13989252332/18683495553"},{"name":"辉煌网城","address":"三岔口东路新仓库车管所","phone":"电话:0834-6616881"},{"name":"大佬龙电玩","address":"胜利南路一段39号长安国际对面","phone":"电话:18030405832"},{"name":"博特电竞","address":"凉山彝族自治州西昌市袁马路金色极地","phone":""},{"name":"玩派·唐潮","address":"东城街道建昌东路299号唐园嶲州阁一楼玩派唐潮","phone":""},{"name":"男爵领域电竞俱乐部","address":"凉山彝族自治州四川省西昌市航天大道东沿线6段领地海月里7栋209号、213号","phone":"电话:13558733464"},{"name":"雄风网城(一环路南一段店)","address":"三岔口南路142号","phone":"电话:18980285003"},{"name":"大玩家(西昌万达广场店)","address":"航天大道五段63号万达广场3F-A","phone":"电话:0834-2227888"},{"name":"盟豆豆电玩","address":"建昌东路99号唐园18幢1-39-44号","phone":"电话:15883468888"},{"name":"观园电竞","address":"大石板路三段4号领地观园2栋(C-04-02)2层-06铺","phone":""},{"name":"GAME悦动空间","address":"建昌东路99号唐园8-1-102号","phone":"电话:13981571772"}]