[{"name":"无极电竞","address":"泰康中路225-227号","phone":""},{"name":"无极电竞","address":"宁波市海曙区聚才路维也纳国际酒店(城西新天地店)东南侧","phone":""},{"name":"四合网咖(北仑宁职院店)","address":"新大路1053号","phone":"电话:15906524838"},{"name":"清逸电竞馆(博地影秀城店)","address":"大碶街道宝山路1282号C313-1室（KR酒吧楼上）","phone":"电话:15968960713"},{"name":"网鱼网咖·电竞(宁波鄞州龙湖天街店)","address":"达升路66号东华路178弄645号2-112-122-132-14室网鱼网咖电竞","phone":"电话:19012837825"},{"name":"蚂蚁电竞","address":"坝头东路502号","phone":"电话:18606619390"},{"name":"网鱼网咖·电竞(联丰沃尔玛店)","address":"环城西路南段158弄13号","phone":"电话:18142038736"},{"name":"网鱼网咖·电竞(金钟路店)","address":"岳林街道金钟路322号一楼","phone":"电话:19032373067"},{"name":"网鱼网咖·电竞(宏泰广场店)","address":"浙江省宁波鄞州区宁穿路宏泰广场里面3楼、盒马鲜生楼上","phone":"电话:18957238928"},{"name":"网鱼网咖·电竞(宁波集士港樱花里店)","address":"布政西路225号3号楼2楼328-330","phone":"电话:13028992858"},{"name":"网鱼网咖·电竞(宏泰广场店)","address":"浙江省宁波鄞州区宁穿路宏泰广场里面3楼、盒马鲜生楼上","phone":"电话:18957238928"},{"name":"网鱼网咖·电竞(宁波集士港樱花里店)","address":"布政西路225号3号楼2楼328-330","phone":"电话:13028992858"},{"name":"四合网咖(江南一品店)","address":"江南路642号江南一品广场311号001幢3-1","phone":"电话:13456133340"},{"name":"珊瑚虫网吧","address":"中兴路269号","phone":"电话:13429292075"},{"name":"四合网苑(广平路店)","address":"广平路233号","phone":"电话:13968366847"},{"name":"四合网苑(东柳店)","address":"桑田路777号3楼","phone":"电话:18606688298"},{"name":"海文网咖(翠柏店)","address":"翠柏路66号2层","phone":""},{"name":"诚和网吧","address":"五乡西路627号","phone":""},{"name":"易人电竞特权网吧","address":"北仑区高田王街103-111号","phone":"电话:18858066777"},{"name":"云端电竞网咖(中山店)","address":"中山路7号东侧附属楼2层","phone":"电话:0574-88955858"},{"name":"健健网咖","address":"农垦场龙镇大道246号","phone":"电话:15867438624"},{"name":"拾光网咖(镇骆西路店)","address":"镇骆西路175号1-22-2室","phone":"电话:13586883133"},{"name":"蚂蚁尖叫电竞馆(中体城店)","address":"浙江省宁波市江北区庄桥街道中体芯锐运动城","phone":""},{"name":"四合网苑(骆驼海尚广场店)","address":"银亿·海尚广场","phone":"电话:17858897677"},{"name":"玖零网咖(甬江路店)","address":"甬江南路58号","phone":"电话:18606872626"},{"name":"英煌网咖(迎春街店)","address":"迎春街55弄15-17号","phone":"电话:15867212228"},{"name":"四合网苑(中山东路店)","address":"中山东路477号","phone":"电话:13185743960"},{"name":"复派网吧","address":"开源路398号","phone":""},{"name":"搜时网咖(水街店)","address":"天童南路南部商务区桑德兹大厦2层瑞幸咖啡楼上（近糖糖甜品）","phone":"电话:15355887288"},{"name":"来尚网悠(江北区店)","address":"洪塘西路南段107号","phone":"电话:15988665665"},{"name":"海通网咖(凤洋二路店)","address":"凤洋二路223号","phone":"电话:18268658825"},{"name":"四合网苑(宋诏桥店)","address":"中河街道天童北路26-32号(宁波银行飞虹支行)","phone":"电话:18967849535"},{"name":"四合网苑(金沙奥莱店)","address":"江南路2000号金沙码头奥莱公园四楼4F-1","phone":"电话:15869324013"},{"name":"四合网苑(粮丰街店)","address":"粮丰街35-1号2楼","phone":"电话:18368430520"},{"name":"四合网苑(石碶南路店)","address":"石碶南路51号","phone":"电话:18858005294"},{"name":"东海湾网咖(高塘美食街店)","address":"高塘街229号","phone":"电话:18857444684"},{"name":"网鱼网咖·电竞(中海环宇城店)","address":"浙江省宁波市鄞州区江东南路689号环宇城购物中心环宇城购物中心A馆F2","phone":"电话:19705818183"},{"name":"向日葵网咖(炼化店)","address":"康乐路与炼化路交叉口正北方向36米","phone":"电话:18968398881"},{"name":"网鱼网咖·电竞(明州里购物中心店)","address":"宁南北路1200号明州里3楼","phone":"电话:18106653566"},{"name":"拾光网咖(新城店)","address":"定宁街118-122号","phone":""},{"name":"智诚网咖(西姿银楼店)","address":"杨家漕路128号西姿银楼2层","phone":""},{"name":"新旗网咖(朝晖路店)","address":"朝晖路251号","phone":"电话:13185928938"},{"name":"过把瘾网咖(江北店)","address":"姜湖路399弄112号","phone":""},{"name":"几米网咖(江北万达广场店)","address":"江北大道188号万达广场16号64幢1-144号几米网咖(万达江北店)","phone":"电话:13858221777"},{"name":"四合网咖(鼓楼恒隆中心店)","address":"蔡家巷恒隆中心西裙楼二楼","phone":"电话:18658236339"},{"name":"向日葵网咖(盛兴路店)","address":"盛兴路经贸大楼2幢","phone":"电话:13486073231"},{"name":"新部落四海网咖(古林中路店)","address":"古林中路世纪百联2楼","phone":"电话:15158397750"},{"name":"四合网苑(长丰店)","address":"宁南北路308-310号","phone":"电话:18867874261"},{"name":"网鱼网咖·电竞(福业街店)","address":"福业街127号二楼","phone":"电话:13306663801"},{"name":"四合网苑(城隍庙店)","address":"江厦街道开明街130弄48号3号楼(近城隍庙步行街)","phone":"电话:13486418485"},{"name":"lMMAXE电竞(奉化万达广场店)","address":"岳林街道中山东路盛鼎商厦A座3楼","phone":""},{"name":"网鱼网咖·电竞(宁波鄞州江东颐高店)","address":"(朝晖路)177号","phone":"电话:13567405449"},{"name":"四合网苑(石碶阳光丽园店)","address":"雅戈尔大道425号-427号","phone":"电话:13023788236"},{"name":"漫时光网苑(小叮当店)","address":"青年路与盛莫路交叉口东60米","phone":"电话:0574-88415880"},{"name":"熊猫网咖(银亿·都会广场店)","address":"雅戈尔大道南城商业中心3楼(鄞州大道地铁站B口旁)","phone":"电话:18969853399"},{"name":"网鱼网咖·电竞(万象汇店)","address":"浙江省宁波市鄞州区钱湖北路267号万象汇","phone":"电话:19012953031"},{"name":"网鱼网咖·电竞(宁波鄞州江南一品店)","address":"新晖路万特商务中心2号楼2-1、2-5","phone":"电话:13185927161"},{"name":"网鱼网咖·电竞(宁波北仑富邦店)","address":"黄山路699号1幢A05-1室","phone":"电话:19560369891"},{"name":"战神网咖水吧(银亿海德商业中心店)","address":"洪塘中路258号银亿海德商业中心F2层","phone":""},{"name":"网鱼网咖·电竞(宁波海曙解放南路店)","address":"解放南路269号","phone":""},{"name":"网鱼网咖·电竞(萤集云汇中心店)","address":"江北萤集云汇中心L1-14网鱼电竞","phone":"电话:15968902344"},{"name":"网鱼网咖·电竞(海曙恒一广场店)","address":"浙江省宁波市海曙区段塘街道恒一广场","phone":"电话:19012818527"},{"name":"网罗天下易网网吧(江口店)","address":"新浦路34号2楼","phone":"电话:13738498804"},{"name":"漫时光网苑(长丰店)","address":"聚亿商业中心2-12A","phone":"电话:0574-88166696"},{"name":"醉网咖(工商学院店)","address":"薛家南路110号千润发2楼","phone":"电话:15867533196"},{"name":"兴欣网咖(进港中路辅路店)","address":"西二生活小区东北门西50米","phone":"电话:13655745996"},{"name":"迁禧网咖","address":"段梅路639号","phone":"电话:18968232626"},{"name":"星缘网咖","address":"大碶街道镇大路245号","phone":"电话:13989374268"},{"name":"弘宇网吧(弘基店)","address":"庐山西路158号弘基·休闲广场F2层","phone":"电话:13858362066"},{"name":"它山堰网吧","address":"王元暐路12号","phone":""},{"name":"四合网咖(洪塘店)","address":"洪塘中路361号","phone":"电话:18989344916"},{"name":"创新网咖(启运店)","address":"君运路藕池村金领公寓2楼","phone":"电话:13566008014"},{"name":"天乐网咖(人民北路店)","address":"人民北路490-492号","phone":""},{"name":"大众·网咖","address":"新碶街道嘉陵江路70-78号","phone":"电话:15968960713"},{"name":"杰瑞网咖(中海国际店)","address":"寒松路111号301-303室","phone":"电话:15958845168"},{"name":"火雷网咖","address":"钱塘江中路513号","phone":"电话:18069230909"},{"name":"外星人电竞俱乐部(城隍庙店)","address":"药行街169号莱迪广场颐高莱迪时尚广场F2层","phone":"电话:18057459190"},{"name":"新天地网吧(石碶店)","address":"石矸北路30-2号(石碶地铁站A口步行380米)","phone":"电话:13857484633"},{"name":"四合网苑(集士港集士东路店)","address":"集士港镇集士东路159号2楼","phone":"电话:15867513393"},{"name":"无限时空网吧","address":"人民中路385号(嘉悦生活广场旁)","phone":"电话:18358200345"},{"name":"四合院天狼星网吧(工贸路店)","address":"工贸路附近","phone":"电话:18969895555"},{"name":"巨友网咖","address":"高塘社区天目山路185号","phone":"电话:15356096667"},{"name":"魔方电竞(鄞城大道店)","address":"宁波市海曙区-洞桥镇鄞城大道西段1716-4号","phone":"电话:15906840601"},{"name":"开心网咖(集士东路店)","address":"集士东路197号2楼","phone":""},{"name":"畅想网咖","address":"陈横楼村云林东路联成公寓旁","phone":"电话:13551636534"},{"name":"木子网咖","address":"民安东路1395号旁(书香景苑北区物业楼,卫生院旁2楼)","phone":"电话:13065840477"},{"name":"四合网苑(徐家漕店)","address":"徐家漕路91号三江超市二楼","phone":"电话:15306641951"},{"name":"薇恩网咖(高凤路店)","address":"嵩山路920号","phone":"电话:13906694862"},{"name":"四合网苑(来福士店)","address":"大庆南路64号(近来福士广场)","phone":"电话:15888082932"},{"name":"四合网苑(育才路店)","address":"育才路258号","phone":"电话:15168534424"},{"name":"BBT网咖(高新店)","address":"杨木碶路338号（一品广场对面）","phone":"电话:18868608792"},{"name":"四合网苑(翠柏欧尚店)","address":"体育场路145-3号","phone":"电话:15988614132"},{"name":"时代网咖(下应启明店)","address":"湖下路同盛巷227号-58","phone":"电话:13906615775"},{"name":"兴欣网咖(西一生活区店)","address":"新碶街道进港中路169号","phone":"电话:13655745996"},{"name":"四合网苑(工商学院店)","address":"薛家南路118号2楼","phone":"电话:15058405474"},{"name":"哟嘿网咖","address":"爱民北路100、102号","phone":"电话:13805847698"},{"name":"兴欣网咖(高河塘店)","address":"渡口南路81-93号","phone":"电话:13071973355"},{"name":"逸游网咖(镇海郁金香店)","address":"车站路与环城西路交叉口东南80米","phone":"电话:13586552219"},{"name":"逸游网咖(江北恒一广场店)","address":"恒一广场1号楼三楼","phone":"电话:18067372680"},{"name":"六星网咖(高塘商业街店)","address":"高塘街5号","phone":"电话:15356096667"},{"name":"风行电竞","address":"钟公庙街道保泉路155号513-1室","phone":"电话:18968237906"},{"name":"小叮当网咖","address":"盛莫路339号","phone":"电话:0574-88415880"},{"name":"嘉浩网吧(甬隆店)","address":"伏龙路1号3楼","phone":""},{"name":"天皇网咖","address":"东村新银家园10号楼","phone":""},{"name":"华杰网咖(苍松路店)","address":"苍松路603号(云霞路地铁站B口步行270米)","phone":"电话:15356482828"},{"name":"鼎佳网咖","address":"宝山路72,74号一楼","phone":"电话:18906690333"},{"name":"嘿网咖","address":"红梅新村北2门西南120米","phone":"电话:13291440350"},{"name":"逸游网咖(小港店)","address":"小港街道东海路25号二层-1室","phone":"电话:15356012061"},{"name":"漫时光网苑(金沙码头奥莱公园店)","address":"江南路2000号金沙码头奥莱公园F4层","phone":"电话:0574-88166697"},{"name":"云络连锁网咖(恒一店)","address":"新丰路946号恒一广场F1层","phone":""},{"name":"空空网咖","address":"中河南路309号","phone":""},{"name":"拾光网咖","address":"雅源北路17号南邦名座F2层","phone":"电话:13252285145"},{"name":"树熊网咖(银泰城店)","address":"南山路150号银泰城宁波奉化店F1层","phone":"电话:13306658653"},{"name":"网E电竞","address":"宁波市镇海区镇宁东路世贸广场","phone":""},{"name":"众芯电竞","address":"浙江省宁波市鄞州区首南街道豪鹰工业园A幢4层","phone":""},{"name":"金都网络城","address":"坝头路307-26号2楼","phone":""},{"name":"东兴网咖(启明路店)","address":"启明路与启明路777弄交叉口东北140米","phone":"电话:13429362618"},{"name":"啡凡网咖(新大路店)","address":"新大路23号华城百货3层","phone":"电话:13336616633"},{"name":"时代网咖(姜山万达店)","address":"天童南路2365号海港城4层","phone":"电话:17821328124"},{"name":"金兴网咖(弘基·休闲广场店)","address":"庐山西路158号弘基·休闲广场F2层","phone":""},{"name":"第一回合神采飞扬(鄞州万达店)","address":"四明中路999号万达商业广场一楼金座（近二号门）","phone":"电话:0574-88086111"},{"name":"网鱼网咖·电竞(宁波怡丰汇店)","address":"浙江省宁波市江北区丰汇华邸156号2-292-302-31号","phone":"电话:18067423165"},{"name":"SOLO电竞酒店(鄞州万达店)","address":"宁波市中河街道天童北路1501号208-219号","phone":""},{"name":"明日世界(鄞州万达店)","address":"钟公庙街道万达广场2号门2楼（孩子王旁）","phone":""},{"name":"汤姆熊欢乐世界(天一广场店)","address":"华楼巷10号","phone":"电话:18968210148"}]