[{"name":"蜂刺电竞","address":"甘肃省金昌市金川区金昌印象东","phone":"电话:15214169999"},{"name":"莱恩网咖","address":"上海路5-17号华芳家园","phone":"电话:13195999599"},{"name":"桔子电竞(二分店)","address":"青泰广场B座2楼B2-5号商铺","phone":""},{"name":"幻速电竞","address":"河雅路59号A座四层411室","phone":""},{"name":"万客电竞","address":"金昌市永昌县北街永昌县幼儿园东北侧约80米","phone":""},{"name":"米糯网咖","address":"甘肃省金昌市永昌县河雅路718号","phone":""},{"name":"熊猫电竞","address":"金昌市永昌县平口路与玉河路交叉路口往西北约120米","phone":""},{"name":"W电竞馆(金昌店)","address":"27区西门左侧商铺3楼","phone":"电话:15339450307"},{"name":"先锋网络电竞体验馆","address":"甘肃省金昌市永昌县步行街","phone":"电话:15009455501"},{"name":"桔子潮玩电竞俱乐部(金昌店)","address":"上海路与庆阳路交叉口南140米","phone":"电话:18189468880"},{"name":"青狐电竞","address":"甘肃省金昌市金川区天津路27区","phone":""},{"name":"默丁格电竞","address":"甘肃省金昌市金川区上海路恒昌花园","phone":"电话:18394900638"}]