[{"name":"熊喵电竞","address":"德宏傣族景颇族自治州平原镇赏建路6号3楼","phone":"电话:15393981116"},{"name":"河马电竞网咖(瑞丽店)","address":"新世纪宾馆西41-18号","phone":"电话:13628895355"},{"name":"堂口网咖(明珠商务酒店店)","address":"边城街44-3号明珠商务酒店二楼","phone":"电话:13368823763"},{"name":"咖龙电竞网咖","address":"边城街53号4-6号门面","phone":"电话:13324978666"},{"name":"星禾网咖","address":"营水路12号附5号","phone":"电话:15208893030"},{"name":"小城故事电竞","address":"云南省德宏傣族景颇族自治州芒市胞波路20号","phone":"电话:18806993828"},{"name":"金有网咖电竞(万昌购物中心店)","address":"云南省德宏傣族景颇族自治州瑞丽市卯喊路97号","phone":"电话:13378827111"},{"name":"嘟啦电竞网咖","address":"团结大街174号2楼2号","phone":"电话:15987573006"},{"name":"艾泽拉斯电竞馆","address":"阿露窝罗路36号","phone":""},{"name":"黑白电竞","address":"民族街29号卢泰盛苑111号门面","phone":"电话:15519999192"}]