[{"name":"电竞网咖(昭阳路店)","address":"谢桥冲广坪小区3栋三楼（万山人民医院后面）","phone":"电话:0856-5234123"},{"name":"融创电竞(广场商业街店)","address":"广场南路人民广场东南侧约30米","phone":"电话:0856-7656776"},{"name":"豪尚电竞网咖","address":"梵净山路多维时代商业街s2-1-14号","phone":"电话:15514802276"},{"name":"魔杰电竞馆(佛光路店)","address":"贵州省铜仁市江口县江口第三中学西南侧约160米","phone":"电话:13027399899"},{"name":"梦之约电竞馆","address":"中华路地王广场2号","phone":"电话:17685399982"},{"name":"云泊电竞商务酒店","address":"贵州省铜仁市碧江区桃源大道麒龙国际会展城K17号楼4楼","phone":""},{"name":"天下一品网吧","address":"大庆路9号","phone":"电话:18975926288"},{"name":"碧水湾电竞足疗酒店","address":"铜仁市泉都街道大关社区碧水路10号","phone":"电话:19908560106"},{"name":"老地方网咖","address":"花果山6号（城市花园对面）","phone":""},{"name":"新路上网咖(世纪·时代天街店)","address":"世纪·时代天街5-6栋二层","phone":""},{"name":"星际网络会所(铜仁市星际电竞酒店有限公司)","address":"201省道创意尖峰对面","phone":"电话:0856-5280888"},{"name":"6号电竞","address":"洪信路浙江商会大厦1幢2层（万山区人民医院对面）","phone":"电话:18685677875"},{"name":"星晖电竞馆","address":"贵州省铜仁市万山区谢桥周家安置地171号","phone":""},{"name":"白鲸电竞","address":"贵州省铜仁市碧江区河西锦江南路301号锦江国际附近4栋二层商业用房5号","phone":""},{"name":"香格里拉网吧(共青路店)","address":"共青路103号（中南家园内）","phone":"电话:15117718168"},{"name":"喵喵电竞","address":"九宜城6栋坡坡一角二楼","phone":"电话:18811706268"},{"name":"斯巴达克网络会所","address":"公园道1号步行街与清水大道交叉口东南150米","phone":"电话:13368565211"},{"name":"再爱电影电玩酒店(铜仁高铁站店)","address":"贵州省铜仁市碧江区清水大道128号","phone":"电话:18286654205"},{"name":"游戏大魔方(铜仁店)","address":"仁山街道金鳞大道256号3楼1-4号","phone":"电话:15008364016/18608310904"},{"name":"布丁电玩(时代商汇店)","address":"时代商会特警大队旁105商铺","phone":"电话:13885660845/18586444965"},{"name":"一网情深网咖","address":"金鳞大道九宜城·方圆荟B区11栋2楼2001号","phone":"电话:18692252597"},{"name":"花样年华网络会所","address":"东太大道君逸凯悦大酒店旁2楼","phone":""},{"name":"电玩城","address":"铜仁市万山区正信路","phone":""},{"name":"喵喵电玩屋","address":"桃源泊岸1期815号门面","phone":"电话:17685396336"},{"name":"在路上网络会所","address":"赵家湾路与锦江北路交叉口西120米","phone":""},{"name":"享玩24小时自助会所","address":"迎宾商务宾馆二楼","phone":""},{"name":"酷乐电玩城","address":"铜仁市万山区桂花大道名家汇国际广场","phone":""},{"name":"大玩家电玩城(观山雅居店)","address":"贵州省铜仁市万山区观山雅居1栋2-1号","phone":"电话:15820745555"}]