[{"name":"三味网吧","address":"金珠西路柳梧立交桥八一小区10号","phone":"电话:13889005414"},{"name":"域禾电竞馆(羊达店)","address":"109国道朗仲组94号","phone":"电话:18689095646"},{"name":"欧威电竞网咖","address":"北京大道泰玺华庭6号楼4楼","phone":"电话:17394906445"},{"name":"玩家电竞网咖","address":"西藏自治区拉萨市堆龙德庆区门外商业街3号","phone":"电话:18689188380"},{"name":"拉萨半糖电竞网咖纳金路店","address":"纳金中路摩登宝贝国际儿童城四层4-3号商铺","phone":"电话:17761472565"},{"name":"星里奥电竞(王府井店)","address":"王府井购物中心5号门三楼","phone":"电话:17354519362"},{"name":"篮猫电竞(纳金路店)","address":"纳金西路19号","phone":"电话:13989989213"},{"name":"星里奥网咖(教育城店)","address":"蔡公堂街道投翰林苑17号一二临街商业楼","phone":"电话:13308919312"},{"name":"众联网咖(林廓路店)","address":"林廓东路中段与北京东路交叉口南80米","phone":""},{"name":"星里奥网咖(万达广场店)","address":"纳金东路56号商业广场室内步行街1F层W1063W1065W1066号商铺","phone":"电话:15348984575"},{"name":"半糖电竞馆(加荣路店)","address":"加荣路-德吉康居园东区10栋2","phone":"电话:13989014707"},{"name":"星耀电竞网咖","address":"长兴都汇1栋2单元2楼","phone":"电话:18108907088"},{"name":"域禾电竞馆","address":"江苏路拉萨日报社大门以西30米","phone":"电话:19208910891"},{"name":"古麦电竞网咖","address":"色拉南路如家酒店院内（近团结新村东门）","phone":""},{"name":"星里奥电竞(远大店)","address":"拉萨市东嘎街道农贸批发市场斜对面青藏路与柳东路交汇处远大商城A1段多功能房二楼","phone":"电话:17708989652"},{"name":"花狸电竞","address":"拉萨市堆龙德庆区通站路拉萨之窗北广场-南区东侧约90米","phone":"电话:18088428488"},{"name":"SNG电子竞技俱乐部","address":"拉萨市城关区纳如广场三楼B区","phone":"电话:15198128884"},{"name":"星里奥电竞(北京中路店)","address":"北京中路44号西郊电信手机城2楼东侧","phone":"电话:18108908651"},{"name":"域禾·星里奥电竞(柳梧一分店)","address":"北京大道世纪新城大楼地下室","phone":"电话:19208910891"},{"name":"星众电竞","address":"纳金街道藏大西路1号摩格数码广场2楼168号","phone":"电话:18076904515"},{"name":"云顶电竞网咖","address":"拉萨市堆龙德庆区青藏公路拉萨市第四高级中学西北侧约160米","phone":""},{"name":"拉萨众联网咖(至尊店)","address":"GIS购物广场南1门旁","phone":"电话:13628081378/18089992661"},{"name":"众联网咖·手工茶作(阳光店)","address":"太阳岛一路颐堤半岛B座3楼","phone":""},{"name":"竞潮玩·域禾电竞网咖(金盾苑店)","address":"北京大道11幢","phone":"电话:17589065555"},{"name":"众联网城(娘热路店)","address":"娘热路42号-附5号","phone":"电话:13989092047"},{"name":"趣族网咖(拉萨之窗店)","address":"柳梧新区火车站进站口对面拉萨之窗1栋4层","phone":"电话:0891-6839400"},{"name":"宜博电竞馆(经开区日部落网咖)","address":"经济技术开发区奇圣商业广场扎西路侧二楼B05号","phone":"电话:18141484485"},{"name":"宏宇网咖(天海路店)","address":"西藏自治区拉萨市城关区巴尔库路","phone":"电话:13330993799"},{"name":"蓬莱闲境网咖","address":"纳金街道加荣路德吉康居园1-3-1号","phone":"电话:15984918076"},{"name":"星里奥网咖(金马国际店)","address":"北京大道金马国际5-2002号","phone":"电话:15138690909"},{"name":"非梵网咖(堆龙店)","address":"拉萨市堆龙德庆区圣地阳光东北侧约50米","phone":""},{"name":"篮猫电竞堆龙店","address":"拉萨市堆龙德庆区拉萨东嘎农产品批发市场南侧约270米","phone":""},{"name":"乐斗网咖","address":"嘎玛贡桑路统建社区7组354号","phone":"电话:0891-6521000/0891-6871113"},{"name":"非梵网咖(柳梧店)","address":"通站路宏御商业广场A座二楼","phone":"电话:18040381666"},{"name":"梦之蓝网咖(东郊店)","address":"热噶曲果路拉百小区配套综合楼三楼(拉百超市楼上)","phone":"电话:18081948925"},{"name":"拉萨元曦电竞酒店(布达拉宫店)","address":"南环路滨河体育公园东150米万达广场F1","phone":""},{"name":"星里奥网咖(科海店)","address":"金珠西路格桑林卡","phone":"电话:18908908705"},{"name":"众投网咖餐厅(八一路店)","address":"八一路格拉丹东商业街2楼D-2-6D-2-7D-2-8D-2-9室","phone":"电话:13908915977"},{"name":"幻影网咖","address":"曲米路541号","phone":"电话:15855655585"},{"name":"宏宇网咖(夺底中路店)","address":"西藏自治区拉萨市城关区夺底南路42号","phone":""},{"name":"城市乐园家庭娱乐体验中心(城市百货店)","address":"北京东路29号城市百货","phone":"电话:18023453431"},{"name":"ShowTime主机游戏体验馆(环球大厦店)","address":"环球大厦8楼","phone":"电话:13989061311"},{"name":"堆龙聚潮游戏体验馆","address":"堆龙大道与柳东路交叉口东北240米","phone":"电话:13322500607"},{"name":"悦酷潮玩(功德林天街店)","address":"德吉路北段与北京中路47号功德林天街三楼3F-2号","phone":"电话:18989085726"},{"name":"标尚网咖","address":"贡桑路拉萨嘎庆天文酒店西南侧","phone":"电话:15730358810"},{"name":"智光网咖","address":"拉萨市城关区嘎玛贡桑路梅里雪山大酒店西北侧约190米","phone":"电话:0891-6578111"},{"name":"大玩家(拉萨柳梧万达店)","address":"顿珠金融城顿珠路1号柳梧万达广场2F-次主1","phone":"电话:18840719163"},{"name":"云逸宝游戏厅(万达影院城关店)","address":"纳金东路万达广场3楼万达影城休息区前台旁","phone":""},{"name":"路人网咖","address":"纳金中路路人网咖","phone":""},{"name":"大玩家(万达广场店)","address":"纳金东路56号万达广场二楼","phone":"电话:18006176033"},{"name":"影科网咖","address":"西藏自治区拉萨市城关区扎细街道扎基中路阿旦大厦2楼","phone":""},{"name":"拉萨Yoker Gaming主机游戏体验馆","address":"城关花园H区(嘎吉3区)东街5单元4层2号","phone":""}]