[{"name":"皇朝电竞(双兴店)","address":"双兴小区27栋6、7、8、9号商网","phone":"电话:18942792525"},{"name":"网咖电竞","address":"盘锦市大洼区泰山中路昆仑云景-东区","phone":""},{"name":"天作网络会馆","address":"晟华大道晟华苑四期22号楼","phone":"电话:18704270800"},{"name":"今明后网咖(东风街店)","address":"东风街53号","phone":""},{"name":"糖潮电竞网咖(新玛特店)","address":"鹤翔路（大商城市广场C座2楼）","phone":"电话:0427-3680888"},{"name":"金阳电竞","address":"盘锦市大洼区红海滩大街大洼客运东北侧约30米","phone":""},{"name":"赢龙网吧(食品一条街店)","address":"辽河路批发一条街岗北50米路东独一处饺子馆斜对过","phone":""},{"name":"蜘蛛网吧(兴三街店)","address":"步行街与兴三街交汇处二楼","phone":"电话:13224270581"},{"name":"红宝石网吧(辽油总院渤海院区东北)","address":"海园小区01号","phone":""},{"name":"蜜糖网咖(钻井市场店)","address":"鹤翔路62号","phone":""},{"name":"蜜糖网咖矩阵帝国(泰山北路店)","address":"泰山路131号(人合家园东)","phone":""},{"name":"糖潮电竞综合体(康桥店)","address":"盘锦市兴隆台区桔子广场B座E14号楼4层(康惠社区入口进入)","phone":"电话:0427-8592999"},{"name":"轩宇网咖","address":"泰山中路良筑名邸","phone":"电话:13030777853"},{"name":"YOYI优宜电玩PS5·SWITCH·XBOX","address":"辽宁省盘锦市兴隆台区惠宾街37号蓝色康桥桔子广场B座一楼1133号商铺","phone":"电话:13008237560"},{"name":"半糖电玩","address":"惠宾街道惠宾街与香稻路交口蓝色康桥住宅区A区17、19桔子实业有限公司三层","phone":"电话:13842706901"},{"name":"电顽橙子潮玩体验中心","address":"渤海路久栢埠商场负一F154室","phone":"电话:15204291172"},{"name":"玩家国度电竞馆(昆仑云景店)","address":"昆仑云景小区一期A10-5号商网","phone":""},{"name":"皇朝电竞(未来城网吧)","address":"大商城市广场D座十字街南行30米","phone":"电话:15642772525"},{"name":"巨人网吧(小学路)","address":"小学路与惠宾街交叉路口往南约100米(迎宾小区(南区街)西北侧约50米)","phone":"电话:15042769868"},{"name":"哈喽C+电竞(盘锦一号店)","address":"辽宁省盘锦市双台子区双兴北路547号","phone":""},{"name":"天之缘网咖","address":"泰山路中兴公园西门对面(兴税家园综合楼)","phone":"电话:13130907785"},{"name":"金源网吧蜘蛛电竞(双台子店)","address":"辽宁省盘锦市双台子区辽河北路151号","phone":"电话:18342701999"},{"name":"奇缘网络竞技(三部)","address":"泰山北路107号附近","phone":""},{"name":"飞亚网咖","address":"石油大街与金盛路交叉路口西侧兴隆小区","phone":"电话:13604934445"},{"name":"火麒麟电玩城(双台城店)","address":"建设街道胜利街35号橘子置业有限公司双台城分公司负一114铺","phone":""},{"name":"大玩家(盘锦万达店)","address":"万达广场三楼大玩家","phone":"电话:0427-3297886"},{"name":"环海嘉年华电玩城(盘锦钻井生活广场店)","address":"钻井生活广场3F-01","phone":""},{"name":"不急电玩馆","address":"盘锦市浍滨街道康慧社区蓝色康桥E区5号楼2楼2层2046号商铺","phone":""},{"name":"主机游戏体验店","address":"胜利街与育红路交叉口北50米路西","phone":"电话:13942776607"},{"name":"蜜糖电竞","address":"盘锦市兴隆台区香稻路河畔花园(香稻路)","phone":""},{"name":"数码潮玩(鹏欣·水游城店)","address":"石油大街水游城一楼132号","phone":"电话:15204261153"},{"name":"极速翼电玩城(鹏欣·水游城双兴南路店)","address":"鹏欣水游城负一层","phone":""},{"name":"云逸宝游戏厅(大商影城新玛特店)","address":"盘锦市步行街大商新玛特影城内大厅前台旁","phone":""},{"name":"十一号电竞酒店","address":"辽宁省盘锦市兴隆台区惠宾街与香稻路交叉口桔子广场F1","phone":""},{"name":"云逸宝摇杆游戏机(中影东方银座国际影城盘锦店)","address":"盘锦市石油大街东方银座广场三楼东方银座影城休息区前台旁","phone":""},{"name":"云逸宝摇杆游戏机(中影映画影城田家店)","address":"田家镇天润广场五楼映画影城影城内前台旁","phone":""}]