[
  {
    "name": "惺悦网咖",
    "address": "建投东方名府·源著西门南100米",
    "phone": "电话:17756759577"
  },
  {
    "name": "宜博电竞馆(建安文化广场店)",
    "address": "药都路建安文化广场5号楼3层316铺",
    "phone": "电话:18056790035"
  },
  {
    "name": "极品体验网吧",
    "address": "建安路557号",
    "phone": "电话:13966899668"
  },
  {
    "name": "天都网络休闲会所(芡河路店)",
    "address": "西城路62号",
    "phone": "电话:15385281822"
  },
  {
    "name": "相遇网咖电竞馆(绿城玫瑰园店)",
    "address": "安徽省亳州市谯城区经济技术开发区牡丹路绿城玫瑰园金街46号楼122号商铺",
    "phone": "电话:19335278866"
  },
  {
    "name": "小虎牙电竞馆(国购名城店)",
    "address": "希夷大道汇金广场A座3楼",
    "phone": "电话:0558-5678122"
  },
  {
    "name": "相遇网咖电竞馆(世纪城店)",
    "address": "亳州市经济开发区汤王大道建投世纪城2号楼105-106商铺",
    "phone": "电话:19335288866"
  },
  {
    "name": "相遇网咖电竞馆(国购名城店)",
    "address": "紫苑路国购名城北侧综合楼B楼111、112铺",
    "phone": "电话:19335298866"
  },
  {
    "name": "澜鲸电竞台球棋牌club",
    "address": "老县委乐行步行街二楼202-215苏果后面",
    "phone": "电话:19965956160"
  },
  {
    "name": "小虎牙电竞馆(海港城店)",
    "address": "桐乡路亳州海港城2号门三楼",
    "phone": "电话:0558-8888188"
  },
  {
    "name": "小虎牙电竞馆(海港城店)",
    "address": "桐乡路亳州海港城2号门三楼",
    "phone": "电话:0558-8888188"
  },
  {
    "name": "卓威电竞馆(魏武广场店)",
    "address": "魏武大道与文帝街交汇处西南角102-1号",
    "phone": ""
  },
  {
    "name": "聚点电竞馆(万达店)",
    "address": "高新万达金街北街6号门对面二楼",
    "phone": "电话:15256396337"
  },
  {
    "name": "MR摩尔电竞(桐乡路店)",
    "address": "桐乡路上善名郡S5栋三楼",
    "phone": ""
  },
  {
    "name": "丘比特网咖(古泉路店)",
    "address": "汤陵街道古泉路与新华北路交叉口(药都大剧院对面)",
    "phone": "电话:15956788833"
  },
  {
    "name": "斗牛电竞(文帝街店)",
    "address": "杏坛家园北门东190米",
    "phone": ""
  },
  {
    "name": "飞鸟电竞",
    "address": "亳州市谯城区桐花路华府·翡翠庄园",
    "phone": "电话:16655986298"
  },
  {
    "name": "浪渔电竞",
    "address": "鼎吉万和府汉庭酒店后门万和美食城",
    "phone": "电话:13309676051"
  },
  {
    "name": "力文电竞馆(魏武广场店)",
    "address": "君亭华丰酒店旁2楼",
    "phone": ""
  },
  {
    "name": "三人行电竞馆(华富广场店)",
    "address": "南湖华富广场1D-125号",
    "phone": "电话:19556069050"
  },
  {
    "name": "网喵电竞(魏武广场店)",
    "address": "安徽省亳州市谯城区光明路路南9号",
    "phone": "电话:15956728088"
  },
  {
    "name": "星火电竞",
    "address": "亳州市谯城区华佗大道珍宝岛·雍景和府",
    "phone": "电话:0558-5125558"
  },
  {
    "name": "摩尔电竞(魏武店)",
    "address": "魏武大道东侧魏武大厦301铺",
    "phone": "电话:19956736661"
  },
  {
    "name": "外星人网咖(万达嘉华中心店)",
    "address": "谯城区亳州市高新区万达金街南街B5-247、B5-248",
    "phone": "电话:17733312089"
  },
  {
    "name": "斗牛电竞",
    "address": "小商品批发市场斗牛电竞",
    "phone": "电话:15247998818"
  },
  {
    "name": "昊天电竞",
    "address": "谯城区桐乡路桃花源小区西门商铺66号",
    "phone": "电话:15056798488"
  },
  {
    "name": "希夷网吧",
    "address": "魏武大道乐派网咖旁",
    "phone": "电话:13966872878"
  },
  {
    "name": "友嘉电竞",
    "address": "亳州市谯城区建安北路与香附路交叉路口往南约240米",
    "phone": ""
  },
  {
    "name": "昊宇电竞",
    "address": "亳州市谯城区桐乡路桃花源小区(桐乡路)",
    "phone": ""
  },
  {
    "name": "呆呆狗网咖·台球(紫金广场店)",
    "address": "经济开发区希夷大道东侧杜仲路北侧紫金广场二楼216号铺",
    "phone": "电话:19335265576"
  },
  {
    "name": "蓝喵电竞",
    "address": "安徽省亳州市谯城区光明西路商住楼120铺",
    "phone": "电话:18133317757"
  },
  {
    "name": "城市星空电玩城(亳州方圆荟店)",
    "address": "高新区方圆荟四楼4001号",
    "phone": "电话:18130762665"
  },
  {
    "name": "酷玩电竞(万达广场亳州高新店)",
    "address": "亳州市高新区希夷大道1008号万达广场",
    "phone": ""
  },
  {
    "name": "城小蜗无人电竞酒店(亳州大学城店)",
    "address": "亳州市高新技术产业开发区老君大道与香蒲路交叉口东北角东方名府玖著1号楼底商",
    "phone": ""
  },
  {
    "name": "大玩家(亳州谯城万达店)",
    "address": "汤王大道399号万达广场2F-3",
    "phone": "电话:15551565765"
  },
  {
    "name": "速龙网友地带",
    "address": "白依路名吃一条街",
    "phone": "电话:13966872878"
  },
  {
    "name": "宜博宜时代电竞酒店(万达店)",
    "address": "亳州市希夷大道万达广场B3号楼2103号",
    "phone": ""
  },
  {
    "name": "乐客密码(万达广场亳州高新店)",
    "address": "希夷大道与杜仲路交叉口亳州高新万达广场3F",
    "phone": ""
  },
  {
    "name": "play1家庭娱乐中心(方圆荟购物中心亳州店)",
    "address": "安徽省亳州市谯城区养生大道与神农大道交叉口西北方圆荟购物中心F3",
    "phone": ""
  },
  {
    "name": "云逸宝摇杆游戏机(万达影城北万达广场PRIME店)",
    "address": "谯城区汤王大道399号谯城万达广场3楼万达影城内大厅前台旁",
    "phone": ""
  }
]