[{"name":"酷游电竞馆","address":"海南省儋州市那大镇迎宾大道广场花园B301-305商铺","phone":""},{"name":"时速网吧(先锋路店)","address":"先锋路76号","phone":"电话:18976432527"},{"name":"宜博电竞馆(儋州驱动电竞馆)","address":"中兴大街儋州汽车站正对面","phone":""},{"name":"逗号电竞(白马井店)","address":"蓝岛滨海康城北门旁","phone":"电话:19907561546"},{"name":"逗号电竞(爱尚店)","address":"那大镇中兴大街控规21号街区A12号","phone":"电话:13648659698/19943208425"},{"name":"逗号电竞(儋州爱客店)","address":"海南省儋州市那大镇科学南路海拓大厦4楼","phone":"电话:19943219742"},{"name":"赛仑电竞·中兴馆","address":"那大镇中兴大街控规21号街区A04-A05号","phone":""},{"name":"千千结电竞","address":"海南省儋州市大通南路94号","phone":"电话:13322095800/17372084881"},{"name":"时代电竞馆","address":"中兴大街X12-5号花海ktv2楼","phone":"电话:0898-23330688/17784649500"},{"name":"逆战网咖(白马井中七路店)","address":"白马井滨海新区中七路与人民路交叉口东50米","phone":"电话:13976447430"},{"name":"","address":"","phone":""},{"name":"","address":"","phone":""},{"name":"","address":"","phone":""},{"name":"","address":"","phone":""},{"name":"","address":"","phone":""},{"name":"","address":"","phone":""},{"name":"","address":"","phone":""},{"name":"","address":"","phone":""},{"name":"","address":"","phone":""},{"name":"","address":"","phone":""},{"name":"赛仑电竞(世贸馆)","address":"兰洋北路东50米二楼","phone":""},{"name":"爱徕迪家庭欢乐中心(夏日广场店)","address":"那大镇夏日国际商业广场","phone":"电话:18776944064"}]