[{"name":"凌云电竞","address":"青海省西宁市城西区虎台街道汇通凤凰城小区","phone":"电话:17697241521"},{"name":"义乌电竞","address":"柴达木路永和集团三楼","phone":"电话:18097337311"},{"name":"星盟网络电竞","address":"青海省西宁市城北区柴达木路561号","phone":"电话:13145955666"},{"name":"义乌电竞(中海店)","address":"西宁市城北区门源路西宁碧桂园西南侧约30米","phone":""},{"name":"云顶电竞(海亮商业广场店)","address":"互助路海亮商业广场","phone":"电话:17697157824"},{"name":"奕客电竞","address":"西关大街84号建设银行旁（近冷湖路）","phone":""},{"name":"光痕电竞(新千店)","address":"建国路66号丝路风情街2253层5306号","phone":"电话:0971-3533999"},{"name":"凌恒电竞","address":"瑞源路麒麟名都","phone":"电话:18139216308"},{"name":"艾克丝电竞(海湖星城店)","address":"文成路16号歪歪楼南侧","phone":"电话:18697115174"},{"name":"兴欣电竞(共和路店)","address":"青海省西宁市城东区共和路111-10号","phone":""},{"name":"维乐电竞","address":"互助中路59号利源小区3号商铺","phone":"电话:13065707232/18794849999"},{"name":"咔嗞呀电竞茶咖(亿万家园新宁路店)","address":"新宁路13号二楼","phone":"电话:18609713596"},{"name":"横贯电竞(海湖万达唐道店)","address":"五四西路唐道637步行街B3-402商铺","phone":"电话:18797190069"},{"name":"佰祥电竞(西部矿业店)","address":"祁连路青海盐业大厦","phone":"电话:15003666551"},{"name":"横贯电竞(夏都大街店新千西宁站)","address":"夏都大街夏都大道189号夏都府邸东区2号楼喆啡酒店负一层","phone":"电话:17797180533"},{"name":"鲨鱼电竞","address":"东关大街67号1号楼67-23号","phone":"电话:13519749444"},{"name":"卓狼电竞","address":"生物园区经二路31号商铺三层","phone":"电话:09718138899"},{"name":"心界电竞","address":"宁张路52号","phone":""},{"name":"爱陌电竞香格里拉店","address":"香格里拉大道8号香格里拉商业街10号楼3楼","phone":"电话:0971-4393456"},{"name":"飞越时空网咖(园丁路店)","address":"园丁路与同安路交叉口南100米","phone":""},{"name":"嘻游电竞馆","address":"青海省西宁市城东区乐家湾镇隆豪万利园","phone":"电话:18697196572/18935517903"},{"name":"胖先森电竞","address":"德令哈路60号","phone":""},{"name":"佰虎电竞馆","address":"经济开发区八一中路1号","phone":"电话:15500553323"},{"name":"凡天电竞","address":"同仁路46号万兴大厦1号楼","phone":"电话:13619718387"},{"name":"集结号电竞","address":"长江路77号1-77-29号","phone":"电话:15597043790"},{"name":"风云网吧(湟中路店)","address":"八一中路35号","phone":"电话:17397017167"},{"name":"斑马电竞","address":"大众街街道大众街25号(化隆宾馆巷内)","phone":"电话:13619712175"},{"name":"新摩尔电竞(晟锦至尊店)","address":"西关大街126号9号楼","phone":"电话:15500546557"},{"name":"外星人赛铂电竞综合体验中心","address":"建国南路66号新千国际广场20号楼F5层","phone":"电话:17697276681"},{"name":"纵横电竞网咖","address":"青海省西宁市湟中区通宁嘉苑西北门旁","phone":"电话:18097311112"},{"name":"纵横电竞网咖","address":"青海省西宁市湟中区通宁嘉苑西北门旁","phone":"电话:18097311112"},{"name":"麦航电竞","address":"青海省西宁市城中区南大街6号","phone":"电话:15695389819"},{"name":"朋派电竞中心","address":"互助东路12号2号楼2-120室","phone":""},{"name":"巅峰电竞(新华百货CC mall店)","address":"青海省西宁市城西区五四大街45号新华百货CCmallBT馆4F","phone":""},{"name":"ROG玩家国度卓乐电竞(西宁大象城王府井购物中心店)","address":"五四西路68号王府井大象城3F3009号","phone":"电话:0971-6245666"},{"name":"顶楼电竞","address":"西宁市城东区湟中路青藏铁路花园西北门西南侧约100米","phone":""},{"name":"摩羯电竞","address":"开元路18号31栋18-144号","phone":"电话:15500503351"},{"name":"XINJIE上网电竞娱乐包房","address":"西宁市城北区宁张路中房城北国际村秋芙园西侧约40米","phone":""},{"name":"天蝎电竞","address":"柴达木路金座雅园一期南门靠左","phone":"电话:18997099069"},{"name":"白羊电竞馆","address":"洁神路百汇广场3楼","phone":"电话:18658203791"},{"name":"巅峰电竞(海湖万达店)","address":"海湖万达广场4楼（近2号门）","phone":"电话:19397130918"},{"name":"黑鲸网咖电子竞技","address":"共和路富城苑小区301-3国艺广告2层","phone":"电话:18097447970"},{"name":"森墨电竞综合馆","address":"南山路16号B座2层","phone":"电话:17697150860"},{"name":"巅峰电竞(长江路店)","address":"长江路77号","phone":""},{"name":"麦田网咖(力盟商业步行街店)","address":"西关大街力盟商业步行街四季渔歌隔壁","phone":"电话:0971-6112268"},{"name":"趣尚网咖(经二路店)","address":"经二路植物园区康美中药城24号楼3楼","phone":"电话:13997215896"},{"name":"兴贵网咖","address":"多巴北街西宁市湟中区小福星幼儿园东南侧约100米","phone":""},{"name":"森林电竞体验馆(西宁城东吾悦广场店)","address":"青海省西宁市城东区八一路177号西宁城东吾悦广场F2","phone":""},{"name":"义乌网咖(民惠城店)","address":"门源路民惠城12-138","phone":"电话:15695382575"},{"name":"FeeGeeEsport·非界电竞(唐道店)","address":"西宁市西关大街130号美豪酒店7B层A1-A5、C1-C2室","phone":"电话:0971-5115566"},{"name":"赛铂电竞(力盟店)","address":"五四大街41号力盟商业巷步行街7号楼2楼202","phone":"电话:18797363316"},{"name":"卓威电竞馆(西宁海湖万达广场店)","address":"万达广场4楼（近2号门）","phone":"电话:15349741778"},{"name":"曼森电竞","address":"南山东路尚东国际酒店对面2楼","phone":"电话:15597111333"},{"name":"光痕电竞(城北吾悦广场店)","address":"宁张路城北吾悦广场3楼3019-1、3019-2室","phone":""},{"name":"蜂鸟电竞中心(西宁中惠万达广场店)","address":"南山东路84号中惠万达广场2号门负一楼","phone":"电话:15110985355"},{"name":"宜博电竞馆(五四大街店)","address":"五四大街力盟商业街五四百货门口第一大道地下商业街d1区","phone":"电话:17309711697"},{"name":"K1·电竞","address":"西宁市城东区八一路半岛新家园","phone":""},{"name":"杂玩铺子电竞体验馆","address":"西宁市城西区五四大街佳豪国际2单元2173室(力盟步行街肯德基后院内)","phone":""},{"name":"天蝎电竞","address":"柴达木路金座雅园一期南门靠左","phone":"电话:18997099069"},{"name":"柠檬缘情网咖","address":"南川东路25号2号楼2单元","phone":"电话:18997272981"},{"name":"动漫魔方电竞俱乐部","address":"水井巷24号","phone":""},{"name":"点击电竞","address":"广汇九锦园","phone":"电话:14706333442"},{"name":"切克电竞馆","address":"五一路1号2号楼","phone":"电话:17397087714"},{"name":"兴欣电竞馆(古城台店)","address":"西关大街25号","phone":"电话:13389758253"},{"name":"荠天电竞网咖","address":"青海省西宁市城西区商业巷20号","phone":""},{"name":"专业电竞(香格里拉店)","address":"西宁市城中区香格里拉路香格里拉·城市花园-三期","phone":""},{"name":"海妖电竞","address":"西海路51号c-2-1(景岳公寓南门正对面)","phone":"电话:13897208288"},{"name":"网乐天空网咖","address":"甘河工业园区安置小区12号楼二层","phone":"电话:18697145789"},{"name":"横贯电竞(海湖万达五矿巅峰店)","address":"青海省西宁市城西区五四西路66号4号楼2层66-254、66-256号","phone":""},{"name":"西宁租电脑(胜利路店)","address":"胜利路58号宏业大厦2楼","phone":"电话:13195783522"},{"name":"西宁租电脑(胜利路店)","address":"胜利路58号宏业大厦2楼","phone":"电话:13195783522"},{"name":"梵加电竞","address":"国际村·都市绿洲","phone":""},{"name":"昆仲电竞","address":"西宁市城北区西海路西宁碧桂园东侧约90米","phone":"电话:17848341003"},{"name":"超级玩家电竞馆","address":"青海省西宁市城西区五四大街45号新百CCmall(西宁店)底商F1","phone":""},{"name":"无快乐不电竞","address":"西宁市城东区共和路新千百盛购物中心","phone":""},{"name":"青A电竞(新华百货B馆店)","address":"五四大街45号力盟商业步行街新华百货B馆4楼","phone":"电话:0971-8822801/13519733594"},{"name":"超凡电竞酒店(海湖新华联店)","address":"青海省西宁市城西区五四西路61号新华联国际中心3号楼","phone":""},{"name":"卓高网咖","address":"南关街72号宝光金店负1楼","phone":"电话:18809711381"},{"name":"会顶电竞","address":"国际村·都市绿洲1号门东50米","phone":"电话:17697155553"},{"name":"云铂电竞","address":"西关大街32号1号楼2层","phone":"电话:15500649299"},{"name":"半点网络电竞工作室","address":"青海省西宁市城西区古城台街道西关大街与青年巷交叉口东南80米青年巷永和大厦A座12楼1122室","phone":"电话:18194504365"},{"name":"玛雅网咖(温馨家园店)","address":"南川工业园区奉青路13号温馨家园8号楼","phone":"电话:18509710596"},{"name":"米欣电竞","address":"西宁市城东区共和路大众花园","phone":""},{"name":"青城电竞","address":"西宁市城东区八一路永昌大厦(湟中路)","phone":""}]