[{"name":"麦田酒店电竞馆","address":"玉关路850号新港城居住组团二期A区A1号楼三层301号商铺","phone":"电话:0936-8888884"},{"name":"绿色航道网咖","address":"新乐小区东门斜对面华谊小区向北60米","phone":""},{"name":"墨啡电竞馆","address":"甘肃省张掖市甘州区欧式街北段6号楼","phone":"电话:13909429660"},{"name":"弘光网吧(西大街店)","address":"西大街派真品服饰3楼","phone":"电话:0936-5977806"},{"name":"龙翔网咖(祁连西路店)","address":"祁连西路与南大街交叉路口往西约50米(金地润苑东北侧约50米)","phone":"电话:18089462028"},{"name":"新起点网吧(民主东街店)","address":"南大街208号万寿商业街","phone":""},{"name":"威凯网咖","address":"西环路169号","phone":""},{"name":"世博巅峰电竞馆(世博恒太城店)","address":"张掖市山丹县西大街南湖中央花苑东侧","phone":""},{"name":"新纪元电竞","address":"县府街与西大街交叉口南120米","phone":""},{"name":"H电竞综合体","address":"西大街115号汇丰大厦4楼","phone":""},{"name":"亨特电竞台球俱乐部","address":"张掖市劳动街169号","phone":""},{"name":"骑士电竞","address":"名门首府北区10号楼203商铺","phone":""},{"name":"哈鱼电竞","address":"甘肃省张掖市甘州区南大街(南关五交化总汇)","phone":"电话:13830623033"},{"name":"云逸宝摇杆游戏机(中影星美影城鑫汇店)","address":"张掖市长寿街185号鑫汇国际时代广场5楼中影星美影城内大厅前台旁","phone":""},{"name":"七跃娱乐","address":"北环路827号","phone":"电话:18794445436"},{"name":"天阶传奇超乐场(鑫汇国际时代广场店)","address":"鑫汇国际时代广场4F","phone":"电话:15202343760"}]