[{"name":"鲨鱼电竞网吧","address":"青海省果洛藏族自治州玛沁县玛央街三楼JM电竞","phone":"电话:17716003317"},{"name":"卓威电竞馆(团结路店)","address":"青海省果洛藏族自治州玛沁县大武镇团结路","phone":""},{"name":"麦航电竞","address":"果洛藏族自治州玛沁县环城南路希望家园西北侧约50米","phone":""},{"name":"ZG电竞馆(班玛路店)","address":"果洛藏族自治州玛沁县班玛路果洛州人民医院东侧约240米","phone":""},{"name":"1807电玩馆","address":"果洛藏族自治州玛沁县环城南路希望家园西北侧约90米","phone":"电话:17677452224"},{"name":"启梦电竞","address":"青海省果洛藏族自治州久治县南环路D097","phone":""},{"name":"730电竞馆","address":"青海省果洛藏族自治州达日县建设路青海省达日县民族中学东南侧约200米","phone":"电话:18097151314"},{"name":"甘德县头号玩家电竞馆","address":"青海省果洛藏族自治州甘德县柯曲镇G227(吾勤西路)","phone":"电话:14797056682"},{"name":"梦幻电玩城","address":"青海省果洛藏族自治州达日县吉迈镇市场内二楼","phone":"电话:18897349588"}]