[{"name":"3·6·5电竞网咖(劳动南路店)","address":"城南街道劳动南路洪客隆商业街西门2楼203（妇幼保健院斜对面）","phone":"电话:17779051076"},{"name":"奇遇电竞","address":"江西省新余市渝水区光伏路1836号","phone":"电话:18079002698"},{"name":"亿龙电竞网吧","address":"新余市抱石步行街1001号","phone":""},{"name":"心连心电竞","address":"新余市分宜县岭北西路钤景星城东北侧约30米","phone":""},{"name":"豪杰电竞","address":"亚新北一路20号","phone":""},{"name":"巅峰电竞(分宜店)","address":"新余市分宜县岭东路庄岗岭农贸市场北侧","phone":"电话:13755556177/15717903037"},{"name":"台球电竞","address":"新余市渝水区北湖东路诚信花园西北侧约40米","phone":""},{"name":"壹加电竞(康盛店)","address":"站前西路现代城1期","phone":"电话:0790-6663376"},{"name":"F1电竞网咖","address":"新余市分宜县钤山东路东兴嘉园(万年南路)西北侧约40米","phone":""},{"name":"鼎盛电竞(胜利南路店)","address":"胜利南路5号","phone":"电话:0790-6443993"},{"name":"锤锤电竞","address":"江西省新余市渝水区城南街道东风管理处亚新北一巷一栋20号","phone":"电话:19107076996"},{"name":"鼎盛电竞(名仕公馆店)","address":"城北街道城北仙来西大道236号红海名仕公馆5栋05-106","phone":"电话:0790-6227726/17379092195"},{"name":"在线邻居网吧","address":"柏林溪岸小区南门店面","phone":"电话:18107901081"},{"name":"尖端电竞(东湖花城店)","address":"钤丰路249号32铺","phone":""},{"name":"遇尚电竞","address":"劳动北路新港湾宾馆二楼","phone":"电话:15180008080"},{"name":"鼎盛电竞(大麦店)","address":"北湖东路与向阳路交叉口西南80米","phone":"电话:15779586745"},{"name":"行风电竞","address":"胜利北路231号","phone":"电话:0790-6662966"},{"name":"零点网吧(钤山东路店)","address":"钤山东路199号","phone":""},{"name":"鼎盛电竞(玉禾店)","address":"赣西大道暨阳翡翠城斜对面","phone":"电话:0790-6666518"},{"name":"鼎盛电竞·北辰(跃龙苑店)","address":"万宝国际大厦","phone":"电话:15779586745"},{"name":"钢城电竞","address":"新余市渝水区赛维大道盛世金鼎","phone":"电话:18879082688"},{"name":"奕树电竞","address":"江西省新余市分宜县分宜镇万年北路1-1-101号","phone":""},{"name":"鼎盛电竞(麒麟店)","address":"新余市渝水区赛维大道恒大雅苑(赛维大道)南侧约50米","phone":""},{"name":"立享电竞","address":"仙来西大道1045号一楼","phone":"电话:18979088045"},{"name":"鼎盛电竞(魔豆店)","address":"站前西路荷叶超市二楼","phone":"电话:0790-6666565"},{"name":"鼎盛电竞(金谷店)","address":"长青北路669号月亮湾三期时代花园10栋116铺","phone":"电话:0790-6666796/13879072436"},{"name":"云尚电竞","address":"公园南路4号","phone":"电话:13755578255"},{"name":"毛家网咖","address":"毛家路丽湖花园东侧约50米","phone":"电话:13879068008"},{"name":"钢城电竞","address":"新余市渝水区通济路金丰名居","phone":""},{"name":"畅游网络(通瑞路店)","address":"永济巷与通瑞路交叉口西南100米","phone":"电话:13879012153"},{"name":"畅游网络(通瑞路店)","address":"永济巷与通瑞路交叉口西南100米","phone":"电话:13879012153"},{"name":"無双网咖(北湖东路店)","address":"北湖东路866号","phone":"电话:18179037365"},{"name":"冲浪电竞馆","address":"新余市分宜县昌山南路怡心花园","phone":""},{"name":"鼎盛电竞(奈斯店)","address":"新余市分宜县钤山东路东兴嘉园(万年南路)","phone":""},{"name":"一卷电玩体验社","address":"赣西大道深港明珠1008号","phone":"电话:18879094525/19815179221"},{"name":"壹加电竞(名仕店)","address":"五一北路与名成巷交叉口西北20米","phone":"电话:13320004133"},{"name":"光束电竞(龙潭洲路店)","address":"渝东大道3964号","phone":""},{"name":"云尚网咖","address":"解放东路南湖花苑2号楼2楼","phone":""},{"name":"零点电竞(安仁路店)","address":"安仁路66号","phone":""},{"name":"千年网咖(广场店)","address":"城北广场棱上路（通州宾馆二楼）","phone":""},{"name":"满天星网咖(人民北路店)","address":"人民北路电信大楼斜对面","phone":"电话:0790-6224054"},{"name":"电信电竞","address":"新余市渝水区团结西路高能上城","phone":""},{"name":"聚龙网咖","address":"龙潭洲路新人民医院东门正对面","phone":"电话:18879082688"},{"name":"纯享网咖(天工颐园店)","address":"白竹路2091号(天工颐园商铺1号楼)","phone":"电话:18679017733"},{"name":"外星人电竞(新余渝水万达广场店)","address":"江西省新余市渝水区府前路新余渝水万达广场F1","phone":""},{"name":"星游网院(紫金城旗舰店)","address":"江西省新余市渝水区仰天岗东大道709号紫金城3栋3楼","phone":""},{"name":"钢城电竞","address":"新余市渝水区龙潭洲路格林春天","phone":""},{"name":"立享电竞(星河店)","address":"劳动北路1260号","phone":"电话:18979088045"},{"name":"快节奏(人民路店)","address":"人民路靠近新余市渝水区图书馆(抱石大道)65号","phone":"电话:0790-6660708"},{"name":"鼎盛电竞(南辰店)","address":"公园北路16号","phone":""},{"name":"满天星网咖(渝州店)","address":"胜利南路渝州大桥桥头(维也纳酒店正对面)","phone":"电话:13755599785/18179015778"},{"name":"青檬网咖","address":"中山路142号3楼","phone":"电话:0790-6968666"},{"name":"城市英雄Party House(新余广富城购物中心店)","address":"渝东大道3208号喜盈门·范城购物中心","phone":"电话:19907909337"},{"name":"钰竹电竞","address":"新余市渝水区白竹路玉竹星城","phone":"电话:13755591272"},{"name":"快乐宝贝家庭娱乐中心(暨阳·上亿广场店)","address":"暨阳上亿广场一楼","phone":"电话:19907909196"},{"name":"格林左岸电竞酒店(新余火车站店)","address":"新余市解放西路1号香港城商贸大厦1层","phone":""},{"name":"乐夹驿站(高能广场店)","address":"公园北路68号高能广场1层","phone":"电话:17779086767"},{"name":"潮玩街区(高能广场店)","address":"高能广场A-18商铺","phone":"电话:19170818893"},{"name":"满天星网咖(康居店)","address":"魁星阁路220号(原锦绣江南饭店)","phone":"电话:0790-6226866"},{"name":"雨露网咖","address":"白竹路2049号","phone":""},{"name":"聚大网咖","address":"白竹路2083号","phone":"电话:13397906538"},{"name":"畅娱电竞","address":"新余市渝水区天工南大道佳乐苑(天工南大道)","phone":""},{"name":"亚马逊网咖(三叠园店)","address":"城南街道胜利南路新大地电脑城二楼(三叠园)","phone":"电话:13879095705"},{"name":"天王电竞","address":"新余市渝水区礼祥里路暨阳·世纪城","phone":""},{"name":"名将电竞","address":"新余市渝水区白竹路骏丰·紫金丽都","phone":"电话:18079056586"},{"name":"三人行电竞馆(广富城时尚购物中心店)","address":"渝东大道3208号广富城时尚购物中心F1","phone":""},{"name":"三人行电竞馆(金豪财富广场钤山东路店)","address":"江西省新余市分宜县钤山东路2号金豪财富广场F1","phone":""},{"name":"小牛电竞馆","address":"新余学院东门花样年华2003号二楼","phone":"电话:17779086323"},{"name":"玛亚电竞馆(三叠园店)","address":"铁山购物广场渝州店西门旁","phone":""},{"name":"钢城电竞(龙泉湾店)","address":"新余市渝水区天工北大道龙泉湾(北湖西路)","phone":""},{"name":"天玑电竞","address":"新余市渝水区礼祥里路暨阳·世纪城","phone":""},{"name":"新余半糖电竞酒店(火车站店)","address":"白竹路1397号","phone":""}]