[
  {
    "name": "天一网盟鹰网网吧",
    "address": "文峰大道与曙光路交叉口向东50米路南",
    "phone": ""
  },
  {
    "name": "天一网盟指南针网吧(铁西路店)",
    "address": "铁西路中段路西",
    "phone": "电话:17656100091"
  },
  {
    "name": "柒星电竞网吧",
    "address": "亿洲城西侧2楼1号",
    "phone": "电话:18103928533"
  },
  {
    "name": "星空电竞",
    "address": "安阳市滑县白道口镇政府西南侧约180米",
    "phone": "电话:13937159822"
  },
  {
    "name": "北斗电竞小虎牙电竞网吧",
    "address": "安阳市汤阴县德贤路易苑国际",
    "phone": "电话:18539217879"
  },
  {
    "name": "闲娱电竞网吧",
    "address": "安阳市殷都区辅岩大道福华城西侧约80米",
    "phone": ""
  },
  {
    "name": "网娱电竞(天通店)",
    "address": "钢三路上海华联超市2楼",
    "phone": "电话:15738728880"
  },
  {
    "name": "北斗电竞(上亿店)",
    "address": "安阳市汤阴县中华路上亿广场",
    "phone": ""
  },
  {
    "name": "博电竞",
    "address": "安阳市文峰区OYO雨鑫快捷宾馆(中华路店)北侧约120米",
    "phone": ""
  },
  {
    "name": "707电竞馆",
    "address": "安阳市滑县长江路滑县电业大厦北侧约60米",
    "phone": ""
  },
  {
    "name": "",
    "address": "",
    "phone": ""
  },
  {
    "name": "",
    "address": "",
    "phone": ""
  },
  {
    "name": "",
    "address": "",
    "phone": ""
  },
  {
    "name": "",
    "address": "",
    "phone": ""
  },
  {
    "name": "",
    "address": "",
    "phone": ""
  },
  {
    "name": "",
    "address": "",
    "phone": ""
  },
  {
    "name": "",
    "address": "",
    "phone": ""
  },
  {
    "name": "",
    "address": "",
    "phone": ""
  },
  {
    "name": "",
    "address": "",
    "phone": ""
  },
  {
    "name": "",
    "address": "",
    "phone": ""
  },
  {
    "name": "宝鑫网吧(后营南小区东)",
    "address": "安阳师范学院后营3排16号",
    "phone": "电话:15003726612"
  },
  {
    "name": "爱上网盟·滚石电竞",
    "address": "人民大道与东风路交叉口向东200米路北",
    "phone": "电话:17624881658"
  },
  {
    "name": "天一网盟凯旋网吧",
    "address": "灯塔路500号",
    "phone": "电话:17656100096"
  },
  {
    "name": "天一电竞馆(吾悦广场店)",
    "address": "光明路吾悦广场3楼3011号",
    "phone": "电话:17656100058"
  },
  {
    "name": "爱上网盟·金铭电竞",
    "address": "商都路文源名居东区西1门南20米",
    "phone": "电话:18537287366/18837266280"
  },
  {
    "name": "青晴网吧(灯塔路店)",
    "address": "灯塔路822号",
    "phone": "电话:13526105737"
  },
  {
    "name": "A加电竞·360网咖(安阳义乌国际商贸城店)",
    "address": "中华路与德隆街交叉口西南角安阳义乌国际商贸城F2层",
    "phone": "电话:15824665305"
  },
  {
    "name": "休闲网吧(解放大道火车站店)",
    "address": "解放大道新由安糖尿病医院",
    "phone": "电话:18637213721"
  },
  {
    "name": "艾朴电竞网咖",
    "address": "安阳市文峰区德隆街金鑫·班芙春天南侧",
    "phone": ""
  },
  {
    "name": "A加电竞·天王星店",
    "address": "梅园路与钢三路交叉口东100米",
    "phone": ""
  },
  {
    "name": "网娱电竞·网客店",
    "address": "盘庚街与平原路交叉口向西15米路北（盘庚街208号）",
    "phone": "电话:18240633024"
  },
  {
    "name": "三维网吧(唐子巷)",
    "address": "北大街街道唐子巷中段路西(丹尼斯)",
    "phone": ""
  },
  {
    "name": "天一网盟极速电竞(德隆街店)",
    "address": "德隆街与彰德路交叉路口西侧（紫竹花园-南区）",
    "phone": "电话:17656100057"
  },
  {
    "name": "爱上网盟·百度电竞",
    "address": "平原路与紫薇大道交叉口西南角县粮食局家属院负一楼",
    "phone": "电话:18503729488"
  },
  {
    "name": "A加电竞·酷潮网咖(万达广场soho店)",
    "address": "万达广场3号门金街2层68号",
    "phone": "电话:13673067818"
  },
  {
    "name": "李想网咖",
    "address": "德隆街与东工路交叉口东北角金鑫班芙春天A区地下商业街8号",
    "phone": ""
  },
  {
    "name": "网娱电竞·健康店",
    "address": "铁西路北段-271号",
    "phone": "电话:15670037248"
  },
  {
    "name": "天一网盟新领域网吧",
    "address": "文峰步行街17号楼16号",
    "phone": "电话:17656100095"
  },
  {
    "name": "朋友网吧(灯塔路店)",
    "address": "灯塔路凯悦华庭小区大门西侧",
    "phone": "电话:15565171225"
  },
  {
    "name": "网娱电竞·壹点通店",
    "address": "彰德路与德隆街交叉口西南角",
    "phone": ""
  },
  {
    "name": "信通网吧",
    "address": "德隆街中段燕林花园对面",
    "phone": "电话:0372-2228619"
  },
  {
    "name": "Press A电竞游戏社",
    "address": "北头道街43-2号二楼",
    "phone": "电话:16668330107"
  },
  {
    "name": "星空网吧(迎宾路店)",
    "address": "安阳市北关区北厂街安泰公寓西北侧约130米",
    "phone": "电话:15515120092"
  },
  {
    "name": "庙街网咖MJ",
    "address": "人民大道与曙光路交叉口南50米路东",
    "phone": "电话:15703721986"
  },
  {
    "name": "网娱电竞·电族店",
    "address": "曙光路北段2号",
    "phone": "电话:0372-2258888"
  },
  {
    "name": "糖果网咖·台球棋牌",
    "address": "彰德路文化宫北门",
    "phone": "电话:0372-2196666"
  },
  {
    "name": "超越网吧",
    "address": "唐子巷与裴家巷交叉口向北一百米路北",
    "phone": "电话:18503724333"
  },
  {
    "name": "北关区明辰电竞数码产品店",
    "address": "红旗路金豪数码广场三楼B302号铺（近商场南侧电梯口）",
    "phone": ""
  },
  {
    "name": "BK家庭娱乐中心",
    "address": "京城联华二楼",
    "phone": ""
  },
  {
    "name": "美高娱乐俱乐部(义乌国际商贸城店)",
    "address": "中华路义乌商贸城东侧1号门3楼",
    "phone": "电话:16637265577"
  },
  {
    "name": "顽皮狗电玩(北大街店)",
    "address": "河南省安阳市文峰区唐子巷安阳第一街院内南二楼(原聚丰院内)",
    "phone": "电话:18568420256"
  },
  {
    "name": "SOLO电动游戏社(东区店)",
    "address": "中华路万达金街东门二楼B-66-2",
    "phone": "电话:15003727573/18737251072"
  },
  {
    "name": "新创·网娱电竞酒店",
    "address": "彰德路南段157号",
    "phone": ""
  },
  {
    "name": "潮好玩Switch·PS5游戏社(万达店)",
    "address": "中华路万达广场SOHO-B座0823室",
    "phone": "电话:18839717173"
  },
  {
    "name": "蘑菇电玩PS5·Switch·XSX",
    "address": "中华路万达金街北段二楼西侧D-61-2号（万达6号门楼上）",
    "phone": "电话:16627273599"
  },
  {
    "name": "大玩家(安阳万达店)",
    "address": "中华路25号万达广场3楼9号（巴奴火锅对面、3号门楼上）",
    "phone": "电话:0372-3772789"
  },
  {
    "name": "SOLO电动游戏社(北大街店)",
    "address": "北大街钟楼向北40米路东二楼",
    "phone": "电话:17337278905/18737251072"
  },
  {
    "name": "一起玩·家庭娱乐中心(安阳文峰区店)",
    "address": "德隆街与东工路交叉口西南角广源购物2楼",
    "phone": ""
  },
  {
    "name": "乐玩嘉年华(安阳碧乐汇店)",
    "address": "碧乐汇二楼",
    "phone": "电话:03722151668"
  },
  {
    "name": "速达电竞酒店(安阳万达店)",
    "address": "河南省安阳市文峰区迎春东街万达广场a座23a层28号房间",
    "phone": ""
  }
]