[{"name":"沙漠绿洲电竞网咖(三清街店)","address":"三清街金碧文化广场2楼","phone":"电话:18081288963"},{"name":"网游电竞","address":"船丘陵地带任家渡小区10号楼A2层1-5号营业房","phone":"电话:0825-2222400"},{"name":"网游电竞(银河店)","address":"文通街与宜源路交叉口东南140米","phone":""},{"name":"网咖电竞","address":"遂宁市船山区健坤华翔城","phone":""},{"name":"星际部落电竞","address":"凯旋中路240号二楼","phone":"电话:13084343321"},{"name":"魔力电竞","address":"四川省遂宁市船山区遂州中路607号2层","phone":"电话:0825-2287321"},{"name":"专业电竞","address":"遂宁市大英县蜀西四路蓬莱花园-B区","phone":""},{"name":"火箭炮电竞","address":"遂宁市蓬溪县蜀北中路世纪苑西北侧约50米","phone":"电话:0825-5428377"},{"name":"星之源网吧","address":"高新区物流港华翔城5期27号28号门面","phone":"电话:15508898609"},{"name":"战狼电竞俱乐部(喜盈门店)","address":"物流大道喜盈门B4栋一跃二-1室","phone":"电话:0825-2244222"},{"name":"飞渔电竞","address":"德水中路与朝阳路交口西行50米路南","phone":"电话:0825-2375392/15282585372"},{"name":"雲顶电竞","address":"银河北路18号凯达拉斐公馆2栋3楼2号","phone":"电话:18190170720"},{"name":"疾风电竞","address":"经济技术开发区机场中南路清净新居三期9栋3层3号","phone":"电话:19908062814"},{"name":"幸运网吧(遂州中路店)","address":"滨江中路金帝花园","phone":""},{"name":"缘之源网咖(万兴商场店)","address":"明月路560号","phone":"电话:18081297917"},{"name":"飓风壹号电竞(火车站店)","address":"四川省遂宁市船山区明月西路538号北斗星城6栋2层2号","phone":""},{"name":"极光电竞(荣兴街店)","address":"荣兴街52号凯旋城二期A区5、6栋2层7号","phone":"电话:0825-2399680"},{"name":"星晨电竞馆(佳和北城店)","address":"遂州北路579号佳和北城12栋2层203号","phone":"电话:0825-3883066"},{"name":"极品网咖(中央商城店)","address":"安居镇经纬中央商城5栋204","phone":"电话:17781788424"},{"name":"青蜂电竞","address":"荣兴街经开大卫茂1958六号楼","phone":"电话:18382395288"},{"name":"交点网吧","address":"龙凤街柳树中学西南侧约150米","phone":"电话:19881638333"},{"name":"动力网吧(和平西路店)","address":"和平西路28号","phone":""},{"name":"宇桐网吧(盛世安居商业步行街店)","address":"兴业路160号","phone":"电话:0825-8662919"},{"name":"晨熙网咖","address":"遂州北路1号佳和大酒店负一楼","phone":"电话:0825-2680791"},{"name":"战狼电竞俱乐部(帝一江岸店)","address":"缤纷路190号帝一江岸A区3栋2层6-11室","phone":"电话:0825-2325088"},{"name":"摩客电竞酒店","address":"嘉禾西路三号二楼","phone":""},{"name":"摩客网咖","address":"嘉禾西路3号","phone":"电话:19908068003"},{"name":"网趣网吧","address":"遂州中路781号","phone":"电话:0825-2281271"},{"name":"石头电竞","address":"渠河南路283号13栋2层202室","phone":"电话:18583488877"},{"name":"米朵电竞酒店(南转盘总店)","address":"遂宁市南津北路城市梦想2号门1楼","phone":""},{"name":"战狼电竞俱乐部(悦城店)","address":"西宁街道书台路35号二楼（悦城北区大门口）","phone":"电话:0825-2918899"},{"name":"讴克网咖(联福家园店)","address":"旗山路联福家园12号楼一至2层3号门面","phone":"电话:15282585372"},{"name":"往遇网咖","address":"明月路207号","phone":"电话:0825-2686788"},{"name":"渔人网咖(万达广场店)","address":"香林南路300号万达广场金街6号楼2楼12号","phone":"电话:13882593031"},{"name":"战狼电竞俱乐部(万达广场店)","address":"遂宁市船山区香林南路300号万达广场","phone":"电话:18382570999"},{"name":"飓风电竞(东平南路店)","address":"四川省遂宁市船山区东平南路103号","phone":"电话:17374930037"},{"name":"德御恒·笑林店","address":"德胜路新都对面","phone":"电话:15388347122"},{"name":"德御恒网咖·绝地店(绝地店)","address":"德水中路20号双发·康城国际商业8栋3层5室","phone":"电话:18090810052"},{"name":"兰光电竞","address":"四川省遂宁市经济技术开发区银河南路82号国滨首府B区7栋3层1号-8号","phone":""},{"name":"德御恒网咖(绝对玩家店)","address":"遂州北路与九莲西街交叉口西北100米","phone":"电话:18090810052"},{"name":"云锋电竞(联邻广场店)","address":"物流港高新联邻广场六楼","phone":"电话:18081287279"},{"name":"飓风网咖(街市花园店)","address":"御书一巷3号","phone":"电话:0825-2221572"},{"name":"泰迪乐动漫","address":"大东街99号新世纪百货遂宁新都F4层","phone":"电话:13882590000"},{"name":"博弈电竞","address":"遂宁市船山区三通下街遂宁市船山区永兴镇人民政府北侧约250米","phone":""},{"name":"比熊电子竞技ps4 ps5 switch(遂宁万达广场店)","address":"万达金街3栋2楼22号遂宁万达广场","phone":"电话:19183091412"},{"name":"遂宁市开发区完美世界动漫城(遂宁市开发区店)","address":"西山北路288号近水楼台商业广场F1层","phone":"电话:15108115555"},{"name":"兔挽娱乐PS5·Switch(遂宁万达广场店)","address":"万达金街二楼5225","phone":""},{"name":"大玩家(遂宁万达店)","address":"东升路遂宁万达广场三楼","phone":"电话:0825-2395203"},{"name":"手柄主机游戏·PS4·PS5·SWITCH(万达广场店)","address":"万达金街西门2楼4213","phone":"电话:19961477926"},{"name":"聚汇玩PS Switch游戏体验馆(万达广场遂宁店)","address":"香林南路万达金街3楼3306、3307","phone":"电话:14726102626/18116579757"},{"name":"热度玩家ps5 ps4 switch主机游戏馆(遂宁万达广场店)","address":"慈音街道万达广场2号门soho公寓B座6楼21号（星巴克旁楼上）","phone":"电话:19908237596"},{"name":"魔方(旗山路店)","address":"四川省遂宁市船山区小康小区东门南70米","phone":""}]