[{"name":"青春电竞","address":"贵州省黔南布依族苗族自治州瓮安县绿城国际时代天街1617号","phone":""},{"name":"金城电竞馆","address":"惠民东路山水田园城","phone":"电话:17674055439/18185456690"},{"name":"湘华电竞(河滨路店)","address":"贵州省黔南布依族苗族自治州都匀市河滨路与文明路交叉口东南40米","phone":""},{"name":"坚果电竞","address":"贵州省黔南布依族苗族自治州都匀市公园北巷水岸铭门5楼","phone":""},{"name":"浪人网络龙腾网吧(金龙西路店)","address":"金龙西路5号","phone":"电话:13765454197"},{"name":"蚂蚁森林电竞馆","address":"贵州省黔南布依族苗族自治州罗甸县罗斛西路33号","phone":""},{"name":"酷鱼电竞(黔南都匀万达广场店)","address":"斗篷山路227号万达广场3号口对面正新鸡排旁边电梯上二楼","phone":""},{"name":"艾克斯电竞(都匀万达店)","address":"黔南都匀万达广场5楼","phone":"电话:19723090145"},{"name":"头号玩家电竞馆","address":"贵州省黔南布依族苗族自治州瓮安县乌江北街合力超市对面吉祥万家5层","phone":"电话:0854-2622212"},{"name":"飞宇电竞网咖(方圆荟·购物中心店)","address":"方圆荟购物广场2楼","phone":"电话:17785475308"},{"name":"北程电竞","address":"斗篷山路269号黔南汽车商贸城7栋1层8室","phone":"电话:15185534971"},{"name":"若溪电竞网咖","address":"贵州省黔南布依族苗族自治州都匀市匀东镇长通路","phone":""},{"name":"万兆电竞","address":"贵州省黔南布依族苗族自治州福泉市马场坪街道马场坪艺苑小区","phone":""},{"name":"梦羽电竞馆","address":"贵州省黔南布依族苗族自治州福泉市平越壹号","phone":""},{"name":"湘华电竞酒店(都匀旗舰店)","address":"广惠街道剑江中路39号","phone":""},{"name":"大玩家(都匀万达店)","address":"经济开发区斗篷山路227号万达广场3F-B","phone":"电话:17612116762"},{"name":"宅家玩ps5·switch·xobx","address":"广惠办事处剑江中路118号物资大厦18跃19层121号","phone":"电话:16685442332"},{"name":"熊掌电竞社","address":"匀中大厦10层1003号","phone":""},{"name":"时空猎人(星力城店)","address":"迎宾路66号南州国际星力城4F","phone":"电话:15308545388"},{"name":"莱伯乐电竞俱乐部","address":"南洲国际御江府A区商铺2-5","phone":"电话:18085455560"},{"name":"欢乐谷亲子电玩城(新都汇国际购物广场店)","address":"贵州省黔南布依族苗族自治州都匀市民族路新都汇国际购物广场F1","phone":""},{"name":"云逸宝摇杆游戏机(芒果星空间影城4DX星桥店)","address":"金山办事处洒金北路与葛镜东路交叉口麒龙乐都购物广场星空影城内大厅前台旁","phone":""},{"name":"骐骐动漫城","address":"马场坪街道金山南路交二队1号门面","phone":""},{"name":"巅峰电竞(金山北路店)","address":"黔南布依族苗族自治州福泉市金山北路御景新城西侧","phone":""},{"name":"云逸宝摇杆游戏机(万达影城都匀万达PRIME店)","address":"斗篷山路万达广场5楼万达影城休息区前台旁","phone":""},{"name":"繁星电竞","address":"黔南布依族苗族自治州福泉市洒金北路金域龙庭西南侧约190米","phone":""},{"name":"梦想的游戏小屋","address":"星乐城尚品台球旁","phone":""},{"name":"星玩城主题乐园","address":"贵州省黔南布依族苗族自治州福泉市麒龙乐都购物公园C8二楼55-68号门面","phone":"电话:18684115145"},{"name":"嗨乐电玩城","address":"黔南布依族苗族自治州福泉市朝阳路中心城","phone":""}]