[{"name":"电竞时代网吧","address":"七一北路蓝海大厦2层","phone":""},{"name":"玩家国度电竞馆(花园街店)","address":"忻州市花园街泛华国际公馆-北区","phone":"电话:17735095789"},{"name":"时代网咖(商汇街店)","address":"京原南路384号","phone":"电话:15835009327"},{"name":"街角电竞","address":"长征北一巷47号","phone":"电话:18635030834"},{"name":"旮旯电竞馆(紫檀新天地店)","address":"新建北路开发区紫檀新天地商业广场345号","phone":"电话:17703503773"},{"name":"荣耀电竞(城市综合体店)","address":"向阳路与滨河北大道交叉口北150米城市综合体F5","phone":""},{"name":"豹驰电竞(日月广场店)","address":"山西省忻州市忻府区七一北路1号七一商场2层","phone":""},{"name":"巢玩电竞酒店(五寨店)","address":"忻州市305省道鑫渊快捷酒店3楼","phone":""},{"name":"魔力网咖(建设北路店)","address":"建设北路29号卢野村","phone":""},{"name":"愚公网络","address":"迎宾街五台山金鑫宾馆","phone":"电话:15525573663"},{"name":"飞飞电竞馆","address":"和平西街恒泰大厦底商（龙飞眼镜店旁）","phone":"电话:18935123228"},{"name":"次世代电动游戏体验店PS5·Xbox·Switch(奥莱店)","address":"长征街道七一南路泛华奥莱广场2层4号","phone":"电话:18903507979"},{"name":"炫e潮玩(忻州漫乐城店)","address":"新建南路漫乐城3F-1/2/3/4","phone":""},{"name":"舒情网吧","address":"汾源街76号东方削面二楼","phone":"电话:13353401077"},{"name":"神州网络休闲会所","address":"长征西街晨光家园西9号","phone":"电话:13303505577"},{"name":"穿梭电竞","address":"建设北路6号","phone":"电话:13753019733"},{"name":"光明街佳园电竞","address":"忻州市定襄县光明路城市风景小区西侧","phone":""},{"name":"千夜电竞网咖","address":"山西省忻州市定襄县西大街林江商厦3楼","phone":"电话:18634637701"},{"name":"魔力电竞馆","address":"和平街师院西巷门面房","phone":""},{"name":"熊猫电竞(七一北路店)","address":"忻州市忻府区七一北路团结市场(团结西街)东南侧约60米","phone":""},{"name":"云逸宝游戏厅(横店电影城开来店)","address":"和平东街与七一路交汇处东南角开来欣悦购物广场5楼横店电影城内大厅前台旁","phone":""},{"name":"超级星座电玩城(田森汇城市生活公园店)","address":"忻州市忻府区新建南路田森汇城市生活公园","phone":"电话:18634634330"},{"name":"游戏猫","address":"古城明月楼","phone":"电话:18835007666/19035014445"},{"name":"柒爱电竞屋","address":"忻州市忻府区和平西街玫瑰苑北侧约120米","phone":""},{"name":"忻州柒号电竞屋酒店(开来欣悦购物广场店)","address":"忻州市长征街道和平西街老字号祺祥饺子馆旁","phone":""},{"name":"小时候弹珠堂(万达广场忻州店)","address":"新建南路田森汇三楼东区","phone":""}]