[{"name":"田甜电竞网吧","address":"朝阳路12号朝阳新城一号2层","phone":"电话:19176035599"},{"name":"魔方电竞馆(金辰郡店)","address":"广西壮族自治区百色市田林县进城大道20-108铺","phone":"电话:13132766660"},{"name":"宜博电竞馆(梦之岛店)","address":"龙景西路鼎盛中央城梦之岛购物广场5楼","phone":""},{"name":"晴天电竞馆(中环商业广场店)","address":"马头镇平中路中环商业广场第A、B、、C、G栋2层220a商铺（苏宁电器二楼对面）","phone":"电话:18507766484"},{"name":"宜博电竞馆(锦华店)","address":"那毕大道锦华新天地广场三楼","phone":"电话:19966793100"},{"name":"极速电竞","address":"广西壮族自治区百色市右江区利荷路万景城2号楼3楼","phone":""},{"name":"萤火电竞网咖(靖西环球店)","address":"环球商业中心第一幢3楼F01号","phone":""},{"name":"宜博电竞馆(中山二路店)","address":"中山二路及东合二路交汇处嘉和商厦2F","phone":"电话:19966785511"},{"name":"逸动网咖(田阳店)","address":"明珠路田阳宾馆西南100米","phone":"电话:0776-3289078"},{"name":"ZG电竞馆(恒基广场店)","address":"实验小学5号","phone":"电话:13807860292"},{"name":"","address":"","phone":""},{"name":"","address":"","phone":""},{"name":"","address":"","phone":""},{"name":"","address":"","phone":""},{"name":"","address":"","phone":""},{"name":"","address":"","phone":""},{"name":"","address":"","phone":""},{"name":"","address":"","phone":""},{"name":"","address":"","phone":""},{"name":"","address":"","phone":""},{"name":"皇宫网咖形象馆(广州街分店)","address":"广州街西端2号综合楼","phone":"电话:0776-2987766"},{"name":"百色市酷网咖电竞馆(亿泰店)","address":"中山二路25号二楼","phone":"电话:17777177719"},{"name":"外星人电竞(百色万景城店)","address":"百色市右江区龙景西路梦之源大酒店西北侧约30米","phone":""},{"name":"V-PLAY乐园(爱琴海购物公园店)","address":"爱琴海购物广场3楼","phone":"电话:19943164843"},{"name":"V-PLAY潮玩家庭娱乐中心(百色店)","address":"广西壮族自治区百色市右江区东增路与龙旺大道交叉口爱琴海购物公园F3","phone":""},{"name":"世聚游戏体验中心(天洲店)","address":"天洲嘉乐城3楼","phone":"电话:18978600716"},{"name":"辉煌电玩城(中山二路店)","address":"百色市右江区中山二路欧艺大酒店(东合二路店)","phone":""},{"name":"万景·电玩城","address":"百色市右江区龙景西路梦之源大酒店北侧约40米","phone":""},{"name":"欢乐潮玩电玩城","address":"利荷路万景城2号楼三层","phone":"电话:13977683699"},{"name":"嘉年华动漫城(恒基店)","address":"新兴路18号恒基广场肯德基对面二层","phone":""},{"name":"超玩地带电玩城(恒宁城市广场店)","address":"城东大道中百色综合港对面恒宁城市广场F3","phone":""},{"name":"云逸宝摇杆游戏机(广影国际影城梦之岛店)","address":"百色市龙景西路梦之岛购物广场5楼广影国际影城内大厅前台旁","phone":""},{"name":"宜博电竞酒店(百色体育中心店)","address":"龙景西路鼎盛中央城梦之岛购物广场5楼","phone":""},{"name":"乐摇摇酷宝潮玩(恒基广场店)","address":"新兴路18号恒基广场2层","phone":""},{"name":"云逸宝街机(中山广场奥特莱斯店)","address":"百色市中山一路36号中山广场2层影院内休息区摇杆街机","phone":""}]