[{"name":"极速电竞","address":"翰林名苑西北门南190米","phone":""},{"name":"糖果网咖(大学东路店)","address":"济宁市曲阜市大学东路与西宾路交叉口南150米","phone":""},{"name":"揽月电竞","address":"山东省济宁市梁山县伦达广场晨光文具二楼7-1-2324","phone":""},{"name":"星光电竞","address":"奎星路南段路东","phone":"电话:18053739888"},{"name":"森林电竞","address":"济宁市金乡县清真街育才精英幼儿园西南侧约40米","phone":""},{"name":"骇客电竞","address":"济宁市梁山县公明大道吕屹口小学西南侧约140米","phone":""},{"name":"咖诺电竞馆","address":"德和园南2门旁","phone":"电话:13287264455"},{"name":"网鱼网咖·电竞(济宁太白楼中路店)","address":"太白楼中路济宁银座购物广场(盖伦电竞酒店运河城店2楼)","phone":"电话:18765471601"},{"name":"网鱼网咖·电竞(济宁建设路万达广场店)","address":"建设路万达广场3楼3F-次主1-A","phone":"电话:15963701690"},{"name":"摆渡电竞酒店","address":"山东省济宁市嘉祥县建设路辅路","phone":"电话:13176786668"},{"name":"天雷电竞(东四路店)","address":"杨柳国际新城J区商业街北数10号","phone":"电话:13455476646"},{"name":"志宇电竞(万佳连锁)","address":"任城路南路东综合楼东数2号","phone":"电话:15253728096"},{"name":"脉搏网咖","address":"粉莲街8号楼","phone":"电话:15588787715"},{"name":"传奇网吧(建设南路店)","address":"建设南路35-7号","phone":"电话:13371200177/17865738555"},{"name":"十月电竞(运河城店)","address":"共青团路运河城西门二楼","phone":"电话:17860165680"},{"name":"畅乐电竞网咖","address":"孟子大道与康泰路交叉口东80米","phone":""},{"name":"焦点电竞","address":"周记府前酒楼","phone":"电话:13012612888"},{"name":"蚂蚁电竞(太白路万达店)","address":"万达广场19号楼4层","phone":"电话:15563123344"},{"name":"振华电竞","address":"新元路96号","phone":""},{"name":"十月电竞(万达店)","address":"刘庄路万达华府","phone":""},{"name":"网驿电竞(龙行路店)","address":"龙行路23-7号","phone":"电话:13805377295"},{"name":"蚂蚁电竞(万象汇店)","address":"济宁市兖州区联华路印象吟龙湾南侧约110米济宁万象汇F4","phone":""},{"name":"中鲁四店网咖(税务街)","address":"税务街龙行小区21号楼1楼1号","phone":"电话:13053769345"},{"name":"十月电竞(建设北路店)","address":"济宁市任城区建设北路济宁汽车北站","phone":""},{"name":"布卡网咖(共青团路新体店)","address":"共青团路44号经纬大厦正门对过","phone":""},{"name":"X电竞馆(爱琴海店)","address":"任城区山东省济宁市高新区爱琴海购物中心三楼","phone":""},{"name":"正普电竞","address":"山东省济宁市任城区建设路36-4号","phone":"电话:0537-2205858"},{"name":"非常电竞(济安桥路店)","address":"山东省济宁市任城区济安桥北路84号","phone":""},{"name":"N港电竞酒店","address":"山东省济宁市任城区环城西路5号","phone":""},{"name":"星火电竞网咖(海南西路店)","address":"海南西路真廉超市对面","phone":"电话:17705476286"},{"name":"酷玩熊网咖","address":"丽雅宾馆(济宁汽车总站西北)任城区建设南路29号","phone":"电话:0537-2235533/13159947500"},{"name":"迪卡丘家庭娱乐中心(城投·星城广场火炬路店)","address":"星河ico三楼L3-013A、L3-013B号商铺","phone":""},{"name":"X电竞酒店(济宁万达广场店)","address":"阜桥街道太白东路万达广场C座28楼","phone":""},{"name":"伊网网咖(秦庄路店)","address":"秦庄路南3号由东向西第三间营业房（济宁口腔医院对面路南）","phone":"电话:17686121789"},{"name":"电竞之家(吾悦广场运河路店)","address":"山东省济宁市任城区京杭路与运河路交叉口东北角吾悦广场F3","phone":""},{"name":"灵感电竞","address":"山东省济宁市任城区海南西路2号","phone":""},{"name":"N+电竞巴黎网咖","address":"科苑路瑞尔福超市南100米路东阿水大杯茶隔壁","phone":"电话:13455476646"},{"name":"白月光电玩PS5 Switch(万达D座店)","address":"琵琶山路万达广场D座20楼2022室","phone":"电话:19905378711"},{"name":"极速网吧(济安桥路店)","address":"任济安桥路与金宇路交叉口第一加油站斜对过","phone":"电话:15653732819"},{"name":"悠游网咖(大润发店)","address":"琵琶山路大润发路东三楼","phone":"电话:13053713186"},{"name":"一博电子竞技体验馆","address":"济宁市任城区步行四街济宁体育中心","phone":""},{"name":"云硕电子竞技俱乐部","address":"济宁市任城区环城西路南池文景园-B区南侧约180米","phone":""},{"name":"X电竞","address":"蓼河路与崇文大道交汇处爱琴海(蓼河路店)F1","phone":""},{"name":"星际传奇(济宁贵和店)","address":"金宇路贵和购物广场3层","phone":"电话:0537-2338959"},{"name":"钰溪电玩Ps5· Party(新万达店)","address":"仙营街道武泰闸路微山渔家旁二楼","phone":"电话:15553734561"},{"name":"聚鑫电竞馆","address":"观音阁街道琵琶山小区商业5号楼聚鑫网咖附近","phone":"电话:15054884088"},{"name":"织梦岛PS5·SWITCH电玩社(运河城店)","address":"运河城A座1407室","phone":"电话:18366723571"},{"name":"半日闲PS5switch电玩社","address":"万达广场A座19楼1906","phone":""},{"name":"游戏大魔方(济宁吾悦店)","address":"运河路吾悦广场2楼Z209号商铺","phone":"电话:18254788086/18791101160"},{"name":"庇护所电竞馆","address":"山东省济宁市任城区许庄街道济宁吾悦广场文旅综合体S-3号楼01单元3层0350号","phone":""},{"name":"V+电竞酒店(济宁万达广场店)","address":"太白楼东路万达广场B座722室","phone":""},{"name":"大玩家(济宁太白路万达店)","address":"太白东路万达广场2号门2层","phone":""},{"name":"蚂蚁电竞(济宁太白路万达广场店)","address":"山东省济宁市任城区太白楼东路55号济宁太白路万达广场F1","phone":""},{"name":"蚂蚁电竞(蚂蚁东里网咖店)","address":"山东省济宁市任城区观音阁街道津多里东里3层A001~A003号、A031~A032号","phone":"电话:18553713344"}]