[{"name":"丽华行电竞旗舰馆","address":"台湾省台北市松山区光复北路28号","phone":""},{"name":"大都会网咖电竞馆","address":"台湾省台北市信义区信义路四段456号","phone":""},{"name":"DBJ 格斗电竞活动馆","address":"台湾省台北市中正区延平南路61号号3楼之3号","phone":""},{"name":"HiClub电竞馆(福国店)","address":"台湾省台北市士林区福国路30号","phone":""},{"name":"Meta电竞馆","address":"台湾省台北市士林区延平北路五段57号","phone":""},{"name":"宜程电竞科技","address":"台湾省台北市士林区和丰街53之1号1楼","phone":""},{"name":"HiClub电竞馆(北安店)","address":"台湾省台北市中山区北安路773号","phone":""},{"name":"曜越电竞专卖店-西门店","address":"台湾省台北市万华区中华路一段114巷16号","phone":"电话:+886-2-23613656"},{"name":"罗技华硕电竞馆","address":"F,罗技华硕电竞馆6No.2号,市民大道三段中正区台北市台湾10058","phone":""},{"name":"Meta 电竞馆 (南京店)","address":"台湾省台北市松山区南京东路五段328号","phone":""},{"name":"卡西欧(三创店)","address":"台湾省台北市中正区市民大道三段2号","phone":"电话:+886-2-33433934"},{"name":"梦想电子竞技馆(建国店)","address":"台湾省台北市中山区建国北路三段129号","phone":""},{"name":"乐学儿童成长书桌椅/电竞网椅-台北门市","address":"台湾省台北市信义区吴兴街508-1号","phone":"电话:+886-2-87862227"},{"name":"Rs电竞工厂-西门店","address":"台湾省台北市万华区峨眉街28号Rs电竞工厂-西门店5f","phone":""},{"name":"Perngyuh 芃谕名品(东湖店)","address":"台湾省台北市台北市内湖区金湖路390号","phone":"电话:+886-2-26340663"},{"name":"江品ZOWIE授权电竞体验店","address":"台湾省台北市中山区松江路26巷2号江品ZOWIE授权电竞体验店1楼","phone":"电话:2-2564-3269"},{"name":"骇.客电竞新光店","address":"116台湾台北市文山區新光路一段153號1樓","phone":""},{"name":"EGO电竞成功店","address":"11457台湾台北市內湖區成功路四段203號1樓","phone":""},{"name":"Garena电子竞技馆","address":"114台湾台北市內湖區瑞光路550號","phone":""},{"name":"META益智電競館","address":"108台湾台北市萬華區中華路一段180號","phone":""},{"name":"DBJ 格斗电竞活动馆","address":"100台湾台北市中正區懷寧街6號10號樓之10","phone":""},{"name":"台湾电竞股份有限公司","address":"114台湾台北市內湖區行愛路141巷39號3樓","phone":""},{"name":"一统电竞","address":"10068台湾台北市中正區中華路二段109巷1號1樓","phone":"电话:+886-2-23029429"},{"name":"中华一番电竞产业发展协会","address":"114台湾台北市內湖區瑞光路513巷22弄5號8號樓之1","phone":""},{"name":"极限电竞股份有限公司","address":"114台湾台北市內湖區瑞光路335號9號樓之4","phone":""},{"name":"panasonic 頂級按摩椅-三創生活園區門市","address":"號4樓, No. 2市民大道三段中正區台北市台湾100","phone":""},{"name":"J-CAR 親子電競卡丁車 (杰運汽車內) (身高130公分以上可遊玩)","address":"112台北市北投區大度路一段15號1樓","phone":""},{"name":"曜越水冷电竞电脑旗舰店","address":"100台湾台北市中正區市民大道三段2號8樓","phone":"电话:+886-2-23211556"},{"name":"Tt eSPORTS 電競專賣店","address":"100台湾台北市中正區忠孝西路一段50號號","phone":"电话:+886-2-23116099"},{"name":"華克電腦二店－台北 筆電專賣｜電腦買賣｜3C電腦販售｜電競電腦｜筆電維修｜電腦升級 推薦","address":"100台湾台北市中正區八德路一段43巷6號","phone":""},{"name":"捷修國際電腦有限公司-士林電腦維修升級|企業電腦維護|筆電維修|桌機組裝|水冷式主機|各式電競主機","address":"111台湾台北市士林區福港街41號","phone":""},{"name":"OSIM 按摩椅 全球首創電競按摩概念旗艦館 GAME THRONE","address":"10058台湾台北市中正區市民大道三段2號2樓","phone":""},{"name":"巧迪兒童成長書桌椅-人體工學椅-電競桌椅【台北門市】","address":"104台湾台北市信義區虎林街255號","phone":""},{"name":"樂學兒童成長書桌椅、電競網椅—台北門市","address":"110台湾台北市信義區吳興街508-1號","phone":""},{"name":"SADES 赛德斯电竞体验馆","address":"10456台湾台北市中山區長安東路二段36巷3號","phone":""},{"name":"SADES賽德斯 / NZXT恩傑 電競體驗館","address":"10456台湾台北市中山區長安東路二段36巷3號","phone":""},{"name":"Rs电子竞技馆(信义店)","address":"台湾省台北市大安区信义路四段263号","phone":""},{"name":"欣亚数位","address":"台湾省台北市中正区市民大道三段8号A10柜位","phone":""}]