[{"name":"浪潮电竞","address":"甘肃省白银市景泰县G338(昌林路)","phone":"电话:18394320245"},{"name":"畅游电竞","address":"五一街2号铜城商场底商F1","phone":""},{"name":"AC电竞","address":"白银市白银区工农路祥瑞园","phone":""},{"name":"陨石电竞(汇福广场店)","address":"会师南路汇福广场4楼","phone":""},{"name":"新战神网吧(铜城商厦店)","address":"五一街2号铜城商厦F1层","phone":"电话:18794370665"},{"name":"奥罗拉电竞","address":"白银市平川区广场路平川区第二幼儿园西南侧约80米","phone":"电话:19119803157"},{"name":"金铂电竞(宏泰步行街店)","address":"昌林路7号宏泰步行街","phone":"电话:18009434370"},{"name":"摩尔空间电竞馆","address":"甘肃省白银市会宁县滨河东路111号","phone":""},{"name":"宏科电竞馆(王岘东路店)","address":"甘肃白银市白银区胜利街75号10栋","phone":"电话:18919430080"},{"name":"鱼乐电竞","address":"九洋大厦三楼","phone":"电话:18294966658"},{"name":"","address":"","phone":""},{"name":"","address":"","phone":""},{"name":"","address":"","phone":""},{"name":"","address":"","phone":""},{"name":"","address":"","phone":""},{"name":"","address":"","phone":""},{"name":"","address":"","phone":""},{"name":"","address":"","phone":""},{"name":"","address":"","phone":""},{"name":"","address":"","phone":""},{"name":"自由空间网吧(公园路店)","address":"公园路127号","phone":"电话:13884256400"},{"name":"极光竞电竞综合体","address":"二十一冶俱乐部大厦肥仔烤鸭旁边","phone":""},{"name":"白银米乐电竞综合体","address":"纺织路130号3层A309铺","phone":""},{"name":"白银星坐标电竞","address":"甘肃省白银市白银区会师街优家市场内3楼","phone":""},{"name":"畅游电竞CY-ESPORTS(四龙路店)","address":"四龙路94号3幢3-10-13号","phone":"电话:18609432000"},{"name":"玩家国度(人民路店)","address":"红星路华银商务大厦4楼（会展中心对面）","phone":"电话:19890664366"},{"name":"蒸汽电竞","address":"白银市东山路9号凯宏楼2层201室","phone":""},{"name":"纷享嘉年华电子游艺中心","address":"兰州路54号白银商会大厦","phone":""},{"name":"萌言潮玩社(人民路店)","address":"甘肃省白银市白银区公园路街道人民路90号","phone":""},{"name":"鲲茂潮玩(国芳百货白银店)","address":"兰州路与广场北路交叉口东南170米","phone":""}]