[{"name":"红番茄网吧","address":"建安路32-1号(嘉华名苑北门西120米)","phone":"电话:13154220254"},{"name":"名雪网咖","address":"长江路三段66之6-7号","phone":""},{"name":"网娱网吧","address":"朝阳大街二段海纳丽景商网部分80C号301-303室","phone":"电话:04212777555"},{"name":"郡主网咖","address":"黄河路二段141-5号","phone":"电话:18642111028"},{"name":"佰度网吧(珠江路店)","address":"珠江路三段2A-3号","phone":"电话:13942107716"},{"name":"超越时空电竞馆","address":"辽宁省朝阳市建平县向阳街24-7号","phone":""},{"name":"银座网络会馆","address":"龙山街四段39-37","phone":""},{"name":"辽宁东方二十一凌源太阳雨网吧","address":"红山路西段179-11号","phone":""},{"name":"新亮点网吧俱乐部(建委大院店)","address":"朝阳大街二段34-1号1101","phone":"电话:17742131737"},{"name":"大森林网苑","address":"建设路世纪家园1号","phone":"电话:13464278788"},{"name":"","address":"","phone":""},{"name":"","address":"","phone":""},{"name":"","address":"","phone":""},{"name":"","address":"","phone":""},{"name":"","address":"","phone":""},{"name":"","address":"","phone":""},{"name":"","address":"","phone":""},{"name":"","address":"","phone":""},{"name":"","address":"","phone":""},{"name":"","address":"","phone":""},{"name":"天麒电竞馆","address":"朝阳市双塔区友谊大街四段小区","phone":""},{"name":"哇咔咔卡社","address":"柳城路二段49号-18室","phone":"电话:13134212225"},{"name":"源计划电竞馆(步行街店)","address":"龙山街三段3A-7号","phone":"电话:17614210164"},{"name":"奈斯电竞酒店(龙翔大街店)","address":"朝阳市中华园小区","phone":""},{"name":"OKR游戏娱乐馆","address":"辽宁省朝阳市双塔区南大街16-8号","phone":"电话:18642109393"},{"name":"兴隆电玩城(朝阳朝阳兴隆大家庭店)","address":"朝阳市双塔区文化路朝阳兴隆大家庭(朝阳店)","phone":""},{"name":"朝阳(兴隆11楼电玩城·)","address":"朝阳大街4段1号兴隆大家庭11楼","phone":""},{"name":"未来游戏主机(万达广场朝阳大街店)","address":"黄河路三段2号万达广场F2","phone":""},{"name":"朝阳上德体育教育有限公司","address":"新华北路山水鑫苑28号楼地下一层","phone":"电话:15754298341"},{"name":"大玩家(朝阳万达店)","address":"黄河路三段2号万达广场3层","phone":""},{"name":"镜子迷宫(朝阳兴隆大家庭店)","address":"朝阳大街4段1号","phone":""}]