[{"name":"异度空间网吧(北京北路店)","address":"北京北路39-1-11号","phone":"电话:15396951077"},{"name":"魔盗电竞","address":"延安东路与天津路交汇处29幢1068号商铺","phone":"电话:19106276987"},{"name":"零度网络(军民店)","address":"炎黄大道北侧安东路西侧16号楼205、206号房","phone":""},{"name":"王子电竞网咖","address":"开发区东城富景扬州街6号楼门面6-14室","phone":"电话:18036771901"},{"name":"赛尔电竞馆(淮海广场店)","address":"淮海北路淮海广场电信局二楼","phone":"电话:0517-89089585"},{"name":"零度电竞","address":"江苏省淮安市清江浦区清河街道翠湖1号","phone":"电话:15250881533"},{"name":"天博电竞","address":"楚州大道清华苑15号（清华苑大门南第8家门面）","phone":"电话:15380665988"},{"name":"赛尔电竞馆(大学城店)","address":"明远东路16号苏果超市2层","phone":"电话:0517-83990588"},{"name":"ROG王者归来电竞馆(鸿海北路店)","address":"富士康路与鸿海北路交叉口西南约60米","phone":"电话:13915105436"},{"name":"飞鸟电竞","address":"永昌商业街二期B区1号楼111室","phone":""},{"name":"网鱼网咖·电竞(淮安吾悦广场店)","address":"江苏省淮安市园区生态文旅区吾悦广场商铺1079-1","phone":"电话:18851683070"},{"name":"留连电竞(淮安区万达店)","address":"新城市广场","phone":"电话:18851683027"},{"name":"网鱼电竞(江苏淮安生态新城裕墨园店)","address":"江苏省淮安市生态新城福运路9号裕墨园商业街44栋3F301铺","phone":"电话:17301561166"},{"name":"网鱼电竞(新亚淮海广场店)","address":"江苏省淮安市清江浦区淮海东路136号淮汽综合楼3室","phone":"电话:13276519668"},{"name":"网日情缘网吧(富准路店)","address":"富准路1号","phone":"电话:13337973616"},{"name":"乐琪电竞网咖(诚信网咖二店)","address":"淮海街道淮海北路62号(汉庭酒店停车场院内)","phone":"电话:18952367339"},{"name":"飞龙网吧(富北路店)","address":"富北路1号","phone":"电话:13805239232"},{"name":"熊猫电竞(红日大道店)","address":"红日大道东方红府北门西侧","phone":""},{"name":"海豚电竞馆(珠海路店)","address":"珠海路小康城3区90号（金蝶苑宾馆正对面）","phone":"电话:13365177915"},{"name":"未来电竞","address":"学林雅苑22、23栋","phone":""},{"name":"星享电竞馆","address":"纬一路1-1号（小康城绿地三只羊隔壁）","phone":"电话:13382305858"},{"name":"网鱼电竞(玖珑汇店)","address":"江苏省淮安市淮安区经二路与翔宇大道交叉口东北方向102米","phone":"电话:18626488182"},{"name":"嗷呜电竞馆","address":"小康城二区25-26号","phone":""},{"name":"竞潮玩电竞综合体","address":"五岛湖公馆1期","phone":"电话:13305233936"},{"name":"网鱼电竞(淮阴大仟里店)","address":"江苏省淮安市淮阴区王家营街道承德北路","phone":"电话:18015105912"},{"name":"星期八轻奢电竞","address":"淮海北路578号","phone":"电话:17778780617"},{"name":"摩卡电竞网咖(涟水城市广场店)","address":"炎黄大道安东北路路口城市广场3楼","phone":""},{"name":"网鱼网咖·电竞(亿丰时代广场店)","address":"亿丰时代广场3楼","phone":"电话:19305239888"},{"name":"赛尔电竞馆(幸福城店)","address":"北京东路与德福街交叉口西140米","phone":""},{"name":"淮海网城","address":"第一城南屏苑22室","phone":""},{"name":"阳光电竞网咖","address":"飞耀路东-54号正北方向11米","phone":"电话:13357975498"},{"name":"博言电竞(欣天地商业广场店)","address":"翔宇大道1295号欣天地商业广场F4层","phone":"电话:15365988836"},{"name":"美丽时光网咖(学林雅苑店)","address":"明远路8号","phone":"电话:18605285122"},{"name":"心恋电竞馆(盛世豪庭店)","address":"淮安市淮安区梁红玉路淮上人家西门西南侧约70米","phone":"电话:15396928181"},{"name":"迈森网咖","address":"华德力运河城一期雅芳园4号楼商铺4室","phone":"电话:18360709792"},{"name":"曼森电竞网咖(曼度广场店)","address":"淮海北路668号曼度广场A栋2号门2楼","phone":""},{"name":"银河网络(北京北路)","address":"北京北路519-3号","phone":""},{"name":"世佳电竞(五羊店)","address":"港口路西侧1幢1室","phone":""},{"name":"义天电竞娱乐综合体","address":"淮安市清江浦区南京路天香花苑北侧约70米","phone":""},{"name":"网娱网咖","address":"渠北路锦绣前程24号楼淮扬面馆四楼","phone":"电话:18052376210"},{"name":"网娱网咖","address":"渠北路锦绣前程24号楼淮扬面馆四楼","phone":"电话:18052376210"},{"name":"零度网络(韩乐乐店)","address":"红日大道25-49号","phone":"电话:17388060993"},{"name":"菲届·森屿电竞馆(和达雅苑店)","address":"和达雅苑A区A34-2、A23-1商铺","phone":""},{"name":"时光里电竞馆(金莺华庭店)","address":"楚州大道416号金莺华庭3号楼168号房（巴博士隔壁）","phone":"电话:13511535566"},{"name":"尼卡电竞馆(华信Mall购物中心店)","address":"金马广场A座F3楼","phone":""},{"name":"菲届·轻奢电竞馆(联盛广场店)","address":"淮海南路105号联盛国际广场一楼1054室","phone":"电话:0517-83956668/13382333280/15851723469"},{"name":"易游电竞(广城尚书房店)","address":"长江路街道长江西路209号广城尚书房33号楼302室、303室","phone":""},{"name":"军师联盟电竞网咖(台州商城店)","address":"淮安市淮阴区淮海北路666号台州商城F1","phone":"电话:13861565545"},{"name":"共享电竞馆","address":"江苏省淮安市清江浦区徐杨商业街107号","phone":"电话:15366619222"},{"name":"虫虫联盟网咖(浦南路毛毛虫店)","address":"四季青社区浦南路93号","phone":"电话:15351701087"},{"name":"一品电竞馆","address":"东城富景·第一街9-14号","phone":"电话:18800668823"},{"name":"时光里电竞馆(阳光现代城店)","address":"江苏省淮安市淮安区阳光广场1号商住楼102室","phone":"电话:13511535566"},{"name":"星网咖(南昌路店)","address":"水渡口街道茂华国际汇6号商业","phone":""},{"name":"虫虫联盟网咖(未来世界店)","address":"蓝岳学府南门","phone":"电话:13915100379"},{"name":"悠然电竞","address":"中天华庭1期14-08室","phone":""},{"name":"心恋网络会所旗舰店(东门大街店)","address":"淮安市淮安区东门大街328号","phone":""},{"name":"网鱼网咖·电竞(淮安城市名人店)","address":"黄河东路1号","phone":"电话:15312338635"},{"name":"宜博电竞馆(茂业时代广场店)","address":"淮海北路淮安茂业时代广场3楼310室","phone":"电话:19952321210"},{"name":"菲届·轻奢电竞馆(联盛广场店)","address":"淮海南路105号联盛国际广场一楼1054室","phone":"电话:0517-83956668/13382333280/15851723469"},{"name":"秋夕电竞(金泰公馆店)","address":"305国道金太公馆110-111","phone":""},{"name":"心恋电竞馆(金地商业广场店)","address":"江苏省淮安市淮安区翔宇南道588号(河下古镇东)金地商业广场F1","phone":""},{"name":"鲨鱼电竞馆(金地商业广场店)","address":"金地商业广场二号楼一楼鲨鱼电竞俱乐部","phone":""},{"name":"浩艺电竞馆","address":"淮安市清江浦区富景路富士康社区-南区","phone":""},{"name":"外星人御可电竞俱乐部","address":"江苏省淮安市淮安区河下街道河下古镇万丰文化街19号楼2楼2、3、13、14、15号铺位","phone":"电话:18360785232"},{"name":"零度网络(中央城店)","address":"白鹭桥南200米中央城6号楼3层","phone":""},{"name":"快尚网咖","address":"西门大桥与渠北路交叉口西北方向70米","phone":"电话:15250880023"},{"name":"炽焰竞技网吧","address":"如意里小区南门9栋109号","phone":""},{"name":"网咖电竞(东鼎商城店)","address":"东鼎小镇7号楼东鼎商城F1","phone":""},{"name":"时光里电竞馆(华谊星河店)","address":"华谊星河商业广场2楼2045-2051号","phone":"电话:13511535566"},{"name":"顶峰网咖","address":"谭鸭血后身","phone":""},{"name":"网罗天下网咖","address":"淮安经济开发区汕头路36号","phone":""},{"name":"战旗电竞网咖","address":"前进东路18号","phone":"电话:18651268880"},{"name":"星际联盟网咖(北极星店)","address":"健康西路与北京北路交叉口西北218米中天花园24号楼24-8号","phone":"电话:18252337202"},{"name":"通祥网络会所","address":"楚州大道楚港兴市花苑商业4幢14号房","phone":"电话:13327967651"},{"name":"雅鑫网络会所","address":"城河街22号","phone":"电话:18852331099"},{"name":"外星人电竞包厢","address":"淮安市清江浦区富景路富士康社区-南区","phone":""},{"name":"龙门网吧","address":"长江东路17-3号","phone":"电话:18936500008"},{"name":"极客电竞网咖(万达店)","address":"翔宇大道万达广场万达公寓2号楼3楼","phone":"电话:17714707675"},{"name":"玩家国度电竞馆(涟州路店)","address":"淮安市涟水县涟州路17-3号","phone":""},{"name":"日月网咖(清枫花苑店)","address":"钵池街道福州路清枫花苑B区B7(清枫花苑东大门口旁)","phone":"电话:17702525557"},{"name":"巨人网络(黄河东路店)","address":"黄河东路40-16号","phone":"电话:13852318568"},{"name":"心恋电竞馆(古末口店)","address":"皇冠国际9号楼113号","phone":""},{"name":"抱抱熊电竞(金地商业广场店)","address":"金地商业广场2栋101室","phone":"电话:17714508569"},{"name":"陌陌网咖(炎黄大道店)","address":"江苏省淮安市涟水县安东南路与炎黄大道交叉口西150米","phone":""},{"name":"诗雨电竞馆","address":"炎黄大道军民中心村3期广场军民天宇宾馆南面","phone":"电话:13952323261/17321788686"},{"name":"人鱼网咖(金地商业广场店)","address":"翔宇南道588号金地商业广场F1层","phone":"电话:15505103808"},{"name":"龙门电竞馆","address":"翔宇北道与沅江路交叉口东南60米","phone":""},{"name":"图吉电竞馆","address":"生产路浦南花园商业21号门面2楼","phone":"电话:18252332889"},{"name":"至尊一号网咖","address":"福州路与珠海路交叉口清枫花苑门面房B-15号","phone":"电话:17321787777"},{"name":"轩缘电竞馆","address":"扬州北街8号7幢7-14、7-15、7-16、7-17室","phone":"电话:15161765996"},{"name":"诗雨电竞馆","address":"炎黄大道军民中心村3期广场军民天宇宾馆南面","phone":"电话:13952323261/17321788686"},{"name":"人鱼网咖(金地商业广场店)","address":"翔宇南道588号金地商业广场F1层","phone":"电话:15505103808"},{"name":"龙门电竞馆","address":"翔宇北道与沅江路交叉口东南60米","phone":""},{"name":"图吉电竞馆","address":"生产路浦南花园商业21号门面2楼","phone":"电话:18252332889"},{"name":"至尊一号网咖","address":"福州路与珠海路交叉口清枫花苑门面房B-15号","phone":"电话:17321787777"},{"name":"轩缘电竞馆","address":"扬州北街8号7幢7-14、7-15、7-16、7-17室","phone":"电话:15161765996"},{"name":"网咖电竞(东鼎商城店)","address":"东鼎小镇7号楼东鼎商城F1","phone":""},{"name":"鲨鱼电竞馆(金地商业广场店)","address":"金地商业广场二号楼一楼鲨鱼电竞俱乐部","phone":""},{"name":"悠蓝电竞","address":"承德南路西18号1号","phone":"电话:13375223588"},{"name":"电玩猩(淮安淮汽大厦店)","address":"淮海东路136号淮汽大厦二层01室","phone":"电话:19952307142"},{"name":"卓威电竞馆(富景路店)","address":"淮安市清江浦区富景路富士康社区-南区","phone":""},{"name":"淮阴区星苑网吧","address":"黄河花园步行街40号","phone":"电话:13915107988"},{"name":"杰程电竞连锁","address":"淮安市清江浦区清扬路金域华府","phone":""},{"name":"网国电竞","address":"淮安市清江浦区环宇路万达广场-一期住宅西北侧约50米","phone":""},{"name":"时光里电竞馆(荷湖星城店)","address":"翔宇大道荷湖星城G5号楼（大润发东侧170米）","phone":"电话:13511535566"}]