[{"name":"好玩电竞","address":"湖北省宜昌市夷陵区汉宜路85号","phone":""},{"name":"天空电竞馆","address":"湖北省宜昌市枝江市水厂路59号","phone":"电话:17328161947"},{"name":"新人类电竞馆(博世网络)","address":"宜昌市当阳市玉阳路糖酒小区东侧约50米","phone":""},{"name":"乐壹网咖(迎宾大道店)","address":"迎宾大道83号","phone":"电话:0717-4217594"},{"name":"网鱼网咖·电竞(宜昌水悦城店)","address":"高新区发展大道13号水悦城3楼","phone":"电话:15527830419"},{"name":"电竞包厢","address":"宜昌市猇亭区商业二街金正小区西侧约30米","phone":""},{"name":"腾飞电竞","address":"宜昌市秭归县茅坪镇橘颂路39号","phone":""},{"name":"聚众电竞","address":"云集街道东山大道101-2号","phone":"电话:13545856499"},{"name":"网鱼网咖·电竞(宜昌东站店)","address":"桔城路9号","phone":"电话:18571008336"},{"name":"网鱼网咖·电竞(小溪塔店)","address":"平湖国际","phone":"电话:17371720143"},{"name":"菜狗电竞(兴发广场店)","address":"中南路35号兴发广场13栋302号","phone":"电话:07176977055"},{"name":"赛博萤火电竞馆(兴发广场店)","address":"湖北省宜昌市伍家岗区中南路","phone":""},{"name":"菜狗电竞(恒大绿洲店)","address":"小溪塔街道梅子垭路梅子垭市场二楼(蜜雪冰城楼上)","phone":"电话:0717-7221778"},{"name":"天丰网咖(万达店)","address":"夷陵大道190-42号","phone":"电话:19308614050"},{"name":"潘多拉电竞馆(水悦城店)","address":"城东大道16-5临街门面","phone":"电话:15872667321"},{"name":"大麦电竞","address":"水悦城负一楼","phone":"电话:15327600539"},{"name":"悠活网咖(绿色店)","address":"学院街道环城东路木桥街5号(欢乐空间对面)","phone":"电话:0717-6557799"},{"name":"潘多拉网络会所(桔城路店)","address":"桔城路8号(国贸新天地对面)","phone":""},{"name":"银河娱乐城网吧","address":"汉宜大道与车站路交叉口东北220米","phone":""},{"name":"神舟电竞(夷陵大道店)","address":"世纪花园东区","phone":"电话:15897517056"},{"name":"潘多拉电竞馆(水悦城店)","address":"城东大道16-5临街门面","phone":"电话:15872667321"},{"name":"悠活网咖(清江润城店)","address":"清江润城四期208号","phone":"电话:15872570383"},{"name":"伽纹电竞(樵湖岭社区晴川明月店)","address":"珍珠路2号8栋商铺","phone":""},{"name":"方缘电竞","address":"夷陵大道2-3号（34路车站背后网吧入口上2楼）","phone":"电话:6720259"},{"name":"等等电竞(港窑路店)","address":"宜昌市港窑路32号","phone":""},{"name":"悠活网咖(塔里店)","address":"罗河路2号（丽橙酒店二楼）","phone":"电话:15872570383"},{"name":"天丰网咖(港窑路店)","address":"港窑路46-1号雅斯超市旁","phone":"电话:18062391079"},{"name":"开心网吧(绿萝路店)","address":"绿萝路29号","phone":"电话:13545734721"},{"name":"云奕电竞馆","address":"阳光花苑安置小区一层2F-1商铺","phone":"电话:18871761118"},{"name":"潘多拉电竞馆·特色电竞舱(中南路店)","address":"宜昌市伍家岗区中南路29号东辰壹号峰景15号楼6号二楼","phone":"电话:13207221895"},{"name":"菜狗电竞(夷陵店)","address":"峡州路神仙湾万富生活广场2楼","phone":"电话:0717-7228168"},{"name":"EHA赛博萤火电竞馆","address":"宜昌市解放路恒大步行街楼盘C+E地块9号楼3楼","phone":"电话:13135813889"},{"name":"伊陌电竞","address":"宜昌市伍家岗区民益路世纪阳光南侧约40米","phone":""},{"name":"江云奇遇网咖","address":"桥头路20号","phone":"电话:0717-6270221"},{"name":"天丰网咖(万寿桥店)","address":"东山大道283号","phone":"电话:18086221156"},{"name":"天丰网咖(电脑城店)","address":"珍珠路41号新天地电脑城2楼","phone":"电话:19308624722"},{"name":"悠活网咖(胜利店)","address":"万寿桥街道夷陵大道117号运河新村小巷内","phone":"电话:13972519182"},{"name":"悠活网咖(江山多娇店)","address":"沿江大道218号江山多娇1号楼","phone":"电话:15926969656"},{"name":"Mo鱼电竞(新华广场店)","address":"中南路新华广场二楼","phone":""},{"name":"大麦电竞(方圆荟长江广场店)","address":"宜昌市伍家岗区中南路宜昌三峡环球港东侧约40米","phone":"电话:19907203329"},{"name":"悠活网咖(江山多娇店)","address":"沿江大道218号江山多娇1号楼","phone":"电话:15926969656"},{"name":"天丰网咖(电脑城店)","address":"珍珠路41号新天地电脑城2楼","phone":"电话:19308624722"},{"name":"悠活网咖(云林店)","address":"云林路6号","phone":"电话:15071732123"},{"name":"菜狗电竞(福久源店)","address":"桔城路6号","phone":"电话:0717-6900911"},{"name":"天丰网咖(东郡店)","address":"伍家岗东郡对面","phone":"电话:19307627563"},{"name":"潘多拉网络会所(三峡大学店)","address":"三峡大学云锦小区D7-2-7号","phone":""},{"name":"Mo鱼电竞(星光天地店)","address":"湖北省宜昌市西陵区云集街道夷陵路夷陵大道121号星光天地三楼304-305号铺","phone":"电话:13040999828"},{"name":"天盟网咖","address":"湖北省宜昌市夷陵区夷兴大道88号","phone":""},{"name":"天丰网咖(金缔华城店)","address":"西陵二路51号金缔华城小区B1层","phone":""},{"name":"娱池潮玩社·剧本杀·电玩电竞·台球(解放路店)","address":"解放路步行街4栋2楼207室（袁老四火锅旁）","phone":"电话:19371360187"},{"name":"悠活网咖(果园店)","address":"果园一路14-4号","phone":""},{"name":"天丰网咖(伍临店)","address":"伍临路9号东方名都9-4","phone":"电话:19086817217"},{"name":"金座电竞(吾悦广场店)","address":"吾悦广场西区金街三楼S5-3124","phone":"电话:13997656905"},{"name":"乐享网咖(环城北路店)","address":"湖北省宜昌市西陵区环城北路5-2号2楼","phone":"电话:13310579917"},{"name":"天丰网咖(运河佳苑店)","address":"港窑路22-1号(城东大道与港窑路交汇处)","phone":"电话:19071776713"},{"name":"青苹果网咖(东山大道辅路店)","address":"胜利三路与胜利3路46号交叉口南150米","phone":"电话:13687222795"},{"name":"悠活网咖(锦绣店)","address":"夷兴大道26号","phone":"电话:17762990571"},{"name":"Mo鱼电竞(宜昌环球港店)","address":"城东大道92号三峡环球港二层第2Fe08室","phone":"电话:16671001458"},{"name":"优特网络会所(西坝店)","address":"桥头路紫云英花园西北侧约70米","phone":""},{"name":"宏达网吧(夷顺商厦店)","address":"夷陵大道401号夷顺商厦F1层","phone":"电话:0717-6558993"},{"name":"摩非电竞","address":"湖北省宜昌市西陵区云集街道三峡东山酒店(宜昌水悦城三峡大学店)","phone":"电话:13037186619"},{"name":"宏达网吧(夷顺商厦店)","address":"夷陵大道401号夷顺商厦F1层","phone":"电话:0717-6558993"},{"name":"贰零加电竞馆","address":"宜昌市西陵区黄河路宜昌市怡康皮肤病医院西侧","phone":""},{"name":"潘多拉网络会所(大洋店)","address":"夷陵大道56-1号（大洋百货负一楼）","phone":""},{"name":"奇奇乐园(兴发广场店)","address":"中南路兴发广场3楼","phone":"电话:17771274748"},{"name":"奇奇乐园(宜昌店)","address":"夷陵路58号CBD中心购物广场3楼","phone":"电话:18171287901"},{"name":"宏达电竞","address":"宜昌市伍家岗区夷陵大道夷顺商厦","phone":""},{"name":"TopSun电竞酒店(宜昌中南路兴发广场店)","address":"湖北省宜昌市中南路35号兴发广场15号楼A座201室","phone":""},{"name":"真快活Coohoo Max(吾悦广场店)","address":"峡州大道与城东大道交汇处吾悦广场2层","phone":"电话:17625949864"}]