[{"name":"巨人电竞","address":"江门市江海区江睦路与云沁路交叉路口往东约250米","phone":""},{"name":"蜗牛电竞","address":"文昌路11号107室","phone":"电话:18002900255"},{"name":"都来电竞馆(台城店)","address":"桔园路9号二楼","phone":"电话:18088899185"},{"name":"心言电竞","address":"江门市新会区解放街江门市新会区古井镇人民政府西侧约50米","phone":""},{"name":"鲨鱼电竞馆(升宝广场店)","address":"水口镇新市路118升宝广场F1层","phone":"电话:13318661630"},{"name":"龙猫电竞(万达广场江门江海店)","address":"广东省江门市江海区金瓯路198号万达广场","phone":"电话:0750-3636866"},{"name":"聚贤阁电竞(北郊店)","address":"天河西路30座","phone":"电话:13672831800"},{"name":"蓝讯电竞馆","address":"文龙聚龙楼109-209","phone":"电话:0750-6892333"},{"name":"米兰网咖(永安路店)","address":"永安路33号2楼","phone":"电话:1360437322/18026892239"},{"name":"卓威电竞馆(东汇城店)","address":"开平大道东汇城三楼","phone":"电话:17363265798/19928991288"},{"name":"弈心网咖(新会万达店)","address":"启超大道2号新会万达广场室内步行街二层2026室","phone":"电话:18060727878"},{"name":"新金六电竞馆(羊桥路店)","address":"羊桥路5号113","phone":"电话:18026813202"},{"name":"明日电竞(麻园店)","address":"古巷下路3号粤剧团二楼","phone":"电话:18165652275"},{"name":"新动力电竞馆(超速旗舰店)","address":"滘头市场","phone":"电话:13461533564"},{"name":"环球电竞棋牌(东宁路店)","address":"东宁路11号2层","phone":"电话:13432201314"},{"name":"鲨鱼电竞馆(兴棠路店)","address":"广东省江门市蓬江区富怡路34号","phone":"电话:18929075588"},{"name":"明日电竞(高新店)","address":"明辉路37号","phone":""},{"name":"璐璐网吧(礼昌街店)","address":"文昌花园111幢105-106号","phone":""},{"name":"迅游电竞网咖","address":"金逸豪庭1栋201室","phone":"电话:13377506158"},{"name":"趣之岛电竞","address":"光大三路45号","phone":"电话:0750-6259888"},{"name":"亿网网吧(朱紫路店)","address":"朱紫路19号2楼","phone":""},{"name":"青柠电竞(时代ITC店)","address":"广东省江门市新会区冈州大道东73号","phone":"电话:18138991286"},{"name":"慢姑娘·乐维公馆电竞主题·度假团建聚会轰趴馆(江海店)","address":"江海三路108号珑山居20栋101号","phone":"电话:18108674643"},{"name":"东方电竞馆(城东路店)","address":"冈州大道中24号1座201号","phone":""},{"name":"新创意网吧(江翠路店)","address":"麻一村余兴里62号","phone":""},{"name":"光速网吧(大康路店)","address":"大康路15号二楼","phone":"电话:0750-3760864/13392518679"},{"name":"智力网吧(高新西路店)","address":"高新西路132号二楼","phone":"电话:13005850937/18948062592"},{"name":"UI电竞馆","address":"金汇广场4楼","phone":"电话:18178036668"},{"name":"年华网吧","address":"棠下镇桐井村桐井大道31号","phone":""},{"name":"滋乐网咖","address":"民丰路29号106室二层","phone":"电话:13377506158"},{"name":"零零柒网咖","address":"汇源街2号108_109室东北方向40米","phone":"电话:13528324951"},{"name":"海潮网吧","address":"永安花园2号","phone":""},{"name":"一线牵网咖(同德三路)","address":"中心南路16号210室","phone":"电话:13536214570"},{"name":"超仁网吧(永康二街店)","address":"复兴里87号","phone":"电话:13673463123"},{"name":"V2娱乐圈·电影·台球·电玩","address":"东华一路金华商业中心1楼（唯亚影城入口）","phone":"电话:18033134150"},{"name":"天才网咖","address":"院士路6号","phone":"电话:13828028173"},{"name":"银河战舰缘份网咖","address":"港口一路142号二楼","phone":"电话:13652721962"},{"name":"天朗网吧(东庆北路7号5座店)","address":"东庆北路7号5座201号","phone":"电话:0750-6121030"},{"name":"四叶草网咖","address":"华园路6-8号","phone":"电话:0750-3506166"},{"name":"风云网咖(盛新百货店)","address":"世纪商业街6号168号楼","phone":""},{"name":"网友网咖(永康一街店)","address":"永康一街1号-106-1室","phone":"电话:17666490205"},{"name":"牛牛网咖","address":"广东省江门市蓬江区院士路6号","phone":""},{"name":"哈姆动漫社","address":"范罗冈花园8幢112号","phone":"电话:18029415338"},{"name":"新浪网吧(金桐一路店)","address":"金桐一路乐怡居公寓西侧约260米","phone":"电话:13025871099"},{"name":"巴黎网咖","address":"江翠路97-145号二楼","phone":"电话:0750-3829520"},{"name":"星河网咖(木朗店)","address":"金朗花园22-25座2楼","phone":"电话:18998535569"},{"name":"江门电竞综娱馆(新汇大融城店)","address":"广东省江门市新会区启超大道9号新汇大融城F4","phone":""},{"name":"GameTea中国主机文化","address":"会城世纪商业街6号186（赏点就点路口直入即到）","phone":"电话:13432266424"},{"name":"天空之城(新会万达店)","address":"启超大道2号万达二楼","phone":"电话:19928957798"},{"name":"EASY GAME","address":"环市街道丰乐二街19号115铺","phone":"电话:18675032424"},{"name":"元宇宙竞技(江门蓬江万达广场店)","address":"广东省江门市蓬江区广场西路与发展大道交汇处江门蓬江万达广场F2","phone":""},{"name":"前线电玩(地王店)","address":"地王广场4楼401铺","phone":"电话:15322661500"},{"name":"新动力电竞馆(超仁旗舰店)","address":"广东省江门市蓬江区白沙路38号","phone":""},{"name":"爆game","address":"东华一路44号126室","phone":"电话:13266495552"},{"name":"环游嘉年华(汇悦大融城店)","address":"白石大道166号311室、312室第三层3F002、3F003号商铺","phone":"电话:0750-3928825"},{"name":"玩趣时代(大新路步行街星汇购物广场店)","address":"会城大新路50号2079-2082","phone":"电话:18026798308"},{"name":"荣成网吧","address":"华阳里四巷与清澜阳山里一巷交叉口东100米","phone":""},{"name":"迪迪玛特·超级玩家主题乐园(新汇大融城店)","address":"启超大道新汇大融城3楼","phone":"电话:17322905368"},{"name":"Teammate电玩联盟(范罗岗商业城店)","address":"范罗岗花园6幢-17首层","phone":"电话:13750300209"},{"name":"名爵网咖(又一城店)","address":"胜利路47号地王又一城3楼","phone":""},{"name":"玩家英雄(江海广场店)","address":"东海路46号江海广场3层001","phone":"电话:13902880900"},{"name":"深度电竞","address":"江门市蓬江区迎宾大道西双龙广场","phone":""},{"name":"星城时空网吧(环市三路店)","address":"江门市蓬江区环市三路丰盛里1号(白沙市场)","phone":"电话:18676400405"},{"name":"奇遨网咖(祈安街店)","address":"祈安街34号","phone":"电话:0750-3977793"},{"name":"疯狂牛仔城电玩体验中心(蓬江万达店)","address":"发展大道万达广场2楼（广信眼镜旁）","phone":"电话:0750-3388596"},{"name":"TRACK PEAK模拟赛车","address":"金瓯路189号111室","phone":"电话:18029606909"},{"name":"名茶桌球(江海广场店)","address":"东海路江海广场","phone":"电话:13822388542"},{"name":"酷可酷玩玩乐园(健威广场店)","address":"白石大道213号健威广场三楼L309号","phone":"电话:16503860777"}]