[{"name":"唯西网咖","address":"海南省保亭黎族苗族自治县保城镇新民路42号宾馆停车场内","phone":""},{"name":"立业网咖会所","address":"海南省保亭黎族苗族自治县保城镇保兴东路星河大厦第","phone":""},{"name":"茗城网吧(个人独资)","address":"海南省保亭黎族苗族自治县保城镇新兴西路103号旧市场后面(原香满楼二楼)","phone":"电话:13976225080"},{"name":"兴欣网络","address":"海南省保亭黎族苗族自治县西环路奥兰花园二期A10商铺","phone":""},{"name":"远创网络科技","address":"保亭黎族苗族自治县金江大道金江花园西南侧约30米","phone":""}]