[{"name":"天龙电竞(梦境店)","address":"望州南路188号“香樟林”1、2、3号楼地上一层101、102号商铺","phone":""},{"name":"索拉电竞台球馆(飞乐店)","address":"金牛桥星级市场二楼索拉网咖(民主路南三里东)","phone":"电话:18587980060"},{"name":"99电竞·台球·棋牌","address":"壮锦大道16号海吉星佳信广场A栋二层2114、2115、2116号","phone":"电话:13211332291/18974183478"},{"name":"友仔电竞·台球(广图大厦店)","address":"广园路16号广图大厦三楼","phone":"电话:18176252944"},{"name":"老铁电竞(福旺店)","address":"明秀东路113号二楼","phone":"电话:13317809401"},{"name":"天龙电竞(盛世新城店)","address":"秀厢大道53号北湖安居小区A区7栋二层2-5号","phone":"电话:19317276379"},{"name":"潘多拉电竞网咖(明秀店)","address":"明秀东路236号明月湖酒店2层","phone":"电话:0771-8055590/18977777493"},{"name":"网鱼网咖·电竞(朝阳百货店)","address":"朝阳路39号百货大楼南楼三楼","phone":"电话:17396719988"},{"name":"溜溜电竞","address":"广西壮族自治区南宁市西乡塘区上尧街道军安路23号","phone":"电话:18077112186"},{"name":"飞泓电竞(魔镜店)","address":"玉洞大道56号融创九棠府二期13栋108商铺","phone":"电话:18776707976"},{"name":"飞泓电竞(魔镜店)","address":"玉洞大道56号融创九棠府二期13栋108商铺","phone":"电话:18776707976"},{"name":"原电竞(东盟盛天地店)","address":"广西壮族自治区南宁市青秀区中越路8号盛天华府B8栋2L-02号","phone":"电话:19378408356"},{"name":"岁月有痕网咖(云星店)","address":"大学东路170号农业机械研究所内","phone":""},{"name":"泓攻略电竞馆","address":"西乡塘区南宁市高新区高新大道89号九旗大厦三产楼二层2-3号房","phone":"电话:18978932686"},{"name":"飞泓电竞(飞狐店)","address":"明秀东路185号丰业柠檬宿二楼","phone":"电话:13087912296"},{"name":"启速电竞馆","address":"仙葫大道西228号","phone":"电话:15000898595"},{"name":"天界电竞网咖","address":"凤翔路6号蓝上城小区1号","phone":""},{"name":"陌网咖电竞(双拥店)","address":"双拥路7号金湖苑B座114号","phone":""},{"name":"聊天阁网吧","address":"建政东路39号1楼","phone":""},{"name":"老铁电竞(欧岛店)","address":"朝阳街道济南路126号(火车站地铁站H口步行490米)","phone":"电话:13558110032"},{"name":"尚攻略电竞馆","address":"永福路33号","phone":"电话:19117550596"},{"name":"鲨鱼电竞·佳锐店","address":"高峰路94号鼎盛大厦3层","phone":"电话:18978906856"},{"name":"星鸿电竞网咖(西大店)","address":"火炬路9号2层201号房","phone":"电话:18877136059"},{"name":"龙祥网吧","address":"安吉大道36-167号","phone":""},{"name":"鑫海电竞","address":"鲁班路46-5号农贸市场2楼","phone":"电话:15177954521"},{"name":"飞浪网(东葛店)","address":"东葛路97号百年福大厦2楼","phone":"电话:0771-5620299"},{"name":"桂A电竞馆(非凡店)","address":"南梧路南宁艾晚酒店(小鸡村地铁站A口旁)","phone":""},{"name":"狮子电竞网咖(秀厢店)","address":"秀厢大道10号二楼","phone":"电话:19195817352"},{"name":"潘多拉电竞(夏威夷战狼店)","address":"东葛路91号广西中医学院制药厂第二综合楼2楼","phone":"电话:0771-8018808/18577457888"},{"name":"星辰网咖电竞馆","address":"五一西路北1号桂豪大酒店3楼","phone":""},{"name":"飞鱼电竞(维也纳酒店店)","address":"银海大道595号二楼","phone":"电话:18076384500"},{"name":"陈桥电竞网咖","address":"秀厢大道东段20号宝海公寓一号楼","phone":"电话:13878860986"},{"name":"龙腾网咖","address":"广西壮族自治区南宁市江南区五一东路7号3层","phone":"电话:15289690792"},{"name":"大都会网咖","address":"钻石广场负一楼","phone":"电话:19114971035"},{"name":"66网咖·台球·棋牌(长岗店)","address":"长堽路96号长堽商业城三楼","phone":"电话:18174109836"},{"name":"鑫盛网咖(鑫酷店)","address":"凤凰路11号龙光玖珑湖8栋1层115号及9栋一层101、102号商铺","phone":"电话:18077786901"},{"name":"桂A网咖(广桂店)","address":"沛鸿路波尔多庄园","phone":""},{"name":"趣网咖(酷华店)","address":"岭乐路16号二楼A段商业203-204室","phone":"电话:13706638319"},{"name":"诺克萨斯网咖(文豪店)","address":"那洪大道37号汇东星城4A号楼二层","phone":""},{"name":"潘多拉网咖(科园店)","address":"科园西十路5号附近","phone":"电话:18977777492"},{"name":"狮子电竞网咖(环球店)","address":"民族大道16号环球时代","phone":""},{"name":"京港网咖·玩家国度(友爱店)","address":"友爱北路45号(中国农业银行旁)","phone":""},{"name":"冲击星电竞","address":"秀灵路88号天域香格里拉n211–n216号","phone":"电话:19317190099"},{"name":"飞泓电竞(飞誉店)","address":"良庆镇天誉半岛","phone":"电话:18176278727"},{"name":"飞泓电竞(西大店)","address":"秀灵路西二里10-1号秀厢八组综合楼二层铺面","phone":"电话:18172066393"},{"name":"皇龙网咖","address":"新阳路292-1号二楼ZTP-203-204号","phone":"电话:15977100934"},{"name":"怡滕网咖电竞馆","address":"薰衣草庄园8-208号","phone":""},{"name":"比邻网咖(祥宾路店)","address":"川宁大厦3楼右侧台球麻将馆","phone":"电话:18176897767"},{"name":"怡滕电竞(长虹路万科广场店)","address":"万科广场4楼","phone":""},{"name":"飞浪网(在线东方店)","address":"衡阳街道秀灵路88号(西大东门对面)天域·香格里拉1层青苹果酒店2楼","phone":"电话:0771-3926108"},{"name":"桂A网咖电竞馆(海之宇店)","address":"明秀东路1号2层","phone":"电话:18105775112"},{"name":"玩域电竞(亭江店)","address":"亭江路步步高广场4楼","phone":"电话:18174788862"},{"name":"新都市网咖(棕榈湾二期东)","address":"秀安路1-3号棕榈湾15号楼K15号附近","phone":"电话:18778675714"},{"name":"大聚会电竞网盟(五合外语店)","address":"广西壮族自治区南宁市青秀区仙葫经济开发区五合大道19号教职公寓A区10栋一楼","phone":""},{"name":"趣网咖(良庆店)","address":"良兴路18号盛邦珑悦1号楼2层","phone":"电话:15058931032"},{"name":"闯天下网咖(仙葫大道店)","address":"仙葫大道西153号二楼","phone":"电话:15058931032"},{"name":"新动力电竞(苏卢二路店)","address":"广西壮族自治区南宁市西乡塘区苏卢二路28号","phone":"电话:13768263888"},{"name":"月邪电竞(吾悦旗舰店)","address":"金川路7号新城吾悦广场9号楼、10号楼2061-1、2061-2号商铺","phone":"电话:19017010331"},{"name":"西街网咖电竞馆","address":"广西壮族自治区南宁市青秀区柳沙路18号柳沙西街8号楼二楼201、206~207号铺","phone":"电话:18978829222"},{"name":"海毅电竞(西大店)","address":"大学东路126号二楼（鲁班路地铁站A口旁）","phone":"电话:18878579799"},{"name":"W网咖电竞馆","address":"广西壮族自治区南宁市江南区定津路22号","phone":""},{"name":"老铁电竞(忆网店)","address":"金象大道7号天筑塞纳6号楼140号2楼整层","phone":"电话:15578466103"},{"name":"桂网咖电竞馆(百加百店)","address":"竹溪大道23号","phone":"电话:15888780696"},{"name":"酷网咖(廖家店)","address":"富德凤凰农贸市场五一店西南门东北60米","phone":"电话:18077786901"},{"name":"诺克萨斯电竞(文凯店)","address":"江南区南宁市金凯路59号铭润公馆地下一层B100住1号商铺","phone":""},{"name":"天雨电竞","address":"那洪大道38号宏建庄园3号7号","phone":"电话:13978626294"},{"name":"旭泰电竞公馆(江南星光万科里店)","address":"星光大道4号星光万科里2F","phone":"电话:19195966967"},{"name":"炫网咖(安吉店)","address":"安吉大道景丰酒店旁电梯3楼","phone":"电话:19117518273"},{"name":"劲浪电竞(秀隆店)","address":"秀灵路东五里22号2层","phone":"电话:18077171548"},{"name":"百分百电竞网咖","address":"建业路23号","phone":""},{"name":"罗伊电竞(公园里店)","address":"广西壮族自治区南宁市西乡塘区大岭路2-3号","phone":"电话:19968159870"},{"name":"飞泓电竞","address":"南宁市良庆区延庆路南宁市良庆区良庆初级中学西侧约70米","phone":""},{"name":"上下网咖","address":"南梧路200号东沟岭金禾湾30-32号楼2-D区","phone":"电话:18290193187"},{"name":"枫网咖电竞馆","address":"枫林路6号凤岭春天二楼","phone":"电话:17758666759"},{"name":"桂A网咖(缘梦店)","address":"亭洪路与亭江路交叉路口西侧","phone":""},{"name":"飞泓电竞(祥隆店)","address":"秀灵路东五里10号","phone":"电话:19317213280"},{"name":"伊玩家网吧","address":"万秀北路448号万秀新村168栋2楼","phone":"电话:15977774777"},{"name":"欧岛网咖(欧盛店)","address":"友爱南路7号香语火锅二楼","phone":""},{"name":"ETAnt电竞","address":"广西壮族自治区南宁市江南区福建园街道亭洪路48-1号江南万达广场A9栋6楼","phone":""},{"name":"桂A网咖电竞馆(遇麦店)","address":"教育路与白沙大桥交叉口西北180米","phone":"电话:13457055031"},{"name":"斌斌网吧(一分店)","address":"苏卢南路14号(苏卢地铁站B口步行260米)","phone":""},{"name":"好特电玩(新朝阳店)","address":"朝阳路与民生路交叉口新朝阳商场4楼（近南宁饭店，朝阳广场）","phone":"电话:0771-2869988"},{"name":"极网咖(时光海店)","address":"星光大道25号一楼","phone":"电话:15177173560"},{"name":"玩美攻略潮玩街区(朝阳店)","address":"西关路2号西关新天地商场8楼","phone":"电话:0771-2611133"},{"name":"伊甸园电竞馆(苏卢二路店)","address":"安吉大道苏卢村苏卢二路","phone":"电话:13768263888"},{"name":"头号玩家电竞","address":"南宁市西乡塘区鲁班路尚饶大厦","phone":""},{"name":"大榕树网吧","address":"明秀路北一里162号","phone":"电话:13317801881"},{"name":"劲浪网咖(协和时代广场店)","address":"创业路协和时代广场","phone":"电话:18070734518"},{"name":"易乐游·华城网咖电竞馆","address":"南宁市西乡塘区北湖路东四里云星城市春天-东区东北侧世代锦园-5栋","phone":""},{"name":"酷游电竞","address":"北湖南路20号2楼","phone":""},{"name":"玩域电竞馆(荣和山水美地店)","address":"民族大道155号荣和山水美地会所玻璃楼2-3层","phone":"电话:19353606573"},{"name":"飞浪网(火炬飞网店)","address":"西乡塘街道火炬路15号正成花园2层(粉之都楼上)","phone":"电话:0771-3851798"},{"name":"天空之城游乐体验世界(南宁荟聚店)","address":"平乐大道12号荟聚商场1楼01A23铺位","phone":"电话:18707216718"},{"name":"飞浪网(江南亭江店)","address":"亭江路28号新10 1广场B座4楼","phone":"电话:0771-2819299"},{"name":"瑞网咖(莱茵湖畔店)","address":"民族大道170号莱茵湖畔商业街B组团一层","phone":""},{"name":"天火网咖(江南1号店)","address":"福建园街道星光大道25号2楼(江南电影院)","phone":"电话:18076598919"},{"name":"尚莱网咖","address":"金川路20号联发尚筑西大门8号","phone":""},{"name":"乐都电竞(纬武路一巷店)","address":"七星路30号万昌上海滩公馆2楼","phone":"电话:19116899733"},{"name":"66电竞·上网·台球·棋牌(金阳店)","address":"那洪大道23号维也纳纵桂广场店三楼","phone":"电话:17758678366"},{"name":"微网咖(中华路店)","address":"中华路17号中国银行2层","phone":"电话:17776001126"},{"name":"奇迹喵动漫游戏体验中心(时代茗城店)","address":"望州南路时代茗城13号楼G2层B10050号","phone":"电话:13647716531"},{"name":"飞浪网(明秀金纬度店)","address":"明秀西路113号","phone":"电话:0771-3816158"},{"name":"闪亮之星网咖(淡村店)","address":"淡村路7号城市便捷酒店对面","phone":"电话:13367811555"},{"name":"蓝宇网咖(圭贝路店)","address":"星光大道213号金康苑8号楼二楼","phone":""},{"name":"酷睿电竞","address":"广西壮族自治区南宁市青秀区津头街道东葛路70-1号","phone":""},{"name":"逸飞网咖·台球","address":"金洲路与金洲路西一里交叉口东南150米","phone":"电话:18074801660"},{"name":"大光明电竞","address":"前进路90号,3楼","phone":"电话:13657813419"},{"name":"顺通网咖(五一中路铁路商业街店)","address":"五一中路4-2号","phone":"电话:18077786901"},{"name":"无限网咖(秀园三里)","address":"秀厢大道东段35号二楼","phone":"电话:13627880288"},{"name":"新屋电竞网咖·台球","address":"五一路伍越商贸城二楼（新屋菜市）","phone":""},{"name":"鑫网咖(大沙田店)","address":"五象大道1号鑫利华商厦4楼","phone":"电话:17777195612"},{"name":"联动网咖(福建园路店)","address":"福建园路14-2号33栋2楼","phone":""},{"name":"福鑫网咖","address":"迎凯路1号神仙居2层","phone":"电话:18077786901"},{"name":"鑫点网咖","address":"银海大道金象三区五象路253号","phone":"电话:13807878834/19195839091"},{"name":"吉宇网咖·台球(相思湖购物公园店)","address":"大学东路93号相思湖购物公园4楼","phone":"电话:19195953080"},{"name":"聚网咖(三塘店)","address":"昆仑大道329号第一元便捷酒店负一楼","phone":"电话:18070917701"},{"name":"左岸南希网咖(云丰国际店)","address":"科德西路13号云丰国际2楼","phone":"电话:17776001522"},{"name":"SN电竞馆","address":"南宁市西乡塘区龙腾路壮锦社区","phone":""},{"name":"诺克萨斯网咖(秀田店)","address":"白沙大道109号","phone":"电话:15994350084/19911239775"},{"name":"心情驿站店","address":"北大南路10之11-12号","phone":"电话:0771-3184880"},{"name":"博盛电竞馆","address":"广西壮族自治区南宁市兴宁区东沟岭景观路18号","phone":""},{"name":"桂A网咖电竞馆·快活缘店(快活缘店)","address":"科园大道新村菜市a栋2楼","phone":"电话:13388565777"},{"name":"T5电竞馆","address":"中新路8号中新国际2-7号","phone":""},{"name":"超时空电竞","address":"亭洪路10+1号商业大道3号楼","phone":"电话:13215167661"},{"name":"电竞运动馆","address":"南宁市兴宁区","phone":""},{"name":"桂A网咖鑫景园(平西村店)","address":"体育路8号一号楼","phone":""},{"name":"飞讯电竞","address":"秀灵路西二里秀灵路55-1号","phone":"电话:17776005988"},{"name":"人民电竞广西运营中心","address":"广西壮族自治区南宁市兴宁区甘坊路33号","phone":""},{"name":"灵隐电竞馆","address":"南宁市青秀区青竹立交百果王食品厂小区北侧约30米","phone":""},{"name":"趣风咖电竞","address":"南宁市青秀区仙葫大道仙葫安友小区","phone":""},{"name":"星悦电竞","address":"南宁市良庆区平和街景皇国际","phone":""},{"name":"百泓电竞","address":"南宁市西乡塘区明秀东路柠檬宿","phone":""},{"name":"诺克萨斯网咖(蓝宇店)","address":"燕敦路与圭贝路交叉口东20米","phone":""}]