[{"name":"飞鹰电竞网咖","address":"新桥西大街59号","phone":"电话:0482-3978777"},{"name":"地球人电竞网吧(团结北路店)","address":"兴安盟扎赉特旗音德尔镇蒙佳花园小区15号楼12号门市","phone":"电话:15048286868"},{"name":"佳乐电竞会馆","address":"兴安盟科尔沁右翼前旗学院路科尔沁右翼前旗第一中学东南侧约270米","phone":""},{"name":"竞速娱乐基地","address":"红阳街乌兰哈达镇环城路12号兴安盟隆翔米业有限公司(靠近烟厂)","phone":"电话:13947488666"},{"name":"峰火电竞馆","address":"万达广场步行街B区20号","phone":"电话:15628360518"},{"name":"琦玉电竞网吧","address":"兴安盟扎赉特旗内蒙古农村信用社东南侧","phone":""},{"name":"星空电竞","address":"兴安盟突泉县杜尔基汽车站西侧约60米","phone":""},{"name":"摩力圣汇电竞馆","address":"内蒙古自治区兴安盟突泉县盛大家园(民主街北)","phone":"电话:15248235353"},{"name":"趣尚网吧","address":"阿木古楞小区2号楼29号门市","phone":"电话:15204821875"},{"name":"战骑网吧","address":"都林街金色家园住宅小区三期2号商住楼门市","phone":"电话:15004829527"},{"name":"金铲铲网咖","address":"罕山西大街赛罕公馆1号楼16号商铺","phone":"电话:0482-8866866"},{"name":"鲨鱼电竞馆(五一北路店)","address":"富民北路红都现代城东北侧约40米","phone":"电话:17684807777"},{"name":"菲比电竞馆","address":"乌兰浩特市普惠东街与白音北路交叉口东南50米","phone":""},{"name":"云顶电竞馆","address":"兴安盟乌兰浩特市札萨克图西街万达广场南侧约70米","phone":""},{"name":"启耀电竞","address":"兴安盟乌兰浩特市札萨克图西街盖亚花园-B区东南侧约250米","phone":"电话:13190966956"},{"name":"万游引力电玩城","address":"内蒙古自治区兴安盟科尔沁右翼前旗科尔沁镇罕山西街维也纳国际酒店(水景公园店)西侧约180米","phone":"电话:15734825444"},{"name":"熊二电竞俱乐部","address":"内蒙古自治区兴安盟乌兰浩特市都林西街103号","phone":"电话:16648289900"},{"name":"金铲铲电竞酒店","address":"兴安盟罕山西街蒙佳赛罕公馆1号楼1楼","phone":""},{"name":"乐园电玩城","address":"内蒙古自治区兴安盟乌兰浩特市中豪城市之星东侧门市","phone":"电话:15504826361"},{"name":"选修课电竞馆","address":"兴安盟科尔沁右翼前旗都林西街与学院路交叉路口往西北约140米","phone":"电话:13624890005"},{"name":"哆咪喏战狼电玩城","address":"兴安街红都现代城小区二期五-商业通道-10号门市","phone":"电话:13030444444"},{"name":"绿岛网咖二部","address":"兴安盟乌兰浩特市电业路铁路小区东南侧","phone":""},{"name":"新起点电竞馆","address":"内蒙古自治区兴安盟乌兰浩特市团结西街乌兰浩特市人民医院西南侧约40米","phone":"电话:0482-8218999"},{"name":"乌兰浩特市菲比电子竞技馆(一店)","address":"内蒙古自治区兴安盟乌兰浩特市胜利街108组343-8-1","phone":""}]