[{"name":"黑曼巴电竞馆","address":"尼傲路与腊子口街交叉口南80米","phone":""},{"name":"塞博电竞网咖","address":"甘肃省甘南藏族自治州合作市当周街81号","phone":"电话:19894001811"},{"name":"柚子网咖","address":"甘南藏族自治州合作市怡安家园B区11号楼2层","phone":""},{"name":"奥树电竞馆","address":"甘肃省甘南藏族自治州合作市腾志街83号","phone":"电话:13893988899"},{"name":"外星人电竞(西大街店)","address":"甘南藏族自治州临潭县西大街城关六小东南侧约150米","phone":"电话:13909411194"},{"name":"星迈电竞","address":"甘肃省甘南藏族自治州卓尼县中医院木耳街159号","phone":"电话:13893989192"},{"name":"熊猫电竞","address":"甘南藏族自治州夏河县扎西奇街夏河公用型汽车站西南侧约100米","phone":""},{"name":"悟空电竞馆","address":"甘南藏族自治州夏河县扎西奇街吉祥花园-一区东侧约40米","phone":""},{"name":"晴天电竞馆","address":"甘肃省甘南藏族自治州合作市玛曲东路110号","phone":"电话:18794000062"}]