[{"name":"电竞会所","address":"明桦街日兴家园2号楼门市","phone":""},{"name":"原宏网吧电竞","address":"长春路东电新校区斜对面馨港湾2号楼3号网点","phone":"电话:18643222889"},{"name":"龙翼电竞","address":"吉林大街521号金地中央大街3地B-1617室","phone":"电话:19304321555"},{"name":"金雨电竞网吧","address":"吉林省吉林市磐石市东宁街道世纪花园六号楼二号门市","phone":""},{"name":"上网休闲电竞","address":"吉林省吉林市船营区长春路与电西胡同交叉路口往东约200米(鑫兴儒苑)","phone":""},{"name":"电竞网咖","address":"吉林市丰满区吉林大街万隆小区","phone":""},{"name":"金亿电竞","address":"吉林省吉林市舒兰市金亿城小区24栋119号","phone":"电话:13804440333"},{"name":"芙澜德Ai电竞(首钢商厦店)","address":"建设路163号","phone":"电话:13620722788"},{"name":"银河网咖(东山街店)","address":"欣隆嘉园西区东北门东南100米","phone":"电话:13943218933"},{"name":"卡尔电竞网咖","address":"吉林省吉林市昌邑区通江路崇文小区8号楼","phone":"电话:15044221222"},{"name":"第六空间网吧","address":"厦门街7号楼11号网点(华侨医院东走200米)","phone":"电话:13596266002"},{"name":"外星人网咖(东昌街店)","address":"东昌街新东昌小区24号楼1层1号","phone":"电话:15044221222"},{"name":"千寻电竞(大东门店)","address":"解放大路大东门人防综合楼10号网点","phone":"电话:15688998837"},{"name":"佰斯特电竞(通江店)","address":"四川路1号楼1层27-4号网点","phone":""},{"name":"外星人电竞(万达店)","address":"吉林省吉林市昌邑区G302","phone":"电话:15044221222"},{"name":"音兔电竞(解放北路店)","address":"解放北路161号","phone":""},{"name":"真朋友电竞","address":"光华路11号楼12号网点","phone":"电话:13624429666"},{"name":"至臻电竞(通江街店)","address":"通江路25-1号","phone":""},{"name":"千寻电竞(铁东店)","address":"吉林省吉林市龙潭区武汉路34-8号","phone":""},{"name":"千寻电竞(星云店)","address":"深圳街颐馨小区15号楼10号网点","phone":""},{"name":"风暴电竞","address":"临江街道解放中路220-4号","phone":""},{"name":"蛋蛋电竞馆","address":"名门皮草西行50米","phone":"电话:0432-65029999"},{"name":"东皇网吧","address":"西山街77号铁成骏景小区A1-4号网点","phone":""},{"name":"千寻电竞(中海店)","address":"中海环宇天地2号门","phone":"电话:0432-69992222"},{"name":"奈斯电竞馆","address":"步行街与河西街交叉口东北100米鑫东KTV歌厅楼下","phone":"电话:15844257700"},{"name":"长隆电竞网咖","address":"吉林省吉林市永吉县东山街金成商务中心西北侧约130米","phone":""},{"name":"广联电竞","address":"吉林省吉林市船营区光华路100-5号","phone":""},{"name":"丫丫网吧(长春路店)","address":"吉林市船营区长春路金江小区22号楼","phone":"电话:18643222889"},{"name":"零度角网吧","address":"哈达湾和平家园19号楼四-5网点","phone":""},{"name":"甜不辣网络","address":"朝阳街依林小镇对面","phone":"电话:15948666320"},{"name":"博运电竞馆(东昌店)","address":"东昌街119-12号","phone":"电话:13844621397"},{"name":"网鱼网咖·电竞(深中路店)","address":"吉林市颐馨小区15号楼5号网点","phone":""},{"name":"银河网咖(通潭大路店)","address":"通潭大路79-9号","phone":"电话:13324442778"},{"name":"百分百电竞馆(永吉大街店)","address":"吉林省吉林市永吉县永吉大街1998号","phone":""},{"name":"吉林市大晟电竞","address":"吉林省吉林市船营区长春路街道金江小区","phone":""},{"name":"宇通网吧(汉阳街店)","address":"汉阳南街17-22号","phone":"电话:13500989092"},{"name":"馨际网城(鞍山街店)","address":"解放中路园乐园44号楼6号网点","phone":"电话:18629902277"},{"name":"鹏程网吧电竞馆(鹏程店)","address":"吉林省吉林市昌邑区东昌街119-10号","phone":"电话:13089186890"},{"name":"中瑞网吧","address":"吉林大街323-18号","phone":"电话:15568482478"},{"name":"山石网咖","address":"解放大路辽东二区22号楼3号网点","phone":"电话:15543201126"},{"name":"酷派电竞","address":"解放北路159-17号鸿博花园底商","phone":"电话:0432-63055559"},{"name":"嘉美电竞馆","address":"吉桦路与文教二街交叉口西南侧吉林嘉美实业有限公司新建综合楼项目2层1号门旁","phone":"电话:15568499002"},{"name":"Mirror镜·电竞俱乐部·卓威网咖·棋牌·桌球(北疆店)","address":"南京街2号商住楼1-2层8号网点","phone":"电话:13019248818"},{"name":"至尊网咖英雄联盟店(长春路店)","address":"长春路A号商住楼3号网点2层","phone":"电话:0432-63012345"},{"name":"百盛电竞(惟朝店)","address":"吉林市丰满区建华街道滨江东路2888号","phone":""},{"name":"金桥网络家园","address":"高新街道深圳东路颐馨小区15号楼7号网点","phone":"电话:18604479600"},{"name":"Mirror镜·电竞酒店(医药学院店)","address":"吉林市深圳街颐馨小区15号楼13号网点(北华南校对面)","phone":""},{"name":"午阳电竞(兄弟联盟三店)","address":"吉林省吉林市船营区菜园街251号","phone":"电话:13159555869"},{"name":"丫丫电竞(铭菲店)","address":"吉林省吉林市丰满区兴隆大街30-11号","phone":"电话:15143293999/18704329330"},{"name":"快捷网咖","address":"大同路商贸小区1号楼","phone":""},{"name":"硬核玩家游戏体验室·ps·switch(财富店)","address":"光华路北奇广场A座一层4号网点","phone":"电话:18644725999"},{"name":"德玛西亚网咖(桃源路店)","address":"桃源路30-14号","phone":"电话:13944219777"},{"name":"艺珑传奇动漫娱乐中心(吉林财富购物广场店)","address":"吉林大街173号财富广场六层","phone":"电话:15943226392"},{"name":"虾玩游戏店","address":"西城首府西门25号楼一层8网点","phone":"电话:13196238501"},{"name":"千機塢网咖","address":"吉林省吉林市昌邑区天津街1766号","phone":""},{"name":"掌趣主机游戏体验馆","address":"金地中央大街2区1号楼11层146室","phone":""},{"name":"吉客堂游戏娱乐体验馆Ps Switch Xbox","address":"大东街零号楼","phone":"电话:15584052398/15843253677"},{"name":"可玩可乐主机游戏体验馆PS·Switch·Xbox","address":"嫩江街74号阿里山花园6号楼2号网点","phone":""},{"name":"大玩家(昌邑万达店)","address":"林荫路北万达广场2号门3楼","phone":"电话:0432-68007316"},{"name":"泽盛电竞商务酒店(恒山东路店)","address":"吉林省吉林市丰满区江南街道恒山东路18号","phone":""},{"name":"休闲娱乐综合性电竞馆","address":"吉林省吉林市昌邑区通江街道通江路29号","phone":""},{"name":"环游动漫城(中东新生活店)","address":"越山路378号中东新生活欢乐世界LY-1","phone":"电话:0432-68131185"},{"name":"徐氏电玩城(中凯购物广场临江门店)","address":"临江门广场中凯购物广场三楼","phone":"电话:13039160280"},{"name":"鑫起点电竞网咖","address":"吉林省吉林市永吉县连山路309号","phone":"电话:13944627666/15144224455"},{"name":"世通网吧(徐州路店)","address":"吉林省吉林市龙潭区徐州路288-19号","phone":""},{"name":"宏源主机体验馆(园艺小区东区店)","address":"园艺路园艺小区19栋","phone":"电话:16643249636"},{"name":"小兔电竞","address":"吉林市桃源路宝丰名苑","phone":"电话:13844229160"},{"name":"外星人电竞(通江路店)","address":"吉林市昌邑区通江路崇文小区","phone":""},{"name":"明航网吧(传奇网络联盟明航店)","address":"民意胡同6-14号","phone":""},{"name":"桥电竞馆","address":"吉林省吉林市昌邑区新地号街道上海路74号","phone":""},{"name":"电玩体验馆·PS4·Switch","address":"上海路天津街交汇东北侧","phone":"电话:13894728840"},{"name":"神光电竞","address":"吉林省吉林市丰满区江南街道一网超市(深中路店)东71米","phone":""},{"name":"纵横网咖(长江街店)","address":"长江街","phone":""}]