[{"name":"泰戈电竞网吧网咖","address":"乞巧街与东江路交叉口东南120米","phone":"电话:18993911125"},{"name":"星耀电竞","address":"陇南市西和县白冯街与中山南路交叉路口往南约230米","phone":"电话:17693640330"},{"name":"精灵电竞网咖","address":"甘肃省陇南市宕昌县岷江大道297号","phone":"电话:18693919861"},{"name":"星宇电竞网咖","address":"滨河路旧车站","phone":"电话:15095751988"},{"name":"新干线电竞网咖(新市街店)","address":"城关镇新市街北山路口","phone":"电话:15349494646"},{"name":"飞宇电竞(北山东路68号二楼)","address":"甘肃省陇南市武都区北山东路68号二楼","phone":"电话:13689371855"},{"name":"聚乐电竞(西花苑店)","address":"甘肃省陇南市武都区人民路西花苑小区E栋2层","phone":"电话:15349494646"},{"name":"拂晓网咖","address":"甘肃省陇南市武都区新市街陇南礼堂二楼","phone":""},{"name":"鑫丰娱乐(兰天·莲湖广场店)","address":"兰天莲湖世纪广场10号楼2楼商铺","phone":""},{"name":"头号玩家(陇南缤纷城店)","address":"长江大道缤纷城2楼","phone":""},{"name":"头号玩家(陇南缤纷城店)","address":"长江大道缤纷城2楼","phone":""},{"name":"爱萌潮玩(缤纷城店)","address":"长江大道11号昌盛缤纷城3层3020号","phone":"电话:13629785553"}]