[{"name":"光环电竞网吧","address":"兴华东路110号天和文苑小区大门西沿街房","phone":"电话:18706677389"},{"name":"五号电竞","address":"民主街海泰绿洲大厦","phone":"电话:13356360597"},{"name":"梧桐树电子竞技俱乐部","address":"潍坊市坊子区兴国路恒信阳光新城","phone":"电话:18615361653"},{"name":"网鱼网咖·电竞(V1广场店)","address":"胜利西街337号V1购物广场1号楼C124","phone":"电话:13031699583"},{"name":"传奇网咖(学院路店)","address":"开发区学院路南首东郭菜市场西侧","phone":"电话:18953678001"},{"name":"四月网咖","address":"东风街明德花园商铺2号楼3室","phone":"电话:18754601509"},{"name":"亿影星客电竞网咖(健康西街店)","address":"健康西街人民公园南门对面2楼","phone":"电话:13805360068"},{"name":"金尚电竞俱乐部(昌乐店)","address":"恒安街364号","phone":"电话:17667437339"},{"name":"长颈鹿网咖(朗通店)","address":"乐川东街吉祥家园西南侧约160米","phone":"电话:18053608587"},{"name":"西城网咖","address":"长松路8207号金泰大厦3楼","phone":"电话:18053608587"},{"name":"网鱼网咖·电竞(V1广场店)","address":"胜利西街337号V1购物广场1号楼C124","phone":"电话:13031699583"},{"name":"传奇网咖(学院路店)","address":"开发区学院路南首东郭菜市场西侧","phone":"电话:18953678001"},{"name":"四月网咖","address":"东风街明德花园商铺2号楼3室","phone":"电话:18754601509"},{"name":"亿影星客电竞网咖(健康西街店)","address":"健康西街人民公园南门对面2楼","phone":"电话:13805360068"},{"name":"金尚电竞俱乐部(昌乐店)","address":"恒安街364号","phone":"电话:17667437339"},{"name":"浪鱼电竞馆(春风里店)","address":"宝通社区春风里城市广场A座7层1-20","phone":"电话:15698269528"},{"name":"西城网咖","address":"长松路8207号金泰大厦3楼","phone":"电话:18053608587"},{"name":"洺锋网咖(凤凰街店)","address":"潍坊市坊子区佳乐家东龙凤花园步行街农业银行后面上4楼","phone":"电话:18678086676"},{"name":"艾格电竞","address":"胜利街17号商业房（虞河路与胜利东街交叉口东南角）","phone":"电话:18615907820"},{"name":"飞鱼网咖·棋牌(潍坊银行店)","address":"文化路鲁班园北（潍坊银行附近）","phone":"电话:18660637070"},{"name":"几度电竞","address":"山东省潍坊市潍城区福寿西街348号","phone":"电话:16652881099"},{"name":"网鱼电竞(潍坊高新星瀚里店)","address":"星瀚里（健康东街北）","phone":"电话:17353696321"},{"name":"熊猫电竞","address":"丰华路745号","phone":""},{"name":"勇度电竞(西城大厦店)","address":"菜都路西城全福元二楼","phone":"电话:18863665444"},{"name":"好客电竞网咖(遨翔店)","address":"汇金街福缘山庄南1门西南侧约90米","phone":"电话:18353631220"},{"name":"易尚网咖(樱前街店)","address":"文化路与樱前街交汇处西260米路南","phone":"电话:14753665950"},{"name":"炫动电竞","address":"宝都街道恒安街387号2号楼2层14商铺","phone":""},{"name":"乐众网咖","address":"樱前街6802号","phone":"电话:0536-7580000"},{"name":"飞星电竞","address":"山东省潍坊市寿光市文远路城投新居时代s06西沿街商铺","phone":"电话:15966196667"},{"name":"星鱼电竞","address":"民主街与惠贤北路交叉口北行220米路西","phone":"电话:13791888293"},{"name":"先知网咖(谷德店)","address":"福寿东街4369号谷德广场B1层","phone":"电话:0536-8865385"},{"name":"行星缘电竞会所","address":"山东省潍坊市奎文区银枫路220号","phone":"电话:15094996555"},{"name":"网鱼网咖·电竞(潍坊学院店)","address":"福寿东街3417号泰恒大厦3号门头房2楼","phone":"电话:18365658276"},{"name":"网鱼网咖·电竞(潍坊恒大名都店)","address":"潍县中路5001号恒大名都商业中心二楼","phone":"电话:17863652750"},{"name":"旭枫电竞","address":"金鼎街金鼎华府北门东50米路南","phone":"电话:17196133333"},{"name":"先知网咖(中百店)","address":"胜利西街与和平路交叉口东南角","phone":"电话:13793663355/18663680161"},{"name":"半半堂电竞馆卓威(寒亭店)","address":"中房·幸福名都北门东190米","phone":"电话:18263697132"},{"name":"益友网咖(圣荣商务楼店)","address":"新华路福寿东街219号","phone":"电话:18263667233"},{"name":"甲壳虫电竞(宇润大厦店)","address":"中医院对面","phone":""},{"name":"跨世纪网咖(虞河店)","address":"大虞街道虞河路2526号左岸华庭8号楼102","phone":"电话:13583644427/18866189482"},{"name":"红船网咖(龙泉街店)","address":"龙泉街2136号","phone":"电话:13583600386"},{"name":"新元网咖(新元电竞)","address":"昌邑市G308石埠汽车站东临","phone":"电话:17616765858"},{"name":"亿诚电子竞技(南埠口超市店)","address":"山东省潍坊市奎文区永春路盛春巷南埠口超市2层","phone":"电话:15689802111"},{"name":"达达电竞","address":"潍坊市昌邑市东环路昌邑汽车总站东南侧","phone":""},{"name":"雷霆电竞(圣城街店)","address":"圣城街与石马路交叉口东120米","phone":"电话:13805360665"},{"name":"麦克电竞馆·棋牌(风筝广场旗舰店)","address":"胜利东街中国中药谷大厦一楼东侧（风筝广场对面）","phone":"电话:0536-8822882"},{"name":"逅海电竞","address":"潍坊市潍城区和平路5196号联运首座","phone":""},{"name":"网遇网咖(方山路店)","address":"方山路5795号","phone":"电话:15953698967"},{"name":"网鱼电竞(新华路佳乐家店)","address":"山东省潍坊市奎文区新华路66号4楼401号","phone":"电话:13356709931"},{"name":"慧佳利网咖(无名路店)","address":"城里东街与无名路交叉口西北角二楼","phone":""},{"name":"红光电竞","address":"潍坊市青州市镇前路东方佳苑东北侧约120米","phone":""},{"name":"腾龙电竞","address":"山东省潍坊市奎文区东关街道万达广场(潍坊店)","phone":""},{"name":"强森电竞","address":"潍坊市坊子区双羊街天同四季花园北侧约70米","phone":"电话:18553600919"},{"name":"焦点网咖(泰华店)","address":"风筝广场北门对面胜利街与天润路交叉口向北50米路西","phone":"电话:13256366682"},{"name":"国风网咖(亚特尔·未来广场店)","address":"北海路亚特尔·未来广场2楼","phone":"电话:14535276666"},{"name":"十九号电竞","address":"青年路15附近","phone":"电话:13792600083"},{"name":"网鱼网咖·电竞(潍坊寒亭民主街店)","address":"怡景华府","phone":"电话:17860239179"},{"name":"Game电竞(阳光100店)","address":"胜利东街5051号1号楼阳光100凤凰社地下负一层35号","phone":"电话:19953606366"},{"name":"风行电竞网络俱乐部(广丰文化特艺城店)","address":"山东省潍坊市潍城区和平路4088号广丰灯具城2层","phone":"电话:15864329998"},{"name":"寒亭电子竞技网络会所","address":"山东省潍坊市寒亭区步行街633号","phone":""},{"name":"电竞网咖(小世界店)","address":"山东省潍坊市坊子区长宁街3647号","phone":"电话:13070701631"},{"name":"长颈鹿网咖(朗通店)","address":"乐川东街吉祥家园西南侧约160米","phone":"电话:18053608587"},{"name":"新世纪电竞馆(无名路)","address":"中央商务区商贸城3楼","phone":""},{"name":"新蓝网咖(金光街店)","address":"金光街与兴安路口西150米路南","phone":"电话:18863670080"},{"name":"网鱼网咖·电竞(潍坊丹桂里店)","address":"新华路丹桂里金街1号楼沿街2楼","phone":"电话:19153677071"},{"name":"美晨电竞·腾讯联盟馆","address":"乐川街与新华路交叉口北行100米路东","phone":"电话:13854484000"},{"name":"极速8号电竞","address":"潍坊市奎文区惠丰街高新城市广场","phone":"电话:15563609908"},{"name":"麦克电竞馆(万达广场卓威店)","address":"鸢飞路万达广场二楼西侧中段（24h通道万达广场2号门南侧）","phone":"电话:0536-8822883"},{"name":"小咖电竞·外星人旗舰店","address":"月河路9096号6号商业楼2号商铺","phone":"电话:15269600321"},{"name":"顶峰网咖(虞河店)","address":"晨晟世纪城东区西门南290米","phone":"电话:13054761000"},{"name":"网情电竞(交通街店)","address":"北海路与交通街交叉路口潍坊银行南50米","phone":"电话:18706671787"},{"name":"四海网吧(文庙街店)","address":"文庙街重庆麻辣烫旁","phone":"电话:13287694900"},{"name":"8号电竞馆(府东路店)","address":"高新技术开发区东风东街419号清宁花园1号楼沿街楼12号","phone":"电话:15863287536"},{"name":"千瑞网咖(中房·幸福广场店)","address":"中房·幸福家园东(泰祥街北)","phone":"电话:15621678599"},{"name":"休闲网咖(清平路店)","address":"清平路7568号","phone":"电话:13573659080"},{"name":"网鱼网咖·电竞(阳光100店)","address":"阳光100凤凰社5037号","phone":"电话:13885362720"},{"name":"荣光网吧(四平路店)","address":"北宫街与四平路北300米路西","phone":"电话:13355366108/15610236999"},{"name":"飞鹏网咖(行政街店)","address":"行政街30号","phone":"电话:15621663683"},{"name":"易游电竞网咖(银座商城店)","address":"银座商城北侧电梯三楼","phone":"电话:13792622455"},{"name":"都一处网城(渤海路店)","address":"渤海路725号","phone":"电话:18660696969"},{"name":"白鹭电竞","address":"潍坊市寒亭区民主街裕龙园南侧约30米","phone":""},{"name":"神聊网吧","address":"北宫街与鸢飞路路口","phone":"电话:15264607311"},{"name":"炫迈电竞网咖(民主街店)","address":"潍坊市寒亭区民主街怡景华府","phone":""},{"name":"超越网咖","address":"浞景路浞景雅苑","phone":"电话:13806468989"},{"name":"洛克电竞网咖","address":"桃园街与永春路交叉口东北80米","phone":"电话:18866363920"},{"name":"飞驰网吧(光明街店)","address":"和扬英郡6号楼沿街商铺","phone":"电话:13573666152"},{"name":"青春电竞网咖(昌乐店)","address":"方山路与新城街交叉口西南角联通大厦一楼","phone":""},{"name":"光影电竞","address":"山东省潍坊市奎文区樱前街6802号","phone":"电话:0536-7580000"},{"name":"摩非电竞茶室(学院店)","address":"山东省潍坊市寿光市兴安路香堤雅苑商铺8号正北方向10米","phone":""},{"name":"万佳网络主峰网络会所","address":"北门大街与北宫街南100米西","phone":"电话:13573670004"},{"name":"先睿网咖","address":"月河楼商业街号楼8号商铺","phone":"电话:15335368129"},{"name":"大唐网络","address":"G206(烟汕线)","phone":""},{"name":"咆哮红狼电竞馆","address":"金光街与幸福路交叉口东南角","phone":"电话:18365670005"},{"name":"虎鲨电竞(寿光万达广场店)","address":"万达广场2楼东侧2012商铺","phone":"电话:13356369129"},{"name":"网鱼网咖·电竞(潍坊吾悦广场店)","address":"潍坊市奎文区吾悦广场金街二楼109号","phone":"电话:15794375998"},{"name":"巅峰网络(胜利店)","address":"胜利西街1779号鸿禧花园1号楼D01室","phone":"电话:13356717555"},{"name":"大华电竞网咖(全福元商厦店)","address":"学院路东城全福元B座北门对面","phone":"电话:18953678001"},{"name":"十月电竞(福寿西街店)","address":"北关街道佳乐家福寿店西20米","phone":"电话:19963966009"},{"name":"麦克电竞网咖·棋牌(人民广场店)","address":"古槐路与新兴街交叉路口北30米路东","phone":"电话:13176724937"},{"name":"星享电竞网咖(全福元中心店)","address":"圣城街以南尧河路以东","phone":"电话:19905363902"},{"name":"蚂蚁电竞馆(中央商务区商贸城店)","address":"天水路155号中央商务区商贸城F2层","phone":"电话:18863613344"},{"name":"喜欢电竞","address":"山东省潍坊市昌乐县宝都街道温州商城-7号楼","phone":""},{"name":"佐岸网咖台球","address":"金光东街南建桥路西港苑新空间S-19号","phone":"电话:13963631639"},{"name":"网云电竞·腾讯联盟馆","address":"东关街道苇湾社区5号门旁","phone":"电话:15169681132"},{"name":"潮玩电竞馆","address":"潍坊市潍城区盛和街国安商厦西侧约60米","phone":""},{"name":"明峰电竞馆儿(樱前街店)","address":"樱前街13286号正东方向40米","phone":"电话:15095191087"},{"name":"漫乐网咖(中百店)","address":"向阳路君豪国际大酒店西北侧","phone":""},{"name":"楠溪电竞网咖(泰华城新天地店)","address":"山东省潍坊市奎文区东风东街360号泰华城·新天地4楼L401号","phone":"电话:19105360606"},{"name":"技嘉电竞(金沙城市广场店)","address":"山东省潍坊市潍城区青年路428号金沙商品城F2层","phone":"电话:13280173121/15854433481"},{"name":"星际电竞工作室","address":"潍坊市寿光市渤海路群利商住中心","phone":""},{"name":"锦裕电竞","address":"潍坊市昌邑市G206(旧)世纪华城","phone":""},{"name":"坦克电竞(银座商城寿光店)","address":"潍坊市寿光市银海路5226号银座商城F1","phone":""},{"name":"麦克电竞馆(泰华假日广场店)","address":"泰华城假日广场二楼北头（星巴克旁边）","phone":"电话:0536-8932710"},{"name":"先知电竞(谷德广场店)","address":"潍坊市奎文区福寿东街4369号谷德广场F1","phone":""},{"name":"麦克电竞(万达卓威形象店)","address":"潍坊市奎文区鸢飞路958号万达广场(潍坊店)潍坊金街F1","phone":""},{"name":"威龙传奇潮玩·电玩(泰华城店)","address":"东关街道东风东街360号泰华城(潍坊店)F3泰华城新天地F3层","phone":"电话:13395357678"},{"name":"明灯电竞","address":"山东省潍坊市昌邑市都昌路360号","phone":"电话:18353682678"},{"name":"大象网咖","address":"万象街西(学院路)130号","phone":"电话:18264469990"},{"name":"DC潮玩酷动","address":"东风东街泰华城新天地四楼89号（近齐纳电影院）","phone":""},{"name":"里奥电竞酒店","address":"潍坊市新城街道大观社区东方路碧桂园桃李东方1号楼13层","phone":""}]