[{"name":"NB电竞网咖(堤口路店)","address":"堤口路东段32号","phone":"电话:15562535855"},{"name":"Moba电竞连锁(经四路万达店)","address":"馆驿街87号（和信花园南门东50米）","phone":"电话:18806417777"},{"name":"NB网咖电竞连锁俱乐部(泉城路店)","address":"济南市历下区泉城路339号恒祺广场F4","phone":"电话:15550058851"},{"name":"NB电竞网咖(西市场店)","address":"经二路456号三联商社对面","phone":"电话:13065097073/15550017717"},{"name":"168电竞网咖(绿地城一店)","address":"唐冶西路绿地城新希望花园B区13号楼1-104商铺","phone":"电话:13376446560"},{"name":"超光速网吧(槐荫区店)","address":"经十路419号金凯商城内东2层","phone":"电话:15605319982"},{"name":"虎赢电竞(大明湖景区店)","address":"东关大街76-1号","phone":"电话:13375316793"},{"name":"宜博电竞馆(华龙店)","address":"华能路110号","phone":"电话:13276446821"},{"name":"168电竞网咖(银丰唐郡店)","address":"银丰唐郡紫薇园2452号商铺（土河东路与邢村街交叉口北70米）","phone":"电话:13969185111"},{"name":"禾小鱼电竞(硕果店)","address":"山东省济南市天桥区济安街11号","phone":""},{"name":"七里山网吧","address":"英雄山路96号中国联通二楼","phone":"电话:18615638039"},{"name":"禾小鱼电竞(硕果店)","address":"山东省济南市天桥区济安街11号","phone":""},{"name":"虎赢电竞(洪楼印象城店)","address":"花园路200号群康商务大厦2层","phone":"电话:19819882507"},{"name":"时代电竞(龙湖店)","address":"王舍人龙湖星曜7号楼227室","phone":"电话:18364800589"},{"name":"泡泡电竞","address":"张衡路大学城商业街2号楼4-301","phone":"电话:13335178713"},{"name":"易洋电竞网咖","address":"经一路88号1-301","phone":"电话:13153167890"},{"name":"追光者电竞","address":"辰光路城投环贸中心9号公寓楼北侧商铺","phone":"电话:18354179988"},{"name":"尚上虎赢电竞(舜泰店)","address":"舜华路2000号舜泰广场地下空间132商铺","phone":"电话:18668972161"},{"name":"绿木对电竞","address":"济南市明湖东路787商铺与泺柳路交叉口二楼绿树电竞","phone":""},{"name":"虎赢电竞(山大店)","address":"山大北路90-4号","phone":"电话:13370537480"},{"name":"雄飞网咖(经三路店)","address":"经三路182-1号","phone":"电话:15953161673"},{"name":"荣耀电竞","address":"济南市历城区海门路中海御山首府西区16号楼1-1-105号","phone":"电话:18678837168"},{"name":"辛巴电竞","address":"二环南路5326号","phone":"电话:15588857662"},{"name":"梦者电竞(银座店)","address":"大学路2166号鲁商常春藤商业街5-203室","phone":"电话:15588863432"},{"name":"盛龙电竞","address":"华奥路与凤天路交叉口西50米路南","phone":"电话:13964074555"},{"name":"读者网吧(木森二店)","address":"泺安路21-16号","phone":"电话:13805419002"},{"name":"星际电竞网咖(雅郡店)","address":"孙村街道科创路翡翠雅郡售楼处(21栋)-3商铺","phone":"电话:15615710878"},{"name":"NB电竞网咖(印象城旗舰店)","address":"花园路123号","phone":"电话:17305417479"},{"name":"网鱼网咖·电竞(济南市中万达店)","address":"魏家庄街道魏家庄万达广场豪景苑5号楼111号（经四路店）","phone":"电话:15005418220"},{"name":"丽豪电竞(土屋路店)","address":"土屋路16-3号2层","phone":"电话:15550000060"},{"name":"网鱼网咖·电竞(济南西客站店)","address":"齐州路3199号绿地中央广场B栋2楼217-218室","phone":"电话:13376441335"},{"name":"嘉昌电竞","address":"王舍人街道开源路新城香溢澜庭11号楼1单元109室","phone":"电话:17686618321"},{"name":"星耀电竞(丁豪广场店)","address":"工业南路丁豪广场5号楼1单元103号","phone":"电话:18354179988/18668956166"},{"name":"God电竞","address":"山东省济南市市中区六里山街道英雄山路96号","phone":""},{"name":"潮乐汇·CLHE-SPORTS电竞(潮乐会电竞前台)","address":"渔洋路286号7号楼华山安置一区C区S1栋三层3-304室","phone":"电话:15628877380"},{"name":"随缘电竞网咖(经六路店)","address":"孔家村东区51号（近经六路）","phone":"电话:15098985557"},{"name":"VTOPNET品牌网吧连锁(济大店)","address":"七贤街道南辛庄西路113号(济大西门对面2楼)","phone":"电话:13370593869"},{"name":"五维电竞网咖","address":"山东省济南市槐荫区张庄路街道财富壹号花园一期","phone":"电话:15300129530"},{"name":"虎赢电竞(金鼎店)","address":"济南市历下区解放东路黄金时代广场北侧约90米","phone":"电话:18340050596"},{"name":"摩吧网咖电竞连锁(滨河左岸店)","address":"新黄路恒大滨河左岸朗润园西区东门南行100米（统一银座对面）","phone":"电话:18806417777"},{"name":"木森电竞","address":"山东省济南市天桥区无影山北路72号","phone":"电话:0531-85723456/15853186293"},{"name":"云端电竞(印象济南店)","address":"青岛路印象济南东区12栋2楼203-206","phone":"电话:13356347632"},{"name":"彩虹网吧","address":"济微路113号2楼","phone":""},{"name":"网鱼网咖·电竞(鲁商天街店)","address":"唐冶街道鲁商凤凰广场二期商业楼一单元三层374室","phone":"电话:18953138175"},{"name":"丰盛网咖(万虹广场店)","address":"工业北路银座·万虹广场4楼大地影院对面","phone":"电话:13054992333/13255681753"},{"name":"鑫麒网吧","address":"堤口庄南段71号","phone":""},{"name":"摩非电竞(济南大学店)","address":"二环南路7851号","phone":"电话:17664104086"},{"name":"手拉手电竞(联四路店)","address":"联四路9号第一栋18号","phone":"电话:13127127567"},{"name":"小蚂蚁电竞网咖","address":"芙蓉巷新华书店东侧","phone":"电话:15269130569"},{"name":"网鱼网咖·电竞(济南融创茂店)","address":"山东省济南市历城区港沟街道B005-4,B004商铺","phone":"电话:15764127370"},{"name":"郦城电竞","address":"济南市历城区龙湖春江郦城北侧1区2-1-203号","phone":"电话:15966669665"},{"name":"宜博电竞馆(贵和店)","address":"二环南路2666号贵和购物中心4楼","phone":"电话:13361057822/15553133550"},{"name":"迷城网咖(辛甸店)","address":"辛祝路62号夏都金地商业广场新悦邦商务写字楼2楼","phone":"电话:18866878118"},{"name":"和平电竞","address":"西市场街道经二路571号华联商厦西馆3号楼302","phone":"电话:13869195771"},{"name":"尚上虎赢电竞(草山岭店)","address":"草山岭小区东区西1门西60米","phone":""},{"name":"摩吧网咖电竞连锁(交校店)","address":"无影山中路交通学院北门马路对过","phone":"电话:18806417777"},{"name":"聚金网络(东风店)","address":"农干院路620号","phone":"电话:15753185958"},{"name":"星语电竞俱乐部(莲台山路店)","address":"山东省济南市长清区隆多商务宾馆553号","phone":"电话:13954168333"},{"name":"晟电电竞","address":"济南市天桥区水屯北路海尔云世界","phone":"电话:13165130397"},{"name":"博尚商务电竞(济南大学店)","address":"山东省济南市市中区二环南路8667号","phone":"电话:17853118915"},{"name":"金太阳网吧","address":"山大南路18号","phone":""},{"name":"长清PIKA电竞(一店)","address":"大学城商业街1号楼西楼303室","phone":"电话:18553131153"},{"name":"电竞网咖","address":"济南市历城区舜义路中海·奥龙观邸","phone":""},{"name":"鲸奇电竞","address":"山东省济南市历城区工业北路龙湖星曜2-305号","phone":"电话:15216444440"},{"name":"珑城电竞","address":"华山珑城安置二区A区北门商铺P11-103","phone":"电话:13256154646"},{"name":"龙天电竞","address":"海晏门街35号","phone":"电话:18340076022"},{"name":"尚上电竞(凤鸣广场店)","address":"世纪大道10678号城投凤鸣广场F5","phone":"电话:15168920070"},{"name":"奥运网吧","address":"彩龙路13号","phone":"电话:18653134373"},{"name":"尚上虎赢电竞(华山店)","address":"将军西路157号运达阳光花园10号","phone":"电话:13075349568"},{"name":"尚上虎赢电竞网咖(花园东路店)","address":"山东省济南市历下区智远街道正车北路1号","phone":"电话:13325101681"},{"name":"英雄联盟网吧(刘长山路店)","address":"刘长山路绿地国际花都3区1-2-104号","phone":"电话:13854199655"},{"name":"网鱼网咖·电竞(济南高新万达店)","address":"万达金街东区(万达写字楼3号北侧商业街)二层东首0459号","phone":"电话:13011732945"},{"name":"徕尚电竞网咖","address":"刘长山路与腊山西路交叉口东南角","phone":"电话:18663716903"},{"name":"牵手情缘网咖(国贸美食街店)","address":"联四路97-4号","phone":"电话:18678851229"},{"name":"沙骊网吧","address":"剪子巷15-2号","phone":"电话:13406989531"},{"name":"大众网咖(K王者电竞)","address":"山东省济南市天桥区堤口路街道堤口庄南段57号东北土特产北第一个门上二楼","phone":""},{"name":"鑫志网吧","address":"经二路678号","phone":"电话:13333340640"},{"name":"悠悠电竞网咖","address":"荆山路438号学府蓝山B座2层","phone":"电话:17320414270"},{"name":"长清PIKA电竞二店","address":"济南市长清区瓦特路长清大学城-商业街","phone":"电话:13325121153"},{"name":"浩竞天下电竞馆(华强店)","address":"山大路157号","phone":"电话:13361057822"},{"name":"L零距离电竞","address":"济南市历城区东陈路华山安置二区保障房商业用房B区1号楼2层2-101号","phone":"电话:15665780906"},{"name":"网鱼网咖·电竞(济南万象城店)","address":"经十路11097博越星光城B1层C010","phone":"电话:15665858876"},{"name":"众翔电竞","address":"金舆大道与丑父路交叉口东66米路北","phone":"电话:13376446560"},{"name":"尚上虎赢电竞(恒大店)","address":"山东省济南市天桥区水屯路恒大滨河左岸-朗润园","phone":""},{"name":"悦齐网咖","address":"粟山路582号","phone":"电话:15069080878"},{"name":"万佳长青藤网吧(黄台小区北)","address":"黄台魏家庄703号楼东（历山北路）","phone":"电话:13156000990"},{"name":"千寻电竞(龙湖星曜店)","address":"工业北路龙湖星曜广场8号楼326号","phone":"电话:19709993793"},{"name":"考拉电竞(中新国际城店)","address":"世纪大道中新国际城东1区S2-1-110","phone":"电话:15966669668"},{"name":"禾小鱼电竞(益寿路店)","address":"山东省济南市历下区闵子骞路100号","phone":"电话:18678786743"},{"name":"NB电竞网咖·黑金店","address":"华联超市(嘉华店)30号佰祥大厦","phone":"电话:15628953091"},{"name":"时代电竞(西市场店)","address":"经三纬九26号","phone":"电话:13275312065"},{"name":"零度网咖(山师东路店)","address":"山东省济南市历下区山师东路6号","phone":"电话:13255690099"},{"name":"博客电竞(民康路店)","address":"明发路1666号山东联合大学正门对面","phone":"电话:15564130161"},{"name":"经典网吧(北小辛庄东街店)","address":"北小辛庄东街111号","phone":"电话:18678897177"},{"name":"尚上568网咖连锁(奥龙观邸店)","address":"中海奥龙观邸1号商业房102-5号2楼（济烟便利隔壁）","phone":"电话:19050115167"},{"name":"泡泡电竞(保利华庭店)","address":"花园东路保利华庭5号公建楼副食品市场01层","phone":"电话:13370503930"},{"name":"0度网吧(南门大街店)","address":"南门大街2号","phone":"电话:13806412508"},{"name":"尚上568网咖连锁(新黄路店)","address":"新黄路468号","phone":"电话:13012985006"},{"name":"虎赢电竞(和平店)","address":"山东省济南市槐荫区西市场街道华联商厦(经二路店)东南148米","phone":"电话:19538355038"},{"name":"糖耶网咖(绿地城店)","address":"程庄街绿地城二期A区北门东行50米路南","phone":"电话:15563133546/15666750712"},{"name":"欢乐时空网吧(万寿路店)","address":"万寿路70号","phone":"电话:13601314539"},{"name":"碳索电竞网咖","address":"山东省济南市天桥区清河路66号","phone":"电话:15666967879"},{"name":"VTOPNET品牌网吧连锁(洪楼店)","address":"花园路90-4号","phone":"电话:0531-88708890"},{"name":"亮晶晶网咖(汽车总站店)","address":"北园大街737号(汽车总站东100米路北)","phone":"电话:15805318238"},{"name":"光泽网吧(明发路店)","address":"山东省济南市长清区明发路1666号正北方向200米","phone":"电话:15589821020/18340085999"},{"name":"达人网苑(农干院路店)","address":"农干院路546号","phone":""},{"name":"星禾电竞","address":"中新国际东城一区s2-1-110号","phone":"电话:15966669668"},{"name":"银河网咖(金智源文化创意产业园店)","address":"舜华东路666号金智源IT工业园A2楼北侧104室（世纪开元东邻）","phone":""},{"name":"泡泡网吧(银座店)","address":"山东省济南市长清区大学城商业街4-401号","phone":"电话:18560196673"},{"name":"168网咖(御山首府店)","address":"鹊华大道华山珑城御山首府西区2-1-113商铺","phone":"电话:13376446560"},{"name":"丰盛网咖(坝王路店)","address":"东城苏苑1层","phone":"电话:13255686253"},{"name":"尚上568网咖连锁(正丰路店)","address":"八涧堡路与花园东路交叉口北120米","phone":"电话:13325101681"},{"name":"千户网咖","address":"闫千户小区三区六号楼101","phone":""},{"name":"丰盛网咖(北宸天街店)","address":"工业北路与凤凰北路交汇处北宸天街4F-52","phone":"电话:13255681753"},{"name":"玲玲网咖","address":"纬七路与经三路交叉口锦江之星","phone":""},{"name":"北辛庄速启网咖","address":"田黄路26号","phone":""},{"name":"运城网咖(凤园路店)","address":"凤园路兴旺家园-1区","phone":"电话:15589938893"},{"name":"清风网咖(益寿路店)","address":"闵子骞路100号(近益寿路)","phone":"电话:18660773660"},{"name":"传奇网咖(凤凰路店)","address":"凤凰路徐家小区沿街二层商铺40号","phone":"电话:15764103333"},{"name":"盒子电竞CBD店","address":"济南市历下区茂岭三号路龙湖天璞西北侧约230米","phone":"电话:15550073163"},{"name":"新干线网咖(美里路店)","address":"美里路66号","phone":"电话:13001703358"},{"name":"泡泡电竞·吉祥(十六里河店)","address":"十六里河村商用1号楼","phone":"电话:13370560867"},{"name":"虎赢电竞(CBD店)","address":"茂陵山二号路华置万象天地A-5地块超意兴华润店北行30米","phone":"电话:15552597985"},{"name":"虎赢电竞(高新万达店)","address":"康虹路银座和美酒店二楼","phone":"电话:13969175832"},{"name":"海豚电竞","address":"港沟街道融创文旅城点翠园沿街商铺108号（北门西侧）","phone":"电话:15563133546"},{"name":"佰斯特电竞馆(洪楼店)","address":"花园路90-4号3楼","phone":"电话:16652015981"},{"name":"佰斯特电竞(高新店)","address":"会展西路世通新生活家园112号楼2-102室","phone":"电话:18744102577"},{"name":"起航电竞","address":"翡翠华庭6期2号楼1单元109商铺","phone":"电话:13280011915"},{"name":"网猫电竞(泺口店)","address":"泺安路18号尚品清河沿街门头房","phone":"电话:15508658000"},{"name":"爱攻电竞(华强广场店)","address":"山东省济南市历下区燕山街道解放路60号","phone":""},{"name":"虎赢电竞(缤纷五洲店)","address":"济南市天桥区-济泺路96-1号缤纷五洲F1","phone":""}]