[{"name":"外星人网咖(东解放路五道街店)","address":"东解放路北五道街鑫动力台球旁","phone":"电话:15545916543"},{"name":"宝迪纳网苑娱乐广场","address":"振兴路与向阳路交叉口东40米","phone":""},{"name":"小蜜蜂电竞","address":"鹤岗市萝北县南二道街东明幼儿园西北侧约90米","phone":"电话:17614681456"},{"name":"翔宇电竞网咖(松滨大街店)","address":"鹤岗市绥滨县粮食路绥滨县第五中学东侧约190米","phone":""},{"name":"小毛驴er网咖","address":"新街基4号比优特北门","phone":"电话:0468-3426666/18846863336"},{"name":"九号电竞","address":"鹤岗市工农区新街基步行街鹤岗市红十字医院东北侧约150米","phone":"电话:19104686196"},{"name":"依陌网咖(民主街店)","address":"解放街道东北亚经济适用楼2号楼(步行街平价裤城对面道口里走100米)","phone":"电话:0468-8990667"},{"name":"大地网络广场(新兴路店)","address":"新兴路17号","phone":""},{"name":"金长城网吧(新兴路店)","address":"肛肠医院对面","phone":"电话:0468-3528280"},{"name":"黑鲨电子竞技馆","address":"鹤岗市萝北县绥滨路与新华街交叉路口往北约50米","phone":"电话:16646815659"}]