[{"name":"如佳电竞网吧","address":"电子信息产业园1-3期综合楼二楼辅楼205-207号辅","phone":"电话:13965914718"},{"name":"启航网吧(仙寓路店)","address":"仙寓路12号正西方向100米","phone":"电话:18056608766"},{"name":"鲸鱼电竞馆","address":"安徽省池州市贵池区秋浦中路190号保安大厦2层","phone":""},{"name":"万通网咖·阳光旗舰店","address":"大渡口镇长江大市场综合楼三楼","phone":""},{"name":"超玩电竞(青阳九华山店)","address":"蓉城镇青水湾29幢3楼","phone":"电话:0566-5718999"},{"name":"新世纪电竞(东至商业步行街店)","address":"东流大道东至商业步行街9号楼","phone":""},{"name":"风谜网吧电子竞技馆(南门店)","address":"南门齐山大道430号三楼(喜庆楼北50米)","phone":"电话:19142661165"},{"name":"汇金网咖(尧城路店)","address":"汇金广场3号楼2层(老乡鸡楼上)","phone":"电话:0566-7028878"},{"name":"如佳网咖","address":"百牙东路清心佳园A12栋","phone":"电话:19156624256"},{"name":"天天网吧(牌坊街店)","address":"牌坊街64号","phone":"电话:13035492861"},{"name":"","address":"","phone":""},{"name":"","address":"","phone":""},{"name":"","address":"","phone":""},{"name":"","address":"","phone":""},{"name":"","address":"","phone":""},{"name":"","address":"","phone":""},{"name":"","address":"","phone":""},{"name":"","address":"","phone":""},{"name":"","address":"","phone":""},{"name":"","address":"","phone":""},{"name":"商之都·金太阳动漫娱乐城","address":"长江中路与百牙中路交汇处商之都F4层","phone":"电话:18856492062"},{"name":"云逸宝摇杆游戏机(神画巨幕影城池州同晖广场店)","address":"长江中路翠微西路交口同辉广场S3栋3楼神画影城休息区前台旁","phone":""},{"name":"童趣王国","address":"赛博数码广场101","phone":"电话:19956691234"}]