[{"name":"Ai电竞(文化宫店)","address":"山东省烟台市芝罘区毓璜顶街道南大街121号","phone":"电话:18653572333"},{"name":"网飞电竞","address":"宁海街道北关大街集庆1号商住楼西起1号门市","phone":"电话:13256988918"},{"name":"巅峰电竞(万达店)","address":"西关南街6号万达广场芝罘店2F层","phone":"电话:13275358989"},{"name":"德尚电竞","address":"庆祥路182号","phone":"电话:13688689698"},{"name":"电竞","address":"烟台市芝罘区文化宫西街银都国际公寓东南侧约100米","phone":""},{"name":"Ai电竞·北极熊网咖","address":"永安街百舸苑门市98-8号","phone":""},{"name":"Ai电竞·小雪人网咖(彩云城店)","address":"长江路18号","phone":"电话:15666649918"},{"name":"Ai电竞(烟台大学店)","address":"烟台市莱山区桐林路祥隆广场国际生活馆","phone":"电话:18615954555"},{"name":"烟台市芝罘区一网亦家网吧(海港路店)","address":"海港路10-02号","phone":"电话:0535-6535135"},{"name":"艾特电竞网咖","address":"盛隆·悦府西南","phone":"电话:0535-7877778"},{"name":"摩啡电竞网咖·棋牌","address":"亚太婚庆产业园4号楼3楼","phone":"电话:18953593006"},{"name":"玫瑰缘电竞(天府街店)","address":"天府街676之44-46室","phone":"电话:13589897271"},{"name":"Ai电竞·百旺网咖","address":"福海路103-18号","phone":"电话:13553108778"},{"name":"淘梦者电竞·棋牌","address":"天山路蜜橙小区东门南侧105号","phone":"电话:15065722333"},{"name":"王者电竞(前进路店)","address":"前进路付18-2号附近（K8KTV斜对面）","phone":"电话:15387371914"},{"name":"星海网吧(星海商业广场西北)","address":"清水河路四海旅馆旁","phone":"电话:13964547772"},{"name":"鼎世豪源网吧","address":"福海路888-2号","phone":"电话:15688561732"},{"name":"未来之星电竞馆","address":"通海路518号顺正小区小区南门西50米护城河北","phone":""},{"name":"魔方电竞(莱源6号店)","address":"莱源路6号16号楼107号、108号","phone":"电话:15305457951"},{"name":"众鑫网吧(隆中路店)","address":"黄务小区隆中路付5-1-10号","phone":""},{"name":"众鑫网吧(隆中路店)","address":"黄务小区隆中路付5-1-10号","phone":""},{"name":"富乐电竞","address":"海兴路中国农业大学烟台校区","phone":""},{"name":"船长电竞(中央公园店)","address":"通海路408号12号楼三层","phone":"电话:17615359215"},{"name":"星游网咖","address":"中建悦海和园17号楼204商铺","phone":"电话:18353567977"},{"name":"战旗网络会所","address":"宁海大街589号","phone":"电话:15269553888"},{"name":"魔方电竞(莱源6号店)","address":"莱源路6号16号楼107号、108号","phone":"电话:15305457951"},{"name":"祖安电竞台球棋牌综合体","address":"烟台市牟平区振兴街富海花园西南侧","phone":""},{"name":"神话电竞(祥祯路店)","address":"祥祯路信达小区34号楼网点5号","phone":"电话:13031657825"},{"name":"酷爱尚电竞馆","address":"芝纬街8号一层","phone":"电话:18660526888"},{"name":"拾光电竞(友谊广场店)","address":"泰山路52号友谊广场","phone":""},{"name":"王多鱼电竞网咖","address":"山东省烟台市芝罘区青年南路326号","phone":"电话:18865547000"},{"name":"鸿兴电竞馆(幸福五村分店)","address":"幸福路幸芝里166号","phone":"电话:13188791165"},{"name":"网鱼网咖·电竞(烟台工程职业技术学院店)","address":"立雪佳苑24号楼208、209号","phone":"电话:15066785002"},{"name":"希云电竞(开发区店)","address":"烟台市福山区经济技术开发区长江路161号天马中心广场天马雅阁酒店16楼","phone":""},{"name":"小二电竞馆(东山街道厚安社区店)","address":"福来里街40号2层","phone":"电话:18865671111"},{"name":"鑫星电竞","address":"文化路582号","phone":""},{"name":"网鱼网咖·电竞(烟台芝罘万达店)","address":"友谊街33号","phone":"电话:17561163890"},{"name":"新东网咖","address":"银海路594号","phone":"电话:13688689698"},{"name":"星洛网咖","address":"开发区万科城24号楼201.202网点","phone":"电话:18353567977"},{"name":"自由港网吧(南洪街直营店)","address":"南洪街55号","phone":"电话:15954512188"},{"name":"鸿图网咖","address":"机场路65-1号","phone":""},{"name":"鸿兴网咖(开元街店)","address":"幸福中路86-36号","phone":"电话:13370932823"},{"name":"祥瑞网咖","address":"清泉路31号","phone":"电话:13356959988"},{"name":"阿甘电竞","address":"山东省烟台市莱山区滨海路街道祥隆上市里步行街","phone":"电话:15668039789"},{"name":"经典网咖","address":"芝罘里2号","phone":"电话:17048637777"},{"name":"艾特网咖","address":"华庭路与文四路交叉口西北140米","phone":""},{"name":"天赐网咖(凤凰南路店)","address":"益丰商贸楼二区三层","phone":"电话:18005357335"},{"name":"触点网咖","address":"青年路48-2","phone":"电话:13370911666"},{"name":"Solo电竞(烟大祥隆广场店)","address":"清泉路29号祥隆广场保利独栋F3层","phone":"电话:19861129299"},{"name":"Ai电竞·百旺网咖","address":"福海路103-18号","phone":"电话:13553108778"},{"name":"Ai电竞(吾悦广场店)","address":"吾悦广场(芝罘屯路店)4F-4036","phone":"电话:13370949755"},{"name":"主流网咖","address":"上林苑65-2号","phone":"电话:13053536186"},{"name":"一网亦家网咖(世茂店)","address":"解放路156号世贸·海湾1号","phone":"电话:0535-6025135"},{"name":"牵手电竞网咖(烟台万科广场福海路店)","address":"汇福街以北福海路以西烟台万科广场","phone":""},{"name":"尖锋网咖","address":"黄务隆中路3号","phone":"电话:18953576333"},{"name":"优优电竞网咖(迎春大街店)","address":"迎春大街338号","phone":""},{"name":"千百度电竞·台球棋牌(阳光100店)","address":"海港路26号阳光100A座负一层（大悦城对面）","phone":"电话:18596169829"},{"name":"海浪网咖(幸福路店)","address":"幸福路043-9号","phone":"电话:13723989807"},{"name":"星艺网咖","address":"西山路30号网点3号","phone":"电话:13863877568"},{"name":"网云网咖","address":"西关路589","phone":"电话:0535-4224976"},{"name":"缘来网咖(福海路店)","address":"山东省烟台市福山区福海路988号福水苑","phone":"电话:0535-6329888/15854556764"},{"name":"屹成电竞网咖(黄务安成店)","address":"山东省烟台市芝罘区篆山南街63号","phone":"电话:15552455988"},{"name":"玫瑰缘电竞(天府街店)","address":"天府街676之44-46室","phone":"电话:13589897271"},{"name":"经典网咖","address":"芝罘里2号","phone":"电话:17048637777"},{"name":"摩啡电竞网咖·棋牌","address":"亚太婚庆产业园4号楼3楼","phone":"电话:18953593006"},{"name":"烟台青年网咖(如家酒店·neo店)","address":"通伸北街七号民如家酒店一楼","phone":"电话:18953566661"},{"name":"大玩家(芝罘万达广场店)","address":"向阳街道西南河路万达广场1号门2楼(肯德基对面)","phone":"电话:0535-3039555"},{"name":"润东网咖·棋牌(鲁东大学店)","address":"上林街63-2-2号（鲁东大学东门对面）","phone":"电话:15949873608"},{"name":"触点网咖","address":"青年路48-2","phone":"电话:13370911666"},{"name":"阿甘电竞","address":"山东省烟台市莱山区滨海路街道祥隆上市里步行街","phone":"电话:15668039789"},{"name":"新东方网吧","address":"路兴街366号","phone":"电话:15653510577"},{"name":"WE电竞馆·台球棋牌","address":"幸福路12号千手缘大厦二楼201号","phone":"电话:18615938596"},{"name":"佳运网吧(安德水产店)","address":"安德水产2号楼204室","phone":"电话:13053538722"},{"name":"凯瑞电竞","address":"华庭路515号橡树湾小区三号楼二楼","phone":"电话:18553567577"},{"name":"语心网吧","address":"新桥路4号","phone":"电话:13685357333"},{"name":"前呈网吧(福山店)","address":"汇福街138-10号（星河城内）","phone":"电话:13256986031"},{"name":"中日韩电竞手游中心","address":"烟台市福山区湘潭路金凤小区东北侧约190米","phone":""},{"name":"富隆网咖(青年南路店)","address":"新石南路4-1号附近","phone":"电话:13953525758"},{"name":"电竞网咖(福盈路店)","address":"烟台市芝罘区福盈路烟台海港医院西南侧约80米","phone":""},{"name":"勇聚电竞","address":"桐林路6号","phone":"电话:15098620858"},{"name":"酷8电竞","address":"初家街道银珠路7号商铺","phone":"电话:19963695230"},{"name":"千百度电竞网咖(福山美迎美家店)","address":"寰宇小区东50米（福海路振华量贩向南50米）","phone":"电话:13256976769"},{"name":"润东网咖·棋牌(鲁东大学店)","address":"上林街63-2-2号（鲁东大学东门对面）","phone":"电话:15949873608"},{"name":"大黄蜂烟台萌芽网络(芝罘屯路店)","address":"三站市场（芝罘屯路12号522）","phone":""},{"name":"WE电竞馆·台球棋牌","address":"幸福路12号千手缘大厦二楼201号","phone":"电话:18615938596"},{"name":"天赐网咖(凤凰南路店)","address":"益丰商贸楼二区三层","phone":"电话:18005357335"},{"name":"祥瑞网咖","address":"清泉路31号","phone":"电话:13356959988"},{"name":"Ai电竞(万行广场店)","address":"山东省烟台市福山区福莱山街道万行广场","phone":"电话:18653520725"},{"name":"贝贝欢乐城(福山卜蜂莲花广场店)","address":"福海路153号","phone":"电话:0535-6359995"}]