[{"name":"黑鲨电竞馆","address":"细河大润发西门斜对面","phone":"电话:15241889090"},{"name":"华圣网吧","address":"育红路22-6-2号","phone":"电话:15041828111"},{"name":"纵横电竞(海州街店)","address":"西山路（银通国际花园西门）","phone":"电话:18241887776"},{"name":"陌陌网咖(通达路店)","address":"通达路162号18门","phone":"电话:18342830009"},{"name":"志群网咖(富丽店)","address":"东风路富丽国际花园623","phone":"电话:15941819222"},{"name":"魔方电竞(西山分店)","address":"海州街海洲庙商业步行街4区2号（ME篮球工厂隔壁）","phone":"电话:18640395205"},{"name":"志群网咖(万达店)","address":"解放大街甲17号万达广场四层4F次主2","phone":"电话:0418-3868000/15941819222"},{"name":"天道网络会馆(迎宾大街店)","address":"迎宾大街72号天道网络会馆","phone":""},{"name":"夜时尚电玩城(细河店)","address":"解放大道新天地商业广场65-5F","phone":"电话:13028299888"},{"name":"魔介电竞馆","address":"电工街2-101、2-102号（电工小区底商）","phone":"电话:18041866646"},{"name":"柠檬电竞馆","address":"红工路82-1号门","phone":"电话:18741880909"},{"name":"柠檬电竞馆(海州分店)","address":"西市场商业综合楼110.111.112","phone":"电话:13470361919"},{"name":"三石电玩小屋PS5·PS4·Switch","address":"通达路8号119","phone":"电话:18104985541"},{"name":"暴风电竞(维纳花园店)","address":"矿工大街28-6号06门","phone":"电话:15640294649"},{"name":"明月网吧(信通小区店)","address":"文化路中段信通3号楼","phone":"电话:18104186118"},{"name":"终帝电竞棋牌","address":"阜新市细河区迎宾东街七小区西侧约60米","phone":""},{"name":"小鱼人电竞馆","address":"阜新市细河区人民大街甲160-5号","phone":"电话:18041898873"},{"name":"电竞休闲咖啡","address":"阜新市细河区工业街与龙湖路交叉路口往东北约60米","phone":""},{"name":"星屹电竞","address":"辽宁省阜新市海州区西山路20-5,20-6","phone":"电话:15641878666"},{"name":"天宫电竞","address":"西山路75-2号","phone":"电话:15641813131"},{"name":"赤夜电竞","address":"海新路299号-6门","phone":"电话:0418-6252666"},{"name":"祺麟电竞","address":"辽宁省阜新市海州区新华路138号水岸新城二期12号楼2号网点","phone":"电话:0418-5927777"},{"name":"海鑫电竞(工业街店)","address":"辽宁省阜新市细河区工业街29-4号4门","phone":"电话:18241818222"},{"name":"亿电竞酒店","address":"辽宁省阜新市海州区经纬路26号","phone":""},{"name":"W网游竞技俱乐部","address":"前进路28号祥宇上品汇萃园10门","phone":""},{"name":"魔方电竞(矿工街店)","address":"辽宁省阜新市海州区矿工大街39-5号","phone":"电话:0418-2798889"},{"name":"弹指之间电玩社","address":"人民大街甲150-8号-15门","phone":"电话:18342868619"},{"name":"嘉进棋牌","address":"阳光小区12号楼107室","phone":"电话:15941804331"},{"name":"大玩家(阜新万达店)","address":"解放大街甲17号万达广场3F-B","phone":"电话:0418-3877377"},{"name":"毛毛虫网咖(龙湖路店)","address":"龙湖路辽宁工程技术大学北校区南门西侧约80米","phone":"电话:18041874777"},{"name":"遇见网咖(新华路店)","address":"新华路与益民街交叉口东50米","phone":"电话:0418-2810666"},{"name":"PG·WON潮玩大咖","address":"解放大街甲18号阜新万达广场F3层","phone":"电话:13941881662"},{"name":"云逸宝摇杆游戏机(万达影城阜新店)","address":"阜新市解放大街甲17号万达广场4楼万达影城休息区前台旁","phone":""},{"name":"志祥电竞","address":"阜新市细河区东风路富丽国际花园","phone":""},{"name":"易乐游极速电竞影咖","address":"辽宁省阜新市细河区常青街福源学苑小区-2号楼","phone":""},{"name":"易乐游极速电竞影咖","address":"阜新市细河区东风路亨林.名都-5号楼","phone":""},{"name":"小波棋牌","address":"东风路115-8门","phone":"电话:13795097000"}]