[{"name":"网游5G网络电竞","address":"庄慕路","phone":"电话:18588600557"},{"name":"大爱无疆网吧","address":"022乡道与勐罕路交叉口西南140米","phone":"电话:18588600557"},{"name":"网鱼网咖·电竞(景洪泼水广场店)","address":"观澜大道泼水商业广场C座2层2011室","phone":"电话:13388887759"},{"name":"网鱼电竞(告庄星光夜市店)","address":"云南省西双版纳傣族自治州景洪市时光影城三楼","phone":"电话:18908810009"},{"name":"水茳月电竞酒店(曼景兰古城店)","address":"西双版纳傣族自治州勐海路曼景兰古城6栋1楼","phone":""},{"name":"宜博电竞馆·杜彼网咖","address":"勐腊正街金都商贸城B区B2幢206（锦江大饭店对面）","phone":"电话:18187000024"},{"name":"一苇渡江网咖","address":"曼龙匡村景匡巷12号","phone":"电话:15368637771"},{"name":"桔气电竞","address":"万景大道万达二期A8-01号","phone":"电话:15043567400"},{"name":"魔橙电竞俱乐部(滨港国际店)","address":"滨港国际4号","phone":"电话:15908808685"},{"name":"头号玩家电竞逆战店","address":"宣慰大道63号","phone":"电话:18903614027"},{"name":"魔橙电竞(民航路店)","address":"民航路王府大酒店9号","phone":"电话:13529196717"},{"name":"玖都网吧","address":"景洪工业园区鑫城酒店(万达主题公园店)","phone":"电话:18627550593"},{"name":"ET电竞(嘎栋店)","address":"委会曼栋龙村19号3栋","phone":"电话:18397416612"},{"name":"网罗天下网吧(景亮路店)","address":"景亮路人民医院(主院区)东侧约130米","phone":"电话:15368813528"},{"name":"浪情电竞(爱琴海店)","address":"云南省西双版纳傣族自治州景洪市勐捧路32号","phone":"电话:17787576888"},{"name":"浪情电竞(万达店)","address":"万景大道万达工业园区万达二期A12-12号","phone":""},{"name":"AG电竞馆","address":"曼听路曼景兰村71号","phone":"电话:15393936911"},{"name":"魔橙电竞(江北店)","address":"曼斗新村旅游巷暹罗酒店2楼","phone":"电话:13529196717/15908808685"},{"name":"头号玩家电竞逆战店","address":"宣慰大道63号","phone":"电话:18903614027"},{"name":"平行电竞(鑫盛时代广场店)","address":"云南省西双版纳傣族自治州景洪市勐养路8号鑫盛时代广场底商F1","phone":""},{"name":"欢乐时光超乐场(西双版纳融创茂店)","address":"新城东路工业园区万达广场一楼1F-A","phone":"电话:15559789818"},{"name":"浪情电竞(江北店)","address":"北岸康城D-202号","phone":"电话:17708810020"},{"name":"泡泡网吧(曼各中心巷店)","address":"曼各中心巷51号","phone":"电话:18288019555"},{"name":"骇客码头电玩城(版纳店)","address":"西双版纳爱琴海购物中心B栋3楼3002号","phone":"电话:0691-2193001"},{"name":"黎明动漫城","address":"曼泐路与旅游巷交叉口东200米","phone":""},{"name":"Funwlley家庭娱乐中心(财富中心店)","address":"景德东路8号财富中心三楼环游嘉年华","phone":"电话:14788008281"},{"name":"梦幻动漫城(西双十贰城商业中心店)","address":"浩宇大道浩宇·观澜-1号西侧","phone":"电话:13708814710"},{"name":"大象电玩ps4 switch主机游戏","address":"勐泐大道曼弄枫曼城A13幢405（蜜雪冰城楼上）","phone":"电话:17758855222"},{"name":"大玩家(版纳店)","address":"新城东路融创茂2层","phone":"电话:0691-2755582/15288191141"},{"name":"酷玩家动漫城(西双十贰城商业中心店)","address":"勐海路2号西双十贰城商业中心三号楼F3层（爆火锅左手边电梯上三楼）","phone":"电话:15087671116"},{"name":"云想电竞酒店(泼水广场店)","address":"云南省西双版纳傣族自治州景洪市允景洪街道孙金巷10","phone":""},{"name":"小萌象电玩城","address":"云南省西双版纳傣族自治州景洪市庄慕路曼城B1栋商场二楼228-229号","phone":""},{"name":"云逸宝摇杆游戏机(万达影城融创茂IMAX店)","address":"万达广场2楼万达影城休息区前台旁","phone":""},{"name":"西双版纳电竞星空酒店(万达二期店)","address":"西双版纳傣族自治州万达国际度假区二期A4栋","phone":""}]