[{"name":"兔八哥电竞(高铁站店)","address":"青岛中路时代广场F馆3楼","phone":"电话:13181132566/15094905333"},{"name":"熊猫电竞网咖(竹岛大润发店)","address":"海滨北路128-14号","phone":"电话:0631-5190988"},{"name":"熊猫电竞网咖(苏宁店)","address":"和平路6号苏宁云商四楼","phone":"电话:0631-5202698"},{"name":"DK电竞网咖","address":"小村家村委西二楼","phone":"电话:13563189686"},{"name":"熊猫电竞网咖(高区店)","address":"吉林路106-2三楼","phone":"电话:0631-5252698"},{"name":"希瑞电竞网咖","address":"火炬南路150号","phone":"电话:13082670695"},{"name":"超月网吧","address":"崂山北路荣成市第二十一中学西北侧约130米","phone":"电话:13863008937"},{"name":"ES电竞","address":"怡园街道文化中路50号117号二楼麦度KTV北行50米","phone":"电话:0631-5677779"},{"name":"飞鸟电竞(欧乐坊商业广场店)","address":"古寨南路欧乐坊3号门北、6号门南、4号楼32、4号楼3室","phone":"电话:17021721111"},{"name":"逍遥电竞网咖","address":"崖头街道金悦国际酒店下沉广场","phone":"电话:15666116908"},{"name":"小螺号网吧","address":"齐鲁大道157-1、2号","phone":"电话:15725003456"},{"name":"野狼电竞网咖(火炬二街店)","address":"火炬路158号227","phone":"电话:15610795189"},{"name":"东方红日电竞","address":"火炬高技术产业开发区威大街-46号-101-6","phone":""},{"name":"三体电竞","address":"韩乐坊西街乐天世纪城5-10号5、6、7室","phone":"电话:15634335255"},{"name":"七彩虹网吧(洪福庄园西南)","address":"古寨西路37号楼","phone":"电话:15666308890"},{"name":"酷乐熊电竞网咖·市里店","address":"统一路39号3楼","phone":""},{"name":"坦润网吧","address":"汇峰宾馆后身","phone":"电话:15610758078/17506308688"},{"name":"嘉宝电竞(威大公寓店)","address":"火炬高技术产业开发区怡园街道威大街38号101","phone":"电话:18663159322"},{"name":"英皇网吧","address":"世昌大道-297-26号-13","phone":""},{"name":"杰杰电竞","address":"佑好·新世纪家园西北门旁","phone":"电话:18563139711"},{"name":"熊猫电竞网咖(环翠店)","address":"青岛北路75号负1层","phone":"电话:0631-5325590"},{"name":"莎颖电竞网咖","address":"华宇大厦97-4号3楼","phone":"电话:18660319273"},{"name":"馨艺网吧","address":"山大东门吉林路35号","phone":"电话:15550652580"},{"name":"莎颖网吧(海峰路店)","address":"海峰北路30号135室","phone":"电话:13563109330"},{"name":"茂源网吧(塔山中路店)","address":"南竹岛D区4-4号","phone":"电话:18660364195"},{"name":"莎颖网络会所(滨海龙城店)","address":"青岛中路22号滨海龙城大厦B1层","phone":""},{"name":"金马网吧(新威附路店)","address":"新威附路91-104号","phone":"电话:0631-5257030"},{"name":"BF电竞馆(威海山大店)","address":"文化西路173号东方新天地负一层B018号","phone":"电话:15662315933"},{"name":"志江电竞(市政府店)","address":"政府西,汉庭酒店北13米","phone":""},{"name":"宏宇网吧(长江街店)","address":"长江街78-4号","phone":""},{"name":"圣爵士网苑(海峰路店)","address":"海滨南路皇冠别墅一区6号301室","phone":"电话:15725003456"},{"name":"20速吧网咖(民主巷店)","address":"民主巷14-1号","phone":"电话:15065113333"},{"name":"Winter电竞酒店(威海高铁站店)","address":"大庆路47-19号8层","phone":""},{"name":"瑞泽网吧(柳沟路店)","address":"柳沟路28-8号","phone":"电话:15154033096"},{"name":"暴龙电竞","address":"山东省威海市环翠区文化西路58-3号","phone":"电话:13561877570"},{"name":"超级玩家PS5·Switch电玩体验店(欧乐坊店)","address":"世昌大道268-6-1","phone":"电话:13562197228"},{"name":"唐潮网吧","address":"花园中路附48号(花园中路与庙耩路交叉路口东南角)","phone":"电话:15550645558"},{"name":"威龙传奇电玩娱乐中心","address":"新威路威高广场B馆负一层","phone":"电话:0631-5201201"},{"name":"景辉网咖(圣爵士四十四部)","address":"海韵华府B区20-1正东方向60米","phone":"电话:15863107014"},{"name":"七七网咖(振华店)","address":"大众路46号","phone":"电话:13863113777"},{"name":"志红电竞(长峰店)","address":"青岛中路长峰西二区6号","phone":"电话:15588383683"},{"name":"智雅网络会所","address":"戚家夼路附5号","phone":"电话:15666305180"},{"name":"牧童乐园电玩城(WEGO生活汇店)","address":"昆明路威高广场三期二楼","phone":"电话:0631-5285199"},{"name":"头号玩家PS5电玩店租赁店(韩乐坊店)","address":"乐天世纪城5-4-203（北门丽水门画蝴蝶楼梯2层左拐）","phone":"电话:15163130010"},{"name":"合家欢家庭娱乐中心(威高广场店)","address":"威高广场A馆四楼（开乐影城旁）","phone":"电话:0631-5218007"},{"name":"摩尔网咖(新威附路店)","address":"新威附路91-104号","phone":""},{"name":"大乐橙","address":"火炬高技术产业开发区田和街道世昌大道268-2号欧乐坊商业广场一楼","phone":"电话:13290179464"},{"name":"金壹家电竞","address":"威海市环翠区文化西路泛海豪庭","phone":""},{"name":"mini word迷你窝PS5Switch游玩店(金海滩店)","address":"金海滩花园附6B-8室","phone":"电话:18389122366"}]