[{"name":"梦在线电竞","address":"吉林省白山市浑江区浑江大街98-3号","phone":""},{"name":"金色炫网电竞","address":"长白山森林宾馆(松江河商贸中心东北)","phone":"电话:18243941666"},{"name":"柒柒电竞","address":"鸭江路10号","phone":"电话:13089393555"},{"name":"唯易电竞馆","address":"吉林省白山市抚松县抚松镇香江路100号","phone":"电话:13274397777"},{"name":"悠米电竞馆","address":"红旗街与团结路交叉口东100米","phone":""},{"name":"电竞二店","address":"白山市临江市临江大街迎宾花园东南侧约90米","phone":""},{"name":"冲浪电竞网咖(地球村店)","address":"白山市浑江区建设街广泽国际购物中心东南侧约140米","phone":"电话:13604493761"},{"name":"银幻之恋网络广场","address":"白山市江源区明珠小区101门市","phone":""},{"name":"馨元网络(博爱店)","address":"星泰花园西南门西北120米","phone":""},{"name":"环宇网吧(蛟龙店)","address":"吉林省白山市抚松县松山街与松江路交叉口南100米","phone":"电话:13944903435"},{"name":"","address":"","phone":""},{"name":"","address":"","phone":""},{"name":"","address":"","phone":""},{"name":"","address":"","phone":""},{"name":"","address":"","phone":""},{"name":"","address":"","phone":""},{"name":"","address":"","phone":""},{"name":"","address":"","phone":""},{"name":"","address":"","phone":""},{"name":"","address":"","phone":""}]