[{"name":"芒果网咖","address":"经济技术开发区渤海大街4段10-2号","phone":"电话:15042632220"},{"name":"奇世网咖","address":"南关社区富源公馆B区1号楼2-3号门市","phone":"电话:18341697111"},{"name":"聚乐派网咖","address":"吉祥街博大雅居25号楼30号门市","phone":"电话:13897853649"},{"name":"绿野仙踪网咖(云飞街店)","address":"洛阳路五段1-53-56号","phone":"电话:15941666306"},{"name":"德玛西亚电竞馆(北安路店)","address":"北安路二段7-51号","phone":"电话:15042660661"},{"name":"绿野仙踪网咖·众联店","address":"洛阳路女儿里75号楼","phone":"电话:13904167417"},{"name":"西瓜电竞网咖棋牌台球","address":"辽宁省锦州市太和区凌西大街45-7号","phone":"电话:15640676999"},{"name":"绿野仙踪网咖(解放路店)","address":"解放路三段12-129号妇婴医院东门","phone":"电话:15941666267"},{"name":"超越时空网咖(兴桐店)","address":"保安里51-76号","phone":"电话:13236869966"},{"name":"忆青春电竞馆","address":"洛阳路五段恒升现代城29甲号","phone":"电话:0416-2811111"},{"name":"仙踪林网咖","address":"上海路2段1-33号","phone":"电话:13324166579"},{"name":"潮玩电竞网咖馆","address":"万年里37-88、37-89号","phone":""},{"name":"超越时空网咖(白楼店)","address":"南京路五段3-11号优果运营中心楼上","phone":"电话:15604961437"},{"name":"万里阳光网咖","address":"万年里43-147、148号","phone":""},{"name":"超越时空网咖(渤大店)","address":"吉祥街59-1号博大西门","phone":"电话:18741611410"},{"name":"友谊网咖","address":"凌西大街47-2号","phone":"电话:13840646538"},{"name":"广佳网苑","address":"榴花南里137号","phone":""},{"name":"超越时空电竞馆","address":"解放路7段11号","phone":"电话:15350900330"},{"name":"那些年...网咖","address":"辽宁省锦州市太和区吉祥街32-46号","phone":"电话:18904160511"},{"name":"绿野仙踪网咖(万年里店)","address":"万年里A2-207号","phone":"电话:13147890521"},{"name":"超越精英网咖","address":"松坡路与善德街交叉口西南80米","phone":"电话:13840646538"},{"name":"电竞网咖(北安路店)","address":"辽宁省锦州市古塔区石英街北安路华光园1-41号","phone":"电话:13009337393"},{"name":"锦州市电子竞技协会活动基地","address":"锦州市古塔区山西街女儿里","phone":""},{"name":"东方英雄嘉年华动漫游戏城(锦州店)","address":"解放路锦绣前程三楼北侧","phone":""},{"name":"思慕休闲茶餐饮·私人影院·主机游戏·VR游戏","address":"解放路二段3-20号（桥东交通岗东行50米路南）","phone":"电话:17604166787"},{"name":"易乐游·潮玩电竞网咖馆","address":"锦州市凌河区文兴里金城丽都8号楼","phone":""},{"name":"大玩家(锦州万达店)","address":"科技路21号","phone":"电话:0416-3346068"},{"name":"网云电竞馆(恒生店)","address":"辽宁省锦州市凌河区龙江街道洛阳路五段恒升现代城7甲,8甲号洛阳路","phone":"电话:13674169793"},{"name":"战地之王网咖(北安路店)","address":"石英街北安路华光园1-41","phone":"电话:13009337393"},{"name":"莫哥电玩","address":"辽宁省锦州市古塔区保安街道锦华街136号","phone":"电话:15541630600"},{"name":"云逸宝游戏厅(万达影城锦州店)","address":"锦州市凌南街道科技路21号万达广场4F-A万达影城休息区前台旁","phone":""},{"name":"潮玩攻略","address":"科技路21号万达广场4F-A","phone":"电话:13009352626/13009352630"},{"name":"欢乐集合地","address":"银河广场大润发","phone":"电话:13149713587"},{"name":"云逸宝摇杆游戏机(中影国际影城银河广场店)","address":"锦州市解放路五段26号银河广场1楼中影影城内大厅前台旁","phone":""},{"name":"玩·Bar·万事屋","address":"万年里123-29号","phone":""}]