[{"name":"极境电竞馆","address":"胡杨北路润景苑S2-3幢6号","phone":"电话:15569124496"},{"name":"图木舒克市趣尚电竞","address":"新疆维吾尔自治区图木舒克市唐城御景苑小区北(人民南路西)","phone":"电话:15001495781"},{"name":"时空电竞馆","address":"新疆维吾尔自治区图木舒克市中兴西街","phone":""},{"name":"头号玩家电竞馆","address":"新疆维吾尔自治区图木舒克市前海东街17号翠景园3幢2-1号","phone":"电话:15199816888"},{"name":"飞鲨电竞馆","address":"新疆维吾尔自治区图木舒克市永安坝街道泰和二期","phone":""},{"name":"星图电玩城","address":"图木舒克市和平街图木舒克天昆国际大酒店西北侧约60米","phone":"电话:19190060888"},{"name":"星河电玩俱乐部","address":"图木舒克市中山路图木舒克天昆国际大酒店西侧","phone":""},{"name":"星可电玩","address":"图木舒克市中山路图木舒克天昆国际大酒店西侧","phone":""},{"name":"图木舒克德莱联盟电竞馆","address":"图木舒克市小海子东街四十四团幸福小区北侧约200米","phone":""}]