[{"name":"柏克电竞网吧(广通大厦店)","address":"太和桥街道广通大厦5层","phone":"电话:15635800777"},{"name":"方山蚂蚁电竞网吧(新大武路店)","address":"S218(吕梁新城方山安置区内)","phone":"电话:18135312234"},{"name":"迈阿密电竞","address":"府前东街191号祥和新苑","phone":"电话:13133381988"},{"name":"飞虎电竞","address":"西门口天奥小区1层7号","phone":"电话:15534357586"},{"name":"飞烁电竞网咖","address":"吕梁市离石区兴盛路汇丰苑西侧约60米","phone":"电话:15135817075"},{"name":"假日网络电竞馆","address":"山西省吕梁市柳林县十二米街16号","phone":""},{"name":"江洋网吧","address":"广场南路9西南方向110米","phone":""},{"name":"幻府电竞馆(三贤西巷店)","address":"安阳路齿科医院斜对面","phone":""},{"name":"神游网吧(大武店)","address":"大武镇大桥正大中心2层","phone":"电话:13935846679"},{"name":"网巢网咖(格林豪泰店)","address":"府前东街格林豪泰酒店一楼","phone":""},{"name":"King电竞酒店(沁园春店)","address":"吕梁市滨河北西路285号","phone":""},{"name":"艾特电竞酒店","address":"吕梁市前进南街6号","phone":""},{"name":"1UP游戏空间·电玩游戏主机体验馆(今音大厦店)","address":"八一街今音大厦26层2607室","phone":""},{"name":"巢玩电竞酒店(离石店)","address":"吕梁市昌平路46号鼎恒会馆1层","phone":""},{"name":"潮玩公社ps5switch电玩派对","address":"宏泰A座2110室","phone":"电话:15034292994"},{"name":"胡涂派对屋","address":"凤山路176号袁家庄三巷半(盛世君悦东门对面)","phone":"电话:13044491996"},{"name":"天命主机游戏体验馆体验馆","address":"山西省吕梁市离石区凤山街道中国农业发展银行(吕梁市分行)东北81米","phone":""}]