[{"name":"百力嘉电竞网咖","address":"江西省抚州市资溪县建设中路39号","phone":"电话:15374348136/18979401175"},{"name":"麋鹿电竞网吧(西湖店)","address":"湖滨路26号","phone":"电话:18970439644"},{"name":"奇幻电竞","address":"抚州市临川区见贤路博才学府","phone":""},{"name":"无畏电竞(团团店)","address":"抚州市临川区抚纺路凤凰·香域中央","phone":"电话:19079445057"},{"name":"阿里巴吧电竞","address":"江西省抚州市南城县建昌镇胜利西路盛世豪城9栋30号31号32号店面","phone":"电话:15279455333"},{"name":"无畏电竞(契约店)","address":"抚州市临川区赣东大道华宏·万象新城","phone":"电话:19065886892"},{"name":"英雄电竞主题网吧","address":"抚州市临川区梦湖湿地公园骑行道凤凰海域","phone":""},{"name":"星辰电竞","address":"抚州市临川区才都大道香溢花城北侧约160米","phone":""},{"name":"飞猫电竞","address":"抚州市东乡区德政路东方家园西侧约160米","phone":""},{"name":"玩味网咖","address":"乐安大道18号","phone":"电话:15679488618"},{"name":"时光电竞馆(硕果二店)","address":"高新区赣东大道南延伸段1533号锦绣华庭15栋","phone":"电话:18107941577"},{"name":"荣耀1988电竞馆(滨湖世纪城店)","address":"体育路滨湖世纪城雅园小区北一门东80米（体育路红绿灯口）","phone":"电话:18879405315"},{"name":"无畏电竞(硕果时代店)","address":"硕果樱木道2号楼三层3-5-7室","phone":"电话:18079400073"},{"name":"魔瞳电竞玩家国度仁杰馆(商贸大厦店)","address":"赣东大道722号","phone":"电话:18879445389"},{"name":"魔瞳网咖幻城店","address":"赣东大道1336号（荣誉酒店对面）","phone":""},{"name":"荣耀1988电竞馆(名仕家园店)","address":"南门路北侧宏基名仕家园三期B栋2-2室","phone":"电话:19179431306"},{"name":"钟岭电竞","address":"高新技术产业开发区钟岭大道与文昌大道交界处","phone":"电话:15279490658"},{"name":"桔子电竞网咖","address":"金巢大道456号","phone":""},{"name":"菜鸟电竞(二坊店)","address":"赣东大道1173号","phone":""},{"name":"至尊王座网咖","address":"上顿渡镇广场西路华亭景苑21-24号","phone":"电话:13687042647"},{"name":"至尊王座网咖","address":"上顿渡镇广场西路华亭景苑21-24号","phone":"电话:13687042647"},{"name":"菜鸟电竞众鑫网咖","address":"抚州市临川区抚北路香逸园","phone":"电话:18979406877"},{"name":"奈斯电竞","address":"抚州市临川区广场西路豪鼎才苑","phone":""},{"name":"815荣光电竞台球生活馆","address":"江西省抚州市临川区城西街道硕丰世界城","phone":"电话:15387882403"},{"name":"壹号电竞(广场东路店)","address":"抚州市临川区广场东路学府中央2期","phone":""},{"name":"AG电竞馆","address":"建设东路豪鼎才苑上饶银行东50米","phone":"电话:19194971155"},{"name":"七猫电竞","address":"未来城·东郡","phone":"电话:18907042262"},{"name":"魔王电竞(上顿渡店)","address":"龙津路1号","phone":""},{"name":"凯瑞电竞酒店","address":"抚州市上顿渡镇城东村前饶组13号","phone":""},{"name":"景泰·凯旋网咖","address":"临川大道与西津大道交叉口东北140米","phone":"电话:18007949175"},{"name":"好心情网吧(州学岭路店)","address":"六水桥农贸市场6号","phone":"电话:0794-8280451"},{"name":"暴龙电竞","address":"江西省抚州市临川区赣东大道888号","phone":"电话:13970479660"},{"name":"壹品电竞(大公路店)","address":"江西省抚州市临川区大公路九洲大厦","phone":"电话:18279454006"},{"name":"时光网咖(玉茗大道店)","address":"玉茗大道玉茗华城3栋2楼（市长途客运站小门对面）","phone":"电话:18107941577"},{"name":"壹品网咖(马家山文化商贸广场店)","address":"马家山广场航海家主题铁板烧楼上","phone":""},{"name":"小米粒网咖","address":"玉茗大道恒盛城市花园3栋2楼1号店","phone":"电话:18970436357"},{"name":"天空之境网咖(建安大厦店)","address":"广场西路建安大厦一栋","phone":"电话:18870006895"},{"name":"魔瞳网咖·云奕店","address":"凤凰香域中央18号2-7号","phone":""},{"name":"抚州黑悟空电竞综合馆","address":"江西省抚州市临川区青云街道万家隆生活超市(瑶坪路店)附近29米","phone":""},{"name":"小网虫网咖","address":"环城南路5号","phone":"电话:13361688408/13970487187"},{"name":"菜鸟电竞(瑶坪路店)","address":"青云峰路27号","phone":"电话:18970425668"},{"name":"悠冉网咖","address":"羊城路中春苑内","phone":"电话:18907044999"},{"name":"新干线网吧(瑶坪路店)","address":"瑶坪路393号","phone":"电话:13879455088"},{"name":"河豚电竞酒店","address":"抚州市才都大道东侧香溢花城商业A栋2-1号","phone":""},{"name":"飓风网咖(文昌大道店)","address":"文昌大道贸易广场汽车站","phone":"电话:18970489993"},{"name":"小时代网咖(学府路店)","address":"江西省抚州市临川区学府路111号","phone":""},{"name":"菜鸟电竞网咖(凤凰城店)","address":"金巢大道凤凰城商业广场A区二楼A-207、208、209店铺","phone":"电话:18979404000"},{"name":"X电竞酒店(万象新城店)","address":"抚州市临川区瑶坪路城市经典东北侧约40米","phone":""},{"name":"趣学社","address":"文昌街道学府路301号(才子嘉园)","phone":"电话:13170894425"},{"name":"蛋壳电玩PS5·Xbox·Switch(万象新城店)","address":"赣东大道618号华宏万象新城2栋一单元6楼602","phone":"电话:15870790113"},{"name":"河马电竞(荣誉店)","address":"赣东大道1352号","phone":"电话:18797847777"},{"name":"极速电竞棋牌(中堤路店)","address":"抚州市临川区大公东路78号","phone":"电话:18070544000"},{"name":"梦想嘉年华(万象店)","address":"青云街道赣东大道618号万象新城天幕广场（海底捞旁）","phone":"电话:15959166670"},{"name":"兴鑫网络","address":"学府路130号","phone":"电话:0794-8280016/13870498698"},{"name":"盛世王朝网络会所","address":"江西省抚州市临川区桥东大道74号","phone":""},{"name":"新传奇网络城","address":"文昌街道金巢大道202号","phone":"电话:13698040013"},{"name":"祥和凤凰动漫嘉年华(凤凰城商业广场店)","address":"背山东路凤凰城商业广场","phone":"电话:13870498268"},{"name":"万达宝贝王(抚州万达广场店)","address":"迎宾大道688号万达广场1F-B-A","phone":"电话:4009506668"}]