[{"name":"TOP电竞","address":"宿迁市泗阳县新世界花园59号楼14号商铺","phone":"电话:15051009090"},{"name":"博世电竞","address":"江苏省宿迁市沭阳县北丁集乡S245沭阳中西医结合医院西北侧约150米","phone":"电话:18761125237"},{"name":"糖果电竞(一店)","address":"武夷国际东门1号楼","phone":"电话:15305248555"},{"name":"鑫盛网吧","address":"茶壶窑商业街43号","phone":"电话:15151140531"},{"name":"企娱电竞(锦绣江南店)","address":"西湖东路锦绣江南C14-120商铺（近北门）","phone":"电话:18936953698"},{"name":"黎明网吧(富康南路店)","address":"宿迁市宿城区富康南路中国石化加油站(宿迁罗圩站)南侧约240米","phone":"电话:13485095768"},{"name":"可乐电竞(吾悦广场店)","address":"台州南路乐之地商业广场创业街C幢3层","phone":""},{"name":"时尚网吧(惠隆花园店)","address":"项王东路惠隆花园","phone":"电话:18205249000"},{"name":"头号玩家电竞馆网吧(京东店)","address":"京东大道1期商业街1-001号商铺2楼","phone":"电话:17366423330"},{"name":"蓝音电竞","address":"沭阳国际图书城电商服务中心1-17号","phone":"电话:18360091996"},{"name":"钛度电竞馆(千鸟园店)","address":"项王东路20-39号","phone":""},{"name":"华夏电竞馆","address":"江苏省宿迁市宿城区东大街凤凰城A区222号","phone":""},{"name":"头号玩家电竞(嘉豪阳光店)","address":"红海大道132号(笑九喜旁)","phone":"电话:15151150380/17366423330"},{"name":"玩家之眼电竞俱乐部(大润发店)","address":"太湖东路楚街十一区B幢222-228","phone":"电话:18251086999"},{"name":"钛度电竞馆(宿迁宿城用世水韵城店)","address":"西湖路66号用世水韵城负一楼","phone":"电话:19301522222"},{"name":"钛度电竞馆(浦江花园店)","address":"富康大道180号浦江花园西门向南30米","phone":"电话:18071689299"},{"name":"头号玩家电竞馆(湖滨新区店)","address":"湖滨新城开发区学府人家A16号","phone":""},{"name":"钛度电竞馆(淮海建材城店)","address":"宿迁积极开发区淮海建材城3栋118119138139","phone":"电话:13913312616"},{"name":"钛度电竞馆(新城名居店)","address":"新城名居88-30号","phone":"电话:15851153750"},{"name":"钛度电竞馆(朱圩街店)","address":"古楚商业街H10-11号","phone":"电话:17368528855"},{"name":"头号电竞","address":"宿迁市宿豫区嘉陵江路宿豫区罗桥小区西北侧","phone":""},{"name":"玩家之眼电竞俱乐部(金陵名府店)","address":"金陵名府37幢41-44号","phone":"电话:18936966979"},{"name":"绿星电竞(瑞得店)","address":"江苏省宿迁市宿城区幸福街道鹏润格林商业街217幢S20号","phone":"电话:18068211333"},{"name":"企娱电竞(金鹰店)","address":"金鹰天地广场B1F层C015/C016商铺","phone":"电话:18983225207"},{"name":"华夏网吧(富民大道店)","address":"宿迁经济开发区古楚名苑商业街H03-05室","phone":""},{"name":"爱尚电竞馆(西湖路店)","address":"龙庭国际绣泽苑8-06号商铺","phone":"电话:15152429636"},{"name":"网鱼电竞(宿迁宿城区吾悦广场店)","address":"青海湖西路222号宿迁宿城吾悦广场","phone":"电话:19895879121"},{"name":"网鱼网咖·电竞(宿迁中央商场店)","address":"宿城区幸福南路92号中央商场F3","phone":"电话:19844370008"},{"name":"钛度电竞馆(万达店)","address":"九龙花园东3门旁","phone":"电话:18012113011"},{"name":"玩家国度电竞馆(缘份天空店)","address":"人民大道734号","phone":"电话:15651450223"},{"name":"钛度电竞馆(北极光店)","address":"桃李苑3栋50-26室","phone":"电话:19852729777"},{"name":"华尚电竞","address":"江苏省宿迁市宿城区金桂花园生活广场C栋三楼302-303号","phone":""},{"name":"钛度电竞馆(富豪花园店)","address":"富豪花园发展大道1-233、1-234、1-235铺","phone":"电话:18012113011"},{"name":"钛度电竞馆(九鼎公园店)","address":"青岛路隆园别墅文峰超市旁","phone":"电话:17368998978"},{"name":"钛度电竞(朱李店)","address":"江苏省宿迁市宿城区蔡集镇朱李花园10号商铺","phone":""},{"name":"网鱼网咖·电竞(宿迁水韵城店)","address":"宿迁市宿城区西湖路66号用世水韵城B1","phone":"电话:18860801894"},{"name":"企娱电竞·忆楚管理(四季青店)","address":"宿迁市宿城区为民路2-8号","phone":""},{"name":"朋友电竞馆(富康大道)","address":"富康大道宿楚街南门R638号","phone":"电话:13951591508"},{"name":"头号玩家电竞(汉江路店)","address":"顺河街道新新家园2期","phone":"电话:18136302676"},{"name":"聊天楼网咖","address":"黄河南路135号","phone":"电话:15951246700"},{"name":"电玩猩(宿迁水韵城店)","address":"水韵城2号电梯3楼A3-001铺","phone":"电话:19351673963"},{"name":"润涛网咖","address":"发展大道好又多购物广场旁","phone":""},{"name":"钛度电竞馆(通和桂园店)","address":"红海大道通和桂园东区底商","phone":"电话:15851153750"},{"name":"钛度电竞馆(珠江花园店)","address":"珠江花园珠江路门面13号","phone":""},{"name":"天天在线网络","address":"西湖路城宇广场西湖公寓125号","phone":"电话:18951360788"},{"name":"小白网咖(九龙花园店)","address":"长江路九龙花园商铺","phone":""},{"name":"ROG电竞馆(四季青店)","address":"江苏省宿迁市宿城区为民路110号","phone":"电话:18936953698"},{"name":"玩家之眼电竞俱乐部(兰亭御城店)","address":"宿迁市宿城区富康大道兰亭御城26栋3号(兰亭御城东南角)","phone":"电话:18936953698"},{"name":"玩家之眼电竞俱乐部(珠江路店)","address":"珠江路1001-16号","phone":"电话:18036920000"},{"name":"玩家国度电竞馆(桃李苑店)","address":"书山路3号","phone":"电话:13122530501"},{"name":"玩家之眼电竞俱乐部(万达店)","address":"九龙花园东门扬子江路1001号","phone":"电话:15151147255"},{"name":"外星人网咖(新城名居店)","address":"江苏省宿迁市宿城区振兴大道新城名居商铺88-34号","phone":"电话:15851153750"},{"name":"玩家之眼电竞俱乐部(青岛路店)","address":"宿迁市宿城区青岛路天星花园","phone":""},{"name":"钛度电竞馆(龙庭国际店)","address":"黄海路嘉盛龙庭国际1幢70号","phone":"电话:18012113011"},{"name":"ROG玩家国度电竞馆(通和桂园店)","address":"宿迁市宿城区红海大道通和桂园-东区","phone":"电话:13056104897"},{"name":"头号电竞(东方逸品店)","address":"宿迁市宿豫区珠江路御景山庄紫金园东侧约60米","phone":""},{"name":"逸枫网咖","address":"宿迁市宿豫区珠江路黄山佳园西南侧","phone":""},{"name":"ROG玩家国度电竞馆(大润发店)","address":"太湖路皇冠公寓西南侧约40米","phone":"电话:18251086999"},{"name":"小白电竞馆(九龙花园店)","address":"宿迁市宿豫区长江路九龙花园","phone":""},{"name":"奇幻玩国家庭娱乐中心(宝龙广场店)","address":"宝龙城市广场一楼","phone":""},{"name":"飞驰电竞","address":"富豪花园发展大道1-235铺","phone":""},{"name":"玩家之眼电竞俱乐部(东大街店)","address":"东大街凤凰城A区1幢204号","phone":"电话:17327592387"}]