[{"name":"聚点电竞","address":"乾政商业购物广场西南门东50米","phone":"电话:17736119222"},{"name":"九号电竞","address":"天雄路","phone":""},{"name":"蓝星电竞","address":"中兴路中兴嘉园小区1号楼二层","phone":"电话:16682070692"},{"name":"悦然电竞网吧(邯郸悦然广场店)","address":"南环路306号邯郸悦然广场F1","phone":""},{"name":"火星人电竞网吧","address":"魏都南大街益民山博望小区","phone":""},{"name":"战神电竞(安琪店)","address":"新华大街友邦通讯二楼","phone":"电话:13930095216"},{"name":"九号电竞","address":"河北省邯郸市魏县礼贤南街485号","phone":"电话:13831068086"},{"name":"隆泰电竞网咖(圆歌·邯郸未来石购物中心店)","address":"隆基泰和广场第五层5003-5005号商铺","phone":"电话:13047799666"},{"name":"刀锋电竞","address":"瑞鼎国际东商业街5-A商业2号和3号门市","phone":"电话:15503038877"},{"name":"哈雷电竞","address":"邯郸市魏县科信里盘龙湾东北侧约230米","phone":""},{"name":"赛特电竞(建设大街店)","address":"建设大街建安楼下3号门市","phone":"电话:18634110105"},{"name":"七悦电竞馆(乐态店)","address":"陵西南大街127号邯郸小蜜蜂主题酒店2楼","phone":"电话:15511045682"},{"name":"复仇者电竞基地(美乐城店)","address":"人民东路456号美乐城1992街区5层东侧","phone":""},{"name":"兰色电竞","address":"同仁花园西侧底商","phone":"电话:18132209776"},{"name":"七悦电竞馆(新人类店)","address":"滏河南大街429号","phone":"电话:13292082779"},{"name":"飞驰电竞(联纺东路店)","address":"丛台北路79号安居东城南程庄园商业155号","phone":""},{"name":"坤坤网吧","address":"东环路与新兴路交叉口东北140米","phone":""},{"name":"世纪网吧(铁院路)","address":"青年街2号铁路大院","phone":"电话:15188819908"},{"name":"七悦电竞馆(飞跃店)","address":"渚河路东段紫光苑小区东南角","phone":"电话:17533305502"},{"name":"蓝冰鱼电竞(蓝海店)","address":"中华北大街134号联华超市3楼","phone":""},{"name":"新动力电竞","address":"中华大街与向阳路交叉口北行30米路东三楼","phone":"电话:18031009000"},{"name":"958电竞(鑫域国际店)","address":"世纪大街26号","phone":"电话:0310-8118915"},{"name":"七悦电竞馆(箭岭路店)","address":"百家大街箭岭商业广场3楼","phone":"电话:18348771581"},{"name":"鑫宇电竞","address":"化林路街道苑景乐居南门旁","phone":"电话:13483031113"},{"name":"新明日电竞","address":"邯郸市金洲国际商务大厦","phone":""},{"name":"贝壳电竞","address":"仁茂大厦底商","phone":""},{"name":"蓝冰鱼电竞(悦城店)","address":"滏东南大街165号明珠花园A区商业二层","phone":"电话:15532052716"},{"name":"8号电竞","address":"中华巷398号祥德苑小区底商301号","phone":"电话:17736148880"},{"name":"斗鱼网络","address":"北仓路邯郸经济开发区爆台寺小学西","phone":"电话:13303003918/17736119222"},{"name":"中喜网吧","address":"前进大街105号附近","phone":"电话:15175422408"},{"name":"娱人电竞(宏达·圣水湖畔)","address":"华山西街与群英路交叉口南20米","phone":"电话:18732017919"},{"name":"咖咖网吧","address":"油厂胡同10号","phone":"电话:0310-3084921"},{"name":"冰点网吧(联防西路店)","address":"联防西路22号（卓邦医院往里走20米左侧小斜坡）","phone":"电话:17730597869"},{"name":"GBN电竞(邯郸悦然广场店)","address":"河北省邯郸市邯山区北张庄镇邯郸悦然广场一层2号门进门右转10米","phone":""},{"name":"九五八电竞(城市西景店)","address":"百家村街道箭岭路255号A3四层","phone":"电话:19303303391"},{"name":"战旗网咖(渚河路店)","address":"渚河路邯运村4号院","phone":"电话:15100088821/15831053751"},{"name":"九五八电竞(二宫店)","address":"河北省邯郸市复兴区建设大街107号","phone":"电话:19303303391"},{"name":"七悦电竞馆(康宁店)","address":"育德路51号","phone":"电话:17531022779"},{"name":"鲸奇电竞俱乐部","address":"荀子大街秋实园楼下","phone":""},{"name":"良吉数码·ps5·switch电玩(回车巷店)","address":"中华街道陵西北大街赵都华润大厦临街19-1商铺","phone":"电话:15716805678"},{"name":"斗鱼网咖(经四街店)","address":"经四街与太极路交叉口西南160米","phone":""},{"name":"光年网咖(河北工程大学店)","address":"河北省邯郸市丛台区太极路河北工程大学新校区南门对面学前三街尽头","phone":"电话:16632080377"},{"name":"MOMO电竞馆(恒大名都店)","address":"广泰街与北仓路交叉口东南约200米","phone":"电话:15631043434"},{"name":"雷霆电竞(幸福街店)","address":"邯郸市丛台区幸福街美的·幸福时光","phone":""},{"name":"唯炜网吧(旗舰店)","address":"复兴路59号","phone":"电话:0310-7870331"},{"name":"E-SPORT(新明日店)","address":"浴新南大街208-209号","phone":"电话:15200140889"},{"name":"侨客网咖","address":"农村信用合作联社高开区分社东南","phone":"电话:17736119222"},{"name":"魔剑网络","address":"河北省邯郸市丛台区丰收路华荣街1号","phone":""},{"name":"企盛网咖","address":"兼庄乡丛台东街道人和街180号恒富天地广场负一层","phone":"电话:0310-4058816/18731068816"},{"name":"坠梦岛游戏体验馆","address":"陵西南大街53号1楼2号","phone":""},{"name":"七悦电竞馆(赵都新城利和园店)","address":"赵都新城小区258号","phone":""},{"name":"云竹网络","address":"渚河路93号","phone":"电话:19930840357"},{"name":"乐尚网咖(新兴时代广场店)","address":"邯馆公路与村委大街交叉口南100米","phone":"电话:19932040683"},{"name":"星格网络(邯银大厦店)","address":"阳光领地小区北门东行50米路南","phone":"电话:15032010171"},{"name":"九色虹电竞(鸿虎店)","address":"河北省邯郸市丛台区光明桥街道摩登假日酒店东126米","phone":""},{"name":"慕尚网络会所","address":"高新街与南通路交叉口北60米","phone":"电话:13931092536"},{"name":"铭杨电竞(万达广场邯郸邯山店)","address":"滏河南大街与陵园路交叉口西南万达广场F4","phone":""},{"name":"希美潮玩(美乐城店)","address":"柳林桥街道人民东路456号美乐城B1层B146号","phone":"电话:17331967222"},{"name":"新感觉网络城","address":"河北工程大学北门100米路南","phone":"电话:15822128877"},{"name":"摩咖电竞(晨明店)","address":"河北省邯郸市邯山区绿化路5号院","phone":""},{"name":"竹林网吧(铁西北大街店)","address":"铁西大街18号","phone":"电话:15511059519"},{"name":"中天电竞(箭岭路店)","address":"箭岭路城市西景4号楼底商","phone":""},{"name":"七星悦电竞(梧桐林语店)","address":"河北省邯郸市丛台区联纺西街道美的梧桐林语","phone":""},{"name":"七频电竞馆","address":"邯郸市丛台区联纺东路三龙商务小区南侧约30米","phone":""},{"name":"长城网吧(百花大街店)","address":"百花大街与八一路交叉口南行50米路西","phone":"电话:17334131999"}]