[{"name":"雄霸电竞(大塘店)","address":"秀江东路968号","phone":""},{"name":"紫云电竞","address":"锦阳大道与正通路交叉口东南角","phone":""},{"name":"雄霸电竞(城南店)","address":"润达国际-40栋-1单元","phone":"电话:13320058833"},{"name":"雄霸电竞(湖田店)","address":"宜湖路289号金湖水岸1栋1层1–11室","phone":""},{"name":"雄霸电竞(保利店)","address":"江西省宜春市袁州区宜春大道698号","phone":"电话:13479588880"},{"name":"雄霸电竞(卢洲店)","address":"文体路40号","phone":""},{"name":"雄霸电竞(城东店)","address":"中山中路273号万云臻品艺术酒店旁","phone":"电话:0795-3265818"},{"name":"雄霸电竞(彬江店)","address":"江西省宜春市袁州区非凡客栈(彬兴路)23号","phone":""},{"name":"雄霸电竞(天桥店)","address":"宜春南路711号","phone":"电话:13125251111"},{"name":"极速电竞","address":"江西省宜春市上高县建设中路3号","phone":"电话:19179562295"},{"name":"阿猫电竞社","address":"天宝路373号地中海风情6栋1层373-374室","phone":"电话:18607955553"},{"name":"蓝鲸电竞社","address":"东丰家园1栋2层201室","phone":""},{"name":"雄霸电竞(铜锣湾店)","address":"下浦街道中山东路818号","phone":""},{"name":"鼎硕电竞(润达店)","address":"江西省宜春市袁州区宜春南路136号润达国际33栋三层301室","phone":""},{"name":"飞鸟电竞(商城店)","address":"袁山中路530号","phone":"电话:13879583071"},{"name":"飞鸟电竞·CC店","address":"祥和苑（高士路）","phone":"电话:18907950258"},{"name":"暴风网咖","address":"凤凰街道中山西路399号","phone":"电话:18296572119"},{"name":"腾盛电竞","address":"宝利市场","phone":"电话:19070560623"},{"name":"雄霸电竞(宜阳大道店)","address":"宜阳大道115号(财富公馆二楼)","phone":"电话:13125251111"},{"name":"雄霸电竞(经开区店)","address":"春水路11号","phone":"电话:13125251111"},{"name":"风云网吧(袁山中路店)","address":"袁山中路335号","phone":"电话:18970584027"},{"name":"圆道网吧","address":"宜春市袁州区重桂路崇儒小区东侧约40米","phone":"电话:17779517954"},{"name":"时光电竞(朝阳店)","address":"宜春南路329号华尔街假日酒店左侧","phone":"电话:15979545018"},{"name":"雄霸电竞(三阳店)","address":"华夏路三阳中心小学东200米","phone":"电话:18720453888"},{"name":"龙谷电竞(北院店)","address":"江西省宜春市袁州区袁山中路130号2楼","phone":""},{"name":"飞鸟电竞(学院店)","address":"江西省宜春市袁州区湖田镇江翰苑","phone":"电话:18907950258"},{"name":"鼎盛网咖(东风路店)","address":"平安路可以便利店旁","phone":"电话:18979550879"},{"name":"雄霸电竞(中山东路店)","address":"宜春市袁州区中山东路万云酒店","phone":""},{"name":"星海网咖(民主小区B区店)","address":"袁州大道民主小区B区32栋07号星海网咖","phone":"电话:13667055597"},{"name":"雄霸电竞城北店(北湖豪苑二期店)","address":"宜春市景福花园东南","phone":""},{"name":"大地网城(黄颇路店)","address":"宜春南路188号","phone":"电话:18279595921"},{"name":"熊喵电竞社(老地方店)","address":"江西省宜春市袁州区明月北路888号","phone":"电话:15779567999"},{"name":"圆道电竞馆(高士店)","address":"江西省宜春市袁州区高士路507号","phone":""},{"name":"神话电竞(彬江店)","address":"220国道与022乡道交叉口东80米","phone":""},{"name":"雄霸电竞(府前路店)","address":"江西省宜春市袁州区西村镇府前路8号","phone":"电话:17779512211"},{"name":"半糖电竞酒店(宜春润达广场店)","address":"中山中路669号","phone":""},{"name":"暴风电竞(天虹店)","address":"江西省宜春市袁州区明月北路451号汇盛花园a栋","phone":""},{"name":"SUPER壹零壹潮漫电玩(宜春万达店)","address":"宜阳东大道6号宜春袁州万达广场F3层","phone":"电话:15904618752"},{"name":"星际玩家(宜春润达购物中心店)","address":"润达国际购物中心L2","phone":"电话:18588888950"},{"name":"半糖电竞酒店(宜春袁山中路店)","address":"袁山中路560号1楼","phone":""},{"name":"半糖电竞酒店(宜春袁山中路店)","address":"袁山中路560号1楼","phone":""},{"name":"狸谱潮玩聚乐部PS5·SWITCH·XBOX(润达店)","address":"宜春南路136号51号楼","phone":"电话:19318866378"},{"name":"雄霸天下(城西店)","address":"宜春南路317号","phone":"电话:13479588880"},{"name":"熊开心超乐场(润达国际购物中心店)","address":"凤凰街道黄颇路228号润达国际购物中心F3层","phone":"电话:19970516799"}]