[{"name":"","address":"","phone":""},{"name":"","address":"","phone":""},{"name":"","address":"","phone":""},{"name":"","address":"","phone":""},{"name":"","address":"","phone":""},{"name":"","address":"","phone":""},{"name":"","address":"","phone":""},{"name":"","address":"","phone":""},{"name":"","address":"","phone":""},{"name":"","address":"","phone":""},{"name":"秩序电竞(石油大学店)","address":"济南路3-3号","phone":"电话:0546-8568568/15615921780"},{"name":"摩尔电竞(蓝色港湾店)","address":"纬四路与莒州路交叉口东南约100米","phone":""},{"name":"鑫沙网咖","address":"北二路石油大学北门东临石油大学百货大楼2层南侧","phone":"电话:13371520039"},{"name":"摩非电竞茶室(外星人店)","address":"黄河路193号海通未来广场2幢105室","phone":"电话:18954017876"},{"name":"祖安电竞网咖","address":"西三路155号原现代制冷酒店","phone":""},{"name":"网鱼电竞(沂州路步行街店)","address":"沂州路商业街","phone":""},{"name":"金满地电竞(胶州路店)","address":"胶州路149号肯德基(天瑞店)北","phone":"电话:15335465267"},{"name":"网鱼网咖·电竞(东营津元广场店)","address":"津元广场F43","phone":""},{"name":"飞儿网吧(运河路店)","address":"运河路483号","phone":""},{"name":"米兔电竞(鲁班店)","address":"黄河辅路海通·未来广场B座103号商铺","phone":"电话:18562069275"},{"name":"","address":"","phone":""},{"name":"","address":"","phone":""},{"name":"","address":"","phone":""},{"name":"","address":"","phone":""},{"name":"","address":"","phone":""},{"name":"","address":"","phone":""},{"name":"","address":"","phone":""},{"name":"","address":"","phone":""},{"name":"","address":"","phone":""},{"name":"","address":"","phone":""},{"name":"秩序电竞(石油大学店)","address":"济南路3-3号","phone":"电话:0546-8568568/15615921780"},{"name":"摩非电竞茶室(外星人店)","address":"黄河路193号海通未来广场2幢105室","phone":"电话:18954017876"},{"name":"祖安电竞网咖","address":"西三路155号原现代制冷酒店","phone":""},{"name":"金满地电竞(胶州路店)","address":"胶州路149号肯德基(天瑞店)北","phone":"电话:15335465267"},{"name":"大部落电竞DAREU体验馆","address":"太行山路农贸市场内春华路27号","phone":"电话:18366910123"},{"name":"网鱼电竞(沂州路步行街店)","address":"沂州路商业街","phone":""},{"name":"欢乐时光网咖(西三路店)","address":"西三路48号","phone":"电话:15666724999"},{"name":"飞儿网吧(运河路店)","address":"运河路483号","phone":""},{"name":"米兔电竞(鲁班店)","address":"黄河辅路海通·未来广场B座103号商铺","phone":"电话:18562069275"},{"name":"虎牙电竞(吾悦广场店)","address":"山东省东营市东营区吾悦广场2号门3楼东南角","phone":"电话:13290368812"},{"name":"华辰酒店网吧台球棋牌","address":"西三路38号华辰酒店","phone":"电话:17661253333"},{"name":"北北网咖","address":"运河路390号105室","phone":"电话:13792088666"},{"name":"宇霖电竞","address":"山东省东营市东营区云门山路花苑里商业街3号楼","phone":"电话:13285469799"},{"name":"巅峰电竞(外星人学院店)","address":"黄河路辅路与泸州路交叉口往西北20米Z-世代梦工厂2楼218室","phone":""},{"name":"乐畅电竞(万方购物广场店)","address":"南一路万方购物广场三楼","phone":""},{"name":"驿站电竞(西三路店)","address":"西三路155号(中国邮政储蓄银行附近)","phone":"电话:0546-6780000"},{"name":"赤道网咖(鲁班店)","address":"海通未来广场a座","phone":"电话:18554637313"},{"name":"外星人电玩社·PS5·PS4·Switch","address":"泸州路Z世代梦工场2楼208号","phone":"电话:13220512806"},{"name":"77电竞","address":"海通路58号附近(济南路与海通路交叉口北300米)","phone":"电话:13181868687"},{"name":"友谊电竞(商业街店)","address":"东城东三路都市生活港149号","phone":"电话:18561245775"},{"name":"慧正电竞","address":"裕华街与如意街南20米","phone":"电话:13589974349"},{"name":"朋友网吧(卫生室店)","address":"前榆村文化大院西侧村口","phone":"电话:13153565978"},{"name":"新世纪网吧(丽日大街店)","address":"万家路18号","phone":"电话:18554624567"},{"name":"上上网吧(东二路店)","address":"东二路胜利小区东门向东200米丁字路路口（西北方向）","phone":"电话:13356637075"},{"name":"卓威电竞俱乐部","address":"文汇街道虎牙轻奢电竞酒店（山东石油化工学院店）","phone":""},{"name":"友乐电玩PS5·switch","address":"北一路730号万达广场万恋街C-2041号商铺","phone":"电话:13020609281"},{"name":"虎牙电玩","address":"北一路730号万达广场万恋街2楼C-2001号商铺","phone":"电话:15065462993"},{"name":"红狐电竞","address":"东营市东营区燕山路金河新村","phone":""},{"name":"东营塞尔达电玩(吾悦广场店)","address":"香山路与黄山路交汇处西南侧吾悦广场F3层","phone":""},{"name":"昊晨电竞","address":"东营市东营区北一路阳光100城市丽园北门西侧约30米","phone":"电话:15963083009"},{"name":"浪客电竞(唐家唐人街漫居生活广场店)","address":"唐人街D-111室","phone":""},{"name":"虎牙电玩","address":"北一路730号万达广场万恋街2楼C-2001号商铺","phone":"电话:15065462993"},{"name":"红狐电竞","address":"东营市东营区燕山路金河新村","phone":""},{"name":"东营塞尔达电玩(吾悦广场店)","address":"香山路与黄山路交汇处西南侧吾悦广场F3层","phone":""},{"name":"昊晨电竞","address":"东营市东营区北一路阳光100城市丽园北门西侧约30米","phone":"电话:15963083009"},{"name":"李上往来电竞","address":"东营市东营区玉华路金乡路商贸城西门南侧","phone":""},{"name":"现代网络(沂河路店)","address":"沂河路393号","phone":""},{"name":"极客超级电竞馆(明珠广场店)","address":"山东省东营市垦利区育才路与利兴路交叉口东南侧明珠广场F2","phone":""},{"name":"电玩梦工厂(东城店)","address":"黄河路鲁班公寓特色小吃街向北100米","phone":""},{"name":"曼已电竞","address":"东营市垦利区胜坨路","phone":""},{"name":"大玩家(东营万达店)","address":"黄河路街道北一路石油大学南门万达广场3层西首","phone":"电话:0546-6388666"},{"name":"益家攻略(东营银座茂店)","address":"东营市东营区天目山路银座茂L4005号","phone":"电话:19963636698"},{"name":"大玩家(万达广场东城店)","address":"莒州路29号东城万达广场3F-B","phone":"电话:4006018001"},{"name":"迪乐尼电玩城","address":"黄河路161号鲁班公寓美食城二楼","phone":"电话:13562293939"},{"name":"强国军事拓展基地","address":"德州路与西二路交叉路口向东800米","phone":"电话:13563380766"},{"name":"酷玩空间(东营吾悦广场店)","address":"黄河路吾悦广场3003、3005铺","phone":"电话:15371016906"},{"name":"悦心美居游戏厅","address":"文汇街道庐山路新振大厦3楼301室","phone":""},{"name":"摩猫台球·棋牌","address":"西三路乐活城海翔大厦南门二楼西户","phone":"电话:15264280999"},{"name":"通宝电玩","address":"东营市垦利区新兴路银座超市(垦利店)","phone":""},{"name":"格来美汇电竞酒店(明珠广场店)","address":"东营市利兴路明珠广场写字楼B座14楼(丽枫酒店楼上)","phone":""}]