[{"name":"启点电竞网吧","address":"机场路41号良康花园","phone":"电话:0812-8888700"},{"name":"友伽电竞(银泰城店)","address":"攀枝花大道南段918号银泰城购物中心3楼","phone":"电话:0812-3336188"},{"name":"友伽电竞(太谷店)","address":"太谷广场3期9栋9楼","phone":"电话:0812-3337779"},{"name":"唯易电竞馆","address":"四川省攀枝花市东区鸿茂巷10号5幢2楼6附2-4号","phone":"电话:17308121097"},{"name":"新概念电竞馆","address":"三线大道北段2号2栋1层1-1号","phone":"电话:0812-2919999"},{"name":"悦动电玩城(东创悦光岛店)","address":"东创.仁和湾16栋","phone":""},{"name":"绿洲网吧(隆庆路店)","address":"隆庆路71号","phone":"电话:0812-6678520"},{"name":"头号玩家网咖(中环天地店)","address":"新福路20号中环天地观光电梯五楼","phone":"电话:0812-5521234"},{"name":"创酷网咖(迤沙拉大道店)","address":"湾庄和谐御林3单元2楼","phone":"电话:0812-6211188"},{"name":"鑫战际电竞馆(仁和店)","address":"宝灵街57号附2号","phone":"电话:13508228327"},{"name":"蓝天网咖(中心广场店)","address":"炳草岗街道攀枝花大道东段商业城(中心广场必胜客旁3楼)","phone":"电话:0812-3338303"},{"name":"启点网咖","address":"东华街道良友良金大厦2楼(沃尔玛旁)","phone":""},{"name":"大玩家(攀枝花万达店)","address":"机场路123号万达广场2楼1B-D号","phone":"电话:0812-2235881"},{"name":"遇见王国(万象城店)","address":"攀枝花大道东段万象城1楼中庭","phone":"电话:15182733005"},{"name":"蓝天网咖(凤凰店)","address":"人民街386号","phone":"电话:0812-3551717"},{"name":"迦蓝网咖","address":"九附二金曦苑二楼","phone":"电话:0812-2298561"},{"name":"攀枝花麦克斯网络电竞馆","address":"四川省攀枝花市东区隆庆路184号","phone":"电话:0812-3500606"},{"name":"相遇网咖电竞馆(铜锣湾广场新源路店)","address":"新源路624号铜锣湾广场F1","phone":""},{"name":"明基电竞馆(铜锣湾广场新源路店)","address":"新源路624号铜锣湾广场F1","phone":""},{"name":"海峰电玩","address":"四川省攀枝花市东区炳草岗街道人民街368","phone":""},{"name":"潮玩萌兽综合馆(攀枝花万达广场店)","address":"万达广场2层2F-C","phone":""},{"name":"云逸宝摇杆游戏机(万达广场攀枝花店)","address":"攀枝花市机场路123号万达广场3楼万达影城内大厅前台旁","phone":""}]