[{"name":"艾克斯电竞网吧俱乐部(滨河路店)","address":"焦作市博爱县滨河路博爱县人民医院西北侧约50米","phone":""},{"name":"星耀电竞","address":"焦作市温县人民大街幸福家园(振兴路)西南侧约50米","phone":""},{"name":"电竞网咖","address":"焦作市温县X041黄庄镇中心幼儿园北侧约240米","phone":""},{"name":"红宝石网咖(信联店)","address":"河南省焦作市解放区民主南路107号","phone":"电话:18317258181"},{"name":"深蓝电竞(智领店)","address":"河南省焦作市孟州市X021","phone":"电话:15993798322"},{"name":"至上电竞","address":"云河丹堤3号门面房","phone":"电话:18530151785"},{"name":"光速电竞(师专店)","address":"河南省焦作市山阳区山阳路景苑商住楼2楼","phone":""},{"name":"蒲公英网咖","address":"兴华路103号10栋","phone":"电话:13393874578"},{"name":"奔腾网吧(北门街店)","address":"时代广场c区","phone":""},{"name":"奕坤电竞(锦祥商业街店)","address":"丰收路锦祥花园紫荆苑负1层地下室","phone":""},{"name":"力源网吧","address":"工业路186号","phone":""},{"name":"百灵电竞","address":"壹里洋场商业步行街1号楼3号","phone":""},{"name":"凯翔网咖","address":"焦东路27号","phone":"电话:15838932095"},{"name":"亿年华网吧","address":"民主路","phone":"电话:13503915223"},{"name":"汇友网吧(建设中路)","address":"建设路怡和苑附近(友谊财富广场东南)","phone":"电话:13523373060"},{"name":"焦作市爱你电竞王者店","address":"河南省焦作市解放区和平街90号","phone":"电话:18539186967"},{"name":"白兔电竞","address":"佰味街4号楼201-207","phone":""},{"name":"热浪电竞","address":"焦作市山阳区碧莲路与中原路交叉路口往西北约50米","phone":""},{"name":"那叱电竞","address":"焦作市山阳区丰收路金山·东方花园南侧约250米","phone":""},{"name":"佩奇电竞","address":"解放西路马涧嘉苑院内","phone":"电话:15539188883"},{"name":"小庄电竞馆","address":"新园路与涧西街交叉口西北角1号","phone":"电话:16639185103"},{"name":"鸿运网吧(解放路店)","address":"河南省焦作市山阳区东苑路2号","phone":"电话:13782747429"},{"name":"源盛网吧(塔南路店)","address":"塔南路田源农贸市场东北侧","phone":""},{"name":"梦想电子竞技体育运动俱乐部","address":"峰尚国际公寓南门西第三家","phone":"电话:18639104299"},{"name":"东方网吧(工业路店)","address":"焦作大学北校区西北门旁","phone":""},{"name":"吉大网咖","address":"北环路34号","phone":"电话:15838988877"},{"name":"国颂网咖","address":"工字路8号","phone":"电话:18503916863"},{"name":"小丑鱼网咖","address":"待王路与文昌路交叉口东100米","phone":"电话:15225805702"},{"name":"他她网咖(易盛好心情店)","address":"工农路云台小区","phone":""},{"name":"星辰电竞(解放西路店)","address":"焦作市中站区解放西路佰利佳苑","phone":""},{"name":"玩家基地PS5·Switch·Xbox游戏体验店(健康路店)","address":"河南省焦作市解放区七百间街道太行西路社区西北12米","phone":"电话:13303912723"},{"name":"沙漠幻影网吧","address":"太行路与军民街交叉路口西北侧(赛纳溪谷东南侧约50米)","phone":""},{"name":"存档点PS4·PS5·SWITCH","address":"人民路壹里洋场商业街兔喜快递向北20米","phone":"电话:17365958521"},{"name":"大玩家(焦作万达店)","address":"民主南路988号万达广场3楼东南角（万达广场3号门左侧直梯楼上）","phone":"电话:0391-3722599"},{"name":"嗨玩游戏乐园(春天购物广场店)","address":"香港城购物广场二楼（近香港城购物广场东门）","phone":""},{"name":"极致电竞主题酒店","address":"山阳路新城办事处南10米2层","phone":""}]