[{"name":"可乐电竞","address":"金城大道与s213省道交叉口向北150米路西","phone":"电话:15890355655"},{"name":"自由电竞","address":"解放路与商业路交叉口北150米路东","phone":"电话:13623832726/17737484669"},{"name":"悟空电竞","address":"复兴大道黄校北门附近","phone":"电话:15637846598"},{"name":"极速电竞网吧","address":"河南省开封市祥符区仇楼村","phone":""},{"name":"网兔电竞","address":"河南省开封市尉氏县张市西街32号","phone":"电话:18625458086"},{"name":"电竞网咖","address":"东京大道与黄河大街交叉口向东200米路南","phone":""},{"name":"阿里巴巴电竞","address":"开封市杞县建设路锦程花源西南侧","phone":""},{"name":"星际电竞","address":"开封市杞县广场路未来名郡西北侧约130米","phone":""},{"name":"巨人电竞","address":"河南省开封市通许县343国道","phone":""},{"name":"光辉电竞","address":"开封市杞县京广线","phone":""},{"name":"CC电竞","address":"黄河大街北段幸福里","phone":""},{"name":"39°电竞馆(开封黄河大街店)","address":"塞纳左岸集中商业楼3楼301","phone":""},{"name":"小火龙电竞","address":"开封市鼓楼区中山路中段88号南侧二楼","phone":"电话:037128885556/18568657123"},{"name":"小熊电竞馆","address":"河南省开封市顺河回族区宋门街道滨河路中段8号院","phone":""},{"name":"赢加电竞","address":"郑开印象城3号楼103室","phone":""},{"name":"HiYa电竞(嗨呀电竞)","address":"居然之家负一楼","phone":"电话:13303781059"},{"name":"盛园网咖(新河大店)","address":"开封经济开发区夷山大街北段尚客优宾馆往北一百米","phone":"电话:15037871655"},{"name":"凌云电子竞技","address":"四大街与东京大道交叉口西南280米","phone":""},{"name":"39°电竞馆(星光店)","address":"开封市龙亭区黄河大街北段99号星光天地购物中心F4","phone":"电话:17337858688"},{"name":"基地网吧(馆驿街店)","address":"西司门街道行宫角公安局南隔壁馆驿街1号","phone":"电话:13837892655"},{"name":"早安电竞","address":"海洋幸福里3期28商铺","phone":"电话:19137869911"},{"name":"老男孩网吧(奥格电竞酒店)","address":"铁塔三街银翰苑二期第1B—3栋2层220号","phone":"电话:18595586655"},{"name":"叮当电竞","address":"中州新城9号楼c14铺","phone":"电话:16627579713"},{"name":"威胜电子竞技","address":"开封市龙亭区五大街野厂新村(德祥小区)","phone":""},{"name":"叮当猫电竞","address":"开封市龙亭区黄河大街北段幸福里","phone":"电话:15938583530"},{"name":"大兔牙网咖(黄校店)","address":"利居佳苑小区1号楼11-12号商铺","phone":""},{"name":"明基电竞馆(横店电影城光彩店)","address":"河南省开封市鼓楼区中山路北段319号光彩商业街横店影城2层","phone":"电话:13353787860"},{"name":"亿人电竞英雄联盟体验店","address":"河南省开封市祥符区文化大道576号","phone":"电话:15837802771"},{"name":"御河湾网咖","address":"东陈庄东路刘一手大盘鸡东150米","phone":"电话:19103787891"},{"name":"超越网络","address":"西郊乡东陈新街小吃一条街路南二楼","phone":"电话:18637893499"},{"name":"好游戏东京电子竞技(开元广场店)","address":"开元广场4楼4007号","phone":"电话:15137813646"},{"name":"爱电竞(清明上河园店)","address":"开封市金明大道与金祥路交叉口铂禧酒店13楼","phone":"电话:0371-27777668/16627878333"},{"name":"华苑网咖(解放大道店)","address":"解放路华苑小区4号楼","phone":"电话:13044782233"},{"name":"极地电子竞技俱乐部","address":"河南省开封市新华街道卧龙街107号","phone":""},{"name":"久梦电竞酒店","address":"河南省开封市金明大道与金祥路交叉口喜鹊愉家酒店8楼","phone":""},{"name":"爱上电竞","address":"开封市龙亭区西环路开封新区圣玛医院","phone":"电话:13223781818"},{"name":"深海长城网咖(河大华源学生公寓店)","address":"夷山大街新河南大学小东门华源公寓商铺二楼","phone":"电话:18737809792"},{"name":"阳阳电竞","address":"河南省开封市鼓楼区南羊市街38号","phone":"电话:16627511133"},{"name":"永盛网咖","address":"安联·青年城东1门旁","phone":"电话:13693899770"},{"name":"魔杰电竞馆","address":"劳动路与新宋路西段交叉口北80米","phone":""},{"name":"拾壹电竞民宿酒店(开元广场店)","address":"开封市晋安路东吕庄新村5排17号","phone":""},{"name":"CC电竞(利居佳苑店)","address":"开封市龙亭区西环城路北段利居佳苑(利居佳苑2期)","phone":""},{"name":"锦上电竞","address":"开封市龙亭区集英街龙成香榭里花园","phone":"电话:18603789762"},{"name":"鲤鱼门网咖","address":"解放路卧龙街段179号","phone":"电话:18537392525"},{"name":"网鱼网咖·电竞(开元广场店)","address":"河南省开封市龙亭区金明大道159号开元广场F2","phone":""},{"name":"景瀚电竞","address":"复兴大道保利城21号商业楼2层201号","phone":""}]