[{"name":"博锐电竞","address":"中海派B11-1213号店面","phone":"电话:15907059222"},{"name":"方正电竞网络会所","address":"江西赣州市于都县利村乡楂林工业园鑫龙苑工业大道北","phone":""},{"name":"星辰电竞","address":"赣州市章贡区杨梅四期东门东江源高架","phone":"电话:18824649656"},{"name":"荣耀电竞(丽璟店)","address":"站前大道99号丽璟花园2栋","phone":"电话:13697016250"},{"name":"星宇电竞","address":"赣州市章贡区纬一路保利嘉福心语","phone":"电话:13763909538"},{"name":"网游电竞","address":"赣州市章贡区健康街水碓村","phone":""},{"name":"战神电竞(西区店)","address":"肖盛华诊所西南侧50米","phone":"电话:13807972069"},{"name":"智博竞技馆·电竞·台球·棋牌","address":"经济技术开发区森铁北区1号写字楼","phone":"电话:19917125558"},{"name":"幻影电竞(府后路店)","address":"府后路新世纪购物中心9栋1楼227号商铺（近北门）","phone":"电话:13807977751"},{"name":"易珑电竞·易昇网咖店","address":"长塘新村馨安家园14栋二层写字楼","phone":"电话:18166095698"},{"name":"潇泷电竞馆","address":"金帅路南侧杨梅四期7栋2楼","phone":"电话:19079802683"},{"name":"易度电竞","address":"金水路99号","phone":"电话:18166095698"},{"name":"金泰电竞(共创店)","address":"青年路40号供销大厦二楼","phone":""},{"name":"朋友网吧(华坚店)","address":"开发区华坚路51号2楼","phone":"电话:18270727857"},{"name":"皇廷网吧(文清路店)","address":"文清路23号2层","phone":"电话:18172758778"},{"name":"摩啡电竞","address":"杨公路1号金樽花园10号商铺","phone":"电话:18166080372"},{"name":"金大阳网咖(大学城店)","address":"佳辰路赣南大学城文化广场","phone":"电话:18683908383"},{"name":"易珑电竞(铧荣网咖店)","address":"文武坝路38号华荣小区38-37、38-38号店铺","phone":"电话:19179035881"},{"name":"浪鱼电竞馆","address":"城南大道西路三号梅林大厦202","phone":"电话:13657972709"},{"name":"超神网咖","address":"沙河镇五洲大道与赣江源大道交叉口东北50米","phone":"电话:18779088306"},{"name":"战虎电竞馆","address":"经济技术开发区华坚路东侧紫荆路南侧世纪花城1栋9井1011室","phone":"电话:15170733110"},{"name":"华鑫电竞馆","address":"蟠龙镇工业三路35-38号店","phone":"电话:18007073766"},{"name":"海川电竞馆(娱乐城店)","address":"瑞金路汇德馨苑C区1、2号楼1号商铺","phone":"电话:18970141333"},{"name":"杰瑞电竞馆","address":"客家大道26号至2号","phone":"电话:15579762408"},{"name":"惊喜网咖","address":"沙河镇京九路40号2层","phone":"电话:13226314541"},{"name":"辉腾电竞","address":"坪峰岭路9号(工业一路与工业三路交叉口西南200米)","phone":""},{"name":"极光电竞(瑞金路店)","address":"赣州市章贡区瑞金路21号(上客天下)二楼","phone":""},{"name":"易珑电竞富苑网咖","address":"章江路富苑小区8栋12-28商铺","phone":"电话:18166095698"},{"name":"海川电竞馆极客网咖(青年路店)","address":"青年路与西郊路交叉口东260米","phone":"电话:13479991333"},{"name":"皓羽电竞","address":"江西省赣州市章贡区华昌路劲嘉山与城1栋","phone":"电话:18270720953"},{"name":"皓羽电竞","address":"江西省赣州市章贡区华昌路劲嘉山与城1栋","phone":"电话:18270720953"},{"name":"启源电竞","address":"江西省赣州市章贡区黄金岭街道乾盛T1公馆","phone":""},{"name":"超燃电竞馆(第五大道店)","address":"瑞恒·第五大道二期3栋3楼（爱慕赣对面）","phone":"电话:18779797193"},{"name":"星晴电竞馆","address":"赣州市章贡区琴江路恒瑞第5大道","phone":""},{"name":"海川电竞馆(海亮天城店)","address":"九曲河路华欣小区8栋40号商铺二楼","phone":"电话:13763225538"},{"name":"极安电竞(卓威体验店)","address":"江西省赣州市章贡区水南街道瑞恒家园","phone":"电话:13479991333"},{"name":"西尼西德网吧","address":"赣州汽车站西南门西北60米","phone":"电话:15216177369"},{"name":"星龙电竞","address":"江西省赣州市章贡区7号水游城26号店","phone":"电话:13687977373"},{"name":"速腾电竞(城市家园店)","address":"五指峰路A区38号","phone":"电话:18607976238"},{"name":"秋池电竞(煌羽店)","address":"九曲河路福祥小区","phone":""},{"name":"德玛电竞","address":"瑞金路23号汇德馨苑小区27-30商铺","phone":""},{"name":"皇悦网咖","address":"红旗大道22号","phone":"电话:19196769151"},{"name":"桃李店网吧","address":"红旗大道61-15号","phone":"电话:18007079126"},{"name":"宋城网盟非凡网吧(工业三路店)","address":"工业三路3号","phone":"电话:13763958506/18178996100"},{"name":"摩杰电竞网咖","address":"赣州开发区金星路6号名扬鑫城","phone":"电话:13597087523"},{"name":"地中海网咖","address":"文明大道50-2号(地税局旁)","phone":"电话:15118808118"},{"name":"蔚蓝电竞(景荣大厦店)","address":"江西省赣州市章贡区章江街道瑞金路20号景荣大厦203","phone":""},{"name":"金浪网咖(会昌路店)","address":"会昌路12-2号","phone":""},{"name":"宜博电竞馆(魔工坊店)","address":"金岭西大道与清溪南路交叉口西北180米","phone":"电话:18007073766"},{"name":"海川电竞馆(锦绣新天地商业街店)","address":"工业三路锦绣新天地商业街23号","phone":"电话:18998453034"},{"name":"鑫源网吧(宋城路店)","address":"江西省赣州市章贡区湖边镇宋城路71号","phone":"电话:13479583322"},{"name":"战旗电竞馆","address":"赣州市章贡区东江源大道志成宾馆西侧约190米","phone":""},{"name":"新乐园电竞(水游城店)","address":"赣州市章贡区五指峰路鹏欣水游城","phone":"电话:18370881133"},{"name":"金咖电竞","address":"赣州市章贡区全南路38号阳光瑞香新城C组1栋4-5店面","phone":"电话:13656009638"},{"name":"金泰网络连锁(腾飞店)","address":"经济技术开发区越秀花园旁柑子园新村忠城府街20号","phone":""},{"name":"潇泷电竞","address":"赣州市章贡区清河路锦绣星城","phone":""},{"name":"宜博电竞馆(摩斯店)","address":"瑞金路20号景荣大厦1号楼2楼整层","phone":"电话:15170178666"},{"name":"创色网咖","address":"赞贤路8-64号","phone":""},{"name":"新贯网络生活馆","address":"五指峰大道馨港花园17-19号店面","phone":"电话:15390738829"},{"name":"幻光电竞","address":"江西省赣州市章贡区瑞金路23-6号","phone":"电话:17707963560"},{"name":"轻奢电竞馆","address":"赣州市章贡区逸豪大道碧水蓝庭","phone":""},{"name":"蚂蚁网咖(华达店)","address":"站东大道23号","phone":"电话:17679378852"},{"name":"德玛网咖(金岭西大道店)","address":"经济技术开发区金岭西路溪水康居2栋正西方向190米","phone":""},{"name":"iG电竞","address":"赣州市章贡区寻乌路南桥新村东-二区东北侧","phone":""},{"name":"名流电竞","address":"文明大道130-8号金泰网络连锁名流店","phone":"电话:13133763193"},{"name":"秋池电竞(大观店)","address":"章江路18号附近","phone":"电话:18178999893"},{"name":"电竞大师网咖","address":"杨公路滨江城市广场5号楼二楼","phone":"电话:17746642239"},{"name":"情缘谷网咖","address":"章江南大道12号","phone":"电话:17707070763"},{"name":"超级英雄动漫游戏体验中心(永信广场店)","address":"赣江街道文清路13号永信广场一楼","phone":"电话:0797-8333958"},{"name":"城市英雄Party House(赣州店)","address":"红旗大道33号步步高新天地四楼","phone":"电话:13576755323"},{"name":"嘉鑫电竞馆(杨梅新村店)","address":"江西省赣州市章贡区杨梅新村b29栋2层","phone":""},{"name":"蘑菇电玩PS5·PS4·SWITCH·游戏(赣州万象城店)","address":"三百山路华润万象SOHO8楼816","phone":"电话:13870740168"},{"name":"琦玥电竞","address":"赣州市章贡区纬二路赣州国际企业中心","phone":""},{"name":"琦玥电竞(开发区国企店)","address":"赣州市章贡区纬二路赣州国际企业中心","phone":""},{"name":"金岛电竞","address":"豪力·中岛明珠","phone":"电话:18379873093"},{"name":"储电竞馆","address":"赣州市章贡区逸豪大道碧水蓝庭","phone":""}]