[{"name":"起源电竞","address":"恒郡港湾十号楼一号2号门市","phone":"电话:15543338080"},{"name":"亿隆电竞","address":"松原市宁江区青格勒大街万灵小区东北侧约150米","phone":"电话:13596916198"},{"name":"富豪网络数字生活馆","address":"康宁街裕民路58号佳家宾馆胜利小区对面","phone":"电话:18404380436"},{"name":"华星电竞","address":"松原市宁江区铂金路龙辉花园东北侧约100米","phone":"电话:15584568666"},{"name":"天意网咖(松江大街店)","address":"吉林省松原市宁江区松江大街1839号","phone":"电话:13364387756/15164407655"},{"name":"壹家网咖","address":"东镇南路170号","phone":""},{"name":"金钻网咖(金钻百货店)","address":"滨江街道金玉路","phone":"电话:18404380436"},{"name":"龙悦网络数字生活馆","address":"世纪新城一期哈萨尔路郭尔罗斯大路4068号世纪新城1期","phone":""},{"name":"铭诚网吧","address":"松原市长岭县永安东路邮政小区(永长北街)北侧约90米","phone":"电话:15504383533/18643089333"},{"name":"翔华电竞馆","address":"吉林省松原市宁江区新城东路809号","phone":""},{"name":"德玛西亚网咖(长宁南街店)","address":"长宁南街300楼下","phone":"电话:13204380555"},{"name":"领航网娱电竞(伯都讷大街店)","address":"松原市宁江区伯都讷大街学府名城-北区西北侧","phone":""},{"name":"i8电竞酒店(乌兰大街店)","address":"松原市乌兰大街2296号","phone":"电话:0438-2311110"},{"name":"上网电竞","address":"松原市宁江区查干淖尔大街奥林匹克花园","phone":""},{"name":"星河电竞","address":"松原市宁江区创业大街波尔多小镇","phone":""},{"name":"HX电竞俱乐部","address":"松原市宁江区沿江西路水岸馨城","phone":""},{"name":"天顺网络电竞馆","address":"建设街繁华路554号","phone":"电话:15943816188"},{"name":"创玩主机游戏旗舰店PS5·Switch·XBOX","address":"铂金路1771号亚泰澜熙郡三期大门右侧","phone":"电话:13179057606"},{"name":"圣域电竞馆(建设胡同)","address":"吉林省松原市宁江区新荣街209号","phone":""},{"name":"指尖电竞俱乐部","address":"书香苑","phone":""},{"name":"宏鑫休闲网咖","address":"松原市宁江区沿江西路水岸馨城","phone":"电话:18804385797"},{"name":"卓元电子竞技体验馆","address":"绿野小区9号楼","phone":"电话:15134300050"},{"name":"万通网吧(郭尔罗斯大路店)","address":"郭尔罗斯大路3444号","phone":"电话:13364384211"},{"name":"长城网络休闲会馆","address":"吉林省松原市宁江区团结街道长宁南街1767号","phone":""},{"name":"智飞电竞","address":"松原市前郭尔罗斯蒙古族自治县哈萨尔路平安小区东北侧约40米","phone":""},{"name":"聚鑫电竞旗舰店(查干淖尔大街店)","address":"松原市前郭尔罗斯蒙古族自治县查干淖尔大街宏宇富宸嘉园西门南侧约40米","phone":"电话:13674484545"},{"name":"都市英雄动漫城(哈萨尔路店)","address":"乌兰大街与哈萨尔路交汇新玛特商场7楼","phone":"电话:13394385444"},{"name":"超级玩家PS5娱乐游戏体验馆(中东新天地购物公园五环大街店)","address":"帕萨迪纳小区16栋商企中东南门正对面","phone":""},{"name":"豆角主机游戏体验馆","address":"吉林省松原市宁江区和平路建业小区245号","phone":"电话:15543812827"},{"name":"乐元电玩城(东镇城市广场店)","address":"松原市宁江区伯都讷大街天润大酒店(伯都讷大街店)东南侧约240米","phone":""},{"name":"亿人网络(源江东路店)","address":"源江路一条街","phone":"电话:13384382727"},{"name":"电玩帝国(松原店)","address":"东镇东路与临江街交叉口南100米","phone":""}]