[{"name":"精英网吧(海榆(西)线店)","address":"海南省乐东黎族自治县225国道与780县道交叉口南40米","phone":""},{"name":"逗号电竞(乐东店)","address":"抱由镇乐祥路乐东步行街1号商场C段二楼2号铺面","phone":"电话:13049281000"},{"name":"蓝鱼网吧","address":"乐东黎族自治县乐东县利国镇利红路30号商铺二楼","phone":"电话:13379862666"},{"name":"乔亲网吧","address":"利国镇绿源市场第4栋二层B号","phone":""},{"name":"宏英盛网吧","address":"海南省乐东黎族自治县黄流镇金鸡岭","phone":"电话:18389724323"},{"name":"九所镇八星网咖(美乐购物广场店)","address":"乐东黎族自治县乐东县九所镇老车站二楼","phone":"电话:13379862666"},{"name":"卓锋电竞","address":"海南省乐东黎族自治县千家镇中心大道223号","phone":"电话:18976298789"},{"name":"宜博电竞馆(乐祥路店)","address":"乐东黎族自治县乐达路乐东车站","phone":"电话:17763858868/17789829451"},{"name":"乐东嘉年网咖","address":"海南省乐东黎族自治县佛罗镇中心大道香城宾馆东边1栋二楼","phone":"电话:13379862666"},{"name":"偶予电玩(兴业福苑店)","address":"乐东商业步行街4幢二楼1号（多美丽旁）","phone":"电话:15607557890"}]