[{"name":"天使电竞","address":"苴国路南侧苴国市场2期1号楼2层2号","phone":""},{"name":"再约网咖","address":"利州东路三段457号东方豪泰3楼","phone":"电话:0839-2308866"},{"name":"战旗网咖(南京街店)","address":"南京路开云世家工行二楼","phone":"电话:15284886777"},{"name":"热点网络茶楼(恒星城店)","address":"古堰路152号","phone":""},{"name":"格调茶空间电竞馆(百利城店)","address":"天源街180-184号","phone":"电话:0839-3613066"},{"name":"幕希电竞","address":"老城转盘路海壕街北段1号（天籁酒店一楼）","phone":"电话:0839-2309989"},{"name":"潮牛电竞网咖","address":"北京路骏仕锦城2楼","phone":"电话:18683970950"},{"name":"熊猫电竞","address":"兴安路芙蓉四季花城二楼","phone":"电话:18089567999"},{"name":"巢客电竞棋牌商务(剑门路店)","address":"天悦府7栋2-1号","phone":""},{"name":"DNA电竞馆·桌游·网咖·VR","address":"江南镇落英缤纷路北段一品天下六号楼三楼（落英缤纷路北段南）","phone":"电话:18981237866"},{"name":"格调网咖(恒昌108花园店)","address":"东坝办事处利州东路108花园商住楼A幢2楼1号","phone":"电话:0839-3222166"},{"name":"热点网络(万源店)","address":"万源新区文达路23号曼哈顿一期2栋3层","phone":"电话:0839-3266077/18113705711"},{"name":"蓝港网咖","address":"兴安路二段广元市社会主义学院北侧约100米","phone":"电话:0839-3370869"},{"name":"格调茶空间卓威电竞馆(南河店)","address":"四川省广元市利州区南河街道北京路都市名人广场3楼","phone":""},{"name":"半岛网咖·棋牌","address":"雪峰欧锦城临街2层","phone":"电话:0839-3603600"},{"name":"蜂巢网咖(凯胜店)","address":"南河街道凯盛大厦(如家酒店旁)","phone":"电话:0839-3213777"},{"name":"我的快乐网吧","address":"金轮南路36-38号","phone":""},{"name":"纵横电竞(惠家沟市场店)","address":"四川省广元市利州区惠家沟市场2楼","phone":"电话:0839-2308998"},{"name":"熊猫电竞","address":"兴安宾馆两桥街67号","phone":""},{"name":"雷神网咖","address":"开元路附近","phone":"电话:0839-3226667"},{"name":"雷神网咖","address":"开元路附近","phone":"电话:0839-3226667"},{"name":"摩非电竞茶室(市场街店)","address":"市场街广元商城1栋1-2层","phone":"电话:0839-3218489"},{"name":"源心电竞(和成世纪2期店)","address":"雪峰街道办事处和成世纪南区1栋2-1号","phone":"电话:18981252353"},{"name":"闲情网咖(南河店)","address":"南河金域香江2幢3-1室","phone":"电话:0839-3661066"},{"name":"畅游网咖","address":"雪峰澳源体育中心","phone":"电话:18980159553"},{"name":"格调茶空间卓威电竞馆(南河店)","address":"四川省广元市利州区南河街道北京路都市名人广场3楼","phone":""},{"name":"时代网咖(郑州路店)","address":"郑州路212号","phone":"电话:0839-3506904"},{"name":"动力熊电玩城(图腾·海博春天中心广场店)","address":"老城北街图腾广场7楼","phone":"电话:18683569805"},{"name":"7M电竞酒店(老城店)","address":"嘉陵办事处蜀门北路与东街口转角处广元晶蓝酒店管理有限公司三楼","phone":""},{"name":"格调网咖(老城天添店)","address":"下河街47号商会大厦F1层","phone":"电话:3600366"},{"name":"九号网咖(胤国路店)","address":"滨河北路652号","phone":"电话:18040467778"},{"name":"头等舱网咖","address":"滨江国际北门旁","phone":""},{"name":"星境电玩馆·PS5·撸猫·SWITCH(万达金街店)","address":"广元市翠云路万达广场凤凰里金街2期2-11号","phone":""},{"name":"世纪神话网络会所(建设路)","address":"蜀门北路二段37号","phone":""},{"name":"伊甸园网咖茶楼(水柜街店)","address":"东润新城东南门旁","phone":"电话:18040467779"},{"name":"超音速网络会所","address":"兴安路548-550号","phone":"电话:0839-3233123"},{"name":"怪兽电玩社(万达金街店)","address":"剑门路万达广场凤凰里金街1期2楼51-52号","phone":"电话:18980153658"},{"name":"城市风云潮玩家庭娱乐中心V-PLAY(城南·时代广场店)","address":"嘉陵街道南街时代广场华联超市1楼广场乡村基旁","phone":"电话:15284111992"},{"name":"天使之城网咖茶楼","address":"蜀门北路二段274号","phone":"电话:0839-3266299"},{"name":"布鲁塞尔(苴国路店)","address":"苴国路521号2F","phone":"电话:0839-3278866"},{"name":"电竞茶楼(骏仕锦城店)","address":"广元市利州区北京路骏仕锦城","phone":""},{"name":"未来游戏主机(万达广场万源三号路店)","address":"四川省广元市利州区万缘路与万源大桥交叉口东南角万达广场F3","phone":""},{"name":"云逸宝游戏厅(太平洋影城新华街店)","address":"广元市新华街阳光世纪购物中心旁太平洋影城休息区前台旁","phone":""},{"name":"城市风云(城南·时代广场店)","address":"嘉陵街道南街时代广场华联超市1楼广场乡村基旁","phone":""},{"name":"撇狗娃娃机bad dog(万达影城店)","address":"万达广场四楼万达影城（大堂内baddog娃娃机）","phone":""},{"name":"毛毛蟲乐园(永隆精品百货店)","address":"嘉陵街道嘉陵办事处北街永隆商城三层","phone":""}]