[{"name":"大魔王电竞俱乐部(半岛广场购物中心店)","address":"龙湾半岛购物中心二楼","phone":"电话:19993218787"},{"name":"桔子堂网咖(临洮店)","address":"老西街美食一条街5号7号商铺","phone":""},{"name":"星熠电竞·台球·KTV","address":"人民西路速8酒店3楼","phone":""},{"name":"致青春网咖(巅峰电竞)","address":"临康路197号熙河雅居4号楼一层商铺","phone":"电话:09322233378"},{"name":"定西洋芋电竞旗舰店","address":"安定区润泽园商业步行街a2-1商铺","phone":"电话:13079368173"},{"name":"头号玩家电竞馆(五洲购物广场店)","address":"甘肃省定西市临洮县瑞新路6-2-41头号佳和国际2楼","phone":"电话:18693232777"},{"name":"八零电竞","address":"陇西县崇文路宏图家园","phone":"电话:18009323434"},{"name":"超时代·网咖(背斗巷)","address":"背斗巷6号","phone":""},{"name":"洋芋电竞网咖","address":"甘肃省定西市安定区广厦阳光家园滨河A楼A2-1商铺(福门新天地后门正对面)","phone":"电话:13079368173"},{"name":"土豆电子竞技馆","address":"甘肃省定西市安定区中华路21号","phone":"电话:13909329858"}]