[{"name":"无畏电竞","address":"青海省海东市民和回族土族自治县香水段","phone":"电话:17697610666"},{"name":"牵手网咖电竞馆(湟中路店)","address":"湟中路1号","phone":"电话:18909728816"},{"name":"夸克网咖(海鸿国际广场店)","address":"川垣三路海鸿国际广场综合体6楼","phone":"电话:15809725747"},{"name":"赫兹电竞网咖(海东假日广场店)","address":"假日广场5楼16-537号","phone":"电话:15500555705"},{"name":"拾光电竞(川垣北路店)","address":"青海省海东市民和回族土族自治县川口镇川垣二路广兴源城市广场对面","phone":"电话:18697217259"},{"name":"梦马电竞生活馆","address":"曹家堡路与驿州路交叉口北40米","phone":"电话:13299773338"},{"name":"闪客电竞","address":"海东市民和回族土族自治县川垣大道馨苑小区东侧约60米","phone":""},{"name":"维乐电竞台球俱乐部","address":"海东市乐都区饮水路东升小区南侧","phone":""},{"name":"维乐电竞(弘韵店)","address":"海东市乐都区西关街乐都水泥厂家属院","phone":""},{"name":"逸天电竞网咖","address":"海东市化隆回族自治县民生路丽水豪庭东苑东北侧约140米","phone":"电话:17725299701"},{"name":"海东云界电竞酒店","address":"海东市东大桥上亿广场2号楼营销中心4楼","phone":""},{"name":"童乐门大玩家","address":"古城大街13-3附近","phone":"电话:18146322035"},{"name":"萌宠咖啡电玩","address":"西关街龙祥新城九蛟电竞公寓2楼98-01","phone":""},{"name":"酷玩基地","address":"海东市平安区民和路东方明珠·都市花园","phone":""},{"name":"萌宠咖啡电玩","address":"西关街龙祥新城九蛟电竞公寓2楼98-01","phone":""}]