[{"name":"大锤电竞网吧(白桥路店)","address":"白桥路恒基名都南100米路东","phone":"电话:17596059789"},{"name":"异度电竞","address":"驻马店市驿城区十三香路贝贝乐幼儿园西南侧约50米","phone":""},{"name":"布偶电竞","address":"河南省驻马店市泌阳县泌水街道办事处碧水江南三期c标一楼7号020商铺","phone":"电话:19303903222"},{"name":"润润网吧馆","address":"学院路皇家一里二期2号楼门面房201号","phone":"电话:15836622055"},{"name":"壹+电竞","address":"解放路270号中段(朗陵宾馆二楼)","phone":""},{"name":"青年电竞(弘兴店)","address":"河南省驻马店市驿城区文明大道1099号","phone":"电话:18937687778"},{"name":"休闲电竞","address":"驻马店市驿城区正阳路鼎盛新城1期东北侧约30米","phone":""},{"name":"聚龙电竞","address":"河南省驻马店市西平县解放路28号","phone":"电话:0396-3630988"},{"name":"维斯电竞馆(玖隆茂购物中心店)","address":"置地大道玖隆茂商场二楼东南角","phone":"电话:0396-2833336/13271757177"},{"name":"红蚂蚁电竞(振兴路店)","address":"人民路与振兴路交叉口东北50米","phone":"电话:18836013628"},{"name":"黑鲨电竞","address":"河南省驻马店市驿城区G107文明大道","phone":""},{"name":"大锤电竞(学院路店)","address":"解放大道与学院路交叉口东北40米","phone":"电话:16692928713"},{"name":"维斯电竞(环球港店)","address":"天中环球港三楼","phone":"电话:15836771520"},{"name":"维斯电竞(龙耀店/黄淮学院店)","address":"文明大道与开源大道交汇处东南角置地百盛园7号楼门面房","phone":"电话:0396-2696665"},{"name":"鲸蓝电竞馆","address":"慎阳路天地惠城底商","phone":"电话:19903906050"},{"name":"大锤电竞(正阳店)","address":"城市便捷酒店3楼","phone":"电话:18539667290/18903962623"},{"name":"战壕电竞","address":"光明路北段运输公司家属院1层","phone":"电话:18003961320"},{"name":"繁星电竞(奥拉店)","address":"置地大道与天中山大道交叉口东北角假日名门1306号","phone":""},{"name":"漫城电竞(情缘店)","address":"天顺路骏马路588号","phone":""},{"name":"维斯电竞馆(玖隆茂购物中心店)","address":"置地大道玖隆茂商场二楼东南角","phone":"电话:0396-2833336/13271757177"},{"name":"维斯电竞馆(玖隆茂购物中心店)","address":"置地大道玖隆茂商场二楼东南角","phone":"电话:0396-2833336/13271757177"},{"name":"维斯电竞馆(甲壳虫店)","address":"驻马店市驿城区-置地大道与天中山大道交汇甲壳虫青春道商业街3F-002号","phone":"电话:19303909255"},{"name":"麦田电竞(金色置地广场店)","address":"雪松大道与文明大道交叉口西南角鑫城大厦二楼","phone":""},{"name":"四季风网吧","address":"温州步行街6号楼2楼","phone":""},{"name":"繁星电竞(爱思店)","address":"河南省驻马店市驿城区金河街道文明大道与通达路交叉口北200米路西御锦花园小区","phone":"电话:0396-2810999/15286881199"},{"name":"摩杰网咖","address":"交通路1119号中南阳光城东南门旁","phone":""},{"name":"新百度网咖(正阳路)","address":"正阳路城市快捷酒店三楼","phone":"电话:17339671598"},{"name":"聚星电竞","address":"驻马店市驿城区解放大道世纪景苑","phone":""},{"name":"大锤电竞(贸易广场店)","address":"雪松路与前进路交叉口向西700米路北木材公司家属院2号楼1楼5号","phone":"电话:19037962010"},{"name":"艾特网咖","address":"慎阳路天中第一城西苑停车场入口处","phone":"电话:15939672996"},{"name":"艾特网咖","address":"慎阳路天中第一城西苑停车场入口处","phone":"电话:15939672996"},{"name":"繁星电竞(世纪店)","address":"河南省驻马店市驿城区解放路中影旭强激光影城-","phone":"电话:17633820612"},{"name":"雪狐网络(正乐路店)","address":"乐山路北段正乐街07号","phone":"电话:18739672885"},{"name":"大赢家电玩城","address":"开源大道80号体育中心B2","phone":""},{"name":"BOX盒子主机游戏体验馆(玖隆茂店)","address":"CBD爱克大厦F座13楼1309室","phone":"电话:18338531168"},{"name":"摸鱼吧电玩游戏馆","address":"天中山大道与置地大道交叉口甲壳虫14楼13A55室（九号院餐厅对面）","phone":"电话:17339661251/17395993092"}]