[{"name":"穿越网咖(城市之光店)","address":"珠城路284号城市之光小区1号楼","phone":"电话:15055260077"},{"name":"金浣熊网吧","address":"治淮路618号","phone":""},{"name":"天和网吧","address":"涂山路1141号","phone":"电话:0552-4922551"},{"name":"雷神电竞网咖","address":"东风南路汇金国际","phone":"电话:13155236111"},{"name":"莫兰迪电竞网咖","address":"华光大道525号8号楼01商铺","phone":"电话:17705521986"},{"name":"树呆熊网咖(蚌埠大学城店)","address":"大学城学府路龙湖春天北门","phone":"电话:17375285516"},{"name":"佳佳电竞网咖·台球棋牌","address":"涂山东路银杏园4号楼2号商业二层东侧","phone":"电话:0552-6681188"},{"name":"橘猫网吧","address":"湖光小区西门S6-47号","phone":"电话:17600482854"},{"name":"红树林网吧·电竞网咖(宏业路店)","address":"宏业路214所","phone":"电话:15905520567"},{"name":"南山网咖电竞馆(淮上店)","address":"吴小街镇海通医药物流园3号楼106、107、108号","phone":"电话:13905525265"},{"name":"星神网咖","address":"禹会虚镇春暖花开南门","phone":"电话:18055268269"},{"name":"森汣电竞网咖(朝阳路店)","address":"朝阳路7号区2号楼6号","phone":"电话:0552-3318686"},{"name":"森汣电竞网咖(蚌埠万达店)","address":"航苑路344号","phone":"电话:0552-3295888"},{"name":"菠萝蜜网吧(万兆光纤体验店)","address":"汤和路1774号","phone":"电话:18905527103"},{"name":"南山电竞旗舰店(银泰店)","address":"新地城市广场7号楼2F-2001-2003","phone":"电话:18055200213"},{"name":"逸网电竞","address":"安徽省蚌埠市禹会区禹会虚镇席家沟路203号","phone":""},{"name":"壹比零网咖","address":"治淮路92号3楼","phone":""},{"name":"东半球电竞馆","address":"解放路与东货场路交口荣盛香榭兰亭小区北门","phone":"电话:13665628027"},{"name":"森汣电竞网咖(水游城店)","address":"鹏欣水游城B1商业区2层208室","phone":"电话:17730079999"},{"name":"风尚电竞网咖","address":"安徽省蚌埠市禹会区茗香金庭4号楼286号商铺","phone":"电话:16655288037"},{"name":"海啸网吧(光明街)","address":"延安路17号3号楼1-3号","phone":"电话:13855285850"},{"name":"时光网吧(淮河路)","address":"淮河路伯爵商务酒店(淮河路店)","phone":""},{"name":"南山电竞","address":"安徽省蚌埠市蚌山区东海大道4000号银泰百货(蚌埠东海大道店)底商F1","phone":""},{"name":"树呆熊网咖(陶店家园店)","address":"陶店家园南苑","phone":"电话:13855208811"},{"name":"零号玩家电竞","address":"淮上大道丽景天成花园38号楼1-2层2号","phone":"电话:15855520152"},{"name":"魔杰网咖电竞馆(穿越网咖三分店)","address":"通成国贸广场北门西50米","phone":"电话:15055260077"},{"name":"刀客电竞网咖","address":"陶山嘉苑1期东北门东南150米","phone":""},{"name":"星空电竞(火车站店)","address":"安徽省蚌埠市龙子湖区国强路317号东珠大厦1楼","phone":"电话:13309652220"},{"name":"树呆熊网咖(银泰城店)","address":"富民路","phone":"电话:13053119787"},{"name":"大时代网吧(国庆街店)","address":"国庆街名仕苑6号楼","phone":"电话:0552-3065378"},{"name":"季风网咖","address":"绿地世纪城","phone":"电话:17730064488"},{"name":"战豆电竞3.0(蚌埠大学城店)","address":"安徽省蚌埠市龙子湖区融实购物中心三楼","phone":"电话:17555250986"},{"name":"宜博电竞馆(水游城店)","address":"鹏欣水游城2-1号112-117(2F)号商铺","phone":"电话:05527188868"},{"name":"卡秋莎网咖","address":"曙光路黄山府邸北门西北120米","phone":""},{"name":"X电竞基地(凤凰国际店)","address":"安徽省蚌埠市蚌山区凤凰国际b座25层","phone":""},{"name":"南山电竞馆(陶山店)","address":"迎宾大道陶山嘉苑北区西南门门口","phone":"电话:15855237514"},{"name":"鸿鑫网咖·电竞网吧(工农路店)","address":"工农路清大德人1层4-5号","phone":"电话:18055211699"},{"name":"觅乐空间网吧","address":"涂山路宝龙城市广场海盗船尾旁露天电梯3楼","phone":"电话:19011331253"},{"name":"天辰电竞(富民路)","address":"安徽省蚌埠市蚌山区富民路79号","phone":"电话:18196611111"},{"name":"天辰电竞馆(和顺店)","address":"安徽省蚌埠市禹会区和顺第九街s10号","phone":"电话:17355285888"},{"name":"天辰电竞(富民路)","address":"安徽省蚌埠市蚌山区富民路79号","phone":"电话:18196611111"},{"name":"觅乐空间网吧","address":"涂山路宝龙城市广场海盗船尾旁露天电梯3楼","phone":"电话:19011331253"},{"name":"天辰电竞馆(和顺店)","address":"安徽省蚌埠市禹会区和顺第九街s10号","phone":"电话:17355285888"},{"name":"树呆熊网咖(万达广场店)","address":"万达珍珠坊西口二楼","phone":"电话:13145522052"},{"name":"众神网咖(水游城店)","address":"荆山路1460号水游城b1","phone":"电话:18905523222"},{"name":"鲨鱼主题网络","address":"双墩路2309附近","phone":""},{"name":"南山网咖(宝龙店)","address":"汉明街淮河文化广场宝龙城市广场B区3022号","phone":"电话:0552-3388111"},{"name":"茗扬网咖","address":"风情街25号","phone":"电话:17730068508"},{"name":"1号电竞网咖(文苑小区店)","address":"安徽省蚌埠市怀远县禹都大道文苑小区1号","phone":"电话:15385855546"},{"name":"神鱼网吧(淮上店)","address":"双墩路2285号淮滨新村(南门)","phone":""},{"name":"锦秀状元网咖·桌球棋牌","address":"纬四路合家福超市旁","phone":"电话:13335528293/13335528575"},{"name":"冰火网咖","address":"昌南路266号客运南站南500M","phone":"电话:19955217530"},{"name":"灵蜂网咖","address":"陶店路陶店家园北苑东门22号楼门面","phone":"电话:19955217530"},{"name":"网鱼网咖·电竞(蚌山宝龙广场店)","address":"汉明街70号","phone":"电话:0552-3190666"},{"name":"极星电竞(榴花路店)","address":"凯旋公馆南门西50米","phone":"电话:17730067303"},{"name":"北宇网咖","address":"涂山路锦上苑908号商铺","phone":"电话:15805526699"},{"name":"悠漫网咖·电玩棋牌","address":"华美嘉园东门西南200米","phone":"电话:0552-3318686/18305521670"},{"name":"大中华网虫俱乐部","address":"解放三路492号","phone":"电话:13865028286/15955298181"},{"name":"糖果电竞宾馆(百大购物中心宝龙店)","address":"安徽省蚌埠市蚌山区涂山东路1596号百大购物中心F4","phone":""},{"name":"南山电竞馆(陶山店)","address":"迎宾大道陶山嘉苑北区西南门门口","phone":"电话:15855237514"},{"name":"神鱼网吧(淮上店)","address":"双墩路2285号淮滨新村(南门)","phone":""},{"name":"南山电竞","address":"安徽省蚌埠市蚌山区东海大道4000号银泰百货(蚌埠东海大道店)底商F1","phone":""},{"name":"网咖电竞","address":"蚌埠市蚌山区朝阳南路辰星幼儿园北侧约60米","phone":""},{"name":"金灵娱乐电玩城","address":"胜利街道延安路591号","phone":""},{"name":"风信子网吧·棋牌室(华夏尚都店)","address":"兴业街华夏尚都B4栋","phone":"电话:13135527995"},{"name":"星城网咖","address":"纬一小区3号楼小吃街北首","phone":"电话:15895681715"},{"name":"飞越时空网咖","address":"新河花园小区A区西门北50米","phone":"电话:18096522300"},{"name":"玩家电竞馆(兴和路店)","address":"蚌埠市禹会区兴和路喜迎门小区","phone":""},{"name":"大玩家(蚌埠万达店)","address":"东海大道4399号万达广场二楼西北部","phone":"电话:0552-3137779"},{"name":"动感世界网吧","address":"南山路427号","phone":""},{"name":"头号玩家潮玩竞技(国强路店)","address":"东鼎购物中心四层ZF4-02/4002号","phone":"电话:0552-7187777"},{"name":"魔树网咖(森汣水游城店)","address":"蚌埠市蚌山区荆山路蚌埠水游城","phone":""},{"name":"蘑菇岛游戏体验馆","address":"龙湖春天cs2-1号楼5号","phone":"电话:13004086130"},{"name":"蚌埠竞城电竞酒店","address":"安徽省蚌埠市禹会区兴中路2190号","phone":""}]