[{"name":"领航者电竞馆","address":"长胜路鄂尔多斯市达拉特旗人民医院东南侧约120米","phone":""},{"name":"自由空间网吧(汇江大厦店)","address":"迎宾大街汇江大厦1层","phone":"电话:18747738743"},{"name":"北斗星网吧(三利汽贸宾馆店)","address":"三利汽修西北门旁","phone":"电话:15049473458"},{"name":"王者网咖","address":"迎宾路天誉天城二期2楼","phone":"电话:18647751404"},{"name":"相约网吧(文明西街店)","address":"金辉商业街三期B1-07号","phone":"电话:15947506099"},{"name":"青橙电竞馆","address":"内蒙古自治区鄂尔多斯市乌审旗S313(府深线)","phone":"电话:18147858979"},{"name":"优你电竞网咖","address":"内蒙古自治区鄂尔多斯市伊金霍洛旗金水湾小区(阿大公路南500米)","phone":"电话:18047788141"},{"name":"青柠檬电竞","address":"鄂尔多斯市乌审旗蒙格沁社区西北侧约250米","phone":"电话:18147858979"},{"name":"一哥网吧","address":"旗顺家园五号楼207号底商","phone":"电话:18747772474"},{"name":"南极星网吧·卓威包厢(伊金霍洛街店)","address":"伊金霍洛西街37号东煤小区南门成荣调料大全","phone":"电话:15149788666"},{"name":"","address":"","phone":""},{"name":"","address":"","phone":""},{"name":"","address":"","phone":""},{"name":"","address":"","phone":""},{"name":"","address":"","phone":""},{"name":"","address":"","phone":""},{"name":"","address":"","phone":""}]