[{"name":"康乐电竞(荣久路)","address":"黑龙江省双鸭山市饶河县迎春街饶河县中医医院东南侧约90米","phone":""},{"name":"魔鱼电竞网吧","address":"双鸭山市宝清县建设街和平里小区东北侧约60米","phone":"电话:18746988555"},{"name":"新联盟网咖","address":"红兴隆分局祥和小区(兴城路西)","phone":""},{"name":"超级星座(宝清店)","address":"新华路388号百盟广场F3层","phone":"电话:13500600080"},{"name":"翰龙网吧","address":"保卫路与繁荣街交叉口西80米","phone":"电话:15045721314"},{"name":"e代尖兵网咖","address":"五马路68号","phone":"电话:18646945222"},{"name":"100分运动潮玩街区","address":"新兴大街第一百货5楼","phone":"电话:04698829999"},{"name":"网鱼网咖(亿安公寓店)","address":"双鸭山市集贤县七星街亿安公寓","phone":""},{"name":"立业网吧","address":"兴源小区东北2门西北70米","phone":"电话:13946676772"},{"name":"蓝宇网络会馆","address":"七星街亿安小区23号楼","phone":"电话:13039753588"}]