[{"name":"梦工场电竞(岭南路店)","address":"岭南路55号迅发苑","phone":"电话:13411352362"},{"name":"网鱼网咖·电竞(珠海宝龙城店)","address":"高新宝龙广场","phone":"电话:18590140772"},{"name":"网鱼网咖·电竞(珠海翠前北路店)","address":"翠前北路西海花园商铺2楼","phone":"电话:15307566288"},{"name":"飞速网吧(丹田大厦店)","address":"景莲街1号丹田大厦2层","phone":"电话:0756-3333186"},{"name":"网鱼网咖·电竞(珠海香华路店)","address":"香华路429号之一","phone":"电话:18948157553"},{"name":"网鱼网咖·电竞(珠海五洲花城店)","address":"银桦路188号","phone":"电话:13322877970"},{"name":"K-ONE电竞(十字门店)","address":"中环街142号中环时代广场2楼204号商铺","phone":"电话:13232219884"},{"name":"网鱼网咖·电竞(珠海拱北口岸店)","address":"粤华路152号新市花园23栋1层13号商铺","phone":"电话:18926931529"},{"name":"登峰电竞网咖","address":"广东省珠海市斗门区井岸镇西埔市场二期商务酒店一层之一","phone":""},{"name":"魔兔电竞(明珠路店)","address":"广东省珠海市香洲区明珠南路1090号","phone":"电话:18377591744"},{"name":"横好玩潮玩游戏空间(珠海高新宝龙广场店)","address":"金峰北路88号宝龙广场四层L4-020商铺","phone":"电话:0756-8856025"},{"name":"YY台球电竞棋牌俱乐部","address":"金峰中路155号","phone":"电话:15323634889"},{"name":"云逸宝摇杆游戏机(横店电影城珠海高新宝龙店)","address":"唐家湾镇金峰北路88号宝龙广场4楼横店电影城内大厅前台旁","phone":""}]