[{"name":"电竞部落网咖","address":"康藏商都11栋2层","phone":"电话:18908876608"},{"name":"银座宜博电竞馆","address":"迪庆藏族自治州池慈卡街坛城广场B1-1-3号","phone":""},{"name":"森川电竞","address":"云南省迪庆藏族自治州香格里拉市康珠大道230号","phone":"电话:18487566838"},{"name":"AFG动物引力电竞馆(香格里拉店)","address":"综合贸易中心二号楼三楼","phone":"电话:13378877888/18608874443"},{"name":"阿尔法网咖","address":"云南省迪庆藏族自治州香格里拉市康珠大道171号","phone":""},{"name":"P城电竞俱乐部","address":"云南省迪庆藏族自治州香格里拉市长征大道169号","phone":"电话:13038609458"},{"name":"小玩家时代城","address":"阳塘路63号","phone":"电话:13308871389"},{"name":"方云电竞俱乐部","address":"迪庆藏族自治州香格里拉市香巴拉小镇白玛林卡-一区西南侧约170米","phone":""},{"name":"巢·电玩社","address":"日月星辰1栋S-209","phone":""},{"name":"潮酷动漫电玩城","address":"云南省迪庆藏族自治州维西傈僳族自治县永春乡念萨街55号","phone":"电话:13988708513"}]