[{"name":"人人乐电竞","address":"广西壮族自治区钦州市灵山县江西坪街25号","phone":"电话:13807775812"},{"name":"酷电竞(江滨大厦店)","address":"广西壮族自治区钦州市钦北区新华路江滨豪园10栋2楼","phone":"电话:0777-3811118"},{"name":"海克斯电竞","address":"钦州湾大道小肥羊入口三楼","phone":"电话:19177713332"},{"name":"万颐电竞(钦州店)","address":"广西壮族自治区钦州市子材东大街阳光曼哈顿2座1-20号商铺","phone":"电话:19978002357"},{"name":"振华网咖","address":"小江镇解放中路26号振华网咖三楼（现解放路2号）","phone":""},{"name":"月影电竞体验馆","address":"安州大道吾悦广场粤港风情街西门（中国自助福利彩票电梯二楼206号8）","phone":"电话:17772047090"},{"name":"壹号电竞(吾悅店)","address":"安州大道长荣新城子座78号正南方向","phone":"电话:19127702899"},{"name":"盛天电竞网咖","address":"广西壮族自治区钦州市灵山县沿江路盛天名城一期4栋2楼","phone":"电话:13324770566"},{"name":"红火网吧(明珠一街店)","address":"南珠西大街181号","phone":"电话:13558275880"},{"name":"钦州市钦南区王者网咖","address":"南珠街道材街道钦州湾大道13号年年丰对面锦江之星酒店二楼","phone":""},{"name":"酷速电竞","address":"新兴路57号大世界商业广场","phone":""},{"name":"天之娇女网吧(东进大楼店)","address":"兴业路中央公馆斜","phone":"电话:13977737688"},{"name":"飞悦电竞","address":"中地·滨江壹号二区售楼部旁二楼","phone":""},{"name":"壹号电竞(万国店)","address":"钦州湾大道万国商业广场3楼北面","phone":"电话:18177770281"},{"name":"熊猫电竞","address":"子材东大街盛天华府B1栋1层09-11号","phone":"电话:13197773267"},{"name":"博势巅峰电竞(德瑞世纪汇广场店)","address":"钦州湾大道年年丰广场对面","phone":"电话:13207772707"},{"name":"怡乐电竞","address":"人民路16号东方大厦二楼恒基广场对面","phone":""},{"name":"宜博电竞馆(钦州店)","address":"扬帆北大道8号长融人和春天G区89-3号楼206-220铺面","phone":"电话:19126289181"},{"name":"佰佳电竞(钦州店)","address":"子材东大街4号阳光曼哈顿3座","phone":"电话:13827122258"},{"name":"时时来电竞","address":"育才路192号","phone":"电话:13387772168"},{"name":"星闪电竞","address":"金华路36号天元翰林尊府小区30号楼2层2-2号商铺","phone":"电话:18076669268"},{"name":"天龙网吧(西环南路店)","address":"西环南路69号","phone":"电话:15278700019"},{"name":"蓝图动漫城(仟仟万家店)","address":"钦州湾大道与永福西大街交汇处仟仟万家4楼","phone":"电话:18277704410"},{"name":"电竞馆","address":"钦州市钦北区兴业路东进大楼","phone":""},{"name":"酷宝电玩(钦州店)","address":"北部湾大道与南珠西大街交汇处","phone":""},{"name":"风云再起游乐汇(钦州吾悦广场店)","address":"金海湾东大街新城吾悦广场4F","phone":"电话:0777-3250707/18061760585"},{"name":"天空之城游乐体验世界(钦州新城吾悦广场金海湾东大街店)","address":"安州大道与金海湾东大街钦州新城吾悦广场F3","phone":""},{"name":"云逸宝摇杆游戏机(星轶STARX巨幕影城钦州吾悦广场旗舰店)","address":"金海湾东大街1号新城吾悦广场4楼星轶影城休息区前台旁","phone":""},{"name":"云逸宝游戏厅(恒大影城御景半岛店)","address":"钦州市扬帆北大道39号恒大御景半岛二期1楼恒大影城休息区前台旁","phone":""},{"name":"未来娱乐空间(钦州新城吾悦广场金海湾东大街店)","address":"安州大道与金海湾东大街钦州新城吾悦广场F2","phone":""},{"name":"金象游艺城","address":"钦州市钦北区文兴街联达国际广场","phone":""},{"name":"星拓乐(钦州新城吾悦广场店)","address":"金海湾东大街1号新城吾悦广场3层3011室","phone":""}]