[{"name":"极速网吧","address":"康居家园3号楼西数5室","phone":"电话:0458-2664999"},{"name":"聚人网咖","address":"花园街31号","phone":""},{"name":"摩咖网事","address":"通江路嘉荫商务酒店南侧约100米","phone":""},{"name":"白熊电竞网咖","address":"伊春市铁力市五一街公路客运总站东南侧约30米","phone":"电话:13359664443"},{"name":"星河舰队网吧","address":"伊春市金林区西林路南苑小区C座","phone":"电话:15765528885"},{"name":"春天网吧(黑龙江省伊春市铁力市步行街店)","address":"文化街94-96号","phone":"电话:0458-6185577"},{"name":"超级星座游戏体验中心(伊青商厦店)","address":"通河路伊青商厦6楼","phone":"电话:13354538994/18004587078"},{"name":"畅想大玩家电玩城(卓悦万象城店)","address":"通河路51号卓悦万象城F1层","phone":""},{"name":"玩家国度电竞馆(傲体中心店)","address":"伊春市伊美区青山西大街傲体中心","phone":""},{"name":"电玩城","address":"正阳大街龙悦新城西南侧约30米","phone":""}]