[{"name":"宜博电竞馆(陆河岁宝店)","address":"陆河大道聚福苑2楼a28号","phone":""},{"name":"灵犀电竞(城区店)","address":"广东省汕尾市城区汕尾大道中段信利广场二层","phone":"电话:18927902302"},{"name":"海枫电竞","address":"红城大道西金长农机大楼2楼","phone":"电话:18927961991"},{"name":"飞腾电竞","address":"汕尾市海丰县梅陇中路东安步溪北片梅陇中心城9栋1层商铺A5号","phone":""},{"name":"蜂巢电竞(海丰天虹购物中心店)","address":"广东省汕尾市海丰县天虹购物中心A区4楼","phone":"电话:13543134586"},{"name":"标点电竞","address":"东湖开发区四巷4号","phone":"电话:18902689223"},{"name":"芒果电竞(鹅埠店)","address":"鹅埠镇创意路与深汕大道交叉口处时尚品牌产业园19栋101和102号","phone":"电话:15820491282"},{"name":"喵星电竞","address":"海城镇北门社区人民西路1-6号泰荣商城4楼","phone":"电话:0660-6632380"},{"name":"巅峰电竞棋牌网咖(富力悦禧店)","address":"汕尾市红草大道中段富力悦禧C1栋巅峰电竞","phone":""},{"name":"电玩绿洲·ps5·switch游戏体验店","address":"城东镇全美国际家具城5栋1号","phone":"电话:18027873880"},{"name":"金色网吧","address":"城内路281号(城内古巷与城内大巷后一巷交叉口南180米)","phone":""}]