[{"name":"电竞","address":"自贡市自流井区汇兴路雅郡酒店","phone":""},{"name":"千里网吧(爱和路店)","address":"爱和路94号","phone":"电话:15309006383"},{"name":"柚子网咖","address":"富州大道西段248号附3号,附4号","phone":"电话:18880488220"},{"name":"摩尔网咖(英祥丽都新居店)","address":"丽都新居3号楼89号商铺","phone":"电话:0813-2203606"},{"name":"希维尔网咖·金沙店","address":"仁和路105号","phone":"电话:0813-2300676"},{"name":"守望之海电竞馆(西城一号店)","address":"富州大道中段380号远达西城一号2栋15号","phone":"电话:19160983228"},{"name":"嘿兔电竞","address":"紫薇路206号南湖印象临街商铺3层","phone":"电话:0813-3210000"},{"name":"主题网咖(毛家坝店)","address":"毛家坝方冲小区后门","phone":"电话:0813-5207777"},{"name":"网友之家网咖","address":"西街150-42-44号","phone":"电话:18990085094"},{"name":"主题网咖(麦田店)","address":"板南大道与古盐大道交叉口西60米","phone":"电话:0813-2201146"},{"name":"主题网咖(毛家坝店)","address":"毛家坝方冲小区后门","phone":"电话:0813-5207777"},{"name":"主题网咖(麦田店)","address":"板南大道与古盐大道交叉口西60米","phone":"电话:0813-2201146"},{"name":"酷玩车间主机游戏体验馆(梵华1939购物中心店)","address":"四川省自贡市自流井区檀木林街315号","phone":"电话:18111435774"},{"name":"EMO电竞馆(华商购物中心店)","address":"华商国际城一期楠火锅二楼","phone":"电话:17398867888"},{"name":"主题网咖(首座店)","address":"光大街光大名筑3楼","phone":"电话:0813-5880977/13990012927"},{"name":"台球网吧","address":"大安马冲口创新网吧二楼","phone":""},{"name":"电竞沙龙iBOX主机游戏(自贡华商爱琴海购物中心A馆店)","address":"自贡市自流井区华商北路155号自贡华商爱琴海购物中心A馆B1","phone":""},{"name":"星辰网吧","address":"仁和半岛景苑3号楼营1-6号（仁和印象对面）","phone":""},{"name":"希维尔网咖·金克丝店","address":"贡兴路二段777号卓逸新天地6栋1-25铺","phone":"电话:0813-3332626"},{"name":"贵族网咖(远达花园西)","address":"盐都大道1号2楼","phone":"电话:0813-2629500"},{"name":"鑫浪网吧","address":"自贡市贡井区和平路和平广场","phone":"电话:0813-3306370"},{"name":"塞纳恩佐网咖","address":"丹桂大街与汇东路交叉路口往东南约50米","phone":"电话:18160095883"},{"name":"竞技人网咖台球","address":"卢卡小城小城贵足楼下2楼","phone":"电话:17828806737"},{"name":"G2街区潮玩娱乐(自贡店)","address":"华商国际城一期5号楼星维电影院一楼","phone":"电话:18086863977"},{"name":"云麓美少女助教·电玩·酒馆·K歌(华商国际城店)","address":"自贡市自流井区汇南路10号华商国际城F1","phone":""},{"name":"润宝梦想潮玩娱乐(自贡万达广场店)","address":"万达广场1B层","phone":""},{"name":"千禧电竞酒店","address":"四川省自贡市自流井区丹桂街道汇东路205","phone":""},{"name":"极限跃动·体感运动游戏集合店(华商店)","address":"华商爱琴海购物公园3楼","phone":"电话:13990088795"},{"name":"金鑫电玩城","address":"自贡市大安区汇川路盐都花园北侧约50米","phone":""},{"name":"云逸宝摇杆游戏机(嘉凯影城自贡店)","address":"新时代大道1号沿滩新城3楼恒大嘉凯影城内大厅前台旁","phone":""}]