[{"name":"星里奥电竞(日喀则店)","address":"城南街道上海中路安鸿百货二楼","phone":"电话:18898006207"},{"name":"速成线网咖","address":"西藏自治区日喀则市江孜县白居路1号","phone":""},{"name":"普勒斯电竞馆","address":"黑龙江中路27号","phone":"电话:17888098859"},{"name":"光速时代网城","address":"扎德中路14号","phone":"电话:15528909390"},{"name":"切尔斯电竞网咖","address":"西藏自治区日喀则市桑珠孜区珠峰路1号天龙财富广场2楼","phone":"电话:13658993966"},{"name":"鲸羽电竞馆","address":"西藏自治区日喀则地区日喀则市城南街道黑龙江路14","phone":""},{"name":"仲电竞网咖","address":"日喀则市仲巴县上海宝钢大道西藏仲巴雅江源宾馆东侧约200米","phone":""},{"name":"麦斯网咖(旗舰店)","address":"上海南路与那热路交叉口南100米","phone":"电话:18117827303"},{"name":"云想网咖","address":"黑龙江中路与珠峰中路交叉口北60米","phone":"电话:15386657081"},{"name":"夸克电竞网咖","address":"西藏自治区日喀则市岗巴县环城西路菜市场对面","phone":"电话:17711979197"}]