[{"name":"万华网吧(渔港路店)","address":"渔港路19号","phone":"电话:18608948808"},{"name":"艺网2008(机械厂小区店)","address":"文建一横路21号","phone":"电话:13907509900"},{"name":"电竞网咖(公园店)","address":"文城镇文新路76号二楼","phone":"电话:0898-63286788"},{"name":"竞技网咖","address":"文建路新桃园酒店二楼","phone":"电话:0898-63380489"},{"name":"竞界电竞馆","address":"文建二横路28号二楼","phone":"电话:0898-63383345"},{"name":"逗号电竞(网悦店)","address":"海南省文昌市文城镇教育路228号联众商业广场一楼","phone":"电话:13389859756"},{"name":"逗号电竞(文昌众爱店)","address":"海南省文昌市文城镇文新路80号二楼","phone":"电话:13005019651"},{"name":"偶予电玩(文建二横路店)","address":"文城镇百佳汇购物中心(文昌店)","phone":""},{"name":"乐斯尼欢乐世界(文昌耀龄店)","address":"教育东路88号耀龄广场裙房商业2层F2-02号铺位","phone":"电话:16645266999"}]