[{"name":"宜博电竞馆(格尔木店)","address":"草原巷昆仑花园1号楼2层商铺","phone":"电话:13897593049"},{"name":"瑞青网吧","address":"前进路9号","phone":""},{"name":"世纪之恋网咖(世邦·城市广场店)","address":"柴达木路24号世邦城市广场如是酒店5楼","phone":"电话:13389478518"},{"name":"黑泊电竞","address":"青海省海西蒙古族藏族自治州茫崖市昆仑路66号","phone":""},{"name":"江河龙电竞宾馆","address":"青海省海西蒙古族藏族自治州格尔木市泰山中路6号","phone":""},{"name":"艾克电竞网咖","address":"中兴大街南侧5号商铺","phone":"电话:18197371187"},{"name":"天域网咖","address":"昆仑中路36号如家酒店","phone":""},{"name":"外星人网咖(中山路店)","address":"西城印象二期3号1栋商铺2层2002室","phone":"电话:19909791151"},{"name":"瑞青网络","address":"八一中路金佰川对面","phone":"电话:0979-8413513"},{"name":"极地先锋电竞馆","address":"昆仑中路84号附近","phone":"电话:18095795936"}]