[{"name":"电竞网","address":"怀化市洪江市芙蓉东路黔城汽车站西南侧约200米","phone":""},{"name":"W电竞","address":"怀化市鹤城区上吉巷丽都财富广场东南侧约130米","phone":""},{"name":"笨笨熊电竞网咖","address":"红星花溪路宏宇新城剑桥名门南门10栋201门面","phone":"电话:15115124543"},{"name":"网络电竞","address":"怀化市鹤城区正旺巷尚品国际西南侧约50米","phone":""},{"name":"网娱电竞","address":"湖南省怀化市靖州苗族侗族自治县中央大街1栋301室(德克士3楼)","phone":""},{"name":"爱玩电竞","address":"湖南怀化鹤城区天星东路383号","phone":"电话:18674578770"},{"name":"星辰电竞","address":"环城南路254号（万达购物广场2号门斜对面）","phone":""},{"name":"波比电竞","address":"怀化市溆浦县滨江雅苑西北侧约250米","phone":""},{"name":"起航网络","address":"西南大市场东南门西180米路南","phone":"电话:18119871108"},{"name":"爱尚网咖(富州南路店)","address":"富州南路125号东南方向10米","phone":"电话:15274555577"},{"name":"数字边缘电竞·华桂网吧","address":"锦溪北路318号","phone":"电话:15580695545"},{"name":"发条电竞·茶室","address":"城南街道天星东路与环城东路交汇处西南侧盛世华都商业区3栋304号","phone":"电话:19372166623"},{"name":"卓威电竞馆(沁园春店)","address":"平安路学林雅苑1栋2楼","phone":"电话:18174535888"},{"name":"蜗牛电竞网咖","address":"国际陆港经济开发区舞阳大道与环城西路西侧(金口物流城2栋)206室","phone":""},{"name":"雪人电竞馆(丰和园店)","address":"迎丰中路丰和园（锦溪北路）","phone":"电话:17369474600"},{"name":"华庆电竞馆","address":"德善路天庆商贸城1栋2层","phone":"电话:18075995557"},{"name":"傲峰电竞·青春店","address":"榆市路51号（和谐医院正对面)","phone":"电话:18163999110"},{"name":"焦点电竞馆","address":"湖南省怀化市鹤城区城北街道大汉龙城","phone":""},{"name":"爱尚电竞·华硕网吧旗舰店","address":"迎丰西路2栋101号","phone":"电话:18273872372"},{"name":"宜博电竞馆(武陵南路店)","address":"武陵南路8栋二楼","phone":"电话:17378037319"},{"name":"网艺电竞馆(河西店)","address":"神龙路207-208号舞水名居二期二栋","phone":"电话:15574500666"},{"name":"天涯电竞","address":"湖南省怀化市鹤城区迎丰东路111号","phone":"电话:13789269679"},{"name":"五條人电竞","address":"宏宇新城橡树湾21栋103","phone":"电话:18174250686/18607458286"},{"name":"一凡电竞","address":"沿河西路223号（教师新村沿街商铺）","phone":"电话:19374557804"},{"name":"风速电竞","address":"锦溪南路岳麓欧城二期长沙银行旁","phone":"电话:13467456123"},{"name":"艾斯电竞(动感网城店)","address":"湖南省怀化市鹤城区城中街道富程路7号中心汽车站综合楼二楼","phone":"电话:15096201793"},{"name":"潮汐电竞馆","address":"麻阳路政通大厦二楼","phone":"电话:13647458288"},{"name":"云野电竞馆","address":"怀化经开区滨江北侧西路(弘创中华城二期2栋)114号","phone":"电话:19375002976"},{"name":"新浪电竞(红星路店)","address":"湖南省怀化市鹤城区红星南路1192号","phone":"电话:15674566560"},{"name":"银蜘蛛电竞馆","address":"锦溪南路长泥坡新村","phone":""},{"name":"春雨网吧(鹤州北路店)","address":"鹤州北路35号","phone":"电话:18974503869"},{"name":"三星网咖","address":"裕丰巷122号（火车站南200米）","phone":"电话:15574500666"},{"name":"天源电竞(怀化学院东校区店)","address":"怀化学院东校区对面","phone":""},{"name":"欢游电竞馆(锦绣五溪店)","address":"城南街道锦绣五溪广场5号楼2楼201号","phone":"电话:13973091458"},{"name":"上座电竞","address":"湖南省怀化市鹤城区天星东路天星新嘉坡4栋203号","phone":""},{"name":"风驰电竞馆(城北店)","address":"武陵中路178号","phone":"电话:15386264292"},{"name":"天星电竞馆","address":"天星中路89号","phone":"电话:18374513498"},{"name":"零度电竞馆","address":"梨园路阳光华庭1栋-2-1、31-2-2、31-2-3号门面","phone":"电话:13787532682"},{"name":"境界电竞网咖","address":"湖南省怀化市鹤城区S312","phone":"电话:15672271004"},{"name":"快乐街区(怀化店)","address":"中心商业步行街B4区B441-B486号","phone":"电话:15344453570"},{"name":"新岸网咖(湖天一色店)","address":"锦园路湖天一色对面","phone":"电话:15377453265"},{"name":"曙光电竞馆(湖天一色店)","address":"湖天锦园南路36栋103号","phone":"电话:18874590000"},{"name":"潮色电竞馆","address":"舞水路南69号","phone":"电话:13647458288"},{"name":"三星电竞馆(南站店)","address":"南环路柏威酒店二楼","phone":"电话:15507455777"},{"name":"贵族电竞馆·红狐店","address":"红星南路657号","phone":"电话:17769230009"},{"name":"茶语电竞俱乐部","address":"晨龙茄啡酒店3楼","phone":"电话:18166212961"},{"name":"傲峰电竞(边城店)","address":"顺天路顺天国际S4号门面","phone":"电话:13789262463"},{"name":"先锋网栈","address":"第二人民医院北50米","phone":""},{"name":"相依电竞","address":"湖南省怀化市中方县S223泸阳汽车站西南侧约130米","phone":"电话:18274598892"},{"name":"赛维斯电竞","address":"湖南省怀化市鹤城区湖天北大道恒大御景湾东北侧约70米","phone":"电话:18074517860"},{"name":"E点风情网吧","address":"锦园路67号","phone":"电话:15115283368"},{"name":"联众电竞馆(府星路店)","address":"府星路一建公司门面","phone":"电话:15364453251"},{"name":"有米电竞","address":"湖南省怀化市鹤城区云集路287号","phone":"电话:18166241363/19974563351"},{"name":"新星宇电竞馆(锦溪南路店)","address":"锦溪南路392号","phone":"电话:19958241828"},{"name":"星宇网咖·棋牌(舞水路店)","address":"舞水路富民花鸟市场正对面","phone":"电话:17774587905"},{"name":"登峰网吧(龙泉剑店)","address":"湖南省怀化市鹤城区政通路163号","phone":"电话:17507488812"},{"name":"星炼电竞","address":"怀化市鹤城区南环路湖南省怀化高级技工学校北侧约250米","phone":"电话:18274591366"},{"name":"沸点电竞(怀化市风湿病研究所附属医院店)","address":"舞水路163号","phone":"电话:15367560637"},{"name":"极速网咖","address":"湖南省怀化市鹤城区榆市路177号","phone":"电话:15386261888"},{"name":"网迷之家(旗舰店)","address":"正清路10号","phone":"电话:13034882066"},{"name":"傲峰电竞(迎丰店)","address":"锦溪北路18号迎丰市场2楼","phone":"电话:18974537071"},{"name":"斗鱼网咖(鹤洲北路店)","address":"鹤洲北路139号","phone":"电话:18107451000"},{"name":"竞技网吧(怀北路店)","address":"怀北路552号","phone":"电话:0745-2863898"},{"name":"拉峰电竞(城东店)","address":"迎丰街道迎丰东路顺天大厦301(城东市场入口旁)","phone":"电话:18674563889"},{"name":"摩杰电竞","address":"紫东路大汉龙城一期","phone":"电话:18674570136"},{"name":"眉上梢·电竞网咖","address":"富程路312号","phone":"电话:15576526666"},{"name":"金海网吧(五溪大道店)","address":"五溪大道广电花园东南门东北侧约70米","phone":"电话:15211521222"},{"name":"同鑫网吧(南环路店)","address":"沿河路10号","phone":"电话:18274591366"},{"name":"华卿电竞馆·棋牌(火车站店)","address":"迎丰西路团结巷(人防市场)2栋215室","phone":"电话:17375596218"},{"name":"湖大网咖·棋牌(步步高店)","address":"迎丰西路团结二巷（王府大酒店）","phone":""},{"name":"秋水电竞","address":"怀化市鹤城区锦溪南路湖南医药学院北侧约60米","phone":""},{"name":"乐虹电竞","address":"湖南省怀化市鹤城区天星东路天星新嘉坡4栋203号","phone":"电话:18674516131"},{"name":"红枫网吧(春香店)","address":"迎丰东路城东市场第二个门面","phone":"电话:19974500916"},{"name":"长明电竞酒店","address":"湖南省怀化市鹤城区人民北路78号新天地城市广场F1","phone":""}]