[{"name":"潮玩社(新悦广场店)","address":"见龙大道649号新悦广场一楼","phone":""},{"name":"龙佳·逗号电竞超神网咖","address":"人民中路78号","phone":"电话:15607512345"},{"name":"清华大学网络俱乐部","address":"沿江二路47号(紧挨沿江二路47号)","phone":"电话:15508990300"},{"name":"百盛超市二楼电玩城","address":"定安县文体路24号","phone":"电话:18689763160"},{"name":"云逸宝摇杆游戏机(中影天安国际影城天安广场店)","address":"定安县定城镇人民中路15号4楼中影天安影城内大厅前台旁","phone":""},{"name":"电玩城(新悦广场店)","address":"海南省定安县定城镇见龙大道新悦广场一楼","phone":""}]