[{"name":"奇迹网咖","address":"澳门路饰全饰美旁","phone":""},{"name":"巅峰电竞(团团店)","address":"通达路与洗砚池街交汇豪森丽都7号楼3楼302-303室","phone":"电话:13355076128"},{"name":"蓝黑电竞(亮奇店)","address":"金一路与临西二路交汇北150米路东","phone":"电话:17753977558"},{"name":"飞云网咖","address":"临沂市费县紫荆路群睿幼儿园北侧约90米","phone":"电话:13020661198"},{"name":"巅峰电竞(郯城店)","address":"郯城镇南关二街郯中路中段路西2号三楼","phone":"电话:15173575463"},{"name":"无限电竞","address":"北园邻里中心沿街S103号","phone":"电话:13280591919"},{"name":"金银花电竞(无极限店)","address":"临沂市罗庄区通达南路康桥名居南侧约90米","phone":""},{"name":"苏荷·天机网咖","address":"临沂市沂水县天寿山路信合家园小区西南侧约80米","phone":"电话:15020946234"},{"name":"腾讯电竞","address":"临沂市兰山区沂蒙路银雀山汉墓竹简博物馆(装修中)","phone":""},{"name":"头蛇电竞·橙猫店","address":"通达路与涑河北街交汇处北300米路东（罗马皇宫斜对面）","phone":"电话:17560955771"},{"name":"戊虎电竞","address":"金雀山街道永恒华府沿街东北角（谊豪酒店南边）","phone":"电话:0539-8060609/19653907576"},{"name":"网鱼电竞(临沂大学天诚店)","address":"工业大道临沂大学城大学生活动中心一期A3F-11号","phone":"电话:19953902264"},{"name":"名流电竞","address":"临沭街道育源华庭B区2号楼104","phone":"电话:18866993846"},{"name":"允乐电竞","address":"山东省临沂市兰山区兰山街道办事处后洞门河东村佳庆物流沿街楼","phone":"电话:15969736581"},{"name":"巅峰电竞(神舟旗舰店)","address":"北园路与八腊庙街交汇向南100米路西","phone":"电话:19153917057"},{"name":"神舟电竞馆(橙果店)","address":"沂蒙路与考棚街交汇东南角二楼","phone":"电话:17705492888"},{"name":"迦南美地网吧","address":"张王庄社区幼儿园北门旁","phone":"电话:18560529010"},{"name":"青春电竞·忆楚管理(特斯拉店)","address":"沂蒙路与上海路交汇处东北角","phone":"电话:18253965660"},{"name":"非界电竞馆","address":"埠东家园西区东侧沿街室外电梯直达三楼","phone":"电话:18553925955"},{"name":"启航电竞","address":"兰山农村商业银行枣沟头支行营业部","phone":"电话:15165576665"},{"name":"寻友电竞","address":"解放路与沂蒙路交汇往北100米路东","phone":"电话:13854909671"},{"name":"未来电竞旗舰店","address":"临沂市兰山区孝河路红星国际广场","phone":"电话:15192900053"},{"name":"巅峰电竞(万象竞界店)","address":"沭河大街万象阳光城北沿街23号3F","phone":"电话:16652962066"},{"name":"安可电竞","address":"山东省临沂市兰山区临沂市七彩印刷物资有限公司西南约18米","phone":""},{"name":"一加电竞馆","address":"沂州路与金坛路交叉口西50米","phone":"电话:13256588234/18353920032"},{"name":"仰望电竞","address":"临沂市河东区祥瑞花园","phone":""},{"name":"皇冠电竞馆","address":"八腊庙街女人街2楼迷城密室逃脱对面","phone":"电话:17353966898"},{"name":"明基电竞馆(扬子店)","address":"沂蒙路与考棚街交汇处向东200米路北","phone":"电话:13854909671"},{"name":"魔潮电竞","address":"临沂市兰山区通达路翔龙·第一国际","phone":""},{"name":"蜻蜓电竞(四和嘉店)","address":"银雀山路与新华一路交叉口西北角(向西50米路北)","phone":"电话:19153997881"},{"name":"无间电竞(武德店)","address":"山东省临沂市兰山区G518(解放路)","phone":"电话:15053988098"},{"name":"金宸电竞(美景华庭店)","address":"贵和美景华庭沿街","phone":"电话:13455966111"},{"name":"天涯电竞","address":"山东省临沂市河东区芝麻墩街道百易家装饰城门口2层","phone":""},{"name":"网缘电竞(鲁商金悦城店)","address":"金雀山路与王庄路交叉口向东200米路南鲁商金悦城S01号楼302室","phone":"电话:13563990452"},{"name":"星浔电竞(四季城店)","address":"解放路与工业大道交汇四季城4号楼2楼","phone":"电话:15069932631"},{"name":"金鹏网吧","address":"山东省临沂市兰山区G518(解放路)","phone":"电话:15339978961"},{"name":"零点网咖(临工路店)","address":"昆明路鸡上树斜对面","phone":"电话:13953931653"},{"name":"卡卡网咖(鲁商中心精品店)","address":"广州路鲁商中心3楼","phone":"电话:13969905362/15376043301"},{"name":"天易网咖","address":"沂州路与清河北路交叉口焦庄花园A区","phone":"电话:13583958588"},{"name":"梦之缘网吧(月亮城店)","address":"双月园路中段0001号","phone":"电话:18253996009"},{"name":"科汇网咖","address":"昆明路临沂经济技术开发区金利幼儿园","phone":"电话:13869935393"},{"name":"MOTOR电竞","address":"南昌路中南鲁商樾府北沿街107号","phone":"电话:19860965569"},{"name":"沙巴克网咖(双月湖路店)","address":"双月湖路与湖东二路交叉口东行160米路南","phone":"电话:15762955666"},{"name":"伊恋园网咖(义堂店)","address":"双岭路九州宜佳家南50米","phone":"电话:18053965099"},{"name":"龙珠网咖","address":"南京路与大青山路交汇蓝钻庄园104号沿街商铺","phone":""},{"name":"万佳网咖(黄凡店)","address":"聚财四路与琅琊王路交汇西南角沿街","phone":"电话:18315728589"},{"name":"文天电竞","address":"济南路和春江路交汇处振华超市2楼西北角","phone":""},{"name":"福临网咖","address":"临西二路（商城路）与开阳路交汇处往西200米路南","phone":""},{"name":"风行电竞","address":"临沂市兰山区伊亲路郭庄小区东侧约210米","phone":"电话:15863993444"},{"name":"欧洲街网咖(欧洲商业街店)","address":"双月园路与护台东巷交叉口南100米","phone":""},{"name":"大境电竞","address":"开元路与工业路交汇临供优品超市2楼201商铺","phone":"电话:13864929929"},{"name":"恒达网咖(工业北路店)","address":"工业北路与罗五路交叉口东北角","phone":"电话:15266678111"},{"name":"迪迦电竞(宏盛店)","address":"临沂市罗庄区临册路金色阳光幼儿园西北侧约60米","phone":""},{"name":"赤色网咖(工业大道店)","address":"工业大道与水田路交汇处北40米路东","phone":"电话:19105497507"},{"name":"随风缘电竞馆","address":"临沂市兰山区连菏线与王富大街交叉路口往北约170米","phone":""},{"name":"东方电竞(不夜城店)","address":"东方不夜城一楼西南角","phone":"电话:19953906770"},{"name":"蜂鸟电竞馆","address":"山东省临沂市临沭县常林西大街35号","phone":"电话:15165551988"},{"name":"天籁电竞馆","address":"临沂市兰山区王富大街都市118连锁酒店(王府店)西北侧约280米","phone":""},{"name":"熊猫电竞馆(波特兰店)","address":"兰山街道兰田步行街西门旁","phone":"电话:15053999937"},{"name":"星乐网咖","address":"临西九路与大山路交汇向南200米路东","phone":""},{"name":"魔方电竞(豪森丽都商业中心店)","address":"通达路与洗砚池街交汇豪森丽都7号楼3楼304","phone":"电话:15254956565/17686908597"},{"name":"热点电竞","address":"解放路与琅琊王路交汇处东100米路南华强领秀城2期3楼","phone":"电话:19953908799"},{"name":"新干线网咖(八一路店)","address":"八一路与金二路交汇东北启阳美食街内","phone":"电话:18953966612"},{"name":"彼岸电竞馆(悦雅店)","address":"临沂市沂蒙路与济南路交叉口北300米路西,曲沂社区沿街1号,金诚家政二楼","phone":""},{"name":"星浔电竞(宝鼎花园店)","address":"临西八路与启阳路交汇东南角宝鼎花园A号楼沿街三楼","phone":"电话:18669965132"},{"name":"万象之巅台球","address":"八一路华润中心西下沉广场(万象汇西门对面李宁运动中心东侧)","phone":"电话:15650203131"},{"name":"彼岸电竞馆(南京路店)","address":"南京路与汤河路交汇西北角","phone":"电话:13013553221"},{"name":"千年虫电竞馆(原网鱼网咖商城路店)","address":"山东省临沂市兰山区商城路117号","phone":"电话:0539-8202020"},{"name":"合力网咖","address":"神泉路温泉花园西南侧约160米","phone":"电话:13705491285"},{"name":"兄弟电竞网咖","address":"通达路与龙潭路交汇处向北100米路西","phone":""},{"name":"九尾网咖·优威店","address":"孝友路与安居街交汇东北角","phone":"电话:13953928055"},{"name":"橙果网咖(沂蒙路店)","address":"兰山街道沂蒙路与考棚街交汇东南角(原阿米果KTV青年店)","phone":"电话:17705492888"},{"name":"网路电竞","address":"山东省临沂市兰山区解放路华强领秀城2期3楼","phone":"电话:15053999937"},{"name":"鑫正网咖(半程店)","address":"金锣南门南200米","phone":"电话:15589085555"},{"name":"奇迹电竞网咖","address":"山东省临沂市兰山区高架路辅路远洋城大家s1号楼109","phone":""},{"name":"头号玩家网咖(付庄店)","address":"通达南路与镇中路交叉路口往西北约190米","phone":"电话:15588022821"},{"name":"网鱼网咖·电竞(临沂鲁商中心店)","address":"广州路与孝河路交汇鲁商中心中心街S03-117-2楼","phone":"电话:16606465260"},{"name":"终极电竞馆","address":"临沂市罗庄区化武路梦迪飞幼儿园东北侧约120米","phone":""},{"name":"百城电竞网咖","address":"临沂市兰山区汶泗公路方城幸福花园小区东侧约250米","phone":""},{"name":"头蛇电竞·和谐店","address":"通达路与解放路交汇处和谐广场三楼西北角335号","phone":"电话:17560955770"},{"name":"星宇电竞馆","address":"兰山街道成才路36号","phone":"电话:13405499339"},{"name":"巅峰电竞(红石湖店)","address":"苍山南路金明寓小区三期21号楼103室","phone":""},{"name":"宏冠电竞网咖","address":"临沂市罗庄区罗程路金都茗筑西侧约190米","phone":"电话:15266696165"},{"name":"恒鼎网咖","address":"英贝多幼儿园西墩社区园东南","phone":"电话:15562964567"},{"name":"庄园电竞","address":"人民大街与孝友路交叉口南100米路东","phone":"电话:13953902345"},{"name":"黑马电竞(赤色店)","address":"临沂市兰山区工业大道兰华电商大厦","phone":""},{"name":"新时代电竞","address":"临沂市开元路金海汇超市以北","phone":""},{"name":"尚街电竞馆","address":"龙潭路164号龙潭尚街2楼","phone":"电话:13791518228"},{"name":"澳澳电竞","address":"春江路与广州路交叉口西南80米","phone":""},{"name":"鑫浪网咖(琅琊店)","address":"琅琊王路与平安路交叉口东北角（盛庄街道杜家三岗村）","phone":"电话:18315673934"},{"name":"豪情电竞馆","address":"327国道与戈九路交汇处石化加油站对过","phone":""},{"name":"阿伟电竞网咖","address":"神泉路11附近","phone":"电话:15715497156"},{"name":"神舟电竞馆","address":"临沂市兰山区洗砚池街豪森丽都","phone":""},{"name":"莱森电竞馆","address":"沂蒙路与金一路交汇西民族大厦2层","phone":"电话:13285399967"},{"name":"易通电竞","address":"临沭街道金明寓东区沿街商铺B号101室","phone":"电话:15264984078"},{"name":"黑马电竞(人民广场店)","address":"八一路与银雀山路交汇向北50米路西沿街","phone":"电话:19653907017"},{"name":"特斯拉电竞","address":"临沂市兰山区上海路朗润大厦","phone":""},{"name":"星浔电竞(涑河国际城店)","address":"临西六路与北园路交汇涑河国际B区1号楼1-1-999号","phone":"电话:18264905362/18265198223"},{"name":"逍遥游网咖","address":"汶泗公路166号","phone":"电话:18853916111"},{"name":"风速电竞馆","address":"临西八路与启阳路交汇东南角宝鼎花园A号楼沿街三楼","phone":""},{"name":"青春电竞馆(觅享家电竞)","address":"沂蒙北路与济南路交汇东方购物中心1楼","phone":"电话:17753920072"},{"name":"牵手电竞(平安路店)","address":"平安路110-5号","phone":"电话:13969900044"},{"name":"百纳电竞馆(九州美食街店)","address":"东兴路彭于埠沿街楼","phone":"电话:15863950838"},{"name":"飞翔电子竞技俱乐部","address":"临沂大学东门对过角沂小区10号楼2单元101号","phone":"电话:17661615005"},{"name":"荣美之地网咖(枣园店)","address":"205国道附近","phone":"电话:13734361114"},{"name":"鲨鱼电竞馆(如家华驿酒店大学城店)","address":"临西九路与前十街交汇处","phone":"电话:0539-2520678"},{"name":"骇客码头网咖(火炬路店)","address":"火炬路121号宝丽盛世华庭1A楼1011、1012室","phone":"电话:15562958999"},{"name":"九隆电竞馆·老司机店","address":"化武路与临西八路交汇处往西100米路南","phone":"电话:15069988660"},{"name":"多米电竞(兰亭路店)","address":"凤凰大街与兰亭路交汇处向南100米路东","phone":"电话:15853911219"},{"name":"起跑线电竞","address":"临沂市兰山区琅琊王路沟上花园小区西北侧","phone":""},{"name":"领航网咖(商业步行街店)","address":"山东省临沂市临沭县临沭街道中山北路商业步行街移动公司北50米来二楼","phone":""},{"name":"一方电竞酒店(解放路店)","address":"山东省临沂市兰山区解放路148-4号久隆集团3楼","phone":""},{"name":"云端电竞(齐鲁吾悦店)","address":"济南路齐鲁园广场2层L128-2号","phone":"电话:13864995526"},{"name":"头号玩家·群瑛电竞","address":"盛庄街道金八路中段十里坊农贸市场对面","phone":"电话:18653531958"},{"name":"奥创电竞酒店(恒大华府店)","address":"山东省临沂市兰山区孝河路恒大华府11号楼7楼","phone":""},{"name":"无间电竞·友情岁月店","address":"东来大街与顺和路交叉口南100米","phone":"电话:15053988098"},{"name":"网娱网咖","address":"科技大道天顺家园北门西南侧约30米","phone":"电话:18764960111"},{"name":"万象之巅电竞(汇通店)","address":"蒙山大道与北园路交汇汇通大润发广场3-1-1铺位","phone":"电话:18553907626"},{"name":"摸么鱼电竞生活馆","address":"临沂市罗庄区通达路美华供销社小区南侧约210米","phone":"电话:13053949126"},{"name":"杰拉网咖(兰山店)","address":"兰田步行街华人街3楼","phone":""},{"name":"星晨里电竞","address":"沂河路与中丘路交汇处西北角","phone":"电话:18653535844"},{"name":"金子电竞馆(旗舰店)","address":"化武路与罗六路交叉口东北角","phone":"电话:15953989851"},{"name":"风云电竞(开源路店)","address":"临西三路与金雀山一路交汇北200米路西沿街","phone":"电话:18669688883"},{"name":"玩十电竞","address":"临沂市罗庄区龙潭路罗新贝贝幼儿园东北侧约140米","phone":""},{"name":"黑马电竞(金雀山路万达店)","address":"金雀山路与滨河路交汇处滨河万达广场5号门负一楼","phone":"电话:15615790179"},{"name":"临沂市兰山区又一网咖","address":"陶然路北金玉山世纪花园东沿街底商","phone":"电话:19954067891"},{"name":"大众趣玩潮玩城","address":"开元路与宝泉路交汇处路南50米万泉商场2号楼","phone":"电话:18553966081"},{"name":"A5网咖(华诚生活广场店)","address":"华城超市西门","phone":"电话:13954997651"},{"name":"盆鱼电竞馆","address":"临沂市兰山区前十街鑫岭社区西北侧约70米","phone":""},{"name":"金宸电竞(青苹果店)","address":"清河南路十里洋房北门沿街商铺","phone":""},{"name":"青春电竞(滨河新天地店)","address":"临沂市兰山区北京路中元御桂园东北侧约40米","phone":"电话:18553977654"},{"name":"电竞网咖(欧洲街店)","address":"山东省临沂市罗庄区盛庄街道欧洲商业街78号","phone":""}]