[{"name":"铁网电竞","address":"正源南街与新昌东路交叉口东南40米","phone":""},{"name":"铁网电竞(中海店)","address":"银川市金凤区正源南街中海国际社区-西区","phone":"电话:18995046941"},{"name":"星云电竞","address":"银川市灵武市东康路银河花园-一期东北侧约140米","phone":""},{"name":"宜博电竞馆(西夏店)","address":"朔方路166号","phone":"电话:18909517727"},{"name":"想巷电竞网络俱乐部","address":"新华东路319号建发家世界商业广场2楼","phone":"电话:18295575671"},{"name":"电竞网咖","address":"银川市兴庆区修业路和利民街交叉口康晨一品公寓楼下商铺28号","phone":""},{"name":"极速电竞","address":"宁夏回族自治区银川市灵武市水木灵州灵馨苑1号商业楼2-7号房","phone":""},{"name":"钛度电竞(唐华苑店)","address":"林华北巷35-1号","phone":"电话:09515019888"},{"name":"银河网吧","address":"利群西街245号（南薰路口）","phone":"电话:18195217704"},{"name":"耀辉电竞(庆丰街店)","address":"庆丰街与长城中路交叉口东南300米","phone":"电话:0951-8620502/19995359938"},{"name":"几何电竞(卓威授权B级门店)","address":"凤凰南街479号（凤凰花园南区西门旁）","phone":""},{"name":"鲸羽电竞馆","address":"康晨一品公寓修业路28号","phone":"电话:17711802295"},{"name":"恋尚网咖","address":"团结巷48号","phone":"电话:13389519143"},{"name":"玖派电竞","address":"福州南街11号尚座小区1号酒店2层01商业","phone":""},{"name":"怪兽电竞(永泰城店)","address":"友爱路东侧永泰城1-9号104营业房","phone":"电话:18161581313"},{"name":"雷度电竞轰趴馆(中海城店)","address":"六盘山中路88号银川铂悦公馆南门","phone":"电话:18795025118"},{"name":"彩虹网络会所(怀远西路)","address":"怀远西路184号","phone":""},{"name":"三合电竞","address":"宁夏回族自治区银川市金凤区泰康街156号","phone":"电话:18169509576"},{"name":"奥橙电竞馆","address":"恒安南街11号","phone":""},{"name":"乐谷电竞馆","address":"景墨家园C区双福巷宁味轩二楼","phone":"电话:15729592999"},{"name":"乐谷电竞馆","address":"景墨家园C区双福巷宁味轩二楼","phone":"电话:15729592999"},{"name":"蜂鸟电竞","address":"湖滨东路与永丰巷交叉口西北20米","phone":""},{"name":"极谷网咖","address":"西花园路街道丽子家园b区55号","phone":"电话:18795181853"},{"name":"鑫鼎网吧","address":"胜利街44号","phone":"电话:15719596444"},{"name":"宜博电竞馆(宁阳店)","address":"朔方路汇融风华东区北门旁","phone":"电话:17398486979"},{"name":"龙渊电竞","address":"宁夏回族自治区银川市金凤区长城中路街道建发枫林湾小镇","phone":""},{"name":"雷度电竞轰趴馆(中海城店)","address":"六盘山中路88号银川铂悦公馆南门","phone":"电话:18795025118"},{"name":"花神网吧(花园南街店)","address":"德胜西路与花园南街交叉处向南100米路西","phone":"电话:18995103286"},{"name":"益康网吧","address":"清和北街与育德巷交叉口西北100米","phone":"电话:13259582777"},{"name":"时代网吧(川丰巷)","address":"福州南街君临满城14-1号","phone":"电话:0951-3060050/13909577706"},{"name":"焕野电竞","address":"海亮国际社区6号地西南门旁","phone":""},{"name":"池鱼电子竞技馆(悦海新天地店)","address":"康平路悦海新天地购物中心F5-10、12、13","phone":"电话:15009500762"},{"name":"竞游电竞馆","address":"景博路40号","phone":""},{"name":"印巷网咖(华佐巷店)","address":"高台小区北门东60米","phone":"电话:15010679076"},{"name":"萨特电竞","address":"银川市兴庆区西桥巷城市1号","phone":""},{"name":"杰拉网咖(华润万家店)","address":"解放东街336号二楼","phone":"电话:17752303561"},{"name":"XIN铁网网吧(智诚大厦店)","address":"长城东路456号智诚大厦二楼（锦江之星酒店西侧）","phone":"电话:19995271356"},{"name":"鑫耀电竞","address":"民生2号院1-9-7号营业房","phone":"电话:18152512555"},{"name":"班德尔城","address":"上海西路银川金凤新华联广场18号楼102室","phone":""},{"name":"黑鲨电竞俱乐部","address":"银川市贺兰县利民东路明珠美居","phone":""},{"name":"XIN铁网网吧(智诚大厦店)","address":"长城东路456号智诚大厦二楼（锦江之星酒店西侧）","phone":"电话:19995271356"},{"name":"鑫耀电竞","address":"民生2号院1-9-7号营业房","phone":"电话:18152512555"},{"name":"班德尔城","address":"上海西路银川金凤新华联广场18号楼102室","phone":""},{"name":"黑鲨电竞俱乐部","address":"银川市贺兰县利民东路明珠美居","phone":""},{"name":"超级玛丽电子竞技网咖","address":"朔方路166号北方民族大学斜对面801创业园内","phone":"电话:15209578222"},{"name":"星野电竞(金茂建材城二号店)","address":"新华东街709号附近","phone":""},{"name":"伊文电竞馆","address":"银川市西夏区文昌北街朔方小区西北侧约220米","phone":"电话:18995058934"},{"name":"皮皮虾网咖","address":"新华东街燕祥家园40-2、40-3营业房（近南门）","phone":""},{"name":"竞游网咖","address":"居安家园","phone":"电话:19509584602"},{"name":"爱乐电竞馆","address":"胜利商业街4-1号","phone":""},{"name":"凯域电竞(建发大阅城店)","address":"福安巷建发大阅城3楼（小龙跃羊蝎子火锅楼上、何发发燥肉大排档旁）","phone":""},{"name":"蓝色之恋电竞馆","address":"宁夏回族自治区银川市金凤区橙郡东门口114号","phone":"电话:18695295288"},{"name":"e丹电竞","address":"宁夏回族自治区银川市金凤区惠北巷德元商务中心5-106号","phone":"电话:17695000363"},{"name":"星野电竞(嘉木花园店)","address":"嘉木花园东北门旁","phone":""},{"name":"红蜘蛛电竞","address":"银川市金凤区长城中路世茂倾城","phone":""},{"name":"大客网咖","address":"银川市金凤区福州南街世茂倾城东门往南10米二楼","phone":""},{"name":"铁网电竞(中医院店)","address":"宁夏回族自治区银川市兴庆区解放西街231号","phone":"电话:17711800130"},{"name":"虾仁电竞","address":"宁夏回族自治区银川市金凤区长城中路街道新百超市(宝湖印象店)南93米","phone":""},{"name":"钛镀电竞(东城人家店)","address":"东城人家友爱街637二楼","phone":"电话:09515137555"},{"name":"爱虫体育电竞俱乐部(南华商业美食街店)","address":"文萃北街85号南华商业美食街","phone":""},{"name":"红蜘蛛电竞","address":"银川市金凤区长城中路世茂倾城","phone":""},{"name":"星语网咖","address":"福州南街碧桂园天汇里22号-103商铺","phone":"电话:0951-8891177"},{"name":"山野电竞(银川中海环宇天地店)","address":"中海城环宇天地三楼","phone":"电话:15349518806"},{"name":"伟大航路网咖(治平路店)","address":"胜利街道治平路265号南辰雅园1号楼3层","phone":"电话:18309517666"},{"name":"壹甲网咖","address":"上海西路544号新海公寓1楼","phone":"电话:18995179891"},{"name":"泰龙e家网咖生活馆","address":"庆丰街462号嘉屋上河小区营业房","phone":"电话:13895315515"},{"name":"艾特电竞馆","address":"凤翔街39号","phone":""},{"name":"壹号网咖(民乐家园南区店)","address":"丽景南街民乐家园商业3栋01号","phone":"电话:15209615177"},{"name":"银川布洛克网咖","address":"康平路410号附近","phone":"电话:18309679111"},{"name":"黎鸣网咖电竞(盈华商厦店)","address":"银川市长城中路盈华商厦三楼东北角","phone":"电话:19995483991"},{"name":"黎鸣网咖电竞(盈华商厦店)","address":"银川市长城中路盈华商厦三楼东北角","phone":"电话:19995483991"},{"name":"大玩家(金凤万达店)","address":"正源北街22号万达广场万达百货2层","phone":"电话:0951-6048864"},{"name":"新爱虫网络(康居分店)","address":"康居A1区22-2号","phone":"电话:13909595539"},{"name":"钛镀电竞","address":"前程家园55-107号（北门旁）","phone":"电话:18152508108"},{"name":"手柄主机游戏·手柄电玩连锁(玉皇阁旗舰店)","address":"玉皇阁北街103号（玉皇阁北街与文化东路交叉口北50米）","phone":"电话:15509591999"},{"name":"台风口电竞馆","address":"北京西路街道怀远东路金波小区34号楼(宁大B区南门对面)","phone":"电话:17795029998"},{"name":"平行空间网咖","address":"朔方南街28号","phone":"电话:0951-8080188"},{"name":"黑金竞技馆·电竞(华润万家店)","address":"宁夏回族自治区银川市兴庆区解放东街华润万家二楼","phone":"电话:15379501892"},{"name":"鹏达电竞馆(长城东路店)","address":"长城东路328号(联通大厦旁)","phone":"电话:13723312727"},{"name":"飞宇电竞网咖","address":"建设街80号一品上都B-25-4号","phone":""},{"name":"台风口电竞馆","address":"北京西路街道怀远东路金波小区34号楼(宁大B区南门对面)","phone":"电话:17795029998"},{"name":"平行空间网咖","address":"朔方南街28号","phone":"电话:0951-8080188"},{"name":"黑金竞技馆·电竞(华润万家店)","address":"宁夏回族自治区银川市兴庆区解放东街华润万家二楼","phone":"电话:15379501892"},{"name":"飞宇电竞网咖","address":"建设街80号一品上都B-25-4号","phone":""},{"name":"辰音电竞研究社","address":"景博巷玺云台北区34302","phone":"电话:15008616316"},{"name":"LT电竞酒店(妇幼保健院店)","address":"宁夏回族自治区银川市兴庆区解放西街街道进宁北街85","phone":""},{"name":"手柄主机游戏·手柄电玩连锁(悦海新天地店)","address":"康平路悦海新天地中心街2楼211","phone":"电话:17795094777"},{"name":"飚速网咖","address":"中西医结合医院3号","phone":""},{"name":"雷度电竞轰趴馆(珑湾店)","address":"莲湖花园一区42号商业楼一层29室","phone":"电话:18795025118"},{"name":"龙之跃网吧","address":"望远人家B区东门南50米","phone":"电话:17711803969"},{"name":"时光电竞馆(怀远店)","address":"北京西路139-4号（童话KTV旁）","phone":"电话:15378916996"},{"name":"艾上电竞馆","address":"银川市金凤区良田镇政府南侧约230米","phone":""},{"name":"绿网电竞馆","address":"通达南街与黄河东路交叉口西100米","phone":"电话:13995192244"},{"name":"兴欣电竞(银子湖店)","address":"银川市永宁县望通路辅路银子湖·水都-一区","phone":""},{"name":"星野电竞(友爱街店)","address":"银川市兴庆区友爱街银川融创城","phone":""},{"name":"印巷网咖(富宁街店)","address":"富宁街294号","phone":"电话:17795102331"},{"name":"外星人电竞(海悦广场店)","address":"长城中路152号海悦广场F1","phone":""},{"name":"奕鸣电竞馆","address":"银川市金凤区长城中路盈华商厦","phone":""},{"name":"星野电竞三号店(永泰城西门店)","address":"银川市兴庆区友爱街银川融创城","phone":"电话:13895010020"},{"name":"耀辉电竞(火车站店)","address":"宁夏回族自治区银川市金凤区惠北巷阿拉善广场北侧一号楼109号","phone":""}]