[{"name":"梦幻电竞(鼓楼北街店)","address":"鼓楼北街九溪江南","phone":"电话:13856499798"},{"name":"魔石电竞","address":"恒生阳光城67号楼113号","phone":""},{"name":"E+电竞","address":"平桥工业园高皇南村商业街136号","phone":""},{"name":"领航电竞(万达店)","address":"安徽省六安市舒城县城关镇桃溪东路玖隆皇家花园领航电竞","phone":"电话:15156009255"},{"name":"欣然之家电竞网吧","address":"六安市舒城县城关镇溪东门路106号商铺","phone":""},{"name":"畅游电竞","address":"皖江路5.6号","phone":"电话:15556056070"},{"name":"宜博电竞馆(东部新城店)","address":"长江路青年城小区","phone":"电话:13395683928"},{"name":"星际联盟电竞馆(寿春路综合娱乐馆)","address":"六安经济技术开发区寿春路寿春小区西门68号69号","phone":"电话:18605609691"},{"name":"酷电竞网咖旗舰店(六安旗舰店)","address":"安徽省六安市金安区中市街道皖西路仙安商贸城G1栋二层楼梯以东","phone":"电话:18356491913"},{"name":"鲸鱼电竞网咖","address":"恒大御景湾4期青铜路336号","phone":"电话:18919751878"},{"name":"飞象电竞馆","address":"金汇佳苑二楼(水岸莲华隔壁)","phone":"电话:13167780111"},{"name":"桃园网咖","address":"万佛路桃园小区21109室（小区北门旁）","phone":"电话:18919792288"},{"name":"网络世界电竞馆","address":"正阳南路与钢材市场巷交叉口西北方向100米","phone":"电话:13395683928"},{"name":"APX叶绿体JK电竞主题CLUB","address":"红街中环新世界四楼海底捞小龙坎隔壁","phone":"电话:0564-2381117"},{"name":"2020电竞馆(淠绿新村东区店)","address":"梅山北路156号","phone":"电话:18269814968"},{"name":"心悦玩家网络电竞酒店(六安新百春天百货店)","address":"皖西路2号新百春天百货4层","phone":"电话:0564-3333348"},{"name":"蚂蚁电竞(锦绣华府店)","address":"佛子岭中路571号(锦绣华府北门)","phone":"电话:19045527081"},{"name":"鲸府电竞联盟","address":"六安市金安区淠河路水太古臻城35栋","phone":""},{"name":"新一佳网吧(十里铺小区西)","address":"安丰路3号","phone":"电话:18919792288"},{"name":"宜博电竞馆(奥莱店)","address":"金安区安徽省六安市山水奥莱B区2楼L2-046宜博电竞馆","phone":"电话:19025683829"},{"name":"基地电竞网咖","address":"六安市巢湖路与蓝溪路交叉口西240米","phone":""},{"name":"智博电竞馆","address":"六舒路与中储粮大道交叉口万鼎银河湾36号106铺","phone":"电话:15905627336"},{"name":"曼都电竞网咖","address":"梅山北路安置小区18号楼2号门面","phone":"电话:05643223137"},{"name":"鲸落电子竞技馆","address":"汇金国际广场20幢三楼301室","phone":""},{"name":"栖凤电竞馆","address":"长江东路栖凤苑小区S8商铺20-21号","phone":"电话:18063031234"},{"name":"甲壳虫电竞馆","address":"六安市响铃庵路恒远皋城王府郁金苑60号楼305商铺","phone":"电话:18098773349"},{"name":"树呆熊网咖(六安云露街店)","address":"安徽省六安市裕安区云路街京都豪园1号楼201-1、201-2、201-3、201-4、202、203铺","phone":""},{"name":"零点电竞馆","address":"蓝溪路64号","phone":""},{"name":"流星电竞(二店)","address":"安徽省六安市裕安区磨子潭北路336号","phone":""},{"name":"龍鑫网咖(六安周谷堆店)","address":"玉兰路周谷堆C2号","phone":"电话:15955959039"},{"name":"漫城电竞酒店(火车站店)","address":"安徽省六安市裕安区小华山街道佛子岭中路541号锦绣华府北门旁","phone":""},{"name":"树呆熊电竞(万达广场六安金安店南区店)","address":"球拍东路与皋城东路交叉口万达广场9幢1013-1015铺","phone":"电话:18788820180"},{"name":"树呆熊网咖(上东阳光城店)","address":"皖西大道上东阳光城6号楼二层15-19室","phone":"电话:18656428035/18956084224"},{"name":"合肥春蕊网咖","address":"南河佳苑41号楼8587号商铺","phone":"电话:13225897328"},{"name":"蚂蚁电竞(上东店)","address":"六安市金安区皖西大道上东阳光城","phone":"电话:13075589806"},{"name":"东科网咖","address":"平桥路平安怡景园二期103商铺","phone":"电话:18919778960"},{"name":"第二战线电竞馆(云路街店)","address":"云路街桥头北一百米集结号KTV隔壁","phone":"电话:0564-3983003"},{"name":"艾希电竞酒店(云路街店)","address":"安徽省六安市裕安区棚场街70号","phone":""},{"name":"金粟网咖(万鼎银河湾店)","address":"望城街道万鼎银河湾38栋201号","phone":""},{"name":"祖安网咖","address":"平桥路与佛子岭路交汇处西北角4-101铺","phone":"电话:18792071313"},{"name":"酷电竞网咖(祖安店)","address":"六安市裕安区响洪甸路振兴城","phone":""},{"name":"郁金香电竞馆","address":"安徽省六安市裕安区平桥乡光彩大市场A05楼227号、229号铺","phone":"电话:13205648236"},{"name":"李上网来网咖(华邦店)","address":"新华城禄华园","phone":"电话:15826827779"},{"name":"魔树网咖(六安海心沙店)","address":"华山路与梅山路交口海心沙广场4层","phone":"电话:18856497247"},{"name":"星际联盟电竞馆(云露街店)","address":"鼓楼新天地步行街周家臭干二楼","phone":"电话:0564-3288919"},{"name":"宜博电竞馆(新城店)","address":"六安经济技术开发区长江东路新城春天32栋107号","phone":"电话:19156472558"},{"name":"新网一家","address":"金安大道公园悦府16号133-134门面","phone":"电话:18956404434"},{"name":"宜博电竞馆(情缘电竞店)","address":"安徽省六安市金安区解放中路629号","phone":"电话:19166489786"},{"name":"宜博电竞馆(城南店)","address":"玉兰路皖西农产品中心批发市场沿街21幢201铺","phone":"电话:18956432242"},{"name":"星世纪电玩游戏中心(吾悦店)","address":"新城吾悦广场2层Z3号铺","phone":"电话:15570827076"},{"name":"宜博电竞馆(光彩店)","address":"城南镇佛子岭西路110号","phone":"电话:18919792288"},{"name":"星际联盟电竞馆(海心沙店)","address":"六安市梅山北路拆迁安置小区17号楼1楼","phone":"电话:19391581777"},{"name":"宽限电竞","address":"六安市金安区寿春西路与正阳路交叉路口往北约240米","phone":""},{"name":"第二战线电竞馆(新都会店)","address":"梅山路新都会A楼A-1-11号铺","phone":"电话:15212499197/18063063035"},{"name":"星际联盟电竞馆(红叶大厦店)","address":"六安市金安区劝学路红叶大厦","phone":""},{"name":"动力网咖(明珠广场店)","address":"棚场街明珠广场步行街F区46号","phone":"电话:15305647155"},{"name":"宜博电竟馆(六安旗舰店)","address":"六安经济技术开发区皖西大道红叶花园洋房底商","phone":""},{"name":"大玩家(六安万达店)","address":"球拍东路万达广场二号门二楼大玩家（万达影城 楼下）","phone":"电话:0564-3366560"},{"name":"蜜蜂网咖","address":"平桥乡龙河路花鸟市场二楼(白金汉宫)","phone":"电话:0564-3630551"}]