[{"name":"零度电竞","address":"望王路西段25号中天超市旁","phone":"电话:18323889579"},{"name":"中月电竞网吧","address":"欧洲城5栋商业3楼（东锦苑对面）","phone":""},{"name":"琪琳电竞","address":"四川省巴中市恩阳区义阳大道22号","phone":""},{"name":"时空战线网咖·中杨店","address":"晏阳初大道北段附13号","phone":"电话:0827-2631111/18188318838"},{"name":"安逸网吧","address":"同洲街道新北街22号","phone":"电话:18980292333"},{"name":"舒格电竞","address":"巴州大道527号2楼","phone":""},{"name":"盛世联盟网吧","address":"诺江中路(中国黄金旁)","phone":"电话:0827-7236359"},{"name":"后河网城","address":"莲花街59号","phone":"电话:0827-2221176"},{"name":"骇客联盟网络咖啡吧(小河店)","address":"集州街道光雾山大道世纪朝阳大饭店3楼(光雾山广场对过)","phone":"电话:0827-8203777"},{"name":"红叶网城(新北巷)","address":"新平街东段8号电影院同楼","phone":"电话:0827-6262978"},{"name":"创新网吧(巴州大道店)","address":"盈丰苑东南门旁","phone":"电话:18282103937"},{"name":"新天天乐网吧(江北大道中段辅路店)","address":"江北大道中段605号","phone":"电话:0827-5280179/13350937239"},{"name":"时空战线网咖·当堂店","address":"莲花街彩荷印象小区A幢1单元2楼","phone":"电话:0827-5668666/18188318838"},{"name":"极地空间(蓝湾国际店)","address":"蓝湾国际广场旁","phone":"电话:0827-2555888"},{"name":"嘻游电竞网咖(蓝湾国际店)","address":"大东外街1号楼14号","phone":""},{"name":"情意电竞·主题网咖","address":"通佛路税务分局底楼","phone":"电话:18981680567"},{"name":"悄悄话网吧","address":"后坝街38号","phone":"电话:18908290502"},{"name":"怡鑫电竞网络会所","address":"四川省巴中市巴州区莲花街514号","phone":"电话:18981658280"},{"name":"时空战线网咖·感染力店","address":"回风科技园派出所旁","phone":"电话:0827-5559990"},{"name":"天麟电竞","address":"四川省巴中市巴州区顺达巷巴中六中东北侧约160米","phone":"电话:0827-2631593"},{"name":"蓝天网吧(新市街店)","address":"四川省巴中市巴州区南门街17号","phone":"电话:18981681628"},{"name":"顽乐猩球电玩城(凤凰国际城)","address":"凤凰国际城2楼","phone":""},{"name":"极速玩家(巴中店)","address":"秦巴大道西段1号经开万达广场3楼","phone":"电话:17726364683"},{"name":"G2街区潮玩娱乐(巴中店)","address":"中交王府井购物中心4楼20号","phone":"电话:15682355992"},{"name":"莱筑电竞酒店","address":"巴中市南池北路148号凤凰国际城3栋16楼","phone":""},{"name":"呆呆熊电玩馆","address":"佛爷湾后坝村21号","phone":""},{"name":"云逸宝摇杆游戏机(万达影城巴中经开万达广场店)","address":"巴州大道万达广场4楼万达影城大厅前台旁","phone":""}]