[{"name":"北斗电竞·云天店","address":"八一路与文峰路交叉口光大银行后闽豫电竞馆","phone":"电话:17634744447"},{"name":"星辰电竞网吧(胖东来时代广场店)","address":"文庙前街30号文庙前街与察院西街交叉口西20米路北","phone":"电话:13353746126/18337477508"},{"name":"无限电竞","address":"双岳路与金英路交叉口东30米路北","phone":""},{"name":"北斗电竞-贝贝店(曹魏古城店)","address":"解放北路与华佗路交叉口西50米路南","phone":"电话:17730866833"},{"name":"神机电竞","address":"许昌市建安区莲苑路南段聚贤人家高端住宅小区东北侧约50米","phone":"电话:13243331011"},{"name":"奇域电竞","address":"许昌市长葛市铁东路与东明路交叉口向东一百米路北","phone":"电话:0374-8551333"},{"name":"星光电竞","address":"许昌市长葛市文中街智达.幸福港湾东北侧约80米","phone":""},{"name":"鑫隆·超前电竞网吧","address":"许昌市魏都区魏武大道中段辅路与东城街交叉口南100米","phone":""},{"name":"卓越电竞","address":"许昌市襄城县王洛镇政府东侧约180米","phone":"电话:17503743552"},{"name":"锦城网吧","address":"滨河路东段恒达美园小区4-110-112号","phone":""},{"name":"北斗电竞馆(鹿鸣湖店)","address":"清苑路北绿园14幢一楼106号（鹿鸣湖壹号首府东门）","phone":"电话:16637424666"},{"name":"偶遇空间网吧(许昌学院店)","address":"八一东路九洲溪雅苑小区北门东50米","phone":"电话:13839019356"},{"name":"极品·北斗电竞·卓威体验店","address":"文博路与望田路交叉路口北行50米路西","phone":""},{"name":"梦工厂电竞(曹魏古城店)","address":"清虚街115号（文化街与清虚街交叉口东南角关帝新村门面）","phone":"电话:13837418557"},{"name":"猛犸电竞金都网咖(滨河名郡店)","address":"莲城大道滨河名郡小区第4幢楼1-2层东起第1、2号","phone":"电话:13017691271"},{"name":"超级电竞·360(许都店)","address":"智慧大道与孔场街交叉口永丰新城国际商业街西区S11号商铺","phone":"电话:15603887009"},{"name":"超级电竞星势力(胖东来生活广场店)","address":"仓库路15号","phone":"电话:13213369909"},{"name":"洛克电竞馆(许昌学院店)","address":"恒大绿洲C幢公寓2楼205号","phone":"电话:0374-2228888/17719913611"},{"name":"九龙门电竞·蓝嘉店","address":"魏文路与天宝路交叉口瑞贝卡家天下北门","phone":""},{"name":"九龙门电竞·石榴店(石榴店)","address":"兴华路与许由路交叉口南30米路西","phone":"电话:16638563088"},{"name":"九龙门·电竞馆","address":"新兴东路1293号（朝阳幼儿园对面）","phone":"电话:0374-8029995/16638569333"},{"name":"九龙门明基电竞馆·红燕店","address":"新兴路57号1幢","phone":"电话:16638563088"},{"name":"青云电竞(华佗路店)","address":"华佗路与龙祥路交叉口向北20米路西喜悦超市二楼","phone":"电话:13273860997"},{"name":"鑫隆电竞(许职店)","address":"魏武大道中段申庄23号（许昌职业技术学院对面）","phone":"电话:13938776678"},{"name":"乐刻电竞(兴昌路店)","address":"利民路与兴昌路交叉口东北40米","phone":"电话:15703742222"},{"name":"九龙门电竞·乌托邦店","address":"延安北路7号","phone":""},{"name":"七喜电竞","address":"许昌市建安区镜水路潩水庄园","phone":"电话:15994098208"},{"name":"明基联盟-战霆电竞馆","address":"文兴路（林润人和苑旁）","phone":"电话:13503825606"},{"name":"九龙门电竞·网咖店","address":"新兴路魏文路口东20米路北（蓝湾佳苑13幢东起第9间）","phone":"电话:15565316986"},{"name":"好游戏·猛犸电竞(文峰店)","address":"塔东路143号威尼斯花园小区","phone":"电话:13017691271"},{"name":"超级电竞连锁(延安路店)","address":"延安北路与许继大道交叉口北140米","phone":"电话:15603890939"},{"name":"城锐电竞(一峰国际都汇店)","address":"一峰国际都汇306","phone":"电话:18337408566"},{"name":"北斗电竞·麦田店(胖东来生活广场店)","address":"南关街道南关大街胖东来生活广场向南200米路西","phone":""},{"name":"雷霆电竞(解放路店)","address":"解放路与瑞祥路交叉口北行40米路东","phone":""},{"name":"超凡电竞","address":"八一路121号2B幢第1至2层南起第2间","phone":"电话:15936302929"},{"name":"起点电竞(万通街店)","address":"万通汽贸城","phone":""},{"name":"漫时空网咖","address":"学院路与南海街交叉口东北角奥体花城3-5商铺","phone":"电话:13137407111"},{"name":"慧影网吧","address":"市场后街与劳动南路交叉路口东侧(榆柳小区西北侧)","phone":"电话:13782258165"},{"name":"战狼电竞皮皮店(鹿鸣湖壹号2期悦府店)","address":"鹿鸣湖壹号悦府西门北100米","phone":""},{"name":"乐游熊联盟三星网吧","address":"兴华路30号","phone":"电话:0374-2779000"},{"name":"星野电竞(魏庄北街店)","address":"许昌市建安区魏庄北街镜湖花园","phone":"电话:17516233255"},{"name":"唯爱电竞(仓库路店)","address":"仓库路桃源名郡6幢1至2层S103（仓库路与振兴路交叉口东南120米）","phone":"电话:15188546067"},{"name":"黑曼巴电竞","address":"河南省许昌市建安区延安路龙湖华庭小区2楼","phone":"电话:13782376467"},{"name":"战狼电竞(解放路国通店)","address":"解放北路1807号（解放路中段）","phone":"电话:17550152407"},{"name":"世博电竞馆","address":"许昌市建安区椹涧客运站北侧","phone":"电话:16638623212"},{"name":"东方红网络俱乐部(瑞贝卡大道店)","address":"瑞贝卡大道东325号","phone":""},{"name":"九龙门电竞连锁·速腾店","address":"许昌市东城区管委会怡馨旅馆(聚点台球隔壁)","phone":""},{"name":"偶遇电竞","address":"河南省许昌市建安区魏庄北街镜湖花园111号","phone":"电话:13782210669"},{"name":"青云汇电竞(超越店)","address":"河南省许昌市魏都区玉皇阁路263号","phone":"电话:18539000060"},{"name":"至尊电竞(五女店镇商业街店)","address":"311国道南200米","phone":"电话:15737481222"},{"name":"北部湾电竞酒店","address":"魏都区劳动北路安居小区对面","phone":"电话:0374-6050000"},{"name":"乐谷电竞(万洲·大都汇13号楼店)","address":"河南省许昌市建安区万洲大都汇家居建材城2号楼","phone":"电话:15993665679"},{"name":"七星电竟","address":"京港线许昌纺织品商贸城东南侧约130米","phone":"电话:13271191677"},{"name":"方舟电竞馆","address":"许昌市建安区瑞贝卡大道大正·城南第一府","phone":""},{"name":"星硕电竞休闲会所","address":"许昌市建安区魏武大道中段许州雅苑西门","phone":""},{"name":"易乐游·唯爱电竞","address":"河南省许昌市魏都区仓库路桃源名郡6幢","phone":""},{"name":"来阳电竞馆(瑞贝卡大道店)","address":"瑞贝卡大道城南第一府西邻","phone":""},{"name":"神舟网吧","address":"东顺河街鑫悦广场D座","phone":"电话:13903993227"},{"name":"龙城电竞","address":"河南省许昌市魏都区高桥营街道宏伟佳苑对面","phone":""},{"name":"北斗电竞馆(胖东来金汇广场店)","address":"玉皇阁路天宝华府10号楼二层","phone":"电话:0374-8585755"},{"name":"方洲电竞","address":"大正城南第一府南门东100米（原方舟网吧）","phone":"电话:13700895708"},{"name":"雅静电竞馆(御翠店)","address":"仓库路与瑞贝卡大道交叉口北360米","phone":"电话:13271246311"},{"name":"星光网吧(瑞贝卡大道店)","address":"瑞贝卡大道蓝天家具城对面","phone":"电话:15649835567"},{"name":"GameDash游戏休闲吧(天悦广场店)","address":"莲城大道天悦广场3号楼2层东南角GameDash","phone":"电话:16696810552"},{"name":"诚瑞电竞","address":"河南省许昌市魏都区半截河街道德星路与莲城大道辅路交叉口西北方向90米一峰国际都汇三楼","phone":""},{"name":"幸福苑电竞","address":"许昌市建安区G240与新元大道西段交叉路口往东北约270米","phone":""},{"name":"星空电竞(华佗路店)","address":"许昌市魏都区华佗路建安社区西南侧约30米","phone":"电话:15038909130"},{"name":"凯旋门电竞(文化路精彩店)","address":"宇华·名郡东门向北30米","phone":"电话:19037398896"},{"name":"超后电竞","address":"河南省许昌市魏都区魏武大道中段许昌职业技术学院西侧约140米","phone":""},{"name":"超凡时代电竞酒店(胖东来时代广场店)","address":"许昌市文峰路中段志合府小区1号楼8楼808号房","phone":""},{"name":"中豫时空三星网吧","address":"兴华路30号许昌阳光医院西北侧约70米","phone":"电话:0374-5196506"},{"name":"虎牙电竞(延安北路店)","address":"许昌市魏都区延安北路月伴湾酒店(许昌许继大道店)北侧","phone":""},{"name":"超级电竞虎牙店(胖东来时代广场店)","address":"前进路与文博路交叉口罗马阳光9幢1层东侧北起第1、2间","phone":"电话:17550152414"}]