[{"name":"男爵电竞","address":"四环路国瑞家园2号楼105商铺","phone":"电话:18536503675"},{"name":"跨越时空网吧","address":"怀义西街中国石化加油站(仁人南路)西侧约40米","phone":"电话:15386713331"},{"name":"瑞捷电竞(汽车站店)","address":"山西省朔州市山阴县北环东街怡安小区28号","phone":"电话:13546209936"},{"name":"蜗牛网咖(招远路店)","address":"开发区招远路与安泰东街交叉口北100米","phone":"电话:13383494183"},{"name":"幸福电竞馆","address":"古北街马邑花园小区北门西侧30米","phone":""},{"name":"金山城网吧","address":"鄯阳街3号","phone":"电话:18034943344"},{"name":"玩家时代电竞馆张辽路店","address":"朔州市朔城区张辽南路幸福银苑东北侧约220米","phone":"电话:18534983331"},{"name":"光年华网咖电竞台球(开发南路店)","address":"开发南路东鸿福小区","phone":"电话:13593482717"},{"name":"绿动阳光电竞馆","address":"朔州市平鲁区煤源路馨苑小区(煤源路)西侧约70米","phone":"电话:15203490333"},{"name":"淬火fps电竞俱乐部","address":"文远路289号","phone":""},{"name":"大浪淘沙网络(建设北路店)","address":"建设北路宝源商务对面","phone":"电话:13546093266"},{"name":"电竞酒店(鄯阳西街店)","address":"朔州市鄯阳西街老年活动中心对面(近九小、万达广场)","phone":""},{"name":"宽居电竞酒店","address":"朔州市朔城区迎宾路朔州汽车站西北侧约30米","phone":""},{"name":"鑫诚智慧电竞酒店","address":"朔州市广安东街翰林梅苑雅颂美寓5层","phone":""},{"name":"烁空间(朔州美都汇购物广场店)","address":"山西省朔州市朔城区民福东街22号美都汇商场三楼（公路局对面）","phone":""},{"name":"运动蚂蚁潮玩乐场(朔州华宝店)","address":"北城街道北关路华宝家负一层商铺","phone":""},{"name":"昊宝娱乐(朔州美都汇购物广场店)","address":"民福东街美都汇五楼","phone":""},{"name":"大玩家(朔州万达店)","address":"怡西路万达广场二楼","phone":"电话:13545023643"},{"name":"玉百电玩城","address":"开发南路玉百商贸四楼","phone":""},{"name":"多元主机游戏馆","address":"上地嘉园北门西14号商铺巨惠码头超市进店左拐上二楼","phone":"电话:18186444069"},{"name":"C·onE电玩游戏馆棋牌·Ps5","address":"金沙花园8号商铺（近万达广场）","phone":"电话:15634911131"},{"name":"未来娱乐空间(朔州美都汇购物广场店)","address":"山西省朔州市朔城区民福东街22号(公路局对面)朔州美都汇购物广场F4","phone":""},{"name":"顽客潮玩","address":"朔州市北旺庄街道马邑南路353号城市书香S07F2019号店铺","phone":""},{"name":"潮玩驿站(万达广场朔州店)","address":"山西省朔州市朔城区鄯阳西街与怡西路交叉路口万达广场B1","phone":"电话:18334933611"},{"name":"小心肝电动研究所(美都汇店)","address":"民福东街美都汇负一层","phone":""}]