[{"name":"提莫电竞(国泰百货店)","address":"幸福路国泰百货F1层","phone":"电话:15858528317/19909938993"},{"name":"大玩家(石河子万达店)","address":"天山路万达广场3f-c号","phone":"电话:18799742431"},{"name":"云游网咖","address":"东一路23号小区象牙城负一层63-D","phone":"电话:0993-2087770"},{"name":"NPC·主机·模型·潮玩","address":"东环路1小区150栋二楼A22号","phone":"电话:18340380765"},{"name":"MAX电竞馆(北四路店)","address":"北四路290-A2号40小区","phone":"电话:18199666632"},{"name":"明珠网络俱乐部","address":"明珠花园小区","phone":"电话:18799075558"},{"name":"瑞丰网络","address":"北泉路二小区170栋3号北泉镇农业银行北50米","phone":"电话:13519926915"},{"name":"环游嘉年华(石河子友好店)","address":"北三路友好购物中心五楼","phone":"电话:17799434446"},{"name":"矩阵电竞(春城店)","address":"石河子市东四路天富春城","phone":""},{"name":"嘿熊电竞","address":"新疆维吾尔自治区石河子市北子午路181-7号","phone":"电话:18703088555"},{"name":"石河子卓威电竞·台球馆(北三东路店)","address":"石河子市北三东路新疆石河子农村合作银行西侧约110米","phone":"电话:09932859777/18139263777"},{"name":"极光电竞综合馆(中溢世界城店)","address":"新疆石河子市北泉镇光明路561-B6、B25、B26号","phone":""},{"name":"蜂鸟电竞(中盈城市广场店)","address":"石莫公路165-48号","phone":""},{"name":"强盛电竞酒店","address":"新疆维吾尔自治区石河子市乌伊东路温州国际商城H栋5楼","phone":""},{"name":"Ai电竞娱乐综合体(电竞酒店)","address":"新疆维吾尔自治区石河子市老街街道友谊大厦南112米","phone":""},{"name":"酷玩VR科技体验馆(石河子万达广场店)","address":"天山路56号石河子万达广场2楼2008室","phone":"电话:18509913725"},{"name":"喵趣游戏屋","address":"东明新村东一路58-27号","phone":"电话:15625819134"},{"name":"石河子暴走熊电竞酒店","address":"石河子市北三东路爱派国际大厦21楼","phone":""},{"name":"壹号电竞馆","address":"石河子市上海路北泉花园(上海路)","phone":""},{"name":"热气球(万达广场石河子店)","address":"高新技术产业开发区新业路2号万达广场2楼2025号","phone":""},{"name":"回声电竞酒店(石河子世纪广场店)","address":"新疆石河子市开发区东五路50小区上海商城A栋11楼8-A121号至A133号","phone":"电话:18199663056"},{"name":"哇哇夹年华(友谊时尚生活广场店)","address":"幸福路与北子午路","phone":"电话:13325667056"}]