[{"name":"左右网吧","address":"山海大道10-1号","phone":"电话:18177002488"},{"name":"纵恒领域电竞馆(东恒商场店)","address":"北仑大道165号东恒商场2楼","phone":"电话:17777999222"},{"name":"遇见网咖(饮品店)","address":"江滨路88号香江国际酒店3层","phone":"电话:18077065381"},{"name":"大都会网咖(防城店)","address":"防邕路与东门横街交叉路口","phone":"电话:18977068816"},{"name":"风云电竞馆","address":"江山镇北部湾大道","phone":"电话:13367708666"},{"name":"七七电竞","address":"防城港市防城区山海大道灵秀小区南侧约160米","phone":""},{"name":"极限网咖(兴港大道店)","address":"兴港大道24号3楼(酒窝甜品旁)","phone":"电话:13367708666"},{"name":"天天网吧(港宾大厦店)","address":"东门横街与防邕路交叉口西100米","phone":""},{"name":"英雄汇·电玩中心","address":"人民路68号北部湾商业中心2层001商铺","phone":"电话:17307807068"},{"name":"零点网咖(伏波路店)","address":"防城乐天花园步行街（乐天花园西门旁）","phone":"电话:15677749488"}]