[{"name":"蓝波网络(人民路店)","address":"人民路136号鑫行五金大楼二楼","phone":"电话:13895422697"},{"name":"宙斯电子竞技俱乐部","address":"胜利东街44号,文明北路锦馨家园20幢20-116二层","phone":"电话:18995241666"},{"name":"青柚电竞生活馆(万达广场店)","address":"宁夏回族自治区石嘴山市大武口区贺兰山南路27号万达广场3楼3026室","phone":"电话:09522013311"},{"name":"力天网咖(广场店)","address":"南大街与广东路交叉口东50米","phone":"电话:13909528883"},{"name":"极枫电竞网咖","address":"石嘴山市平罗县山水名居西门向南50米","phone":"电话:0952-6666622/19995024444"},{"name":"大海电竞","address":"石嘴山市大武口区朝阳东街大众商城材料装饰城","phone":""},{"name":"泰坦电竞网咖","address":"石嘴山市平罗县健康巷光辉城市花园南侧约60米","phone":""},{"name":"宙斯电竞","address":"石嘴山市大武口区人民路锦馨花园","phone":""},{"name":"千鸟电竞馆(万商店)","address":"宁夏回族自治区石嘴山市大武口区游艺东街85号(世纪朝阳万商时尚商城)2C1号","phone":""},{"name":"云鱼电竞","address":"宁夏回族自治区石嘴山市惠农区惠安大街374号","phone":"电话:13323527135"},{"name":"竞宿电竞综合体","address":"唐华首府北门","phone":"电话:0952-6021000/13195069953"}]