[{"name":"卓越电竞","address":"福建省宁德市蕉城区东侨经济开发区新港路6号冠云轩19栋302室","phone":"电话:18193318999"},{"name":"云景电竞网吧(万和城商业广场店)","address":"万和城商业广场16幢203D","phone":"电话:19305931003"},{"name":"外星人电竞启点网吧(福鼎商城店)","address":"古城南路65号福鼎商城2楼","phone":"电话:0593-7805566"},{"name":"趣尚电竞网咖(同德路店)","address":"福宁北路39号福晟钱隆樽品小区2幢108D、109D、110D、111D","phone":"电话:13376931603"},{"name":"九度电竞酒店","address":"福建省宁德市富阳路219号","phone":""},{"name":"电竞蜂网咖(宁德大润发店)","address":"蕉城南路101号大润发国际广场A2栋302D","phone":"电话:0593-2053660"},{"name":"电竞蜂网咖(金南门店)","address":"蕉南街道闽东中路5号金南门5幢208D-211D室2楼(彭志廉台球旁)","phone":"电话:05932807778"},{"name":"星耀电竞网咖","address":"梦龙路和福宁南路交叉口东南角德润广场负一楼","phone":"电话:18016795375"},{"name":"黑曼巴网咖(联信店)","address":"闽东中路32号联信财富广场地下室01-05商铺","phone":""},{"name":"逗号网络网咖","address":"新港路6号冠云轩18幢201d室","phone":"电话:18558620385"},{"name":"电竞蜂网咖(阳光海岸店)","address":"蕉城北路23号（省九建综合楼二层）","phone":""},{"name":"天天网咖(宁一大厦店)","address":"东侨开发区福宁北路宁35号宁一大厦","phone":"电话:13979259155"},{"name":"前林网络会所(澳风大厦店)","address":"八一五中路澳风大厦2楼","phone":"电话:0593-6108888"},{"name":"格壁网吧","address":"冠云轩","phone":"电话:18950508223"},{"name":"玩刻GAME SPACE(宁德万达店)","address":"天湖东路1号万达广场2FJY-BX014层","phone":""},{"name":"空想派对电玩店","address":"塔山路1号逸涛富苑3幢E11D","phone":"电话:15259373438"},{"name":"梦享玩动漫城(宁德天茂店)","address":"天茂城市广场3栋201","phone":""},{"name":"大玩家(宁德万达店)","address":"天湖东路1号万达广场娱乐楼二层","phone":"电话:0593-2727530"},{"name":"云逸宝游戏厅(横店电影城财富广场店)","address":"宁德市闽东中路32号联信财富广场4楼横店电影城休息区前台旁","phone":""},{"name":"超级玩家电玩城","address":"华隆大厦2楼","phone":""},{"name":"云逸宝游戏厅(春天影城天茂广场店)","address":"宁德市万安东路8号天茂城市广场1楼春天影城休息区前台旁","phone":""},{"name":"调侃电竞","address":"宁德市蕉城区福宁北路幸福佳园西侧约80米","phone":""},{"name":"GAMEBOY(万达广场宁德蕉城店)","address":"福建省宁德市蕉城区天湖东路1号万达广场F3","phone":""},{"name":"逸轩动漫(红星美凯龙全球家居生活广场店)","address":"红星美凯龙全球家居生活广场","phone":""}]