[{"name":"南潮电竞网咖","address":"肇庆市端州区信安三路3号敏捷广场七期1、2座105.106号商铺夹层","phone":"电话:13257581738"},{"name":"易游电竞馆","address":"城北路51号金利大厦2层","phone":"电话:0758-8533366"},{"name":"盛情网吧","address":"金龙大道（金盛大酒店斜对面）","phone":""},{"name":"全胜电竞馆(吾悦广场店)","address":"商业大道与卫民路交叉口北80米","phone":""},{"name":"方鹏网吧棋牌","address":"黄塘西路黄塘花园第2栋B栋第二层5-10卡","phone":"电话:0758-2857558"},{"name":"晴天网吧(端州三路店)","address":"端州三路37号二栋二楼","phone":"电话:0758-2793018"},{"name":"飞鲨电竞(风华店)","address":"桥北路阳光华庭16幢首层101号商场之七、之八卡商铺","phone":"电话:17725829150"},{"name":"蜂鸟电竞馆(肇庆·敏捷广场店)","address":"敏捷广场5期E栋","phone":"电话:0758-2288966"},{"name":"东升电竞馆(桦灏泰店)","address":"政德街桦灏泰花园F栋首层西向东11-17卡","phone":"电话:13679575988"},{"name":"星光网吧(玉器街店)","address":"玉器街113号","phone":"电话:13755242650"},{"name":"星宇宙(印象汇店)","address":"城东街道端州四路8号肇庆印象汇第3层03-51","phone":"电话:19125951218"},{"name":"玩刻GAME SPACE(敏捷广场店)","address":"信安大道3号","phone":""},{"name":"铭杰电竞(肇庆敏捷广场店)","address":"信安三路3号敏捷广场六期1栋3059、3060、3061、3062号铺","phone":"电话:19125939956"},{"name":"一键电竞(国际广场店)","address":"康乐北路9号1层114卡商铺(国际广场)之D23\\\\M2M3号商铺","phone":"电话:0758-2788836"},{"name":"一芯一意电竞","address":"睦岗市场2楼E","phone":"电话:13657386350"},{"name":"华天网吧(端州三路店)","address":"三路9号1幢2楼","phone":"电话:13450188559"},{"name":"蜂鸟电竞馆(肇庆·敏捷广场店)","address":"敏捷广场5期E栋","phone":"电话:0758-2288966"},{"name":"蜗牛电竞(金茗大厦店)","address":"端州三路10号金茗花园首层24卡","phone":"电话:18126582583"},{"name":"1号电竞馆(富民商业城店)","address":"肇庆市高要区南兴三路富诚商务酒店东侧约40米","phone":"电话:18026113737"},{"name":"飞鲨电竞(肇庆敏捷广场店)","address":"信安三路3号敏捷广场四期C幢肯德基对面二楼","phone":"电话:19924964518"},{"name":"袋鼠游界","address":"信安四路敏捷广场四期c栋234商铺（肯德基斜对面二楼,开笼雀冰室楼上）","phone":"电话:13380757056"},{"name":"星河奇迹游艺厅(星湖国际广场店)","address":"文明路星湖国际广场南座4楼","phone":""},{"name":"希达游艺城","address":"广东省肇庆市高要区白土镇振兴路3号","phone":""},{"name":"云逸宝摇杆游戏机(万达影城肇庆鼎湖万达广场IMAX店)","address":"万达广场4楼万达影城休息区前台旁","phone":""},{"name":"搜趣潮玩社","address":"康乐北路9号国际广场编号2F022商铺","phone":"电话:13580054561"},{"name":"熊兮兮潮玩(肇庆店)","address":"伴月路与绿荷西路交叉口东南40米","phone":""},{"name":"百吉游艺厅","address":"市场四街与河旁路交叉口西南40米","phone":""},{"name":"探险阳光乐园(益华广场店)","address":"信安五路2号益华国际广场2楼","phone":"电话:15207607306"}]