[{"name":"迅枫电竞","address":"万斛路东宏德山海湾沿街","phone":"电话:18563343210"},{"name":"巅峰电竞(日照大润发店)","address":"浮来春公馆西北2门旁","phone":""},{"name":"创新网吧(解放路店)","address":"洪凝街道解放路183号","phone":""},{"name":"爱洋网咖","address":"日照市岚山区342省道与碑廓商业街交汇处南300米路西","phone":"电话:13561990955"},{"name":"暴雪电竞网咖","address":"浮来中路37号","phone":"电话:15863392266"},{"name":"九龙电竞","address":"日照市莒县顺泰路莒县交通局招贤乡镇客运站东北侧约60米","phone":"电话:18613636767"},{"name":"极客轻奢电竞(日照芒果时代广场店)","address":"日照街道海曲东路日照芒果寓公寓A座5楼","phone":"电话:15206339188"},{"name":"猛犸象电竞(大象国际A座店)","address":"济南路南烟台路东大象国际办公楼001号楼001幢01单元01-101号","phone":"电话:0633-6111188"},{"name":"诚心苑网吧","address":"山东省日照市东港区黄海一路东兴商贸城B幢16号","phone":"电话:13793407755"},{"name":"极速网咖(青年中路店)","address":"青年中路211号","phone":"电话:13563339579"},{"name":"兴隆网吧(博文路店)","address":"大学城博文路与学苑路交叉口","phone":"电话:13863323666"},{"name":"星空电竞(学海路店)","address":"山东省日照市东港区东升园西门内沿街026号","phone":"电话:18463036376"},{"name":"天缘网吧(学海路店)","address":"东升园D15-00-018","phone":""},{"name":"佑晟文旅潮玩运动街区","address":"蓝天广场1号楼2楼","phone":"电话:15689665761/15689666607"},{"name":"蚂蚁电竞(日照店)","address":"日照市东港区兖州路浮来春公馆","phone":"电话:19026535566"},{"name":"喜佳佳网吧","address":"学苑路济宁医学院南门对过","phone":"电话:13336339359"},{"name":"新乐园网吧(高新二路店)","address":"海上娱乐城西沿街2层","phone":"电话:13181189321"},{"name":"星辰电竞凤蝶网络","address":"山东省日照市东港区文湖路69号","phone":"电话:18363330121"},{"name":"蓝豹电竞","address":"日照市东港区大连路农村商业银行西北侧","phone":""},{"name":"悟空电竞","address":"巴黎名城西沿街二楼悟空电竞内","phone":""},{"name":"三胖电竞酒店网咖","address":"山东省日照市东港区烟台路与学林路交汇处","phone":"电话:19063620333"},{"name":"天赐网吧","address":"山东路685号(近山东体育学院)","phone":"电话:15954742866"},{"name":"日照大千电竞网咖(大学城日职店)","address":"日照市东港区聊城路学府花园北侧约230米","phone":"电话:15949994342"},{"name":"网缘网吧(威海路)","address":"山东体育学院日照分院威海路西侧沿街","phone":""},{"name":"橙子电玩ps4 ps5 switch体验店","address":"秦楼街道胶南路华润C领域B栋2109室","phone":"电话:15652637668/15763319692"},{"name":"星瀚电玩城(日照星河iCO购物中心店)","address":"日照街道福海路与正阳路交叉口日照星河ICO商场三楼013号","phone":"电话:17806339390"},{"name":"弈智棋艺","address":"济宁路与利津路安泰德园北沿街","phone":"电话:18613629855"},{"name":"一起玩家年华(日照天宁保利广场店)","address":"沙墩河东路日照体育公园保利广场二楼","phone":""},{"name":"星际传奇(日照万象汇店)","address":"烟台路176号日照万象汇3楼","phone":"电话:18653376280"},{"name":"大玩家(日照万达店)","address":"秦楼街道青岛路与山东路交叉口万达广场2F-A商铺","phone":"电话:0633-2193966/18611783121"},{"name":"皮尔卡丘潮玩动漫店","address":"锦华广场6栋西沿街","phone":"电话:13156999186"},{"name":"潮势力金悦店(瑞泰国际商城店)","address":"黄海一路64号瑞泰国际商城4楼","phone":"电话:15065590068/15550085222/19563310077"},{"name":"MY ZONE电竞酒店(火车站店)","address":"日照市黄海三路火车站西50米(近万平口、灯塔广场)","phone":""}]