[{"name":"雅阁幻境网络会所(网吧、娱乐、电竞、网咖)","address":"海北藏族自治州门源回族自治县向阳西路门源回族自治县城关第一小学东北侧约60米","phone":""},{"name":"快溜电竞","address":"青海省海北藏族自治州海晏县西海镇银滩东路西海明珠小区商业步行街A排11号","phone":"电话:13369700123"},{"name":"刚察县银诺电竞馆","address":"青海省海北藏族自治州刚察县沙柳河镇东大街拉色波商业街23号楼","phone":"电话:19909707888"},{"name":"九鱼电竞酒店","address":"海北藏族自治州八宝西路126号","phone":""},{"name":"越巅峰电竞馆","address":"青海省海北藏族自治州祁连县八宝西路103号","phone":"电话:18009703058"},{"name":"迦壹电竞","address":"海北藏族自治州海晏县原子路海北州第一人民医院东侧约110米","phone":""}]