[{"name":"蓝色电竞网吧","address":"教育路14号二楼","phone":"电话:18889701235"},{"name":"小鱼网咖休闲会所(乃庆坊店)","address":"春晖商住区乃庆坊二楼","phone":"电话:19589736305"},{"name":"乐特·赛文电竞馆(嘉积店)","address":"爱华东路180号（现为白玉兰酒店一楼）","phone":"电话:13976396066"},{"name":"翔宇网吧(德海东路店)","address":"德海东路华升花园北门旁","phone":"电话:18907691230"},{"name":"逗号电竞(众爱店)","address":"海南省琼海市爱华路玉榔大厦二楼","phone":"电话:19989159021"},{"name":"欧虾电竞","address":"银海路123号欧虾电竞","phone":"电话:18664773327"},{"name":"逗号电竞(众欢店)","address":"嘉积镇兴海北路43号华林大厦2楼","phone":"电话:18976560024"},{"name":"逗号电竞(众想店)","address":"爱海南路琼海商业步行街1号商业楼02号铺面","phone":"电话:18976560024"},{"name":"潮范儿电玩(广百家店)","address":"琼海市嘉积镇东风路6号宝真广场广百家一楼","phone":""},{"name":"亿赛电竞网咖","address":"大元路3号","phone":"电话:13215733397"},{"name":"乐特电竞馆(金海店)","address":"金海路166号","phone":"电话:13976396066"},{"name":"奇霸网吧","address":"爱华东路西段222号","phone":"电话:18289660013"},{"name":"166主题网咖","address":"嘉积镇爱华路166号","phone":"电话:13379990018"},{"name":"偶予电玩(环球春天广场店)","address":"东风路汽车站环球春天广场","phone":"电话:13986700997"},{"name":"因特电竞馆","address":"海南省琼海市中原镇中兴南路78号","phone":"电话:17608963211"},{"name":"超时空网吧(元亨街店)","address":"元亨街63号国儒大厦F2层","phone":""},{"name":"80电竞馆","address":"海南省琼海市爱华路181号","phone":"电话:0898-62822722"},{"name":"金泉电玩城","address":"琼海市振海路琼海·海桂坊西南侧约30米","phone":""},{"name":"战神网咖(椰林街店)","address":"潭门镇加潭街29号旺角楼","phone":"电话:18976819463"},{"name":"五黑电竞茶吧","address":"海南省琼海市嘉积镇富海路42号","phone":""},{"name":"帕利剧本杀·电玩桌游店","address":"海南省琼海市嘉积镇爱华路68","phone":""},{"name":"宜博电竞馆(椰林街店)","address":"海南省琼海市潭门镇加潭街29号旺角楼","phone":"电话:18976819463"},{"name":"网尚网咖(东风路店)","address":"海南省琼海市东风路64号","phone":""},{"name":"云逸宝游戏厅(中视影城步行街店)","address":"琼海市爱海南路商业步行街7号裙楼3楼中视影城休息区前台旁","phone":""}]