[{"name":"爱玩电竞(学田店)","address":"工农路177光华楼3层","phone":"电话:17778740090"},{"name":"夜曲电竞","address":"人民北路与江海中路交叉口西南250米","phone":"电话:15358728000"},{"name":"凌度电竞","address":"长江镇汇金广场2栋15室","phone":""},{"name":"南通龙吟电竞网咖","address":"海悦路6号海悦广场3楼(龙吟公寓旁)","phone":"电话:18352688866"},{"name":"小虎电竞·星月网吧(人民西路店)","address":"江苏省南通市启东市人民西路1489号","phone":"电话:18552366222"},{"name":"阳阳网咖(外环西路店)","address":"外环西路38号2楼","phone":""},{"name":"天麒电竞·棋牌(乐活邻里店)","address":"振兴东路9号乐活邻里B幢肯德基西边电梯上三楼","phone":""},{"name":"兰博电竞网咖(开发区艺网艺嘉店)","address":"开发区上海东路幸福天地1幢201室","phone":"电话:18068692777"},{"name":"爱玩电竞(福地广场店)","address":"苏通科技产业园南通市苏通科技产业园区江安路33号福地商业广场","phone":""},{"name":"深澜之鲸网咖(世茂航运学院店)","address":"新东路世茂广场2幢304-306号","phone":"电话:13951312306/14706299233"},{"name":"第九区电竞","address":"青年西路60号","phone":"电话:18018433381"},{"name":"深澜之鲸网咖(世茂航运学院店)","address":"新东路世茂广场2幢304-306号","phone":"电话:13951312306/14706299233"},{"name":"酷畅电竞(世茂店)","address":"新开街道上海东路2号世茂九龙庭1幢127室","phone":"电话:17798889222"},{"name":"青春网吧","address":"星盛花园东侧商业41室","phone":"电话:15006296888"},{"name":"猩网联盟电竞(惜缘店)","address":"人民西路与静安路交叉口南50米","phone":"电话:17721658697"},{"name":"猩网联盟电竞(端平桥店)","address":"人民中路6-4号银海嘉华酒店2楼(中南大厦西80米)","phone":"电话:18068150951"},{"name":"星瀚电竞馆","address":"江苏省南通市海门区人民西路488号","phone":"电话:0513-82187182"},{"name":"智浪网吧","address":"九圩港沿江公路金三角钢贸城","phone":"电话:13862805616"},{"name":"大雄电竞网咖","address":"江苏省南通市崇川区嵩山路星苏花园北侧约110米","phone":""},{"name":"星河电竞","address":"南通市崇川区北大街南通万象城(永和路店)南侧约140米","phone":"电话:17798889444"},{"name":"幸福电竞馆","address":"江山路668号秀江苑2号楼4楼","phone":"电话:18651085345"},{"name":"欣堂电竞(商贸店)","address":"江通路江苏商贸职业学院对面","phone":"电话:18021658999"},{"name":"鱼乐电竞网咖(海门碧乐汇店)","address":"解放中路369号三层星球会隔壁","phone":""},{"name":"云顶电竞(铂金时代店)","address":"铂金时代广场三楼","phone":"电话:18752880998"},{"name":"云界电竞","address":"南通市海门区经济技术开发区海门财富广场(薄荷博士一楼)","phone":""},{"name":"猩网联盟电竞(克拉店)","address":"人民中路216-11号德民花苑2幢03室","phone":"电话:18901466233"},{"name":"绅度网咖","address":"文峰街道桃园路1号中南城欧尚对面","phone":"电话:15950802132"},{"name":"星光网咖·蓝天店(小石桥店)","address":"人民中路198-6号2楼","phone":"电话:13962917811"},{"name":"鑫成网咖","address":"桃园西路城山花园6幢大门口","phone":"电话:17166452222"},{"name":"梦幻时光网咖(上海东路店)","address":"新开街道明珠花园19-6号(乐天玛特斜对面)","phone":"电话:13222191817"},{"name":"电竞王朝网咖","address":"江苏省南通市崇川区太平北路2号魅力城汇峰商座1层","phone":"电话:18251315411"},{"name":"鹏程网吧(新开南路店)","address":"紫荆花园27幢206室","phone":""},{"name":"南通HERO久竞","address":"江苏省南通市海门区香港路858号","phone":""},{"name":"网鱼网咖·电竞(南通崇川万科店)","address":"北大街108号万科金域广场L301","phone":"电话:17312381336"},{"name":"站前网咖","address":"青年东路251号涌鑫八达通广场2号楼","phone":"电话:18706297816"},{"name":"爱尚网咖(商和广场店)","address":"南海路1399号商和广场2号楼2层201","phone":""},{"name":"花城网咖(中南·世纪花城2期店)","address":"盘香路中南·世纪花城2期东3门旁（盘香路地铁口向北100米）","phone":"电话:13016789789"},{"name":"伽乐网咖(华强店)","address":"江海大道高架367号","phone":"电话:13912274598/18251318283"},{"name":"三德网吧网咖·电竞馆","address":"南通市海门区进星街兰贵人小区","phone":""},{"name":"网鱼网咖·电竞(南大街店)","address":"江苏省南通市崇川区南大街72号","phone":"电话:17715003438"},{"name":"魔杰网咖(振兴东路店)","address":"振兴东路与星宇路交叉口北200米南通市开发区竹行镇龙田花苑54幢111室","phone":"电话:13962995460"},{"name":"网鱼电竞(南通崇川京扬店)","address":"人民中路209号京扬市集3层（农商行电梯直达3楼）","phone":"电话:18101466221"},{"name":"新感觉网咖","address":"恒东路16号景晖花园19号","phone":"电话:15365492886"},{"name":"五星网咖(圆融店)","address":"工农路78号2楼（文峰地铁站6B口步行350米）","phone":""},{"name":"千寻网咖(京通大厦店)","address":"京通大厦113C","phone":"电话:18118653599"},{"name":"猩网联盟网咖爱时光店","address":"上海东路幸福天地西单元底商一楼","phone":""},{"name":"如意网咖(建设路店)","address":"建设路21号鲁班大厦二楼","phone":"电话:0513-86540910"},{"name":"深澜之鲸网咖(圆融广场店)","address":"工农路57号圆融广场下沉广场负一楼（肯德基隔壁）","phone":"电话:16651410676"},{"name":"地心引力网咖","address":"海韵花园30幢109室","phone":"电话:13228800277"},{"name":"新潮网咖(通扬南路店)","address":"通扬南路58号","phone":"电话:15262875066"},{"name":"风云网咖","address":"南通市崇川区福利路幸福人家-东区","phone":"电话:18115813559"},{"name":"唯一网咖(中远大厦店)","address":"金通路108号中远大厦2楼","phone":"电话:18962860110"},{"name":"深澜之鲸网咖·棋牌(三德美居店)","address":"段家坝1号-原三德大酒店4楼","phone":""},{"name":"网鱼电竞(南通海门大有境店)","address":"江苏省南通市海门区江海中路337号南通海门大有境F3","phone":"电话:15851309547"},{"name":"未来电竞网咖(福缘店)","address":"张江路99号德力新天地F3层","phone":""},{"name":"网鱼电竞(南通印象城店)","address":"江苏省南通市崇川区工农南路155号南通印象城F3","phone":""},{"name":"魅力网咖(汇峰商座1号楼店)","address":"太平北路2号汇峰商座1幢B座201-202室","phone":"电话:19952849155"},{"name":"金缘网咖","address":"高新技术产业开发区碧华路金缘D区35幢101室","phone":"电话:15251338008"},{"name":"网有引力电竞馆(中南南通彩虹漾店)","address":"桃园路中南城购物中心后36号楼2楼","phone":"电话:18951303372"},{"name":"澄成电竞馆(鑫湖商厦店)","address":"江苏省南通市通州区通扬南路58号","phone":"电话:17558733320"},{"name":"猩网联盟亚马迅网咖","address":"叠石桥步行街6号楼一层6127-6140","phone":"电话:13358075757"},{"name":"兰博电竞网咖(先锋店)","address":"金融街宾馆楼二楼","phone":"电话:18068692777"},{"name":"祥瑞网吧","address":"江苏省南通市通州区十字街15号","phone":"电话:15312626030"},{"name":"壹号网咖(鑫湖国贸中心店)","address":"长虹路6号鑫湖国贸中心3号楼2层","phone":"电话:15996648989"},{"name":"耀辉网咖","address":"镇中路大东花苑西南侧约30米","phone":"电话:13861955762"},{"name":"宜博电竞馆(黄海路店)","address":"黄海路2号1912街区3号楼2楼","phone":""},{"name":"印翠电竞","address":"金新街道钟秀东路668号未来之光花园23幢205-206室","phone":""},{"name":"温馨网咖","address":"叠石桥步行街4号楼3层345号三万线","phone":"电话:18862888399"},{"name":"天麒电竞网咖(四海家园店)","address":"复兴路四海家园","phone":"电话:18962864023"},{"name":"镜月之鹿电竞·棋牌(崇川大有镜店)","address":"星城路大有镜购物中心三楼","phone":"电话:13862959960"},{"name":"猩网联盟电竞(跃龙店)","address":"青年中路天地华庭1幢3层","phone":""},{"name":"蓝宝石(优山美地花园店)","address":"常青路优山美地花园217","phone":"电话:18932204040"},{"name":"东方快车网吧(学田南路店)","address":"教育路17号","phone":"电话:13906299766"},{"name":"爱尚网咖(温州东路店)","address":"川姜镇温州路姜川村2、3组","phone":"电话:18118653599"},{"name":"速鱼网咖(华融和生国际商业广场店)","address":"川姜镇华融和生商业广场1幢4层商铺","phone":"电话:13962772000"},{"name":"威漫网咖(中海金街店)","address":"中海金街3楼311室","phone":"电话:15962985899"},{"name":"艾克网咖(鼎跃店)","address":"外环北路798号尚美家国际家居城4幢2层","phone":"电话:18021380849"},{"name":"宇涛网咖","address":"商业步行街15号楼21-23室二层","phone":"电话:13921666808"},{"name":"千寻网咖(福桂园店)","address":"锦绣路福桂园(锦绣华庭附近)","phone":""},{"name":"宜搏电竞馆(中国叠石桥国际家纺城店)","address":"江苏省南通市海门区叠石桥步行街2213号","phone":"电话:15062782177"},{"name":"撸吧网咖(大学生公寓店)","address":"青年东路79号1幢2楼","phone":"电话:18051666789/18936166166"},{"name":"艾瑞莉娅ROG玩家国度电竞馆(学士府42号楼店)","address":"五一路学士府42幢3楼101-117室","phone":""},{"name":"飞跃网咖","address":"通生路","phone":""},{"name":"猩网联盟韦德网咖(海门财富广场店)","address":"珠江路299号海门财富广场F3层","phone":"电话:13773856663"},{"name":"跃龙网吧","address":"青年东路14号天地华庭1号楼","phone":"电话:13962952196"},{"name":"乐尚网咖","address":"南通市崇川区陈桥街道丽康花园27栋201室2楼","phone":"电话:17312399888"},{"name":"爱尚腾龙网咖(步行街店)","address":"海门步行街好声音2楼","phone":""},{"name":"深澜之鲸网咖(万象城润街店)","address":"站前西街万象城润街116、117、109","phone":"电话:17701481185"},{"name":"网鱼电竞(圆融嘉悦汇店)","address":"江苏省南通市崇川区臻悦庭23幢101室四层404号","phone":"电话:19005138008"},{"name":"天空之城游乐体验世界(圆融广场店)","address":"工农路57号圆融广场3楼314-315号","phone":"电话:0513-55008598"},{"name":"云界电竞(南通大学中南CBD店)","address":"中南世纪城17号楼0201室","phone":"电话:17798889111"},{"name":"潇洒网咖","address":"金沙街道学林路1号嘉海坊2楼212.213.215.216.217室","phone":""},{"name":"深澜之鲸网咖(通州奥邦广场店)","address":"金霞路奥邦商业广场三楼","phone":"电话:13773649951"},{"name":"尚族网咖(爱时光店)","address":"新开街道上海东路幸福天地西单元底商(富源美发向西100米)","phone":"电话:13776919683"},{"name":"神鸟电竞馆","address":"南通市崇川区上海东路世茂九龙庭","phone":""},{"name":"天空之城游乐体验世界(海门大有境店)","address":"江海中路337号海门大有境L2018-L2019","phone":"电话:17798849111"},{"name":"第一回合(中南城店)","address":"桃园路12号中南城购物中心三楼","phone":"电话:0513-55019065"},{"name":"天浪电竞(南通文峰广场店)","address":"南通市崇川区虹桥路1号南通文峰广场F2","phone":""},{"name":"天空之城(永旺梦乐城店)","address":"星湖大道1066号永旺梦乐城南通星湖店2F228_A","phone":"电话:0513-85990008"},{"name":"电玩猩(南通八仙城店)","address":"江苏省南通市崇川区八仙城五号区52011室","phone":"电话:19040062621"},{"name":"VR电竞酒店(京扬广场店)","address":"钟秀中路138-1号","phone":""}]