[{"name":"心雨网吧(唐布拉市场店)","address":"唐布拉市场","phone":"电话:18699906722"},{"name":"星际电竞旗舰店(海棠路店)","address":"一品海棠商业B114","phone":"电话:13609966752"},{"name":"太空猫电竞馆","address":"伊犁哈萨克自治州伊宁市印象江南商业楼A座306号","phone":"电话:6768080"},{"name":"冰河电竞时光网吧","address":"沙湾街与伊犁路交叉口西南40米","phone":"电话:15999499198"},{"name":"丘比特电竞网咖(君悦龙庭店)","address":"新疆维吾尔自治区伊犁哈萨克自治州伊宁市布拉克路君悦龙庭小区1号楼201号","phone":"电话:15599669757"},{"name":"森野电竞·玩家国度电竞馆(奎屯店)","address":"沙湾街春风十里西门向南十米","phone":"电话:0992-3288879"},{"name":"传奇电竞(团结北街店)","address":"团结北街第二农贸市场二楼","phone":"电话:15009925166"},{"name":"蜘蛛·卓威电竞馆","address":"上海南路与民丰街交叉口西60米","phone":"电话:19190391222/19990910077"},{"name":"卓威电竞·官方授权店","address":"团结东街16号","phone":""},{"name":"一网天下网吧(乌鲁木齐西路店)","address":"乌鲁木齐西路26-2号赛特广场2楼","phone":"电话:18139377799"},{"name":"雨花石网吧","address":"边境经济合作区吉林路华厦小区14号楼负一层","phone":"电话:18009999906"},{"name":"星空网咖(上海南路店)","address":"北京东路与北京西路交叉口东南150米","phone":"电话:0999-3263777"},{"name":"皎月电竞馆(棋牌室)","address":"新疆维吾尔自治区伊犁哈萨克自治州伊宁市边境经济合作区管委会香水湾一期西区北入口4楼","phone":"电话:15276378374"},{"name":"潘多拉电竞馆","address":"壹品天城二楼","phone":"电话:17699999812"},{"name":"星际猫电竞","address":"新疆维吾尔自治区伊犁哈萨克自治州霍尔果斯市霍尔果斯口岸连云港路亚欧新天地A区商铺","phone":""},{"name":"彗星电竞外星人旗舰店","address":"经济合作区上海路3511号七彩城一期(写字楼酒店)104-2号商铺","phone":"电话:19390930689"},{"name":"树袋熊电竞馆","address":"新疆维吾尔自治区伊犁哈萨克自治州伊宁市巴彦岱镇御锦华庭","phone":"电话:0999-8800858"},{"name":"魔法盒电竞馆","address":"河北路548号印象江南北门AB号楼213、214号商铺","phone":""},{"name":"新世纪网吧","address":"滨河小区(金山路西)","phone":"电话:18999599932"},{"name":"飞耀电竞馆","address":"新疆维吾尔自治区伊犁哈萨克自治州伊宁市山东路2099号御景华庭2楼","phone":"电话:18699901994"},{"name":"飞耀电竞馆","address":"新疆维吾尔自治区伊犁哈萨克自治州伊宁市山东路2099号御景华庭2楼","phone":"电话:18699901994"},{"name":"玛卡电竞馆","address":"新疆维吾尔自治区伊犁哈萨克自治州察布查尔锡伯自治县察布查尔镇中天锦宏名都幼儿园东279米","phone":"电话:17509041706"},{"name":"心语网咖(滨河南路店)","address":"滨河南路与弓月城大街交叉路口往南约150米","phone":"电话:15599699996"},{"name":"极限玩家电竞酒店(伊犁师范大学店)","address":"伊犁哈萨克自治州解放路308号","phone":""},{"name":"K-XIN电玩社","address":"解放西路万力时尚mall六楼TNS真人密室逃脱旁","phone":"电话:15571650977/18358917876"},{"name":"淘五游艺中心(新茂业国际购物中心店)","address":"山东路新茂业国际3楼电玩区（近梧桐丽景）","phone":"电话:0999-8822100"},{"name":"大玩家(金茂新天地店)","address":"北京路金茂新天地四楼","phone":"电话:0999-8996680"}]