[{"name":"喀什市纯爷们电竞网吧","address":"多来特巴格乡新城南路3村1组A58号二楼1-2商铺","phone":"电话:18892909990"},{"name":"畅游电竞网咖","address":"团结路与友好路南巷交叉口东40米","phone":""},{"name":"云游电竞网咖(文化苑一期店)","address":"新疆维吾尔自治区喀什地区喀什市学府大道文化苑一期33栋3层","phone":"电话:18299613003"},{"name":"J·GIANT巨人电竞(天南路店)","address":"天南路29号高层2楼","phone":"电话:19399272806"},{"name":"禧悦·嘉里电竞馆","address":"人民西路65号天盛大厦2楼","phone":"电话:18167669377"},{"name":"趣丸电竞馆·FPS卓威体验馆(FPS卓威体验馆)","address":"东湖街道巴格路社区和谐路028号海悦汇城小区22号楼4楼S02商铺","phone":"电话:19390820000"},{"name":"熊猫电竞馆·台球","address":"慕士塔格东路2号汇城名园项目1号楼2层整层","phone":"电话:0998-2226999"},{"name":"麦田电竞(紫东大厦店)","address":"克孜都维路193号紫东大厦负一楼","phone":"电话:0998-2568870"},{"name":"鲨鱼电竞网咖","address":"新疆维吾尔自治区喀什地区喀什市瓦扎街道明升国际广场2号楼后面","phone":"电话:16669521444/18199593033"},{"name":"J·GIANT巨人电竞(东城店)","address":"18村东城创新大道333号(华府半岛)3栋3层3号商铺","phone":"电话:19351327019"},{"name":"网鱼网咖·电竞(新疆喀什乐活广场店)","address":"南湖路恒昌乐活广场二楼","phone":"电话:17799487695"},{"name":"小蚂蚁网吧(托克扎克路店)","address":"托克扎克路71号城市花园小区唐家烧烤二楼（近三哥刀削面）","phone":"电话:13579096767"},{"name":"科影电竞馆","address":"阔纳机场路13号","phone":"电话:15739978325"},{"name":"追风电竞网咖","address":"新疆维吾尔自治区喀什地区喀什市17村和平路190号汇城新时代一期小区8栋2层S02号商铺","phone":"电话:13162062103"},{"name":"哆啦电竞","address":"新疆维吾尔自治区喀什地区喀什市长源工贸商业楼二楼右侧","phone":""},{"name":"星时空电竞馆","address":"喀什地区喀什市阿克亚贝希路","phone":"电话:19999455645"},{"name":"趣尚电竞馆","address":"文化苑2期(经三南路南200米)","phone":""},{"name":"疏附县雷电电竞网咖","address":"喀什地区疏附县文化北路与迎宾西路交叉路口往西南约280米","phone":""},{"name":"卓威电竞馆(新城南路店)","address":"新城南路172号","phone":"电话:15770168999"},{"name":"电女仕竞先生电竞馆(怪兽电竞唐城店)","address":"帕依纳普路251号(唐城国际商业步行街)1幢商务大厦5层5001号","phone":""},{"name":"卓威电竞馆(新城南路店)","address":"新城南路172号","phone":"电话:15770168999"},{"name":"禧悦·嘉禾电竞馆","address":"新城南路万达广场金街B2-30号商铺","phone":"电话:18440296694"},{"name":"喀妃电竞网咖·台球","address":"中西亚市场路二号小区西南侧约300米","phone":"电话:16669521444"},{"name":"易游电竞馆","address":"环城路38号天安名门小区1幢3层02号商铺","phone":"电话:15770167732"},{"name":"喀什灵妖电竞","address":"克孜都维路527号(香城大厦)3幢2层","phone":"电话:19399275767"},{"name":"创游星际电玩城(喀什古城万达广场店)","address":"克孜勒都维路喀什古城万达广场5层","phone":"电话:17399327159"},{"name":"高玩电竞","address":"喀什地区喀什市兰干路","phone":""},{"name":"蓝鲸网咖","address":"团结路21号齐鲁大酒店二楼","phone":"电话:17699985557"},{"name":"怪兽网咖·台球","address":"喀什东城阿瓦提路百合苑商业街南门B区3楼","phone":"电话:0998-2570116/17397626533"},{"name":"阿凡提网吧(色满路店)","address":"色满路87号","phone":"电话:17607677993"},{"name":"喀什PlusOne电竞酒店","address":"西域大道附143号2幢2楼","phone":""},{"name":"一路畅通网络会所","address":"人民西路186号B1层","phone":"电话:13538288991"},{"name":"易乐游喀什市星动电竞网咖","address":"喀什地区喀什市华凌西路喀什市东城第八初级中学东北侧约喀什市第九中学东","phone":""},{"name":"甲壳虫网咖(汇城生活广场店)","address":"慕士塔格东路二号汇成明园项目1号B1层","phone":""},{"name":"染号基地","address":"月星路19号星悦府小区S3幢1层S11号商铺","phone":""},{"name":"易乐游喀什市星动电竞网咖","address":"喀什地区喀什市融和国际a区b幢109号","phone":""},{"name":"云逸宝摇杆游戏机(万达广场店)","address":"喀什地区多来特巴格乡五村新城南路121号喀什万达广场3F-A店内大厅前台边上","phone":""},{"name":"星鑫娱乐有限公司电玩游戏厅","address":"新疆维吾尔自治区喀什地区疏附县X432(站敏西路)","phone":""},{"name":"J·GIANT巨人电竞(阳光小区店)","address":"南湖北路阳光商业步行街永盛广场2号楼负1楼","phone":"电话:18199593027"},{"name":"小麦思潮玩城(喀什万达店)","address":"多来特巴格乡新城南路万达广场3楼3F-1号","phone":""}]