[{"name":"祺祺竞技网咖(荔枝沟店)","address":"同心路荔枝沟社区居委会五组69号铺面","phone":"电话:0898-88387622/13307525552"},{"name":"雷神电竞","address":"商品街四巷012号","phone":"电话:17789779934"},{"name":"外星人电竞网吧(港华店)","address":"商品街一巷港华广场7楼","phone":"电话:17789895432"},{"name":"电竞网咖","address":"三亚市天涯区铁路通道怡康花园南侧","phone":""},{"name":"戰线网盟电竞馆(海潮店)","address":"南新街211号赣江之星3楼","phone":""},{"name":"外星人网咖(万悦店)","address":"育秀路8号万悦新天地A座2楼","phone":"电话:19989071234"},{"name":"西楚电竞·玩家国度至尊店(商品街店)","address":"商品街大道08号二楼三楼","phone":"电话:0898-88266200"},{"name":"鼎圣电竞","address":"荔枝沟路179号","phone":"电话:15108965320"},{"name":"三亚热-热浪电竞馆(群众街店)","address":"群众街97号二楼","phone":"电话:18189889155"},{"name":"海岛电竞网咖","address":"羊新路16号海岛竞技网咖","phone":""},{"name":"海岛电竞网咖","address":"羊新路16号海岛竞技网咖","phone":""},{"name":"斗鱼网咖(林旺店)","address":"直辖村级区划林旺大道62号2楼（金爵娱乐会所二楼）","phone":"电话:13807505277"},{"name":"都市网吧","address":"凤凰路174号（三永凤凰城底商）","phone":"电话:13389896923"},{"name":"戰线网盟电竞馆(环宇店)","address":"商品街一巷3号二楼","phone":"电话:0898-88895550"},{"name":"戰线网盟电竞馆(林旺店)","address":"林旺大道15号2楼","phone":"电话:0898-88896655"},{"name":"黑龙电竞","address":"商品街大道","phone":"电话:15501939900"},{"name":"斗鱼电竞(藤桥店)","address":"新民路3号","phone":"电话:13379904080"},{"name":"戰线网盟电竞馆(星河店)","address":"外贸路盛京金碧大厦2楼","phone":"电话:089888297766"},{"name":"三亚热浪电竞馆(羊栏店)","address":"凤凰路275号茉莉花开旅租二楼","phone":"电话:17624077801/18189889155"},{"name":"星河电竞club","address":"西南大学三亚中学","phone":"电话:17336980770"},{"name":"开心网吧(荔枝沟路店)","address":"荔枝沟路南新街211号农垦南新医院旁","phone":"电话:18117706665"},{"name":"雄迅网吧","address":"直辖村级区划亚龙湾路吉阳小学东行150米","phone":""},{"name":"摩卡云电竞(金鸡岭店)","address":"金鸡岭路圣煜花园二期A栋一层及地下一层","phone":"电话:13208960000"},{"name":"戰线网盟电竞馆(潮玩店)","address":"群众街农机公司综合楼一楼10号","phone":"电话:0898-88885552"},{"name":"世纪网咖(亚龙湾路店)","address":"直辖村级区划亚龙湾路七色花幼儿园南侧约110米","phone":"电话:13876890555"},{"name":"新好来网吧","address":"凤凰路与海虹路交叉口东100米","phone":"电话:17784689202"},{"name":"宜博电竞馆(南边海店)","address":"渔村路45号","phone":"电话:19189885875"},{"name":"新起点网络","address":"会坡村34号","phone":"电话:13866938152"},{"name":"蚂蚁电竞","address":"海南省三亚市天涯区解放路128号","phone":"电话:18596673711"},{"name":"黑桃电玩PS5·Switch(天悦城店)","address":"月川中路月川南区安置区5栋18楼1804室","phone":"电话:13337612879"},{"name":"华海网络","address":"团结街23号","phone":"电话:13876445234"},{"name":"网域网咖","address":"南海社区渔村路34号","phone":"电话:13687566698"},{"name":"三亚忆栖电竞主题客栈","address":"胜利路258号","phone":""},{"name":"网咖电竞馆","address":"海南省三亚市吉阳区海花路与海韵路交叉口东北方向80米","phone":""},{"name":"夜游鱼网咖(金鸡大厦店)","address":"直辖村级区划金鸡岭街464号金鸡大厦1层","phone":"电话:18943265999"},{"name":"宜博电竞馆(育秀路店)","address":"育秀路3-1号风情街C区二楼201","phone":"电话:18689623982"},{"name":"全控网咖","address":"荔枝沟路荔枝沟居委会2组118号2楼","phone":"电话:0898-88555773"},{"name":"偶予电玩(胜利购物广场店)","address":"胜利广场一楼","phone":""},{"name":"天涯客竞技场网盟(步行桥店)","address":"三亚河西路","phone":"电话:0898-88368181"},{"name":"万游引力电玩互娱中心","address":"新风街261号蓝海购物广场二楼B035铺面","phone":"电话:0898-88202938"},{"name":"金菠萝动漫城(1号港湾城店)","address":"1号港湾购物城中心南区3层10号商铺","phone":""},{"name":"至尚电竞(天涯客分店)","address":"河西和平街173-2号3楼","phone":""},{"name":"格雷电竞","address":"海南省三亚市吉阳区荔枝沟路140号4楼","phone":""},{"name":"至尚网咖(华硕罗技金牌店)","address":"商品街一巷蓝天公寓3楼","phone":"电话:13637635999"},{"name":"炫动四方(三亚天悦城店)","address":"天悦城L3层L301-302号","phone":""},{"name":"三亚SOLOKING电竞酒店(海棠湾国际免税城店)","address":"龙海风情小镇东八巷M3-20号","phone":""},{"name":"戰线网盟电竞馆(奈斯店)","address":"三亚市吉阳区月川中路同心家园4期","phone":"电话:0898-88660808"},{"name":"南梦园·动漫游艺厅(金润广场店)","address":"河西路金润阳光购物广场三楼A316号（创业大厦对面）","phone":"电话:13379963467/18117702628"},{"name":"外星徕客运动欢乐中心(三亚店)","address":"海南省三亚市吉阳区育秀路2号夏日站商业广场L3-10、L3-11、L3-12、L3-13-01、L3-13-02号商铺","phone":"电话:17389791033"},{"name":"宜博电竞馆(荣明花园店)","address":"海南省三亚市天涯区金鸡岭路荣明花园A座1单元2层","phone":"电话:0898-88669899"},{"name":"彪龙电竞","address":"三亚市吉阳区商品街三亚地质大厦东侧约30米","phone":""},{"name":"哩哩乐玩趣世界(三亚店)","address":"临春河路134号港华广场","phone":"电话:13307529019"},{"name":"热带王国亲子乐园(三亚国际购物中心店)","address":"解放一路国际购物中心商场二楼1号铺面","phone":"电话:19389974936"}]