[{"name":"朋友电竞网吧","address":"吉林省白城市洮北区中兴西大路76号楼","phone":"电话:0436-6789888"},{"name":"辉煌网吧(新兴路店)","address":"白城市洮北区瑞光南街63号","phone":"电话:18844664499"},{"name":"鲨鱼电竞(民生东路店)","address":"吉林省白城市洮北区民生东路96-11号","phone":"电话:18943797171"},{"name":"VR电竞(碧水东城商业街店)","address":"新发北街与碧水东城商业街交叉口东100米","phone":""},{"name":"凯旋电竞馆","address":"吉林省白城市洮北区长庆南街63号楼","phone":"电话:13294362223"},{"name":"比尔电竞超越网吧(青年北大街店)","address":"青年北大街32号楼6门市","phone":"电话:13945703519"},{"name":"海维网吧","address":"吉林省白城市洮北区中兴西大路76-6号","phone":""},{"name":"ZG电竞馆(建设街店)","address":"吉林省白城市通榆县建设街4444号","phone":"电话:13244464443/15734382111"},{"name":"爱逸巢电竞网咖(兴安北街店)","address":"吉林省白城市洮南市兴安北街明秀小区1层","phone":""},{"name":"爵迹电竞馆","address":"白城市洮南市泰州北街泰府小区东侧约60米","phone":"电话:18844670000"},{"name":"谜团主机游戏体验馆","address":"新华东大路锦绣华府高层19号楼南侧门市（大润发东侧）","phone":"电话:13258861200"},{"name":"酷盖潮玩游乐·乐摇摇(大润发店)","address":"长庆南街与新华西大路交叉口南100米","phone":""},{"name":"白城开心乐园电玩城(中润购物中心店)","address":"中润购物中心2楼","phone":"电话:18343677866"},{"name":"新感觉网吧(新兴路店)","address":"新兴路32号","phone":""},{"name":"金轩电竞馆","address":"吉林省白城市洮北区学府街新城家园a区191号楼","phone":"电话:13943601313"},{"name":"比尔·电竞旗舰店","address":"白城市洮北区瑞光南街佳兴园东侧","phone":""},{"name":"鲸羽电竞馆","address":"吉林省白城市洮北区斯巴达电竞城二楼","phone":""},{"name":"焦点电竞网咖","address":"白城市洮北区新兴路锦绣华府(长庆南街)","phone":""},{"name":"E·sports电竞馆","address":"白城市洮北区胜利西路联通家园东南侧约70米","phone":""},{"name":"鑫战电竞馆","address":"白城市洮北区胜利西路联通家园东南侧约70米","phone":"电话:13943670323"},{"name":"斯巴达电竞(师院小区店)","address":"中兴西大路78号楼10号门市二楼（师范学院斜对面，赵小五炸鸡东侧二楼）","phone":"电话:13384366662"},{"name":"曼城电竞馆","address":"白城市洮北区新兴路锦绣华府(长庆南街)","phone":"电话:15843685313"},{"name":"天空之城(海明西路店)","address":"海明西路与瑞光南街交叉口东北40米","phone":"电话:13354366913/15944698529"},{"name":"锦东电竞万兆桌面体验店","address":"白城市洮北区新华东大路锦绣华府(长庆南街)","phone":""},{"name":"鲸羽电竞","address":"白城市洮北区中兴西大路三亚馨园西北侧约230米","phone":""},{"name":"电竞馆","address":"白城市洮北区新兴路锦绣华府(长庆南街)","phone":""},{"name":"游时光游戏主题馆","address":"光明胡同8号楼3单元一楼西","phone":""},{"name":"喜多多潮玩街区游乐场","address":"白城市洮安东路80号百花商场内一层东侧1-10号","phone":""}]