[{"name":"荣耀电竞","address":"山东省德州市庆云县商业街a15号","phone":"电话:18678386586"},{"name":"新港湾电竞","address":"东风西路56号三里庄便民市场","phone":"电话:18765571009"},{"name":"德龙网络电竞","address":"山东省德州市德城区迎宾路731号","phone":""},{"name":"零渺电竞网吧","address":"山东省德州市庆云县渤海路街道建设街牡丹华宅金街14-08号商铺零渺电竞","phone":"电话:15130773199"},{"name":"畅游电竞(万达店)","address":"万达广场万达金街二楼","phone":""},{"name":"追梦电竞","address":"德州市乐陵市五洲西大道五洲国际现代装饰物流城","phone":""},{"name":"畅游电竞","address":"德州市德城区育英大街德兴乾城尊府东南侧约40米","phone":""},{"name":"追梦电竞","address":"山东省德州市乐陵市市中街道枣城南大街587号","phone":""},{"name":"太平洋电竞","address":"山东省德州市德城区双一路8号","phone":"电话:15653400508"},{"name":"天下电竞(梦幻店)","address":"开元中大道158号","phone":"电话:19953405502"},{"name":"时尚网咖(南营街店)","address":"南营街4号(南营小区北区南门旁)","phone":"电话:18315911766"},{"name":"奇艺电竞","address":"山东省德州市德城区盛园路1359号","phone":""},{"name":"青春驿站电竞馆","address":"山东省德州市德城区新岭路368号","phone":""},{"name":"CARRY网咖(carry高地店)","address":"经济技术开发区东风东路776号天玉铭城6号楼1号商铺","phone":"电话:15998788882"},{"name":"蓝宇电竞","address":"迎宾路九州商城南200米48号","phone":"电话:15863891333"},{"name":"CARRY电竞(商贸城店)","address":"经济技术开发区三八东路兆光商贸城东区1号楼三层","phone":"电话:17305349966"},{"name":"奕诚电竞","address":"陵州路与颜城街交叉口东北侧银座商城(陵城店)F3","phone":""},{"name":"神觅电竞(中元科技店)","address":"经济技术开发区袁桥镇东方红东路6596号中元科技E座西南角","phone":""},{"name":"鑫龙电竞","address":"山东省德州市德城区东风西路运河街道办事处4--5号","phone":"电话:18505446013"},{"name":"德强网咖(澳德乐时代广场店)","address":"山东省德州市德城区东风东路1899号澳德乐时代广场2楼正南方向190米","phone":"电话:18763928957"},{"name":"达尔优电竞(东风中路店)","address":"东地中大街22号","phone":"电话:13385442344/17515173929"},{"name":"千龙电竞馆","address":"天衢东路1161号绿城百合花园北门29号楼1号商铺","phone":"电话:13969192990"},{"name":"TY电竞馆(德州学院店)","address":"德州学院南门西200米七天优品酒店二楼","phone":"电话:18953448488"},{"name":"闪电电竞","address":"袁桥社区A区A2号楼116号商铺","phone":"电话:18105343380"},{"name":"大咖电竞酒店(德州万达广场店)","address":"德州市新河路与湖滨大道交叉口万达广场A座公寓1楼","phone":""},{"name":"达尔优电竞(德州学院店)","address":"德州市德城区育英大街德州学院","phone":"电话:13385442344"},{"name":"神觅电竞(袁桥店)","address":"昱景东方5号商业","phone":""},{"name":"龙宇网苑(圣爵士)","address":"连陈街7号","phone":""},{"name":"联兴网咖","address":"山东省德州市德城区湖滨南大道1888号南苑花城-南门","phone":""},{"name":"先锋电竞(商业街店)","address":"商业街54号","phone":"电话:15863891333"},{"name":"奇艺电竞","address":"山东省德州市德城区盛园路1359号","phone":""},{"name":"PiPi电玩社","address":"万达金街15-2-08号","phone":""},{"name":"天磊网友俱乐部","address":"青年路1752号","phone":"电话:13173338898"},{"name":"雅飞电竞","address":"山东省德州市德城区德兴中大道115号","phone":""},{"name":"星缘网咖","address":"八里庄北门东首03号","phone":"电话:18266198119"},{"name":"小摩登电竞青苹果店(开发区商贸城店)","address":"开发区商贸城","phone":"电话:18561173211"},{"name":"CARRY电竞(新街口店)","address":"德州市德城区新华路新街口","phone":"电话:17305347188"},{"name":"经典网络休闲会所(解放南大道店)","address":"解放南路高档住宅小区南门旁","phone":"电话:13562495735"},{"name":"运河网咖","address":"华兴路592号","phone":"电话:15806825531"},{"name":"嘻游电竞酒店(德州学院店)","address":"德州市天衢街道办事处月秀家园综合楼4-7号门市二楼","phone":""},{"name":"七色光网咖","address":"晶华大道兆光商贸城文化市场A座104-106号","phone":"电话:13969263211"},{"name":"船长动漫(1899街区店)","address":"澳德乐五号口四楼街区","phone":"电话:18553470503"},{"name":"超越电竞(新湖家园店)","address":"山东省德州市德城区新湖大街1114号","phone":""},{"name":"蓝波湾网咖(庄和路店)","address":"天衢西路432号","phone":""},{"name":"元气星球主机电玩游戏店PS5·switch","address":"新华路新街口文化园11号楼1-2室","phone":"电话:13375349777"},{"name":"艾得网咖","address":"大学东路与亚太东街交叉路口往西南约60米","phone":""},{"name":"宏宇网城(学院西路)","address":"学院西路188号金田公寓东南门东北50米","phone":"电话:15066500544"},{"name":"酷动乐园(澳德乐时代广场店)","address":"东风东路1899号澳德乐时代广场三楼","phone":"电话:13884686772/15688800766"},{"name":"MZ电竞酒店(德州火车站店)","address":"德州市迎宾大街甲7号","phone":""},{"name":"蓝月亮网苑","address":"晶华大道288号西南方向80米","phone":"电话:13969263211"},{"name":"蹦乐迪蹦床乐园","address":"东风东路1899号澳德乐时代广场F4层","phone":"电话:13853480089"},{"name":"云逸宝摇杆游戏机(万达影城店)","address":"湖滨南大道669号万达广场4楼万达影城休息区前台旁","phone":""},{"name":"V+·智能精选·电竞酒店(德州万达广场店)","address":"山东省德州市德城区广川街道新河东路401号","phone":""},{"name":"聚汇玩超乐场(大学路店)","address":"大学西路1566号银座商城3楼","phone":"电话:17853481066/19535148770"},{"name":"主机游戏(德百澳德乐时尚广场店)","address":"德州市德城区东风东路澳德乐时代广场德百澳德乐时尚广场F4","phone":""},{"name":"电竞网咖(东地大街店)","address":"山东省德州市德城区东地南大街111号","phone":"电话:18005347281"},{"name":"云逸宝游戏厅(新世纪电影城观湖店)","address":"解放中大道观湖城3楼新世纪电影城休息区前台旁","phone":""}]