[{"name":"挑战者电竞","address":"云南省普洱市景谷傣族彝族自治县益智路景怡苑南侧约30米","phone":""},{"name":"流星网屋(边城路店)","address":"云南省普洱市思茅区边城路粮食局2楼","phone":"电话:0879-2150788"},{"name":"魔橙电竞(茶源广场店)","address":"凤凰路社区居民茶源广场105号商铺","phone":"电话:13529196717"},{"name":"程程网吧(茶乡路店)","address":"茶乡路金色嘉园东银河小区东南100米","phone":"电话:15180575597"},{"name":"潮牛网咖(民族街店)","address":"思茅街道人民东路21号(茶城大道与人民东路交叉口处)","phone":"电话:19187920909"},{"name":"澜沧飞鱼电竞网咖","address":"民族街红英楼","phone":"电话:13759041284"},{"name":"星辰网屋","address":"五一路23号2层","phone":"电话:13324994599"},{"name":"航波网吧","address":"益智路与323国道交叉口东60米","phone":""},{"name":"圣基网吧","address":"边城东路粮食局新办公大楼","phone":"电话:18387924677"},{"name":"盛大网城","address":"海关路14号","phone":""},{"name":"星球玩家(普洱大道店)","address":"普洱市思茅区普洱大道茶马古城","phone":""},{"name":"年华礼夹机站(茶马古城店)","address":"茶马古城111-02号","phone":"电话:18387755755"}]