[{"name":"合展网吧(北纬18旗舰店)","address":"省直辖县级行政区划五指山市海榆南路108号","phone":"电话:18976512111"},{"name":"嬉游电竞馆","address":"海南省五指山市三月三大道49号新百佳汇4楼","phone":""},{"name":"歡迎光林电玩社","address":"五指山市逸清路桐林商业街1期2楼C2-203","phone":""},{"name":"艺珑传奇动漫厅","address":"五指山市通什镇三月三大道三月三国际购物广场二楼F203-F220号","phone":""},{"name":"酷力酷魔卡电玩城(海南店)","address":"海南省五指山市通什镇三月三大道59号","phone":"电话:18889804735"}]