[{"name":"电竞","address":"辽宁省铁岭市银州区广裕街吉发超市东南侧","phone":"电话:15502686683"},{"name":"电竞网咖","address":"铁岭市调兵山市调兵山大街兀术花园东北侧约60米","phone":""},{"name":"电竞俱乐部","address":"铁岭市开原市植物园路中宝小区东北侧约30米","phone":""},{"name":"陆行鸟动漫电玩店","address":"红旗街10委9组城北2号小区2幢号4房号","phone":"电话:15542067566"},{"name":"酷玩电竞(哈大街店)","address":"铁岭市开原市哈大街维华商业广场","phone":"电话:13904022671"},{"name":"TZ动漫谷子潮玩电玩桌游Club","address":"辽宁省铁岭市银州区八中路哥伦布广场一楼大厅舞台正对面","phone":"电话:13358993836"},{"name":"新思维网吧","address":"影院大街家和美商场1楼西北方向74米","phone":""},{"name":"力天网吧(影院大街店)","address":"辽宁省铁岭市昌图县昌图镇新创小区-D座","phone":"电话:024-75806555"},{"name":"章鱼电玩馆·ps5 switch xbox","address":"红旗街道铜钟街繁荣路49号曙光组团5幢1-9室","phone":"电话:18640165548"},{"name":"初见网咖(鸭绿江路店)","address":"鸭绿江路50号","phone":"电话:13352359898"},{"name":"云端电竞馆","address":"铁岭市工人街道41号互联网大厦","phone":"电话:13147961930"},{"name":"和鑫电竞","address":"铁岭市铁岭县松花江路铁岭金峰华园酒店(水木店)","phone":""},{"name":"头号玩家电玩","address":"鸭绿江路75幢1-1室","phone":"电话:18641067985"},{"name":"金顺电玩城","address":"铁岭市铁岭县钟山路皇廷假日商务休闲会馆西南侧约70米","phone":""},{"name":"乐高(南马路店)","address":"大商新玛特(南马路)三楼","phone":""},{"name":"初见电竞酒店(鸭绿江路店)","address":"铁岭市水木华园B26幢","phone":""},{"name":"梦星禾电竞酒店","address":"工人街与北市路交叉口西南角创业大厦17楼","phone":""},{"name":"乐缘地带电玩城","address":"辽海街道南环路22–4号世纪颐园综合楼万家生活广场2层","phone":""},{"name":"超级星座(铁岭店)","address":"哥伦布生活广场3楼","phone":"电话:13009272189"}]