[{"name":"时代电竞","address":"大南街城南商场酒厂2层","phone":"电话:15609055699"},{"name":"新干线电竞(上尚店)","address":"建设路北段万晟城·华府17号楼[幢]2层2-4号","phone":"电话:0832-2549696/19938660919"},{"name":"新干线电竞(传化店)","address":"汉安大道传化广场爱尚里二楼","phone":"电话:0832-2349696"},{"name":"新干线电竞(兆信店)","address":"汉安大道西段888号兆信中心23号楼3层3-1号至3-16号","phone":"电话:0832-2249696/13551501329"},{"name":"半糖网吧(澜湾店)","address":"四川省内江市威远县滨河路833号","phone":"电话:0832-8823666"},{"name":"恒天电竞(万达店)","address":"栖霞路401商铺54-56号","phone":"电话:13990532299"},{"name":"恒天电竞(汇宇一品店)","address":"兰桂大道226号2楼附2号","phone":"电话:0832-2280678/13990532299"},{"name":"君畅电竞(万晟城店)","address":"汉安大道东二段169号1栋1单元3楼2号（万晟城天街入口处3楼）","phone":"电话:0832-2129988"},{"name":"半糖网吧(城南店)","address":"城市花园B座蒙氏幼儿园楼下","phone":"电话:17386701351"},{"name":"恒天电竞(农校街店)","address":"东兴街道农校街258号(上二楼)","phone":"电话:0832-2290678"},{"name":"意游未尽网咖(三店)","address":"经开区双苏路488号西浦观邸第一城第二层9-2-1号","phone":"电话:18090331212"},{"name":"恒天电竞(临江小区四店)","address":"江华街10-18号","phone":"电话:13990532299"},{"name":"快乐在线网吧(上海花园商业街店)","address":"农校街247号东兴欢欢幼儿园农校街","phone":""},{"name":"汉安网咖(汉安大道店)","address":"汉安大道西382号附16、17号","phone":"电话:15244879057"},{"name":"同步网咖(公园街店)","address":"公园街98号","phone":"电话:18181599988"},{"name":"博客网吧(德馨苑西南)","address":"东兴大道1-52号","phone":"电话:15828800002"},{"name":"梦幻星空网吧(大千路店)","address":"大千路与兴隆路交叉口东南方向190米","phone":"电话:18090336057"},{"name":"君畅电竞精品店(2店)","address":"汉安大道东二段277号","phone":"电话:0832-2029888"},{"name":"内江畅游电竞酒店","address":"四川省内江市东兴区汉安大道西段919号金色阳光里1幢3单元十九楼","phone":""},{"name":"神行电竞(岗盛商业广场店)","address":"脚盆田岗盛商业广场3层（金科时代1号门对面观光电梯上3楼）","phone":""},{"name":"英伦网咖","address":"汉渝大道1000号","phone":"电话:13548309997/13649005701"},{"name":"恒天电竞·零点(繁华里店)","address":"栖霞路396号2幢2楼附3、4号","phone":"电话:18048710331"},{"name":"战略先锋网咖(内江店)","address":"江华街120号","phone":"电话:15244884916"},{"name":"上尚网咖","address":"汉安大道759-823号","phone":"电话:15828802122"},{"name":"一线网吧","address":"玉溪街道交通路169号2楼(新菜市场口右手边2楼)","phone":""},{"name":"公元网咖(文英街店)","address":"四川省内江市市中区文英街67号","phone":"电话:13388362626/18090337568"},{"name":"冰界电竞酒店","address":"内江市东城路传化广场爱尚里3栋3楼","phone":""},{"name":"意游未尽电竞七店","address":"内江市市中区江宁街庙儿山公租房小区","phone":"电话:18881425883"},{"name":"solo电玩游戏社·ps4·ps5·ns(万晟城店)","address":"汉安大道东段888号29幢2层2号","phone":"电话:18582692610"},{"name":"头号玩家·高空智能电竞酒店(万达广场店)","address":"内江市万达广场B区2号楼2单元21楼","phone":"电话:13990523378/17383996135"},{"name":"沸城电竞馆","address":"内江市市中区双洞路新上城","phone":""},{"name":"极光游戏社·PS4·PS5·Switch电玩","address":"汉安大道西段万达广场1号门soho公寓2单元16楼2号（星巴克旁楼上）","phone":"电话:15559818213"},{"name":"荧魂游戏社ps5 xbox switch(兆信店)","address":"兆信中心第30幢2层2-7号","phone":"电话:18990512017"},{"name":"畅游网咖(凤窝街店)","address":"东兴街63-7号","phone":"电话:13330695043"},{"name":"卓越竞速电竞酒店(汉安大道西段分店)","address":"内江市汉安大道西段888号32栋1单元21楼1号","phone":"电话:18181612350"},{"name":"皮咖丘新干线网咖(汉安大道店)","address":"内江东兴区汉安大道795号新干线电竞","phone":""},{"name":"超玩游戏社ps4 ps5 switch(万达店)","address":"梧桐路1号16楼14号（语阁酒店上楼）","phone":"电话:19183286772"},{"name":"游戏大魔方(内江吾悦店)","address":"江宁街西段88号吾悦广场2层2201商铺","phone":"电话:18990934528/19961779359"},{"name":"新概念网咖(北街店)","address":"北街89号","phone":"电话:0832-8980072/13388362626"},{"name":"大玩家(内江万晟汇店)","address":"四川省内江市东兴区汉安大道东二段555号万晟汇购物中心二楼2032号2033号2034号","phone":"电话:0832-2280917"},{"name":"米迦网咖","address":"平安路811号","phone":"电话:17883566669"},{"name":"内江群星电玩城","address":"四川省内江市市中区叠象街4号(大同街2号)","phone":"电话:18990503453"},{"name":"大玩家(内江万达店)","address":"汉安大道西段万达广场二号门三楼","phone":"电话:0832-2210336/0832-2288702"},{"name":"超玩游戏社ps4 ps5 switch(万达金街店)","address":"兰桂大道440号附32号二楼（万达金街）","phone":"电话:17345122982"},{"name":"SCV电竞酒店(万达广场店)","address":"内江市汉安大道西段万达广场A区公寓1单元1楼","phone":""},{"name":"同步电竞酒店","address":"四川省内江市东兴区东城路2号传化广场锦园9号楼2楼","phone":""},{"name":"零点网咖(四号路车站店)","address":"汉安大道222号","phone":""},{"name":"新干线电竞(万达广场汉安大道西段店)","address":"四川省内江市东兴区汉安大道西段988号万达广场F3","phone":""}]