[{"name":"逗号电竞(汇丰广场店)","address":"文教路汇丰广场四楼","phone":"电话:089883381891"},{"name":"偶予电玩(海韵广场店)","address":"海韵广场四楼","phone":"电话:18995866600"},{"name":"百盛网咖","address":"英海大道59号丽莱皇冠酒店2楼","phone":""},{"name":"菜鸟电竞馆","address":"滨河南路酷哥辣妹三楼","phone":""},{"name":"乐特电竞(陵水店)","address":"椰林镇文教路99号(汇丰广场对面)","phone":"电话:13976396066"},{"name":"乐特电竞酒店(陵水店)","address":"陵水黎族自治县文教路汇丰广场西南侧","phone":""},{"name":"渔人网咖","address":"新建路263号","phone":"电话:13876657607"},{"name":"迪乐网咖","address":"英海路122号","phone":"电话:17744854372"},{"name":"DR电竞俱乐部(新民路店)","address":"陵水黎族自治县海南省陵水县新民路55号3楼","phone":""},{"name":"陵水百宫电竞酒店","address":"海南省陵水黎族自治县文化路172号","phone":""}]