[{"name":"蓝龙网咖","address":"工农西街64号","phone":"电话:15535900299"},{"name":"史莱姆电竞","address":"金域湾1号","phone":""},{"name":"易酷电竞(迎宾路店)","address":"运城市永济市迎宾路城东示范小学东侧约170米","phone":"电话:13327595038"},{"name":"银河电竞","address":"棉北街8巷1号","phone":"电话:13643657085"},{"name":"财富电竞馆","address":"北郊人口计生委西","phone":"电话:18635929977"},{"name":"风云电竞","address":"人民北路海天花苑104号门面房（近东门）","phone":"电话:13233222022"},{"name":"绿树电竞(运城欢乐港店)","address":"山西省运城市盐湖区北城街道国科欢乐港","phone":"电话:16663594356"},{"name":"星语电竞","address":"解放北路31号（彩虹汽贸东门对面,岳坛村口）","phone":"电话:0359-7346666"},{"name":"飞狐网吧","address":"槐东路南1巷1号","phone":"电话:17735916886"},{"name":"老司机电竞网吧","address":"舍利东街寿圣商城二楼西南角","phone":"电话:18635947999"},{"name":"贝贝网吧(解放路店)","address":"解放中路123号东星时代广场F1层","phone":""},{"name":"幕兰卡电竞馆","address":"富运西巷原王庄村石门往东200米","phone":"电话:15535977718"},{"name":"新零点电竞馆(高家垣店)","address":"高家垣中巷2-13号","phone":"电话:15035055310"},{"name":"绿树电竞(运城欢乐港店)","address":"山西省运城市盐湖区北城街道国科欢乐港","phone":"电话:16663594356"},{"name":"星语电竞","address":"解放北路31号（彩虹汽贸东门对面,岳坛村口）","phone":"电话:0359-7346666"},{"name":"世纪电竞馆(星河二店)","address":"涑水东街星河广场5幢15号1-2层商铺","phone":"电话:0359-2288882/19335972155"},{"name":"世纪电竞馆(星辰店)","address":"安邑西路运城经济开发区大市北小学南侧约90米","phone":"电话:0359-7524444/18635913331"},{"name":"飞狐网吧","address":"槐东路南1巷1号","phone":"电话:17735916886"},{"name":"世纪电竞(兄弟联盟店)","address":"禹都花园百合公寓1楼","phone":""},{"name":"梦飞电竞","address":"运稷线美景天城西南门","phone":"电话:18634801999"},{"name":"超越世纪·考拉电竞(郡都世纪大厦店)","address":"禹西路与红旗东街交叉口西北角郡都世纪大厦A单元2层A108","phone":"电话:0359-7458888"},{"name":"熊猫电竞","address":"条山街留驾庄西一巷(金沙后面)","phone":"电话:03592437777"},{"name":"极夜电竞酒店(欢乐港店)","address":"山西省运城市盐湖区工农西街199号","phone":""},{"name":"环球电竞馆(红旗西街)","address":"山西省运城市盐湖区红旗西街285号","phone":"电话:17303592063"},{"name":"斯巴达电竞","address":"山西省运城市盐湖区解放南路钟楼小区42号楼五号","phone":"电话:13008012211"},{"name":"白桦林电竞馆","address":"南环西路208号车友洗车隔壁","phone":"电话:13033444567"},{"name":"宏邦电竞馆(南风广场店)","address":"高家垣中巷1号南风广场","phone":"电话:13393590322"},{"name":"好心情网城","address":"解放北路517号御庭园门面房好心情网吧","phone":"电话:15803482466"},{"name":"超越世纪电竞(熊猫二店)","address":"铺安街2号","phone":"电话:0359-5322222"},{"name":"世纪电竞馆(槐树凹二店)","address":"槐中路槐中北路35号","phone":"电话:18335933387"},{"name":"伊时代电子竞技俱乐部","address":"华雄南路4号枫林香榭24-25号","phone":"电话:0359-4596666"},{"name":"世纪电竞馆(槐树凹店)","address":"槐豫中路8号","phone":"电话:18335933387"},{"name":"浩霖电竞旗靓店","address":"G209东留村西口（佳禾名苑南门旁）","phone":"电话:13720990211"},{"name":"大富豪网吧(空港商贸城店)","address":"开发区空港北商贸城6号楼617号","phone":"电话:13068011115"},{"name":"YZ电竞馆","address":"运城市盐湖区红旗西街西湖苑(红旗西街)","phone":""},{"name":"开心网咖(潞村街店)","address":"潞村街286号","phone":"电话:13111191721"},{"name":"超越世纪电竞(凯悦电竞七彩盐湖店)","address":"毕加索东北1门旁","phone":"电话:0359-4659999"},{"name":"飞鹰电竞馆","address":"运城市盐湖区货场西路运城工学院(西校区)东北侧","phone":""},{"name":"ACE极地电竞","address":"山西省运城市盐湖区感恩广场cd座42号","phone":"电话:13363591313"},{"name":"啄木鸟网吧","address":"空港新区康杰北路乾得龙汽配城东一街","phone":"电话:15333069944"},{"name":"啄木鸟网吧","address":"空港新区康杰北路乾得龙汽配城东一街","phone":"电话:15333069944"},{"name":"沙巴克电竞馆(库东路店)","address":"禹都经济技术开发区库东路尚东城旁","phone":"电话:15535977718"},{"name":"世纪电竞馆(银海店)","address":"嘉禾·西班牙3号-002006室","phone":"电话:0359-2626266"},{"name":"Super X GAMING电竞综合体","address":"人民北路岳坛新村佳苑门面房10号","phone":"电话:17535919392"},{"name":"壹家网咖","address":"禹都经济技术开发区学院北路华林逸墅北门","phone":"电话:19903594052"},{"name":"奇彩网络网咖(光速通运城旗舰店)","address":"圣惠路29号","phone":"电话:13467256755"},{"name":"恒天电竞(宜博店)","address":"运城市盐湖区河东东街天泰凤凰公寓","phone":""},{"name":"海纳电竞公寓","address":"运城市盐湖区条山东街运城市条山街幼儿园东北侧约60米","phone":"电话:18635909002"},{"name":"宜博电竞馆(天泰凤凰公寓店)","address":"河东东街天泰公寓A座商务楼2层201室","phone":"电话:18636392137"},{"name":"世纪电竞(恋尚店)","address":"安邑街道葡东巷1排1号(葡东巷与葡萄园街交叉口东北50米)","phone":"电话:18335933387"},{"name":"乐巢网咖","address":"经济技术开发区涑水东街樊村涑水商务楼二楼","phone":"电话:18635931788/19935962265"},{"name":"八戒桌球","address":"通联建材东南2号门二楼","phone":""},{"name":"恕瑞玛电竞馆","address":"中银南路与工农东街交叉口南50米路西","phone":"电话:13934373125"},{"name":"和合电竞酒店(运城高铁北站店)","address":"解放北路皮革城社区北三巷161号院","phone":""},{"name":"熊猫电竞","address":"运城市盐湖区铺安街金鑫·槐东花园北侧约40米","phone":""},{"name":"YZ电竞馆","address":"运城市盐湖区红旗西街西湖苑(红旗西街)","phone":""},{"name":"百盈网咖电竞(德新路店)","address":"圣惠路圣惠公园对面","phone":"电话:19935627810"},{"name":"山海live电竞新空间","address":"山西省运城市盐湖区解放北路岳坛村门楼内50米路南","phone":"电话:0359-2896555"},{"name":"伊时代电子竞技俱乐部米兔电竞","address":"山西省运城市盐湖区北城街道平安大厦","phone":"电话:0359-2213333"},{"name":"斯巴达电竞尚品店","address":"山西省运城市盐湖区人民南路99号","phone":"电话:18135921678"}]