[{"name":"网鱼网咖·电竞(嘉兴龙鼎万达店)","address":"龙凤路与新盛西路交汇处嘉兴经开万达广场负一楼","phone":"电话:19370873190"},{"name":"桔子电竞网咖","address":"美达商贸中心洪新大道546号","phone":""},{"name":"新时空网咖(洪高路店)","address":"洪高路1577号","phone":"电话:19905835905"},{"name":"夜猫电竞网吧","address":"优家新村387号","phone":"电话:18057341883"},{"name":"创想电竞","address":"城东路2000号二楼207室","phone":""},{"name":"栋栋电竞(姚庄商贸中心店)","address":"姚庄路207号","phone":""},{"name":"网鱼网咖·电竞(嘉兴南湖万达店)","address":"广益路1108号万达广场室内步行街2F01D号商铺","phone":"电话:19564967125"},{"name":"傲霜电竞网咖","address":"浙江省嘉兴市嘉善县嘉善大道688号万联恒太城西区四楼(景辰大厦东侧或者世博大酒店南侧)","phone":"电话:15656666694"},{"name":"壹加壹网吧","address":"晋阳东路322-324号","phone":"电话:18657366111"},{"name":"网红电竞(凯迪广场店)","address":"亭桥南路365-367号","phone":"电话:18358338666"},{"name":"伊泽电竞(国浩店)","address":"吴越路105号","phone":"电话:15397288816"},{"name":"伊泽电竞(金色港湾店)","address":"创新路金穗月亮湾","phone":"电话:13094877573"},{"name":"创想电竞","address":"城东路2000号二楼207室","phone":""},{"name":"伊泽电竞(海川店)","address":"宜城路228号-205号二楼","phone":"电话:18368349282"},{"name":"网鱼网咖·电竞(嘉兴南湖万达店)","address":"广益路1108号万达广场室内步行街2F01D号商铺","phone":"电话:19564967125"},{"name":"网鱼电竞酒店(嘉兴市南湖万达店)","address":"浙江省嘉兴市南湖区庆丰路1337号徽商大厦1楼南大厅","phone":""},{"name":"伊泽电竞(万悦集店)","address":"泾水路1005号嘉兴东栅万悦集L245B-L248B","phone":"电话:13065535212"},{"name":"伊泽电竞(旗舰店)","address":"洪波路648号","phone":"电话:13732590570"},{"name":"相遇网咖(胜利路店)","address":"胜利路与新南洋路交叉口旁","phone":"电话:18605735055"},{"name":"伊泽电竞(禾兴北路店)","address":"禾兴北路353号","phone":"电话:18967312806"},{"name":"火石电竞(水晶店)","address":"中兴广场1层","phone":"电话:18268458601"},{"name":"窝牛电竞网咖","address":"桐星大道627号佳源中心广场9幢二楼","phone":""},{"name":"伊泽电竞(大桥店)","address":"夏云路22号2层","phone":"电话:18357305932"},{"name":"达达网咖(江南摩尔店)","address":"蓬莱路258号201室-1","phone":"电话:19564927077"},{"name":"伊泽电竞(悠悠店)","address":"余新镇余贤埭街秀景苑4幢S04、S05室","phone":"电话:18757389248"},{"name":"伊泽电竞(方舟店)","address":"新兴街道中山西路209号鸿运大楼底层西大厅(新门牌中山东路917号)","phone":"电话:15306736983"},{"name":"万维网咖(吉杨路店)","address":"吉杨路136-138号（吉杨路126号商务楼）","phone":"电话:15757355755"},{"name":"伊泽电竞酒店(南湖天地店)","address":"南溪西路1034-1042号（水仙坊南2门旁）","phone":""},{"name":"水晶网吧(勤俭路店)","address":"建国南路451号中兴广场2号楼F1层","phone":"电话:18667388792"},{"name":"达达网咖(新文化广场)","address":"文昌路188号新文化广场1号楼4层北侧","phone":"电话:17815730790"},{"name":"星动电竞(濮院店)","address":"浙江省嘉兴市桐乡市濮院镇永越大道633号2楼东面","phone":"电话:19703863805"},{"name":"歪脸驴电竞馆","address":"永越大道842号","phone":"电话:13175154888"},{"name":"零距离电竞(嘉富好第坊店)","address":"好第坊商业街肯德基二楼","phone":"电话:15967387592"},{"name":"伊泽电竞·方圆店","address":"越秀南路博海路273号","phone":"电话:15605738688"},{"name":"火石电竞(金钻店)","address":"嘉兴市南湖区少年路中和广场","phone":""},{"name":"达达网咖(南湖学院店)","address":"博海路249号","phone":"电话:17305734042"},{"name":"达达网咖(莱尚店)","address":"创新路220号人才公寓莱尚网吧2层旁边","phone":"电话:17815730390"},{"name":"红狐网咖(嘉富中心店)","address":"广益路2055号嘉富中心","phone":""},{"name":"网鱼电竞(嘉兴八佰伴华府店)","address":"嘉兴市南湖区城南路1532号嘉兴八佰伴F4","phone":"电话:17357387926"},{"name":"蓝高电竞","address":"濮院镇蓝高中心北面一楼50号","phone":"电话:18780261330"},{"name":"网鱼网咖·电竞(杉杉in象店)","address":"中环西路1861号三楼A-3F-04室","phone":"电话:19957359602"},{"name":"晓晨网吧(余新店)","address":"新盛路与余北大街交叉路口往西南约50米","phone":"电话:13957303773"},{"name":"伊泽电竞(合乐城店)","address":"东栅街道中环东路1468号嘉兴合乐城商业中心209-A-F3-16号商铺","phone":"电话:15557360728"},{"name":"星烁网咖(常祖路店)","address":"北环一路新嘉温馨苑小区","phone":""},{"name":"符掌柜·棋牌·桌球·电竞(大桥店)","address":"天明路354号2楼","phone":"电话:17608990220"},{"name":"遇尚网咖","address":"凯旋路712号","phone":"电话:18657303073"},{"name":"网鱼网咖·电竞(嘉兴星河COCO City店)","address":"浙江省嘉兴市南湖区长水路1810号嘉兴星河COCO CityF3","phone":"电话:19957313599"},{"name":"宜博电竞酒店(杉杉生活广场店)","address":"浙江省嘉兴市经济技术开发区杉杉印象生活广场A幢3楼338室（DFC影院旁）","phone":""},{"name":"厚米电玩PS5·Switch·Xbox","address":"格林小镇9幢105商铺（景宜路李菜产品地标往内街步行30m）","phone":"电话:19818306807"},{"name":"爱尚网咖(府南店)","address":"新气象路1239号二楼","phone":"电话:18358312621"},{"name":"银河网咖(永越店)","address":"濮院镇永越大道822号2楼","phone":"电话:13067502116"},{"name":"即刻·Now·switch·ps5电玩(嘉欣丝绸广场B座店)","address":"浙江省嘉兴市南湖区中环西路588号嘉欣丝绸广场B楼四楼403室","phone":"电话:18158768722"},{"name":"爱尚网咖伊泽电竞(深蓝店)","address":"浙江省嘉兴市南湖区越秀南路文昌路口","phone":"电话:18757389248"},{"name":"伊泽电竞(府南店)","address":"浙江省嘉兴市南湖区长水街道新气象路1239号二楼","phone":"电话:18358312621"},{"name":"鲸奇电竞(城西店)","address":"嘉兴市嘉善县环西南路家英小区西侧约30米","phone":"电话:13666755219"},{"name":"遇尚网咖","address":"桐星大道326、328号附近","phone":"电话:0573-88020600"},{"name":"御足巅峰电竞(瑞悦商业广场店)","address":"嘉兴市嘉善县阳光西路锦和苑-东区南侧约80米瑞悦商业广场F1","phone":""}]