[{"name":"兄弟电竞","address":"内蒙古自治区赤峰市喀喇沁旗和美工业园区建材城A28幢","phone":"电话:13614867774"},{"name":"冲浪电竞网吧","address":"向阳小区六组团1号楼03015、03016","phone":"电话:15344127999"},{"name":"聚电竞","address":"内蒙古自治区赤峰市喀喇沁旗河滨南街盈泰港湾9-5号","phone":""},{"name":"忠义电竞","address":"金御华府A区临街23号商业楼03011室","phone":"电话:18204766818/19847685444"},{"name":"HS电竞","address":"赤峰市元宝山区宝山街矿区医院西侧约160米","phone":""},{"name":"宝峰电竞网吧","address":"赤峰市翁牛特旗全宁路金地5号小区南侧约30米","phone":"电话:15104768316"},{"name":"自由电竞","address":"内蒙古自治区赤峰市翁牛特旗车站小区古城街西南侧约30米","phone":""},{"name":"山海电竞","address":"赤峰市元宝山区宝山街矿区医院西侧约160米","phone":"电话:19997636868"},{"name":"鑫亮电竞","address":"内蒙古交通职业技术学院东北门东180米","phone":"电话:18304980984"},{"name":"神话电竞(五道路店)","address":"回民胡同民族小区6号楼","phone":"电话:18504762887"},{"name":"宜博电竞馆(首地红山郡店)","address":"内蒙古自治区赤峰市红山区红山郡五期商厅1-1-204","phone":"电话:13150960555"},{"name":"星际电竞(钢铁街店)","address":"西拉沐沦大街万达广场C地块CS1-1-010-116-118","phone":"电话:18647605040"},{"name":"汇咖电竞(水榭花都店)","address":"平双路水榭花都B区东门B-14号商厅","phone":"电话:15560467777"},{"name":"赤峰黑马电竞馆","address":"王府大街阳光花园","phone":"电话:15560397499"},{"name":"逸网风情电竞","address":"赤峰市红山区新华南路米高时尚酒店北侧约50米","phone":""},{"name":"随缘电竞(红峰路店)","address":"内蒙古自治区赤峰市红山区三东街龙景小区20号楼","phone":"电话:13150960555"},{"name":"玉龙见电竞","address":"玉龙家园全宁街22-8号","phone":"电话:17804769911"},{"name":"卓威电竞馆(三道西街店)","address":"赤峰市红山区三道西街幸福里楼院西北侧约40米","phone":""},{"name":"聚点儿电竞主题馆","address":"哈达街云厦综合楼3号楼01023（金方大酒店对面）","phone":""},{"name":"至享电竞娱乐台球","address":"内蒙古自治区赤峰市松山区松州街道迎金路5号","phone":""},{"name":"","address":"","phone":""},{"name":"","address":"","phone":""},{"name":"","address":"","phone":""},{"name":"","address":"","phone":""},{"name":"","address":"","phone":""},{"name":"","address":"","phone":""},{"name":"","address":"","phone":""},{"name":"","address":"","phone":""},{"name":"","address":"","phone":""},{"name":"","address":"","phone":""},{"name":"汇咖电竞(水榭花都店)","address":"平双路水榭花都B区东门B-14号商厅","phone":"电话:15560467777"},{"name":"逸网风情电竞","address":"赤峰市红山区新华南路米高时尚酒店北侧约50米","phone":""},{"name":"聚能电竞馆","address":"玉龙大街永业广场","phone":"电话:15548483236"},{"name":"聚点儿电竞主题馆","address":"哈达街云厦综合楼3号楼01023（金方大酒店对面）","phone":""},{"name":"魔竞电竞馆(晨曦花苑店)","address":"西站大街晨曦花苑南门东侧","phone":""},{"name":"港湾电竞","address":"内蒙古自治区赤峰市松山区振兴大街45-3号","phone":"电话:15049664555"},{"name":"卓威电竞馆(三道西街店)","address":"赤峰市红山区三道西街幸福里楼院西北侧约40米","phone":""},{"name":"至享电竞娱乐台球","address":"内蒙古自治区赤峰市松山区松州街道迎金路5号","phone":""},{"name":"海棠电竞(赤峰松山万达广场店)","address":"友谊大街与迎金路交叉口东南角赤峰松山万达广场","phone":"电话:13848666315"},{"name":"肥宅电竞","address":"赤峰市松山区临潢大街新天地广场","phone":""},{"name":"VG电竞","address":"南新街办事处钢铁街双拥小区4号楼1023室","phone":"电话:18148235212"},{"name":"肥宅电竞","address":"赤峰市松山区临潢大街新天地广场","phone":""},{"name":"冰河谷电竞馆","address":"内蒙古自治区赤峰市红山区钢铁街181-6号","phone":"电话:15804866661"},{"name":"网客loft电竞酒店(高铁站店)","address":"赤峰市契丹大街航安金和城B区1号公寓楼3楼","phone":""},{"name":"聚能网咖(十分店)","address":"迎金路与振兴大街交叉路口东北侧","phone":""},{"name":"星纪元电玩城(众联时代城店)","address":"众联时代城三层A06室","phone":""},{"name":"咖咖电竞","address":"内蒙古自治区赤峰市松山区兴安街道都会明珠小区S3栋1-112厅","phone":"电话:13734868004"},{"name":"百盛园网城(新华南路店)","address":"内蒙古自治区赤峰市红山区新华路61号","phone":"电话:18904760588"},{"name":"头号玩家(维多利万悦城店)","address":"哈达西街维多利万悦城六楼F608A-F608D","phone":""},{"name":"红郡电竞馆","address":"赤峰市红山区英金河大街龙山鸿郡-B区","phone":""},{"name":"冰河谷电竞馆","address":"内蒙古自治区赤峰市红山区钢铁街181-6号","phone":"电话:15804866661"},{"name":"聚能网咖(十分店)","address":"迎金路与振兴大街交叉路口东北侧","phone":""},{"name":"网客loft电竞酒店(高铁站店)","address":"赤峰市契丹大街航安金和城B区1号公寓楼3楼","phone":""},{"name":"神经猫PS5·私影·互动游戏体验馆(万达店)","address":"红山万达1号门对面克拉铭座3B—305","phone":"电话:18748098319"},{"name":"凯瑞电竞综合体","address":"内蒙古赤峰市松山区全宁街道内蒙古自治区赤峰市松山区帝豪大厦","phone":""},{"name":"黑咖电竞馆","address":"内蒙古自治区赤峰市红山区111国道114-21号","phone":"电话:15703665550"},{"name":"咖咖电竞","address":"内蒙古自治区赤峰市松山区兴安街道都会明珠小区S3栋1-112厅","phone":"电话:13734868004"},{"name":"会鑫电竞","address":"赤峰市红山区三道东街世纪嘉园","phone":""},{"name":"百盛园网城(新华南路店)","address":"内蒙古自治区赤峰市红山区新华路61号","phone":"电话:18904760588"},{"name":"头号玩家(维多利万悦城店)","address":"哈达西街维多利万悦城六楼F608A-F608D","phone":""},{"name":"红郡电竞馆","address":"赤峰市红山区英金河大街龙山鸿郡-B区","phone":""},{"name":"潮玩攻略(维多利万悦城店)","address":"哈达街道维多利万悦城6楼","phone":"电话:19104863888"},{"name":"赤峰简境酒店","address":"赤峰市钢铁街克拉铭座3B栋7层","phone":""},{"name":"凯多莱网吧(BHG Mall北京华联赤峰购物中心店)","address":"广场路永业广场东侧","phone":"电话:15124925888"},{"name":"微技电竞","address":"赤峰市红山区新华南路双拥小区","phone":""},{"name":"宜博电竞馆(新华南路店)","address":"赤峰市红山区新华南路双拥小区西北侧约50米","phone":"电话:13848988808"},{"name":"大玩家(赤峰松山万达店)","address":"友谊大街与迎金路交叉口万达广场3F-C","phone":""},{"name":"大玩家(赤峰万达店)","address":"西拉沐沦大街万达广场二楼C-2F-A","phone":"电话:0476-5990333"},{"name":"嗨呗电竞","address":"赤峰市红山区-龙腾国际B座","phone":""}]