[{"name":"盛元电竞网咖","address":"鼓楼西街060号红太阳广场1层","phone":"电话:18995463338"},{"name":"休闲电竞(南苑东路店)","address":"宁夏回族自治区中卫市沙坡头区南苑东路472号","phone":"电话:15008632111"},{"name":"暴雪电竞网咖(总店)","address":"柳青路（中宁宾馆东侧)","phone":"电话:19995551122"},{"name":"玩家国度电竞馆(广厦金岸华庭店)","address":"众一家园东门北侧100米","phone":"电话:13739506006"},{"name":"大掌盟主机游戏馆","address":"南苑东路380号（近大公馆酒店、创业城）","phone":"电话:19995555566"},{"name":"网潮网咖","address":"鼓楼西街向阳娱乐中心一期C308号","phone":"电话:15349550309"},{"name":"梦幻之城","address":"万达广场2F01号","phone":""},{"name":"虎牙电竞馆(开盛购物中心店)","address":"世和横店二楼","phone":"电话:19995555505"},{"name":"星野电竞(兴隆南街店)","address":"鼓楼西街兴隆南街向阳娱乐中心三期6号房","phone":"电话:15009699995"},{"name":"佳宝网吧(怀远南路店)","address":"怀远南路西侧17号营业房","phone":"电话:13629556071"},{"name":"佳宝网吧(怀远南路店)","address":"怀远南路西侧17号营业房","phone":"电话:13629556071"},{"name":"爱电竞电竞馆","address":"南苑东路紫云新都时尚广场9号楼1层12-20","phone":"电话:15349550309"},{"name":"空间站电竞馆","address":"应理南街213号","phone":"电话:19909551190"},{"name":"盛世电竞","address":"蔡桥街与卫中北巷交叉路口往东约130米","phone":"电话:19909562479"},{"name":"九月电竞馆","address":"宁夏回族自治区中卫市沙坡头区恒祥壹方城A区10-14营业房","phone":"电话:15595255520"},{"name":"大咖电竞(鼓楼南街店)","address":"中卫市沙坡头区鼓楼南街香山秀府西侧约150米","phone":""},{"name":"大掌盟电玩体验馆","address":"中卫市沙坡头区南苑东路书香滨河世纪园","phone":""},{"name":"盛元电竞网咖(正丰路店)","address":"宁夏回族自治区中卫市沙坡头区文昌镇正丰香格里-北区","phone":"电话:18966827049"},{"name":"星幻主机游戏体验店","address":"全民创业城一楼东北角C146室","phone":"电话:17795592223"},{"name":"嘿熊电竞网咖","address":"宁夏回族自治区中卫市沙坡头区文昌镇朝阳百货(中卫店)","phone":""}]