[{"name":"醉游网吧","address":"源城区河源市高新区万绿文化广场金泽苑B112号","phone":"电话:0762-3606848"},{"name":"火星电竞","address":"二零五国道明珠数码广场1-4卡(白田西加油站旁)东北方向10米","phone":""},{"name":"奈斯电竞·宇航员店(大同路店)","address":"建设大道北边大同路西边大地广场F栋1-4号2楼（星歌KTV2楼）","phone":"电话:0762-3699913/15925144767"},{"name":"新天地网吧(人民路店)","address":"人民路10号","phone":""},{"name":"星河电竞·卓威授权体验店(万隆店)","address":"中山大道西长安路北振业馨园二区B102号","phone":"电话:0762-2298080"},{"name":"高埔网吧","address":"龙记大道科五路62号","phone":"电话:13750206500"},{"name":"东鸿休闲网咖","address":"红星路163号奥生物业大厦1、2层东起一至二卡门店","phone":"电话:0762-3355978/15925144767"},{"name":"和平县新主题网吧","address":"福和大道华城国际1栋2层","phone":"电话:13902242396/15113453835"},{"name":"万信电竞(万兆网络体验店)","address":"广东省河源市源城区兴业大道北130万绿商业广场二楼","phone":"电话:07623601118/18027932388"},{"name":"星越休闲网咖","address":"江夏市场","phone":""},{"name":"亿度竞技网络中心","address":"源西街道永福路嘉福花园一楼(永福路华达街路口)","phone":"电话:13622979418"},{"name":"豪达网吧","address":"高埔二路北3-5号","phone":"电话:18902639925"},{"name":"冠军电竞俱乐部(坚基店)","address":"越王大道与永康大道交叉口河源市商业中心越王广场S9-301号","phone":"电话:18927023888"},{"name":"太空电竞(坚基购物中心店)","address":"坚基购物广场","phone":"电话:18807621155"},{"name":"金鱼电竞(万达店)","address":"万达广场2号门2楼","phone":"电话:13827800502"},{"name":"元气熊电玩PS4·PS5·Switch手柄游戏室(万隆城店)","address":"中山大道雅怡花园骏景豪庭d4-10号一楼商铺（万隆城对面）","phone":"电话:15986043356"},{"name":"无限电玩PS4·PS5·Switch(万隆店)","address":"华达凯旋国际国际尚街2号楼C栋2-113号","phone":"电话:19830627726"},{"name":"鲨鱼电竞馆(万达店)","address":"滨江大道明泰路52号二楼（万达二号门对面路口直走150米）","phone":"电话:17324655886"},{"name":"奈斯电竞馆(大同南路店)","address":"大同南路与长安西路交叉口东南角万隆商住楼W006-W008号","phone":"电话:07623368685/18125293918"},{"name":"太空电竞(中骏世界城店)","address":"梧桐二路7号中骏世界城F2","phone":"电话:13750236687"},{"name":"","address":"","phone":""},{"name":"","address":"","phone":""},{"name":"","address":"","phone":""},{"name":"","address":"","phone":""},{"name":"","address":"","phone":""},{"name":"","address":"","phone":""},{"name":"","address":"","phone":""},{"name":"","address":"","phone":""},{"name":"","address":"","phone":""},{"name":"","address":"","phone":""},{"name":"星河电竞·卓威授权体验店(万隆店)","address":"中山大道西长安路北振业馨园二区B102号","phone":"电话:0762-2298080"},{"name":"元气熊电玩PS4·PS5·Switch手柄游戏室(万隆城店)","address":"中山大道雅怡花园骏景豪庭d4-10号一楼商铺（万隆城对面）","phone":"电话:15986043356"},{"name":"金鱼电竞(万达店)","address":"万达广场2号门2楼","phone":"电话:13827800502"},{"name":"无限电玩PS4·PS5·Switch(万隆店)","address":"华达凯旋国际国际尚街2号楼C栋2-113号","phone":"电话:19830627726"},{"name":"极限主场(万隆城店)","address":"中山大道218号万隆城购物中心三层L3034号铺位","phone":"电话:17303005443"},{"name":"噗嘞Play","address":"金碧四路与金碧五路交叉口西北40米","phone":"电话:19103005851"},{"name":"鲨鱼电竞馆(万达店)","address":"滨江大道明泰路52号二楼（万达二号门对面路口直走150米）","phone":"电话:17324655886"},{"name":"奈斯电竞馆(大同南路店)","address":"大同南路与长安西路交叉口东南角万隆商住楼W006-W008号","phone":"电话:07623368685/18125293918"},{"name":"虫虫网吧(新江一路店)","address":"新江一路南44号碧水丽江花园A栋104号商铺","phone":""},{"name":"GG网咖(火车站店)","address":"火车站润隆居110号","phone":"电话:15768304624"},{"name":"","address":"","phone":""},{"name":"","address":"","phone":""},{"name":"","address":"","phone":""},{"name":"","address":"","phone":""},{"name":"","address":"","phone":""},{"name":"","address":"","phone":""},{"name":"","address":"","phone":""},{"name":"","address":"","phone":""},{"name":"","address":"","phone":""},{"name":"","address":"","phone":""},{"name":"无限电玩PS4·PS5·Switch(万隆店)","address":"华达凯旋国际国际尚街2号楼C栋2-113号","phone":"电话:19830627726"},{"name":"极限主场(万隆城店)","address":"中山大道218号万隆城购物中心三层L3034号铺位","phone":"电话:17303005443"},{"name":"噗嘞Play","address":"金碧四路与金碧五路交叉口西北40米","phone":"电话:19103005851"},{"name":"奈斯电竞馆(大同南路店)","address":"大同南路与长安西路交叉口东南角万隆商住楼W006-W008号","phone":"电话:07623368685/18125293918"},{"name":"玩偶部落潮玩(万隆城购物中心店)","address":"建设大道与中山大道交汇处","phone":"电话:19103000463"},{"name":"云逸宝摇杆游戏机(SKY影城河源丽日店)","address":"河源市沿江西路1号丽日购物广场4楼SKY影城内大厅前台旁","phone":""},{"name":"幻影星空(万隆城购物中心店)","address":"万隆城3楼","phone":""},{"name":"星域电竞酒店(河源亚洲第一高喷泉店)","address":"广东省河源市源城区河源大道北48号","phone":""},{"name":"河源乐巢电竞酒店(亚洲第一高喷泉店)","address":"广东省河源市源城区东埔街道大同路97号","phone":""}]