[{"name":"电竞网咖","address":"盐城市阜宁县园林路绿苑小区南侧约120米","phone":""},{"name":"秘密基地电竞","address":"红星爱琴海国际广场39幢212室、214室","phone":"电话:19106250658"},{"name":"宜搏电竞(盐都区店)","address":"盐渎路与振兴路交叉路口往西北约180米","phone":"电话:17705107799"},{"name":"杰拉电竞·网咖(聚亨路店)","address":"人民南路华厦绿城商业街3号楼310~315室","phone":"电话:15189208085"},{"name":"杰拉电竞·网咖(东台吾悦广场店)","address":"江苏省盐城市东台市惠阳西路107号吾悦广场s2-2007-2012号","phone":"电话:18001415812"},{"name":"趣电竞","address":"盐城市亭湖区青年东路力拓悦城东南侧约130米","phone":"电话:17715938882"},{"name":"零度电竞","address":"江苏省盐城市盐都区前中南路11号","phone":""},{"name":"杰拉电竞·网咖(力拓悦城店)","address":"中亭路与青年东路辅路交叉口西北120米","phone":"电话:13390740873"},{"name":"网鱼网咖·电竞(中南大有境店)","address":"解放南路278号大有境1幢2-317室","phone":"电话:17352382320"},{"name":"飞鲸电竞","address":"苏州路新城花园A区1幢211-214号","phone":""},{"name":"月光电竞(魔力月光店)","address":"海潮路盐城魔力月光广场2楼东南角20050室","phone":"电话:19905106605"},{"name":"锐搏电竞馆(枫露店)","address":"青年东路53号东亭国际商务中心B座3层","phone":"电话:0515-88999555"},{"name":"V5电竞馆(火星二店)","address":"飞达东路东方1号创意产业园二期9-1号206/207室","phone":"电话:15371167169"},{"name":"小象电竞","address":"青墩街道立铠直招中心","phone":""},{"name":"和谐网咖","address":"黄海西路30号2楼","phone":"电话:18912523626"},{"name":"真皮网咖","address":"先锋街道盐兴西路36号(港湾明珠南区44号楼201)","phone":"电话:19106159535"},{"name":"宜博电竞馆(向阳西路店)","address":"向阳路金色家园(向阳西路)西北侧约100米","phone":""},{"name":"火星电竞网咖店(大丰店)","address":"永泰国际广场商业楼A幢202、203室","phone":"电话:15316121617"},{"name":"沧澜电竞","address":"盐城市亭湖区清溪路景山名门雅居","phone":""},{"name":"尚酷电竞网咖","address":"经济开发区希望大道5号2幢N–L126","phone":"电话:17768966238"},{"name":"辉煌网咖(泰山路店)","address":"泰山路康居园42幢101室(金御湾沐浴旁边)","phone":""},{"name":"夜猫电竞(建军路店)","address":"建军东路139号","phone":"电话:19051508788"},{"name":"新启明网吧","address":"江动曲轴制造有限公司东北门东北50米","phone":"电话:15861973560"},{"name":"恒信网吧","address":"青阳花园东南（镇西路）","phone":"电话:18921887108"},{"name":"欣叶电竞网咖","address":"先锋街道同曦鸣城1幢102-1室(2楼)","phone":""},{"name":"树袋熊电竞馆(建湖宝龙广场湖中路店)","address":"湖中南路896号(体育中心南侧)建湖宝龙广场","phone":""},{"name":"逐光电竞(盐城金融城店)","address":"金融城11号楼4楼","phone":""},{"name":"大猫电竞(高教公寓商业广场店)","address":"南洋镇希望大道师范学院东门对面高教公寓商业广场三楼","phone":"电话:18962041600"},{"name":"超速电竞(万彩店)","address":"江苏省盐城市建湖县兴建东路翡翠嘉苑","phone":""},{"name":"AG电竞网咖(吾悦广场店)","address":"吾悦广场4楼","phone":"电话:0515-88800103"},{"name":"月光电竞(康乐苑店)","address":"康乐大厦2楼208室","phone":"电话:19106150105"},{"name":"尚酷竞技馆(新紫苑店)","address":"新河商业街大地公寓130号","phone":"电话:13365191871"},{"name":"夜猫电竞(支点网咖店)","address":"人民北路60-2号瑞华大厦2楼","phone":"电话:13218607777"},{"name":"T-MO电竞网咖(爱琴海店)","address":"开放大道北路150号爱琴海广场35幢207-209室","phone":"电话:19962386811"},{"name":"科达网吧(育红路店)","address":"城新路与育红路交叉口东50米","phone":"电话:18051697111"},{"name":"梦想圆网咖","address":"建军东路维也纳广场2号楼209号","phone":"电话:18932259118"},{"name":"瑞文网咖(小飞侠店)","address":"先锋街道长坝路11号(金色华庭东新城花园西)","phone":"电话:18962081166"},{"name":"考拉网咖","address":"文港路43号","phone":"电话:18012502701"},{"name":"天煜网咖","address":"经济开发区黄山路12号新嘉源人才公寓9号楼三层","phone":"电话:13626207326"},{"name":"莱克电竞","address":"凤凰南路金汇·龙湖小区9幢101室","phone":""},{"name":"夜猫电竞(支点网咖店)","address":"人民北路60-2号瑞华大厦2楼","phone":"电话:13218607777"},{"name":"网鱼网咖·电竞(解放南路店)","address":"盐城市亭湖区解放南路南门华府","phone":""},{"name":"网猫电竞(盐城新弄里店)","address":"海潮路与戴庄路交叉口西南180米","phone":"电话:18861999369"},{"name":"杰拉电竞·网咖(大丰名都广场店)","address":"名都广场三楼","phone":"电话:15396876998"},{"name":"快乐网吧(二机厂路店)","address":"二机厂路盐城市龙冈小学南侧约190米","phone":""},{"name":"鲸奇电竞·台球","address":"盐城市亭湖区振兴路青墩派出所南侧约260米","phone":""},{"name":"杰拉电竞·网咖(双元路店)","address":"解放南路8号仁丰双元居1幢(川味观旁边)","phone":"电话:18379931668"},{"name":"A+网咖(万达广场店)","address":"前中北路盐城万达广场（万达广场6号门对面）","phone":"电话:19106233758"},{"name":"星速网咖","address":"大庆西路2号（大庆路与盐马路交叉口向西50米路北）","phone":""},{"name":"新世纪网吧(幸福东大街店)","address":"长乐小区综合楼2层4号","phone":"电话:18051690678"},{"name":"星速网咖","address":"大庆西路2号（大庆路与盐马路交叉口向西50米路北）","phone":""},{"name":"超速电竞(时代店)","address":"江苏省盐城市建湖县神台路1号","phone":"电话:13851161678"},{"name":"新宇网咖(开元路店)","address":"解放南路盐都新区商城7号楼","phone":"电话:13770158050"},{"name":"宜博电竞馆(大丰吾悦广场店)","address":"吾悦广场","phone":"电话:0515-83231188"},{"name":"杰拉电竞·网咖(宝龙广场店)","address":"宝龙城市广场宝龙潮街2楼2046室","phone":""},{"name":"悦电竞(魔力月光店)","address":"解放南路中南魔力月光南边2层20226门市","phone":""},{"name":"尊贵网咖","address":"解放南路大学城财富港2号楼2楼","phone":"电话:13770022355"},{"name":"叁度电竞酒店","address":"新都路盐阜大众报西裙楼3楼","phone":""},{"name":"东方·玉麒麟电竞中心","address":"盐城市亭湖区新都路盐城国际会议展览中心","phone":""},{"name":"天空之城动漫电玩世界(盐城中南店)","address":"新都街道解放南路278号中南城购物中心第二层2001","phone":"电话:0515-88880669"},{"name":"尚酷网咖(大自然店)","address":"盐南东路18号","phone":"电话:0515-88436829"},{"name":"绿洲网咖","address":"新永路新兴镇中心幼儿园南侧约90米","phone":""},{"name":"星空电竞酒店(思源路店)","address":"江苏省盐城市建湖县思源路29号","phone":""},{"name":"新世纪网吧(幸福东大街店)","address":"长乐小区综合楼2层4号","phone":"电话:18051690678"},{"name":"银河电竞馆(分店)","address":"盐城市人民南路城中商场2楼","phone":"电话:18936280331"},{"name":"菲林网咖(亿龙网吧店)","address":"盐马路华兴苑综合楼1幢一楼101-103号","phone":"电话:13390673636"},{"name":"莱克电竞","address":"凤凰南路金汇·龙湖小区9幢101室","phone":""},{"name":"AA·电竞","address":"盐城市盐都区海潮路中南世纪城鼎城","phone":""},{"name":"月光电竞(爱琴海店)","address":"爱琴海购物中心4楼4028室","phone":"电话:18052926191"},{"name":"尚酷网咖(好人缘店)","address":"新河街道商业街19号兴业菜市场二楼","phone":"电话:13770018386"},{"name":"杰拉网咖(建湖振亚广场店)","address":"人民南路66号振亚国际广场A201室","phone":"电话:0515-86400666"},{"name":"海晨网咖","address":"盐城经济开发区文港南路30号","phone":""},{"name":"镇中网咖(镇中路店)","address":"镇中路15号","phone":""},{"name":"金柯网咖(书香苑店)","address":"江苏省盐城市建湖县近湖街道丰收西路92-108号2楼(御景新城北大门西侧88米)","phone":"电话:13390693555"},{"name":"斯翔网咖(解放南路店)","address":"盐南东路个4号二楼","phone":""},{"name":"金牛网吧(大新南路店)","address":"人民南路26号2层","phone":"电话:18961955070"},{"name":"五洲网吧(镇东路店)","address":"镇东路25-10号","phone":"电话:18112056808"},{"name":"竞潮玩·金柯电竞(御景新城店)","address":"盐城市建湖县丰收路秀丰文苑西南侧约40米","phone":""},{"name":"创世纪网吧(榆河路店)","address":"大洋街道榆河路9巷2号(黄海路)","phone":"电话:13222391118"},{"name":"熊猫电竞网咖","address":"江苏省盐城市盐都区新都街道娱乐社区新区娱乐村二组1幢室","phone":"电话:0515-88425666/15345156206"},{"name":"创世纪网吧(榆河路店)","address":"大洋街道榆河路9巷2号(黄海路)","phone":"电话:13222391118"},{"name":"熊猫电竞网咖","address":"江苏省盐城市盐都区新都街道娱乐社区新区娱乐村二组1幢室","phone":"电话:0515-88425666/15345156206"},{"name":"铭都电竞馆","address":"解放南路276号高职园区康乐大厦308室","phone":"电话:15705115880"},{"name":"TAXT创·电竞馆","address":"江苏省盐城市亭湖区开放大道72号建设银行8楼","phone":""},{"name":"九亿电竞网咖","address":"爱情海玫瑰天街31号楼219室（好想来北边电梯上二楼）","phone":""},{"name":"悦电竞(师范通榆校区店)","address":"开放大道51号福缘居小区5幢101室（师范学院斜对面）","phone":""},{"name":"君尚网咖(时尚快餐)","address":"兴建路兴建东路明星城别墅区大门北侧20米正北方向48米","phone":"电话:0515-86292999"},{"name":"AG电竞(江瀚店)","address":"吾悦广场3幢160室","phone":""},{"name":"杰拉电竞·网咖(建湖宝龙广场店)","address":"江苏省盐城市建湖县塘河街道建湖宝龙广场(湖中路店)","phone":""},{"name":"恋拉电竞","address":"盐城市亭湖区中亭路力拓悦城","phone":""},{"name":"AA+·电竞","address":"盐城市亭湖区荣城路四季新城","phone":""},{"name":"休闲网咖(分店)","address":"人民南路","phone":"电话:0515-86238141"}]