[{"name":"墨菲电竞网咖(渤海国际广场店)","address":"渤海七路渤海国际广场东门内20米路北","phone":"电话:17754303531"},{"name":"星空电竞","address":"滨州市无棣县棣新一路无棣古城塔影商业步行街北区10号楼","phone":"电话:15266700678"},{"name":"青苹果电竞(山南店)","address":"鹤伴四路与醴泉八路交叉口东180米","phone":""},{"name":"雷霆网络会所","address":"山东省滨州市沾化区文化路146号","phone":""},{"name":"白蓝阁电竞馆(二店)","address":"山东省滨州市博兴县胜利三路279号","phone":"电话:18860511331"},{"name":"九号电竞","address":"山东省滨州市邹平市黄山街道鹤伴四路圣豪悠乐里","phone":"电话:18053352910"},{"name":"E+电竞网咖(中心路店)","address":"中心路沾化二中西南侧约200米","phone":"电话:13188917500"},{"name":"弟兄电竞","address":"黛溪三路雪花啤酒厂路口西50米路南","phone":"电话:15254341718"},{"name":"火狐网咖(黄河二路店)","address":"黄河二路与渤海十路交叉口西180米路南","phone":"电话:18265796595"},{"name":"幸福时光电竞","address":"滨州市邹平市会仙二路E29-1号附近","phone":"电话:18954395358"},{"name":"大唐电竞馆(滨州爱琴海店)","address":"爱琴海购物中心室内1层W1010A号商铺","phone":""},{"name":"长江网吧(渤海二路店)","address":"渤海二路滨化小区东北侧约120米","phone":"电话:15254322543"},{"name":"飞鹰网吧(银河店)","address":"渤海七路渤海国际a区2楼","phone":""},{"name":"蓝梦网吧(四通商贸城店)","address":"财富家园底商111号","phone":"电话:17754310895"},{"name":"顺清网吧","address":"梧桐四路金銮宝典西北侧约50米","phone":""},{"name":"光启电竞","address":"滨州市滨城区梧桐四路金銮宝典北侧约50米","phone":""},{"name":"金通网咖(自由人网吧店)","address":"黄河五路渤海二十四路魏桥二区对过","phone":""},{"name":"同力网络(唯一网吧店)","address":"黄河二路594-2号","phone":""},{"name":"VTOPBG电竞(万达店)","address":"黄河十二路890号万达广场一楼西北角外铺","phone":"电话:0543-7666679"},{"name":"铭仁电玩PS5·PS4·Switch游戏体验(渤海国际广场店)","address":"渤海七路渤海国际广场A2-B09号（渤海国际里面小东小西楼上）","phone":"电话:13455435586"},{"name":"盒子电竞民宿(银座商城店)","address":"滨州市滨城区渤海一路安康花园-南区","phone":"电话:16215400000"},{"name":"大唐电竞馆(新立河东路店)","address":"山东省滨州市滨城区新立河东路666号中兴绿都花园","phone":"电话:18654329456"},{"name":"金长城网吧(黄河二路店)","address":"黄河二路645-49号","phone":"电话:15169916660"},{"name":"头号玩家主机电玩PS5·PS4·Switch","address":"马家小区","phone":"电话:13589257952/15762111653"},{"name":"甲壳虫网络","address":"北镇街道办事处黄河二路与渤海三路交叉口西行200米路北红旗居委会沿街76号","phone":""},{"name":"游戏大魔方(滨州吾悦店)","address":"山东省滨州市滨城区长江三路渤海十八路吾悦广场Z207室","phone":"电话:18554161206"},{"name":"大玩家(滨州万达店)","address":"黄河十二路890号万达广场3楼3FA号","phone":"电话:0543-2223309"},{"name":"54工场潮玩动漫城(建大广场店)","address":"黄河十二路878号建大广场F3019+F3020层","phone":"电话:19353587227"},{"name":"柄时光电玩体验馆","address":"中央公园12栋102室","phone":"电话:18863085557"},{"name":"格子大战(万达店)","address":"黄河十二路渤海十一路万达广场2F2056A","phone":""},{"name":"漫研主机游戏","address":"市西街道长江3路渤海18路吾悦广场印象街228号商铺","phone":""},{"name":"圣玺电玩城","address":"滨州市滨城区黄河十二路中海城棕榈湾-一期南侧约180米","phone":""},{"name":"星球玩家(渤海十八路滨州滨城吾悦广场店)","address":"长江三路与渤海十八路交叉口东北角滨州滨城吾悦广场B1","phone":""},{"name":"云逸宝摇杆游戏机(中影国际影城爱琴海店)","address":"爱琴海购物公园5楼中影影城内大厅前台旁","phone":""},{"name":"未来娱乐空间(滨州万达广场店)","address":"山东省滨州市滨城区黄河十二路890号滨州万达广场F2","phone":""},{"name":"梦幻英雄超乐场","address":"渤海七路604号大润发超市1号楼128","phone":"电话:18375435551"}]