[{"name":"魔天电竞网吧(广平领域店)","address":"青云西路与育英北街交叉口东南角","phone":"电话:15377341314"},{"name":"鑫金亿网吧连锁(宜博电竞馆)","address":"湖南省衡阳市衡阳县清风北路坤鑫中央广场1栋2号楼201室","phone":"电话:18606730373"},{"name":"悠逸轻奢电竞(江东店)","address":"东风支路德泉大酒店旁（希朵曼隔壁）","phone":"电话:0734-8223003/13974703811"},{"name":"美园电竞","address":"博达花苑东门北50米","phone":"电话:18073431610"},{"name":"鑫金亿网吧连锁(惊天动地电竞会馆)","address":"红湘路雁南大厦二楼","phone":"电话:13973415338"},{"name":"云端电竞(蒸阳南路店)","address":"黄白路277号云沙诗意5栋204室","phone":"电话:0734-2826168"},{"name":"悠逸电竞连锁·鑫源店(道源路店)","address":"立新开发区道源路17号","phone":"电话:13507349723"},{"name":"M4电竞馆","address":"采霞街12号阳光美城6栋206-207","phone":"电话:15675406665"},{"name":"衡阳零距离电竞网咖","address":"星海湾商品房建设工程东区7-8、13、15-16栋架空1003室","phone":"电话:13378047281"},{"name":"双金珑电竞·棋牌","address":"中山北路2号川妹火锅楼下负一层","phone":"电话:18570941888"},{"name":"衡阳零距离电竞网咖","address":"星海湾商品房建设工程东区7-8、13、15-16栋架空1003室","phone":"电话:13378047281"},{"name":"双金珑电竞·棋牌","address":"中山北路2号川妹火锅楼下负一层","phone":"电话:18570941888"},{"name":"江武电竞馆·电竞·棋牌·体彩","address":"先锋路电脑城4楼","phone":"电话:18907345145"},{"name":"浪涛电竞馆","address":"衡州大道东49号罗马假日广场8栋2楼","phone":"电话:18973453677"},{"name":"叁壹电竞馆","address":"黄白路4号","phone":"电话:18974792877"},{"name":"悠逸电竞连锁·520店(船山大道店)","address":"船山路28号二楼","phone":"电话:15115497528"},{"name":"聚点电竞·棋牌(高新店)","address":"青松路15号鑫金亿网吧05号2楼","phone":"电话:07343108118/19372208195"},{"name":"摩尔电竞馆","address":"红湘路与西合铁路交汇处C栋201-2","phone":"电话:0734-8184810/0734-8184811"},{"name":"天空之城网吧·棋牌","address":"白沙大道48号","phone":"电话:13707470022"},{"name":"贵族电竞馆","address":"湖南省衡阳市珠晖区衡花路1号","phone":"电话:18975445551"},{"name":"风情网咖","address":"中山北路83号","phone":"电话:19918666089"},{"name":"咖啡电竞","address":"湖南省衡阳市蒸湘区S315","phone":""},{"name":"浪涛电竞馆","address":"衡州大道东49号罗马假日广场8栋2楼","phone":"电话:18973453677"},{"name":"鲲鹏电竞","address":"衡阳市蒸湘区中粮路尚邦·彩霞满天北侧约130米","phone":"电话:15575405865"},{"name":"北极网吧","address":"明翰路26-11号","phone":"电话:18273415055"},{"name":"宜博·锋尚电竞馆","address":"蔡伦大道56号金铭大厦1楼城市风尚酒店旁","phone":"电话:18944988226"},{"name":"跨世纪网咖(解放大道店)","address":"解放西路平安大厦B栋","phone":"电话:15115498768"},{"name":"超世纪网吧(南华店)","address":"红湘街道联合一组第5号栋","phone":"电话:18073480498"},{"name":"玉兔网咖·棋牌","address":"船山西路11号(湖南环境生物学院南校区对面)","phone":"电话:13307349966"},{"name":"超级电竞(解放路西湖饭店)","address":"环城北路23号叠丰大厦110、111、201","phone":"电话:0734-2822228"},{"name":"新月网吧(嘉华花园店)","address":"嘉华花园A栋2号门面","phone":"电话:18974776725"},{"name":"陌陌电竞馆","address":"延安路","phone":"电话:13575299969"},{"name":"野百合网咖","address":"常胜西路27号（南华大学东门旁）","phone":"电话:13548526636"},{"name":"和天下网咖","address":"衡花路218号君昇翰府商业2层","phone":"电话:17382185988"},{"name":"斗鱼网咖(工学院南门店)","address":"酃湖路酃湖乡双江村建设组","phone":"电话:18613106316"},{"name":"美园网络·喵鑫人网咖(鑫都国际广场店)","address":"东风路鑫都国际广场5楼","phone":"电话:0734-8196962"},{"name":"旺旺网咖(医学院路)","address":"船山大道南华大学北门地道战卤粉旁","phone":"电话:18397761295"},{"name":"千语网咖","address":"青松路16号(开发区地税局后门)","phone":"电话:18974797115"},{"name":"阿土伯生活网咖(蒸湘北路店)","address":"蒸湘北路50号（车保姆2楼，同一首歌KTV斜对面）","phone":"电话:0734-8217033"},{"name":"美园网络·大兵网咖","address":"蒸湘南路与西站正街交叉口东北角","phone":"电话:0734-8192339"},{"name":"龙门网咖","address":"石坳路28号衡阳名郡楼201室","phone":""},{"name":"御龙网咖(蒸湘店)","address":"蒸湘北路（建设银行分行）","phone":"电话:18807348816"},{"name":"北斗星网咖生活馆","address":"中山北路27号进步电影院斜对面二楼","phone":"电话:18374792038"},{"name":"無色空间休闲网咖(紫云中街店)","address":"紫云北街415号附近","phone":"电话:0734-8605938/18175820739"},{"name":"大庆网络会所","address":"巷荫路新家花园102号","phone":"电话:18274728831"},{"name":"老鬼网咖","address":"东风南路313号","phone":"电话:13016184917"},{"name":"非速网咖","address":"青山街老98号","phone":"电话:13875670695/17707343944"},{"name":"原宿网络生活馆(晶珠店)","address":"蒸湘北路37号（格林联盟酒店二楼）","phone":"电话:15387348787"},{"name":"绿色给力网咖(九分店)","address":"光辉街陆府酒楼隔壁","phone":"电话:13762466329"},{"name":"悠逸电竞连锁·相聚店(相聚店)","address":"中山南路13号","phone":"电话:13575139126"},{"name":"一加网络生活馆","address":"白云路23号龙盛花苑底商","phone":"电话:0734-2888258"},{"name":"美园网络·波派网咖","address":"中山南路与环城南路交叉口意尔康隔壁","phone":"电话:0734-3330393"},{"name":"好旺角电竞馆(金钟大雁城店)","address":"金钟大雁城","phone":"电话:0734-8888933"},{"name":"星遇电竞","address":"华源支路6号雅士林欣城东区SY-10栋301室","phone":"电话:0734-8276818"},{"name":"开心地带电竞网咖","address":"湖南交通工程学院正门旁","phone":""},{"name":"维克电竞馆","address":"金溪园小区二楼","phone":""},{"name":"妃妃网吧(小手工制作一条街店)","address":"中山南路马嘶巷14号(广源印务有限公司门面)衡阳口味馆","phone":"电话:13875651108"},{"name":"悠逸电竞连锁·君君店(君君店)","address":"中山北路96号","phone":"电话:0734-8606533"},{"name":"机器猫网络生活馆","address":"湖南省衡阳市珠晖区东风路东风北路103号","phone":"电话:0734-8122268"},{"name":"电子竞技","address":"衡阳市蒸湘区衡祁路伴山公馆东南侧约40米","phone":""},{"name":"致远电子竞技","address":"衡阳市蒸湘区强国路恒丰嘉和苑东北侧约180米","phone":""},{"name":"城南网事网咖","address":"雅士林安置区西","phone":""},{"name":"无极网吧(敬业路店)","address":"衡钢新街口B113附近正东方向40米","phone":"电话:0734-8339911/13875786598"},{"name":"悠逸电竞连锁(绿洲店)","address":"东风北路118号东方巴黎","phone":"电话:19330582691"},{"name":"城市英雄Party House(衡阳解放路店)","address":"解放路26号今日新城A栋","phone":"电话:0734-8145922"},{"name":"嘉嘉网咖","address":"红湘街道立新大道凯乐纯KTV斜对面(长湖乡长沙医学院衡阳校区对面)","phone":"电话:19973463990"},{"name":"柏熳电竞","address":"船山大道5号","phone":"电话:13016199944"},{"name":"启铭网咖","address":"黄白路3号湘雁综合楼2楼","phone":"电话:0734-8888377"},{"name":"超级英雄(大雁城店)","address":"西合路金钟大雁城","phone":"电话:18073468788"},{"name":"美园网络·音库网咖","address":"雁城路54-7号","phone":"电话:0734-8191858"},{"name":"起源网咖","address":"黄白路御江帝景二楼(白沙洲老师院对面)","phone":"电话:0734-8283868"},{"name":"君君电竞网咖电竞酒店","address":"湖南省衡阳市石鼓区潇湘街道中山北路27号","phone":""},{"name":"鑫金亿网吧连锁(雁峰店)","address":"雁城路一号","phone":"电话:0734-3330258"},{"name":"美园网络·鸿洋网咖","address":"衡祁路65号BD栋101-1号门面","phone":"电话:0734-8515625"},{"name":"嗨神电竞","address":"蒸湘南路5759号玉锦名城B103-104","phone":"电话:18007347457"},{"name":"九度电竞大众网吧","address":"蒸湘北路56号","phone":"电话:19947340303"},{"name":"大利网咖","address":"日鑫宾馆麒麟阁二楼","phone":"电话:0734-8214188/13638441723"},{"name":"火狐电竞·棋牌","address":"冶金俱乐部二楼","phone":"电话:18175886787"},{"name":"亿源网吧","address":"东风路天富大市场安置楼1-1号","phone":"电话:13272340682"},{"name":"城市电竞","address":"湖南省衡阳市石鼓区五一街道建设路2号l栋3层305室","phone":"电话:13575286660"},{"name":"宏利网吧","address":"解放西路平安大厦A栋5号","phone":"电话:19807348270"},{"name":"天音网吧","address":"湖南交通工程学院西南门旁","phone":"电话:18908441599"},{"name":"汇嘉电竞","address":"衡阳市石鼓区中山北路弘亚幼儿园西南侧约60米","phone":"电话:13341343376"},{"name":"美园网络·蓝宇网咖","address":"冶金南路99号","phone":"电话:0734-8516191"},{"name":"快乐街区(衡阳弘阳广场店)","address":"蒸湘街道船山大道60号弘扬广场三楼","phone":"电话:18670255663"},{"name":"原宿网络生活馆(解放路店)","address":"蒸阳北路1号","phone":"电话:15211882323"},{"name":"春华网络会所","address":"常胜路路苑东门东南侧约100米","phone":""},{"name":"开心岛(环城北路店)","address":"环城北路73号","phone":"电话:18907479633"},{"name":"创世纪网络生活馆","address":"望城路3号","phone":"电话:13574797559"},{"name":"滨江电竞馆","address":"东风路明翰大厦西北侧约30米","phone":"电话:19173415790"},{"name":"天下通网咖","address":"蒸阳南路与杏花村路交叉路口东南侧（馨园)","phone":"电话:15873455797"},{"name":"乐漫地动漫游戏体验中心","address":"天马山街道环城南路168号(希朵曼对面)","phone":"电话:0734-8222092"},{"name":"蒸水电竞","address":"衡阳市蒸湘区曙光路蒸水花苑","phone":""},{"name":"悠逸电竞(双子星店)","address":"衡阳市石鼓区五一路五一大市场(五一路)南侧约40米","phone":""},{"name":"美园网络·面具网咖","address":"立新路蒸湘奥运世纪城岳屏苑FG栋206","phone":""},{"name":"绿色给力舒适网咖(冠都店)","address":"蒸湘街道冠都现代城A2区(衡阳中心汽车站西北)","phone":"电话:18273491899"},{"name":"头号玩家电竞馆(万达店)","address":"衡祁路69号凯翔繁华里2楼","phone":"电话:0734-8144555"},{"name":"蓝田网咖(太阳广场店)","address":"祥光路2号103,104号","phone":"电话:13762415355"},{"name":"城市英雄Party House(中山路店)","address":"中山北路38号天赐大厦负一楼","phone":""},{"name":"唐朝电竞网咖(东风路店)","address":"广东路新民里3号","phone":"电话:0734-2812057"},{"name":"鑫金亿网吧连锁(叮当店)","address":"中山北路38号天赐大厦负一楼城市英雄游戏厅旁（近进步巷）","phone":"电话:13789369858"},{"name":"闪电熊电竞·棋牌","address":"碧桂园十里江湾嘉誉301","phone":"电话:0734-8185608"},{"name":"九度电竞娱乐·超威店(超威店)","address":"湖南省衡阳市雁峰区天马山南路22号","phone":"电话:19918340303"},{"name":"头号玩家电竞酒店南华店(蒸湘北路店)","address":"衡阳市蒸湘北路19号华亿明珠2楼","phone":""},{"name":"熙熙网咖","address":"蒸湘北路60号朝旭阁101-8室","phone":"电话:15575535449"},{"name":"东城网络会所","address":"临江路10号2楼","phone":"电话:13632877939"},{"name":"通天下电竞网咖","address":"振兴南路1号(技师学院大门旁)","phone":""},{"name":"今夕网络生活馆","address":"华源支路6号雅士林欣城G1栋-201室","phone":"电话:0734-8817328"},{"name":"荣耀电竞馆","address":"衡阳市蒸湘区蒸水西路国贸·前海湾","phone":""},{"name":"金星电竞(湖南路店)","address":"湖北路与湖南路交叉口东南50米","phone":"电话:18974769771"},{"name":"宜博超威电竞馆(蒸湘南路沿线店)","address":"天马山南路22号","phone":"电话:4000734188"},{"name":"聚峰网吧休闲会所","address":"蒸湘北路聪明兔幼儿园东北80米","phone":"电话:13974706198"},{"name":"秒速网络电竞馆(竞技店)","address":"采霞街与天柱路交叉口紫轩花苑边","phone":"电话:0734-8822178/13575141911"},{"name":"王者电竞馆","address":"先锋路与和平南路交叉口东120米","phone":"电话:17726167599"},{"name":"江武电竞馆·电竞·棋牌·体彩","address":"先锋路电脑城4楼","phone":"电话:18907345145"},{"name":"悠逸电竞连锁·520店(船山大道店)","address":"船山路28号二楼","phone":"电话:15115497528"},{"name":"摩非电竞茶室(520网咖)","address":"船山路24号二楼","phone":"电话:13974703811"},{"name":"新立电竞网咖","address":"衡阳市蒸湘区红湘北路蒸阳花苑北侧约40米","phone":""},{"name":"东城电竞馆","address":"衡阳市珠晖区临江路创景外滩东北侧约30米","phone":""}]