[{"name":"帆江电竞网吧(皓月分店)","address":"幸福路821号","phone":"电话:18965588085"},{"name":"光轴电竞馆(蔡襄南街店)","address":"福建省莆田市仙游县蔡襄南街(滨江嘉苑)","phone":""},{"name":"电竞蜂网咖(九华广场店)","address":"九华西大道633号九华广场2楼","phone":""},{"name":"头号玩家电竞馆(仙游店)","address":"鲤城街道鲤洪街218号","phone":"电话:18039007638"},{"name":"电竞蜂网咖(正荣店)","address":"荔园东路1688号正荣财富4楼海底捞旁","phone":""},{"name":"电竞蜂网咖(嘉合店)","address":"嘉禾世纪广场1栋2楼（雅迪2楼）","phone":""},{"name":"神族网吧·天涯电竞网咖","address":"胜利北街816号","phone":"电话:15860089489"},{"name":"智展网吧·天涯电竞网咖","address":"平宁路40号","phone":"电话:13859881121"},{"name":"宏景网吧","address":"少林南街中国邮政储蓄银行旁","phone":""},{"name":"电竞蜂网咖(日月星辰店)","address":"涵西街道塘北街288号隆恒广场7号楼305室（肯德基旁扶梯3楼）","phone":"电话:18050515467"},{"name":"快乐网吧·天涯电竞网咖(筱塘南街店)","address":"筱塘南街475号二层","phone":"电话:0594-2828859"},{"name":"世代休闲网吧","address":"筱塘北街凤达山庄1号商住楼701室","phone":"电话:15759376554"},{"name":"fbi网咖(文献店)","address":"镇海街道步行街文献东路279号(阳光商贸城二楼)","phone":"电话:0594-6165656"},{"name":"神龙网吧(梅园西路店)","address":"瑞龙巷50号104室","phone":"电话:0594-2295990"},{"name":"成龙网吧","address":"南洋东大道210号","phone":""},{"name":"fbi网咖(双洋店)","address":"龙桥街道东园路双洋环球广场负1楼(安福市场)","phone":"电话:0594-2278586"},{"name":"世友电竞(兰溪街店)","address":"圆圈兰溪街","phone":"电话:13656997079"},{"name":"自由网吧(东井南街店)","address":"东井南街28号","phone":""},{"name":"满天星网吧(保尾路)","address":"涵华西路1-3号荔洲别墅1层","phone":"电话:0594-3895855"},{"name":"情网网吧","address":"福建省莆田市城厢区华兴街396号","phone":""},{"name":"红领网吧","address":"石庭西路86号","phone":"电话:0594-3791079"},{"name":"时尚先锋网吧","address":"莆阳西路1268号","phone":"电话:17720828850"},{"name":"电竞蜂网咖(九华广场店)","address":"九华西大道633号九华广场F1","phone":""},{"name":"小飞侠网吧(明阳路店)","address":"明阳路与荔城中大道交叉口南100米","phone":"电话:13905941779"},{"name":"壹号网咖(利通·塘北壹号财铺街店)","address":"塘北路骏乘悦府小区3楼138、139、140、155号铺","phone":"电话:13599498840/15980351960"},{"name":"天龙电竟网咖(城涵东大道店)","address":"荔洲商贸广场1楼","phone":""},{"name":"相约电竞网咖(方圆荟·馨宜新天地店)","address":"西洪北街9号馨宜新天地广场商场大楼A117室","phone":"电话:13599461203"},{"name":"相约e嘉网咖","address":"建绣路256号（蓬莱大厦旁）","phone":"电话:0594-2075500"},{"name":"超级网咖(学园南街店)","address":"学园南街825号（丽都花园1层)","phone":"电话:13959556722"},{"name":"大帝国电竞馆","address":"富园路8号","phone":""},{"name":"斯坦之城(正荣财富中心购物广场店)","address":"正荣财富中心3楼（靠京东家电这边）","phone":"电话:0594-5593188"},{"name":"大聖电玩橙(隆恒财富广场店)","address":"塘北街399号日月星辰广场一楼（肯德基旁边电梯边上）","phone":""},{"name":"爱克斯网咖(丽都花园店)","address":"学院南街796号","phone":"电话:13959556722"},{"name":"超级星座电玩城(方圆荟·馨宜新天地店)","address":"西洪北街9号馨宜·新天地F3层","phone":"电话:13950791758"},{"name":"尖峰玩家(万达广场莆田城厢店)","address":"荔华东大道8号万达广场商铺201号","phone":""},{"name":"大玩家(莆田万达店)","address":"荔华东大道万达广场4楼（万达影城）","phone":"电话:0594-2529819"},{"name":"迈斯电竞","address":"莆田市城厢区荔园路幸福家园","phone":"电话:18596919982"},{"name":"黑羊电玩·Switch·PS5","address":"荔城南大道1428号1504室","phone":"电话:19305049527"},{"name":"云逸宝摇杆游戏机(万达影城三信金鼎广场店)","address":"镇海街道北大北街6号金鼎广场五楼万达影城店内休息区前台旁","phone":""},{"name":"大圣电玩橙(万达广场莆田城厢店)","address":"福建省莆田市城厢区荔华东大道8号万达广场F2","phone":""},{"name":"大玩家(水韵城天虹购物中心店)","address":"顶铺路66号涵江水韵城天虹购物中心3层","phone":"电话:15143331557"},{"name":"云逸宝摇杆游戏机(万达影城店)","address":"莆田市荔华东大道8号万达广场2号门4楼万达影城内大厅前台旁","phone":""},{"name":"佐魔手游电竞数码(荔城店)","address":"福建省莆田市荔城区拱辰街道下店路1631号国信通讯店内","phone":""},{"name":"土土电玩","address":"福建省莆田市城厢区龙桥街道筱塘北街131号","phone":"电话:15260928855"},{"name":"云逸宝摇杆游戏机(万达影城莆田涵江水韵城PRIME店)","address":"莆田市顶铺路66号涵城水韵城购物中心4楼万达影城内大厅前台旁","phone":""}]