[{"name":"地星引力电竞网咖(百花好望角店)","address":"湘阳街933号","phone":""},{"name":"彩虹电竞","address":"思梅街56号","phone":"电话:13973886518"},{"name":"5+电竞","address":"吉星南路大汉吉星汇1栋一单元5楼猴子酒吧上面","phone":""},{"name":"飞跃时空网络会所","address":"湖南省娄底市冷水江市建新路7号","phone":"电话:15399880181"},{"name":"壹号电竞(中央龙廷店)","address":"湖南省娄底市双峰县中央龙廷11栋115号","phone":"电话:13590680982"},{"name":"战马电竞馆(汇丰步行街店)","address":"湖南省娄底市双峰县永丰街道育才路121号2楼","phone":"电话:13787221829"},{"name":"酷玩电竞(金谷路店)","address":"金谷路159号3楼302室","phone":"电话:17365132954"},{"name":"海豚电竞网咖","address":"桥桂路新世界大酒店后","phone":"电话:15197816157"},{"name":"柏诚电竞网咖","address":"乐坪大道贤童街欢麓丽晨二楼201房","phone":"电话:17652488223"},{"name":"新化JF电竞酒店","address":"上渡街道上渡社区学府南路世纪融苑1栋","phone":""},{"name":"狮子网咖","address":"湘中大道新市政府维也纳酒店旁二楼","phone":"电话:15197856668"},{"name":"甲壳虫网咖","address":"清潭路75号","phone":"电话:13319687298"},{"name":"鲨鱼网咖(石马店)","address":"乐坪街道湘阳街华湘贵府1栋2楼","phone":"电话:17773805955"},{"name":"蓝鲸电竞(华达店)","address":"长青街道甘桂南路东侧帝景华庭1幢201","phone":"电话:0738-8939999"},{"name":"乌托邦电竞社(娄底店)","address":"娄底市吉星南路金色阳光商住楼","phone":""},{"name":"蓝鲸电竞(体育馆店)","address":"吉星路与月塘街交叉处城市便捷酒店右拐向前100米（蓝鲸电竞）","phone":"电话:19974118911"},{"name":"蓝鲸电竞馆(城南店)","address":"静安街百弘学府城","phone":"电话:0738-8949999"},{"name":"鳄鱼电竞(学院小区店)","address":"学院路4栋","phone":"电话:19297382668"},{"name":"城西网吧","address":"塘华巷城西惠民小区","phone":""},{"name":"金和电竞","address":"吉星南路百花超市二楼","phone":"电话:18570519102/18873823666/19973850522"},{"name":"自由人电竞网咖","address":"湖南省娄底市娄星区丽春路东侧丽春家园小区0003栋8","phone":"电话:18173823210"},{"name":"三生有缘网络城","address":"学院路235号","phone":"电话:17373860897"},{"name":"狮子网咖关家脑店","address":"乐坪西街0001栋201室","phone":"电话:15576387638"},{"name":"明基电竞馆(娄星北路店)","address":"仙人阁鑫湘隆超市负一楼","phone":""},{"name":"十二兽自由空间电竞网咖","address":"新星南路2221号","phone":"电话:15502513888"},{"name":"吉拉网咖","address":"早元街BOX酒店2楼","phone":"电话:0738-7870001"},{"name":"鼎星网咖","address":"福星路382号二楼","phone":"电话:15273866088"},{"name":"平头哥电玩ps5 switch","address":"万豪国际大厦13楼02号","phone":"电话:18143339111"},{"name":"动感街区(娄底步步高店)","address":"长青街道娄星南路步步高商场一楼","phone":"电话:18373993705"},{"name":"翰林网咖(东贸街店)","address":"东贸街翰林苑","phone":"电话:13357385166"},{"name":"潮玩世纪(娄底店)","address":"氐星路时尚春天10栋1层62-64号","phone":"电话:18143348181"},{"name":"凯歌网络城","address":"新科街375号","phone":"电话:13617382526"},{"name":"娄底猴子网咖","address":"湘阳街与新星路交叉处(富厚名邸)0001栋302室","phone":"电话:18673881090"},{"name":"星世纪动漫游戏体验中心(万豪店)","address":"氐星路1217号万豪城市广场2楼","phone":"电话:13762808867"},{"name":"十二星球(吾悦广场店)","address":"氐星路321号吾悦广场4楼Z401号商铺","phone":"电话:19330846688"},{"name":"心海网咖","address":"湖南省娄底市娄星区春园路400号","phone":"电话:15073888215"}]