[{"name":"百分佰电竞网咖","address":"七星街解放路20号","phone":"电话:0453-6497999"},{"name":"易尚电竞网吧","address":"黑龙江省牡丹江市爱民区西祥伦街20号","phone":"电话:13304536667"},{"name":"摩卡电竞网咖","address":"牡丹江市宁安市通江路宁安市实验小学东侧约80米","phone":""},{"name":"JW电竞酒店(牡丹江东四条路店)","address":"黑龙江省牡丹江市东安区东牡丹街328号","phone":""},{"name":"杰森电竞馆(中房商住城店)","address":"西一条路与西牡丹街交叉口西南角10米","phone":"电话:18714536581"},{"name":"光辉岁月电子竞技主题网咖(东小二条路店)","address":"长安街东小二条路脑科医院后身","phone":"电话:13125935345/18714442345"},{"name":"泡泡网吧(西长安街店)","address":"温春镇长安街西七与西八条路之间320号(华隆二区正门对面)","phone":"电话:13903637761"},{"name":"美洲豹网吧","address":"福民街鸿峰花园","phone":"电话:15561944222"},{"name":"畅游网咖电子竞技广场(西七店)","address":"西七条路长安街交叉口东北角","phone":"电话:17614539999"},{"name":"百益网吧","address":"东五条路新安街406号","phone":"电话:13604835557"},{"name":"熊孩子电玩帝国(时尚购物广场店)","address":"太平路时尚购物广场二楼（原汉斯烤肉）","phone":"电话:0453-8718555"},{"name":"零点网咖(西长安街店)","address":"西长安街78号朝鲜民俗风情街","phone":"电话:15645335551"},{"name":"上个毛线班电玩手作Club(万达店)","address":"万达华府B区8号楼124号商铺","phone":"电话:17745313215"},{"name":"顺风网吧(解放路店)","address":"解放路53号","phone":""},{"name":"开心网吧(西新荣街店)","address":"西新荣街146号","phone":"电话:13314636234"},{"name":"C位电竞","address":"西晓云街与建卫路交叉口西南80米","phone":"电话:15904530683"},{"name":"海阔天空电竞网咖","address":"西小一条路解放路","phone":""},{"name":"鲸奇电竞","address":"乜河街乌苏里路","phone":""},{"name":"时尚电竞(卓威包厢体验馆)","address":"兴平路614号附近","phone":"电话:18148977888"},{"name":"解忧俱乐部","address":"黑龙江省牡丹江市东安区火炬街道南小七星街90号","phone":"电话:15245302223/18604539939"},{"name":"鑫鼎电竞馆","address":"曙光新城东地明街107","phone":"电话:13694630898"},{"name":"飓风网吧(桥北店)","address":"明月路与西圣林街交叉口西北方向50米左右","phone":"电话:13766650988"},{"name":"黑森林网咖","address":"七星街11号","phone":"电话:13504830038"},{"name":"撕裂者电竞馆","address":"黑龙江省牡丹江市爱民区金龙家园22号楼102","phone":"电话:18904530096"},{"name":"牡丹江跳跃格子","address":"6号楼110号门市","phone":"电话:16576787666"},{"name":"飓风网咖(兴隆街店)","address":"兴隆街望园小区8号楼","phone":"电话:13514560000"},{"name":"足迹电竞网络会馆","address":"东新荣街广厦新城1号楼","phone":"电话:18604539822"},{"name":"ps4·ps5·switch主机游戏馆","address":"东平安街华威二区南门东七富海烧烤对面","phone":"电话:18045388688"},{"name":"网缘电竞(东地明街店)","address":"东地明街宜家快捷酒店旁","phone":"电话:13845370463"},{"name":"大玩家(牡丹江万达店)","address":"新安街西七条路万达广场3F","phone":"电话:0453-6194566"},{"name":"城市英雄Party House(七星街店)","address":"大润发一楼","phone":"电话:18745365799"},{"name":"生活空间英特尔智能网吧","address":"兴中路107-109号","phone":"电话:13351032001"},{"name":"鲸娱电竞","address":"黑龙江省牡丹江市爱民区文化街诗苑新城小区1号楼119门市","phone":"电话:18714442345"},{"name":"战壕电竞馆","address":"黑龙江省牡丹江市爱民区兴平路268号","phone":"电话:18245301116"},{"name":"不想上班·PS5·XBox·Switch","address":"万达6号门对面西八条路194号","phone":"电话:18946306606"},{"name":"艺网星空电竞网咖","address":"通乡街3号金龙家园8号楼","phone":"电话:13614606388"},{"name":"玩·ps4解忧主机游戏体验馆","address":"文化街西林路华新林苑1号楼111门市","phone":"电话:15245302223"},{"name":"胡同里电竞馆","address":"黑龙江省牡丹江市爱民区文化街90号","phone":"电话:0453-7777744/13351133383"},{"name":"未来娱乐空间(牡丹江万达广场店)","address":"黑龙江省牡丹江市西安区西新安街358号牡丹江万达广场F3","phone":""},{"name":"宝宝高兴","address":"国贸商城66层","phone":"电话:0453-6722666"},{"name":"小小的主机体验(京江上城店)","address":"京江上城","phone":"电话:18645333177"}]