[{"name":"网兮电竞馆(豳瑞广厦店)","address":"公刘街豳瑞广厦2楼","phone":""},{"name":"驰尔电竞俱乐部","address":"陕西省咸阳市杨陵区高干渠路金枫阁小区","phone":"电话:13991155665"},{"name":"魔方电竞(同德路店)","address":"统一西路35号","phone":"电话:17792073366"},{"name":"颐亨苑网咖","address":"大市场商贸街大市场幼儿园(东二环北路)西侧约90米","phone":"电话:17789177559"},{"name":"布咔电竞网吧(东一路总店)","address":"东一路南段布咔电竞","phone":"电话:13399102922"},{"name":"星幻电竞","address":"陕西省咸阳市旬邑县G211(迎宾大道)","phone":"电话:18165225678"},{"name":"绿树电竞馆(丽彩·潮流港店)","address":"丽彩潮流港3f绿树电竞馆","phone":"电话:19173757340"},{"name":"乐猫网咖","address":"渭惠路绿谷财富中心钱隆街201-202室","phone":""},{"name":"巅峰电竞(渭阳店)","address":"陕西省咸阳市秦都区渭阳西路50号渭阳兰庭商住楼临街商铺2层2号","phone":""},{"name":"飞跃电竞·桌球·棋牌","address":"彩虹一路汇通大厦2层","phone":"电话:029-33373259"},{"name":"绿岛电竞网咖(思源南路店)","address":"思源南路与渭阳西路交口南20米路东","phone":"电话:15665716067"},{"name":"网鱼网咖·电竞(咸阳上林路店)","address":"陕西省咸阳市秦都区西咸大道与上林路交汇处上林天地2A栋S3012号","phone":"电话:19039086989"},{"name":"大圣电竞(上林天地店)","address":"世纪大道佳龙大沃城15号楼三楼1-109铺（近上林路地铁F口）","phone":""},{"name":"天地电竞","address":"新兴北路中铁二十局机关商住楼37栋2层3号","phone":""},{"name":"711电竞","address":"北极宫大街盐业公司院内","phone":""},{"name":"西月网咖","address":"国清大街空港新城幸福里三期西门2楼","phone":"电话:17868303101"},{"name":"远航电竞网咖","address":"公园里商业街8号楼2楼","phone":"电话:18991766677"},{"name":"麦子电竞","address":"毕塬西路马家堡二组215号","phone":"电话:15332207883"},{"name":"杨树林电竞网咖","address":"文苑路咸阳师范学院西门北侧约60米","phone":"电话:18700025275"},{"name":"红石电竞(汇通店)","address":"汇通大厦西北","phone":"电话:15291802046"},{"name":"枫林网咖(空港花园B区店)","address":"延平大街空港新城空港花园B区东039号","phone":"电话:15592156662"},{"name":"尚龙电竞(南大学城店)","address":"同文路金科世界城一期35号楼2-11、2-12商铺","phone":"电话:15592192287"},{"name":"1+电竞(紫薇生活广场店)","address":"白马河路紫薇万科·大都会1号楼3楼","phone":"电话:02938000199"},{"name":"皇家骑士网咖","address":"红旗路电力局南100米","phone":"电话:13008557778"},{"name":"时光电竞","address":"陕西省咸阳市秦都区双照街道X323","phone":""},{"name":"绿岛电竞网咖(电影院十字店)","address":"乐育南路8号华联大厦2楼（人民东路）","phone":""},{"name":"卡萨丁电竞","address":"陕西省咸阳市渭城区商业街秦王府2楼","phone":""},{"name":"金鹰网吧(郑国路店)","address":"郑国路东50米","phone":"电话:18992032216"},{"name":"铂顿电竞馆(文林路店)","address":"文林路文林佳苑商住楼1号楼负1层","phone":"电话:13572972204"},{"name":"红石电竞(北平街店)","address":"陕西省咸阳市渭城区中山街街道瑞家大厦","phone":""},{"name":"红石电竞(北平街店)","address":"陕西省咸阳市渭城区中山街街道瑞家大厦","phone":""},{"name":"康磊网吧","address":"文艺路31号","phone":"电话:18292958959"},{"name":"YOYO网咖","address":"周陵街道空港新城周陵街道办天熙大道空港花园小镇B东006号","phone":"电话:13389102452"},{"name":"YY影院电竞","address":"金柳北街与原点大道(西段)交叉口北140米","phone":""},{"name":"蓝鲸电竞(秦龙步行街店)","address":"秦皇中路秦龙步行街东口15号3层","phone":"电话:17730619845"},{"name":"DNINE电竞(毕塬路店)","address":"迎宾大道云晖夜市底商1-1008商户","phone":"电话:15291015371"},{"name":"DNINE电竞中心(万达店)","address":"陕西省咸阳市秦都区联诚国际C座三楼","phone":"电话:19916292674"},{"name":"红树林网咖","address":"玉泉西路9号","phone":"电话:18681811151"},{"name":"红蜻蜓网咖(渭阳西路店)","address":"渭阳西路阳光小区2层","phone":""},{"name":"世纪龙网咖","address":"南大街与县门街十字交叉口西北角2楼","phone":"电话:13892077001"},{"name":"星海网咖","address":"新兴北路二十局基地机关商住楼37号楼","phone":"电话:13201667999"},{"name":"FN游乐(万达广场泾阳店)","address":"泾干大街198号万达广场4层南侧","phone":"电话:18629089494"},{"name":"鱼乐电竞(沣东阳光荟店)","address":"沣东阳光荟商业街1号楼2楼205-210室","phone":"电话:02933321502"},{"name":"滕信慈网络生活馆·壹加壹店","address":"玉泉东路28号","phone":"电话:15591059144/18091036363"},{"name":"红树林网咖(北极宫大街店)","address":"北极宫大街6号","phone":"电话:13892901111"},{"name":"新纪元电竞","address":"咸阳市泾阳县体育路泾阳县体育场西南侧约40米","phone":""},{"name":"唯爱网咖","address":"毕塬西路(陕西工院教职工住宅区西北侧)","phone":"电话:18991055988"},{"name":"海华电竞·桌球","address":"咸阳市秦都世纪大道中医药大学地铁A出口","phone":""},{"name":"新DK电竞网咖","address":"陕西省咸阳市渭城区商业街37-4号","phone":"电话:18149108355"},{"name":"朋来电竞网咖(文林路)","address":"咸阳市渭城区文林路陕西邮电职业技术学院东南侧约70米","phone":""},{"name":"叶阳网娱","address":"渭阳西路咸阳福园广场A2二层戴-2-19至戴-2-25号","phone":"电话:18049090282"},{"name":"天岚电竞(咸阳中医大学店)","address":"金泰丝路花城5期2栋1单元3楼3-6号","phone":""},{"name":"滕信慈网络生活馆·鑫星店","address":"毕塬西路第一人民医院向东200米路南","phone":"电话:18091036363"},{"name":"东来电竞泾阳分店(北极宫大街店)","address":"咸阳市泾阳县北极宫大街泾木小区东北侧约40米","phone":""},{"name":"兰博网咖(文锦新城店)","address":"文锦新城西","phone":""},{"name":"炫迹骄阳电竞","address":"咸阳市秦都区康定路沣西新城康定和园北侧约180米","phone":"电话:15829147140"},{"name":"英皇电竞网咖","address":"陕西省咸阳市秦都区同德路陕西国际商贸学院(北区)西侧约40米","phone":""},{"name":"迷局电竞","address":"陕西省咸阳市泾阳县中心街557号","phone":"电话:15592010123"},{"name":"FN电竞馆","address":"西大街411号","phone":"电话:13310905355"},{"name":"光景电竞网咖","address":"陕西省咸阳市秦都区咸通北路","phone":""},{"name":"光景电竞网咖","address":"陕西省咸阳市秦都区咸通北路","phone":""},{"name":"橙子电竞","address":"陕西省咸阳市兴平市西吴街道大熙市国际商贸城","phone":""},{"name":"城中电竞(人民店)","address":"人民中路43号恒达商贸中心3层2号","phone":""},{"name":"汪汪电竞酒店(金科店)","address":"咸阳市同文路金科城社区35号楼1楼","phone":""}]