[{"name":"66电竞·上网·台球·棋牌室(金辉店)","address":"红岭路7号二层（金晖车站对面泰尼斯酒店）","phone":"电话:19127371166"},{"name":"机甲电竞","address":"龙华街36号二三楼","phone":"电话:19127506691"},{"name":"遇网咖电竞馆(南门路店)","address":"广西壮族自治区梧州市岑溪市南门路2号","phone":"电话:17777415688"},{"name":"极地电竞(科技大厦店)","address":"蝶山一路37-4号科技大厦2楼2号铺","phone":""},{"name":"极地电竞(城中村商业街店)","address":"广西壮族自治区梧州市万秀区新兴一路71号2层","phone":"电话:18977496019"},{"name":"四季网咖","address":"滨江三路11号二楼","phone":"电话:18817388628"},{"name":"纵横电竞(长虹街店)","address":"梧州市藤县长虹街藤州金叶市场东侧约90米","phone":"电话:18077430288"},{"name":"金太阳棋牌台球网吧","address":"富民一路东山冲14号三楼","phone":"电话:17707745797"},{"name":"帝皇电竞·华谊店","address":"珠宝路19号城市便捷酒店二楼","phone":"电话:0774-6026532"},{"name":"泽民网吧","address":"新兴二路九洲大酒店2楼(近两广市场)","phone":""},{"name":"华悦网吧(福兴时代广场店)","address":"红岭路7号2号楼2层","phone":""},{"name":"新起点电竞馆(骑楼城店)","address":"居仁路2号2层","phone":""},{"name":"帝皇网吧·台球·棋牌(三云店)","address":"蝶山一路与下三云路交叉口西300米","phone":""},{"name":"新起点网咖(盛世店)","address":"三龙大道86号第1幢2层1号商场","phone":"电话:0774-2820148"},{"name":"新起点网咖(大塘店)","address":"吉塘路6号AB栋2层商铺","phone":""},{"name":"华宇娱乐(鸳江丽港店)","address":"西江路鸳6f号鸳江丽港2号楼","phone":"电话:18172501871"},{"name":"极地电竞(极峰店)","address":"新兴三路23号金城宾馆2层","phone":"电话:19977403628"},{"name":"极地电竞(华悦店)","address":"红岭路7号第5幢一层1号至35号商铺","phone":""},{"name":"时空战线电竞馆(龙圩店)","address":"永丰超市(忠义街店)37-1号","phone":""},{"name":"泽帝电竞","address":"广西壮族自治区梧州市龙圩区龙湖东三路3号","phone":"电话:13977484911"},{"name":"天富网吧","address":"富民一路14-8号2楼","phone":""},{"name":"壹号电竞馆","address":"梧州市长洲区-新兴珠宝路18号珠宝便捷酒店三楼","phone":""},{"name":"66电竞酒店(福兴时代广场店)","address":"红岭路7号二层（金晖车站对面泰尼斯酒店）","phone":""},{"name":"极地电竞(天富店)","address":"广西壮族自治区梧州市万秀区富民一路14-8号","phone":"电话:18807748808"},{"name":"RX-0电玩","address":"广西壮族自治区梧州市万秀区蝶山二路蝶苑里55号","phone":""},{"name":"巨乐潮玩(旺城广场店)","address":"大学路36-1号旺城广场三楼万岁寿司旁边7、8、9、10号商业","phone":""},{"name":"极地电竞(大塘店)","address":"广西壮族自治区梧州市长洲区吉唐路6号金城华庭A栋2层","phone":"电话:19977403628"},{"name":"潮玩主场(梧州百盛购物中心店)","address":"湖滨路62号西区第三层L3-030、L3-031、L3-035、L3-035-1","phone":"电话:18877487158"},{"name":"大玩家(梧州高旺万达店)","address":"高旺路1号高旺万达广场2F-B号","phone":"电话:0774-3851158/18896516519"},{"name":"网络电竞台球棋牌","address":"梧州市万秀区西江二路梧州白云江景大酒店南侧约50米","phone":""},{"name":"抓鸭潮玩站(一楼店)","address":"大学路旺城广场东门","phone":""},{"name":"云逸宝摇杆游戏机(横店电影城龙圩店)","address":"龙湖一路66南宁百货号4楼横店影城休息区前台旁","phone":""},{"name":"梦幻空间游艺城(旺城广场店)","address":"文澜路旺城广场4楼","phone":"电话:0774-3866777"},{"name":"乐Go羔手柄游戏(东山冲店)","address":"太和路3号104（中西医结合医院旁）","phone":""},{"name":"DM电玩娱乐场","address":"梧州市龙圩区银兴一路银宇小区北侧约60米","phone":""},{"name":"迪芝尼主题乐园(金苑梦之岛店)","address":"新兴三路3号第三层301、S-302、S-303号商铺","phone":"电话:18877487158"},{"name":"蚂蚁光年电竞酒店(梧州店)","address":"梧州市万秀区文化路28号","phone":""},{"name":"乐go体验店(旺城店)","address":"旺城广场2楼（西1门上奶茶街）","phone":""},{"name":"新起点(步埠店)","address":"步埠路83号2楼","phone":""},{"name":"云逸宝摇杆游戏机(万达影城梧州万达影城广场店)","address":"高旺路1号万达广场3F万达影城休息区前台旁","phone":""},{"name":"星际潮玩(梧州高旺万达广场店)","address":"高旺路万达广场2楼2013号（高旺小学旁）","phone":"电话:13377446575"},{"name":"第e星球潮玩汇(神冠购物商城店)","address":"新兴三路30号二层商业神冠购物广场有限公司商场内235号商铺","phone":"电话:19127376236"},{"name":"云逸宝游戏厅(上影影城百盛店)","address":"湖滨路梧州百盛购物中心3楼上影影城内大厅前台旁","phone":""}]