[{"name":"战略先锋电竞网咖(文卫北街)","address":"吴忠市利通区双拥东路172号三层","phone":"电话:17711831163"},{"name":"北街电竞","address":"宁夏回族自治区吴忠市利通区利通北街659号","phone":"电话:19995335888"},{"name":"熊猫网络会所","address":"阳光骄子D区","phone":""},{"name":"启源电竞","address":"吴忠市利通区迎宾大街盛世开元小区东北侧约90米","phone":""},{"name":"宜博电竞馆(吴忠店)","address":"黄河路101号吴忠彩润城","phone":""},{"name":"游鲸VR电子游戏馆","address":"民乐巷142号","phone":"电话:15209539488"},{"name":"青春电子竞技","address":"吴忠市盐池县盐林北路3号(福海酒店楼下)","phone":"电话:13037999992"},{"name":"吴忠市嘉优电竞馆","address":"吴忠市利通区裕民西街北侧国喜家俬城配送中心三楼","phone":""},{"name":"阳光电竞(利民街店)","address":"宁夏回族自治区吴忠市同心县利民街094号","phone":""},{"name":"领跑者电竞网咖(新百广场店)","address":"新百ccmall广场6号楼二楼73号","phone":"电话:18161600083"},{"name":"领跑者电竞网咖(新百广场店)","address":"新百ccmall广场6号楼二楼73号","phone":"电话:18161600083"},{"name":"东禾网咖","address":"宁夏回族自治区吴忠市利通区谦益巷83","phone":"电话:4008845966"},{"name":"追风电竞馆","address":"宁夏回族自治区吴忠市利通区黎明南街188号","phone":"电话:15509666660"},{"name":"漫城电竞网络会所","address":"吴忠市利通区清静街宏泰清水湾西南侧约30米","phone":""},{"name":"圆梦网娱网咖(电竞馆)","address":"宁夏回族自治区吴忠市利通区万达金街东门9号商业楼3楼","phone":"电话:13895535875"},{"name":"纬度电竞馆","address":"吴忠市利通区开元大道万达广场(吴忠店)西侧约70米","phone":"电话:19093307766"},{"name":"逆浪电竞","address":"吴忠市利通区中达秦韵花园东门口","phone":"电话:17795349994"},{"name":"云逸宝摇杆游戏机(万达影城吴忠店)","address":"开元大道464号万达广场4楼万达影城内大厅前台旁","phone":""}]