[
  {
    "name": "加菲猫电竞",
    "address": "渡江路吾悦广场二期11号楼底商2层S2106-S2115号",
    "phone": "电话:15855667167"
  },
  {
    "name": "乐乐网络休闲会所",
    "address": "安庆市宜秀区集贤北路爱心亲子园集贤北苑-东区",
    "phone": ""
  },
  {
    "name": "飓风电竞网咖",
    "address": "天柱山东路金桂丽园小区10-11号楼（光彩大舞台对面，正新鸡排对面二楼）",
    "phone": "电话:17755619191"
  },
  {
    "name": "日月网吧(静山路店)",
    "address": "静山路32号",
    "phone": "电话:18909667000"
  },
  {
    "name": "辉耀电竞网咖(七街店)",
    "address": "朝阳路润城尚郡西门二楼",
    "phone": "电话:19955616336"
  },
  {
    "name": "无忧电竞",
    "address": "安徽省安庆市望江县华阳镇西门街157号",
    "phone": ""
  },
  {
    "name": "暗影电竞网咖",
    "address": "安徽省安庆市桐城市同安路467号",
    "phone": "电话:18609660960"
  },
  {
    "name": "百战电竞·网咖",
    "address": "步行街7栋3-6号",
    "phone": "电话:18712172332"
  },
  {
    "name": "现代电竞网咖",
    "address": "龙眠山路通合别院4幢7号",
    "phone": ""
  },
  {
    "name": "蓝天网咖(回龙西路店)",
    "address": "回龙西路47号印务公司二楼",
    "phone": ""
  },
  {
    "name": "啦啦电竞网咖",
    "address": "孝肃路富豪大酒店院内2楼",
    "phone": "电话:13955637173"
  },
  {
    "name": "黑鱼网咖",
    "address": "皖江大道绿地loft一号楼2层(恒大绿洲大门正对面)",
    "phone": "电话:15255381588"
  },
  {
    "name": "聚缘巷子裡网咖",
    "address": "迎宾西路海信苑小区内3号楼6-10号门面（公交至火车站东站即到）",
    "phone": "电话:17755640255"
  },
  {
    "name": "梦游仙境网咖",
    "address": "皖江大道世纪城启航社1幢二层1室",
    "phone": "电话:13500559092"
  },
  {
    "name": "风蝶网咖",
    "address": "通和别院东门南80米",
    "phone": "电话:18155608108"
  },
  {
    "name": "菲尔电竞网咖(安庆七街店)",
    "address": "七街c12地块7栋4楼",
    "phone": "电话:19955669115"
  },
  {
    "name": "七街网咖",
    "address": "祥和路七街C-10地块5栋三层301-304室",
    "phone": "电话:19955668278"
  },
  {
    "name": "大猩猩电竞馆(吾悦广场店)",
    "address": "新城吾悦广场金街4号门B1-016铺",
    "phone": "电话:18155688256"
  },
  {
    "name": "辉耀电竞网咖(万达店)",
    "address": "经济开发区老峰镇辉煌路天下名筑S8商业楼2层01室",
    "phone": "电话:19955619651"
  },
  {
    "name": "大黄蜂电竞馆(碧桂园凤凰商业中心店)",
    "address": "皖江大道碧桂园凤凰商业中心2楼",
    "phone": ""
  },
  {
    "name": "古柏林电竞酒店(七街店)",
    "address": "安徽省安庆市宜秀区祥和路74号",
    "phone": ""
  },
  {
    "name": "众联网吧",
    "address": "皖江大道1188号碧桂园山水云间小区261栋10室",
    "phone": "电话:18955680532"
  },
  {
    "name": "聚源网咖(火车站店)",
    "address": "湖心北路世纪名流苑8栋2层(火车站正对面)",
    "phone": "电话:13966929198"
  },
  {
    "name": "零距离网吧(山城大厦店)",
    "address": "湖心北路火车站出站口正对面",
    "phone": ""
  },
  {
    "name": "哦啦网咖(天堂部落店)",
    "address": "戏校南路83号",
    "phone": "电话:15855667167"
  },
  {
    "name": "晨晨网咖",
    "address": "菱湖北路华茂新村8号楼门面",
    "phone": ""
  },
  {
    "name": "指谈阁",
    "address": "宜光西路125号",
    "phone": "电话:13305569560"
  },
  {
    "name": "莱思网咖(大庆店)",
    "address": "集贤南路14-15号门面（长江电影院对面，七匹狼服装旁）",
    "phone": "电话:17755662500"
  },
  {
    "name": "Spiral Game思派乐主机馆(吾悦店)",
    "address": "新城吾悦广场B1座写字楼1515室",
    "phone": "电话:18955685129"
  },
  {
    "name": "友情岁月网咖",
    "address": "华茂1958C区商铺7幢3层0102室内设计",
    "phone": "电话:15357383333"
  },
  {
    "name": "格拉斯电竞酒店(启盛店)",
    "address": "安徽省安庆市大观区孝肃路278号",
    "phone": ""
  },
  {
    "name": "zz电玩店",
    "address": "宜城路街道人民路285号",
    "phone": ""
  },
  {
    "name": "大玩家(安庆新城吾悦店)",
    "address": "菱湖南路1号吾悦广场三楼3025号",
    "phone": "电话:18055677516"
  },
  {
    "name": "润宝梦潮玩娱乐(安庆弘阳广场店)",
    "address": "独秀大道弘阳广场3F",
    "phone": "电话:18133031731"
  },
  {
    "name": "嗨翻天游乐场",
    "address": "孝肃路118号中宜大厦世纪华联二楼",
    "phone": "电话:13817129920"
  },
  {
    "name": "风云网咖(集贤南路店)",
    "address": "集贤南路199号1-2层",
    "phone": "电话:13855666791"
  },
  {
    "name": "云逸宝摇杆游戏机(安庆中影南方影城七街店)",
    "address": "文苑路安庆七街大德福超市3楼中影南方影城休息区前台旁",
    "phone": ""
  },
  {
    "name": "奇境玩家ps5 switch游戏店",
    "address": "安徽省安庆市迎江区墨子巷8号",
    "phone": "电话:13365761886"
  }
]