[{"name":"乐途电竞网咖","address":"哈双北路民生尚都瑞园F35栋5号门市","phone":"电话:18545666659"},{"name":"创薪电竞馆","address":"南直路865号","phone":"电话:13212918702"},{"name":"华昌网咖","address":"跃进街道学院新城8栋","phone":"电话:15663590136"},{"name":"大旗电竞网咖(台球哈西万达店)","address":"万隆路87号","phone":"电话:18646308221"},{"name":"七点电竞网咖(哈西店)","address":"南兴街74号","phone":"电话:15546646290"},{"name":"江湖电竞网咖","address":"测绘路188号","phone":"电话:15577937777"},{"name":"超时速英图电竞馆(安心街店)","address":"安心街150号","phone":"电话:18545533660/18645060077"},{"name":"摩卡·600Hz卓威包厢","address":"农林街16号农林小区","phone":"电话:18545666009"},{"name":"峰顺电竞","address":"红霞街130-2号","phone":"电话:18545666659"},{"name":"情谊网吧电竞馆","address":"公仆家园文轩路1号","phone":"电话:15045456269"},{"name":"魅斯电竞(融创茂店)","address":"世阳路S4-05号四层","phone":"电话:18145619069"},{"name":"娱咖电竞网咖","address":"万隆路43号","phone":"电话:18646070783"},{"name":"华艺电竞","address":"黑龙江省哈尔滨市道里区哈药路75-77号","phone":"电话:17645038610"},{"name":"魅斯电竞网咖(群力店)","address":"群力第四大道北1629号远大购物中心A2栋26号1层","phone":"电话:18645986878"},{"name":"大富翁网咖(群力王府井店)","address":"景江东路899号（华谊兄弟影院进来左拐一楼）","phone":"电话:18346084335"},{"name":"战神电竞","address":"维新街3号","phone":""},{"name":"超时尚电竞","address":"健康路78-1号","phone":"电话:17303647278"},{"name":"solo电竞","address":"东直路348号","phone":""},{"name":"乐渔电竞网咖","address":"世林路951号","phone":"电话:13091878804"},{"name":"深海蓝网吧(时尚分店)","address":"三姓街33号(烟厂地铁站4号口步行270米)","phone":"电话:13936428283"},{"name":"鲨鱼先生电竞","address":"学院路188号","phone":"电话:18100456603"},{"name":"七点电竞网咖(宣化店)","address":"先锋宣化小区13栋1-2层7号","phone":"电话:18686761996"},{"name":"AK48未来电竞咖","address":"黑龙江省哈尔滨市呼兰区学院路街道学院路社区-3栋","phone":""},{"name":"绿色网缘电竞馆(邮电小区店)","address":"公滨路481号","phone":"电话:18346029876"},{"name":"巅锋电竞网咖·华硕包厢(学院路店)","address":"学院路志华商城7栋7、8号","phone":"电话:13091866129"},{"name":"联想空间网吧(北京街店)","address":"松花江街18号","phone":"电话:18346029876"},{"name":"青柠网咖(哈尔滨中央大街店)","address":"通江街38号（地下负一层）","phone":"电话:13234952219"},{"name":"好柿电竞(速翔店)","address":"黑龙江省哈尔滨市道外区南直路313-4号","phone":"电话:13339515581/18546091572"},{"name":"热讯电竞馆·卓威包厢","address":"十字街141号","phone":"电话:18103611072"},{"name":"大海电竞","address":"万达城","phone":"电话:15545962578"},{"name":"北山电竞网咖","address":"恒源街136号","phone":"电话:18646851801"},{"name":"新贵族鲸电竞卓威包厢","address":"延福街164号","phone":"电话:19586022038"},{"name":"新聚点电竞网咖","address":"柏林四季B19栋17号商服","phone":""},{"name":"外星人电竞馆(旗舰店)","address":"和谐大道296号","phone":"电话:18946021617"},{"name":"天鑫电竞网咖(松北商大店)","address":"银河小区16号楼2号商服学海街1481号","phone":"电话:13298785239"},{"name":"北辰网吧(龙江街)","address":"龙江街88-20号","phone":"电话:13836000084"},{"name":"天都网咖","address":"赣水路附222-34号（哈尔滨市体育彩票管理中心）","phone":"电话:15663587916"},{"name":"深度电竞","address":"黑龙江省哈尔滨市南岗区曲线街道哈特商务酒店(哈尔滨工业大学店)","phone":""},{"name":"酷点电竞馆","address":"呼兰区鑫海之星(黑龙江财经学院东北100米)","phone":"电话:0451-87139888"},{"name":"冰点网咖(志华店)","address":"学院路志华商城4栋6号门市","phone":"电话:15104630761"},{"name":"星狐电竞网咖","address":"哈尔滨市香坊区-三辅街付29号(近六顺街菜艺街)","phone":"电话:18545629738"},{"name":"麒麟网络会馆(汉阳街店)","address":"汉阳街副43-1号","phone":"电话:15145486942"},{"name":"3号电竞·台球·卓威包厢·源源(南极店)","address":"南极三道街4号","phone":"电话:15545961233"},{"name":"傲双龙电竞馆","address":"哈西天悦国际小区M9栋二门市","phone":"电话:045188733111"},{"name":"简单世界电竞网吧","address":"红旗大街699号红平小区8号楼5门市","phone":""},{"name":"森焱网咖","address":"河松街212号","phone":"电话:15776833430"},{"name":"v乐网咖","address":"南勋街98号(原凤姐御厨小盘菜)","phone":""},{"name":"花季网络(民强大街店)","address":"民强大街2号","phone":"电话:13766802358"},{"name":"好柿电竞","address":"哈尔滨市道外区-红旗小区1区91栋小品楼独栋","phone":""},{"name":"战壕网咖(草市街店)","address":"草市街29号","phone":"电话:15645634559/18145508881"},{"name":"有机网咖","address":"钢铁街50号","phone":"电话:13796740136"},{"name":"章鱼网咖","address":"宣庆街73号","phone":"电话:18504603357"},{"name":"一格网咖·棋牌","address":"进乡街110-11号","phone":"电话:17519533888"},{"name":"卓威电竞馆(九零形象店)","address":"群英街与学院路交叉路口西南侧(教师公寓)","phone":""},{"name":"头号玩家电竞网咖·台球(爱建店)","address":"爱海路15号","phone":"电话:0451-84311111/16603691987/18004653555"},{"name":"蓝卡电竞网咖(学府路店)","address":"学府路1号蓝钻公寓旁负一楼福顺尚都18栋夹层048号","phone":"电话:18746061365"},{"name":"星宸电竞","address":"哈尔滨市松北区浦源路科技花园小区","phone":""},{"name":"云启电竞","address":"哈尔滨市南岗区清华大街福顺尚都","phone":""},{"name":"超时空电竞馆","address":"黑龙江省哈尔滨市南岗区革新街51号","phone":"电话:15045020979"},{"name":"万维电竞馆(南直路店)","address":"南直路581号","phone":"电话:15945078201"},{"name":"异度空间电竞","address":"木材街37-1号二楼","phone":"电话:19846013704"},{"name":"八戒电竞馆","address":"学院路滨才新天地三期启所Ⅱ区H座憬荟商场L1F23号","phone":"电话:15244764291"},{"name":"灰鲸网咖","address":"永昌路142号永泰城一期","phone":"电话:15846515299"},{"name":"卓威电竞馆(乐松凯旋店)","address":"哈平路2号凯旋购物广场F4-0028号商铺","phone":""},{"name":"零点网咖(正阳河店)","address":"黑龙江省哈尔滨市道里区哈药路415号","phone":"电话:045184857070"},{"name":"红叶飞网吧","address":"学海街1865号","phone":"电话:15546427587"},{"name":"战霆电竞网咖","address":"哈双路309-6号7栋1-2层商铺","phone":"电话:0451-86706655"},{"name":"网娱电竞馆","address":"旭升南街56号","phone":"电话:17545533750"},{"name":"鲨鱼电竞","address":"哈尔滨市松北区城市之星步行街城市之星","phone":"电话:18646255535"},{"name":"零点网咖(埃德蒙顿路店)","address":"埃德蒙顿路62-1号","phone":"电话:0451-84537000"},{"name":"忘忧谷电竞","address":"城乡路405号","phone":"电话:13101612234"},{"name":"语过添情网咖","address":"分部街116号","phone":"电话:15245032707"},{"name":"光易电竞","address":"和兴三道街198-4号","phone":"电话:18545169781"},{"name":"昌龙电竞","address":"哈尔滨市呼兰区学院路三道街哈尔滨市呼兰区宝迪酒店(学院路店)北侧约30米","phone":""},{"name":"极火网咖","address":"大有坊街7号","phone":"电话:13766820977"},{"name":"晨旭网咖","address":"光芒街97号","phone":"电话:13936300099"},{"name":"艾姆电竞馆","address":"哈尔滨市道外区红旗大街红旗小区-二区","phone":""},{"name":"领航网咖","address":"学院路利民学苑B栋","phone":"电话:18556508678"},{"name":"夜枫电竞网咖","address":"清华大街33号","phone":"电话:16646123888"},{"name":"潜力无限电竞馆(星瑞店)","address":"崂山路274号宜居家园一期","phone":"电话:13684517881"},{"name":"灵感网络会馆","address":"利民开发区北京路名流新城1栋10号门","phone":""},{"name":"梦幻时空电竞馆","address":"学院路与利民西六道街交叉口东北50米","phone":""},{"name":"吉祥电竞网咖·卓威包厢(学院路店)","address":"学院路志华商城9栋21门","phone":"电话:13313651071"},{"name":"卓威电竞馆讯发网咖","address":"哈双路293号","phone":"电话:18704622995"},{"name":"头号玩家电竞网咖(索菲亚店)","address":"石头道街51号","phone":"电话:0451-84690056/13314616399"},{"name":"红叶休闲网吧","address":"利民开发区警官路3号楼10门","phone":"电话:18646025589"},{"name":"聚缘网吧(安宁街店)","address":"安宁街附135号","phone":"电话:13836019990"},{"name":"帝皇网络广场","address":"北安街14号(尚志大街地铁站3号口步行400米)","phone":"电话:13766875355"},{"name":"蓝鲸电竞","address":"哈尔滨市香坊区香福路219-5-6号新松茂樾山一期3号楼2层7~9号","phone":""},{"name":"米其先锋(新天地家园店)","address":"顾乡大街119号","phone":"电话:13936343744"},{"name":"陇悦·派对式电竞网咖(汇励99城市公园店)","address":"上海街110号爱建汇丽99城市公园D座6单元2楼","phone":"电话:0451-59204666"},{"name":"博客网咖(英图店)","address":"尤家街天悦国际小区M9栋一门市","phone":"电话:0451-88733111"},{"name":"头号玩家电竞网咖(群力店)","address":"景江东路与群力第五大道交叉口群力金中环商业街第一栋1-2层10号房","phone":"电话:13314616399/13359513677"},{"name":"锋速网咖","address":"汉广街152-2号","phone":"电话:0451-89664666"},{"name":"星月网咖台球俱乐部(学府东四道街店)","address":"黑龙江省哈尔滨市南岗区学府东四道街10号","phone":"电话:13384508489"},{"name":"凯悦电竞网咖(上夹树街店)","address":"上夹树街95-1号","phone":"电话:15146399084"},{"name":"光影魔方电竞馆","address":"哈尔滨市南岗区中兴大道南郡·香醍雅诺","phone":"电话:15145091360"},{"name":"星星8号网吧·Cyber Cafe","address":"林兴路8号","phone":"电话:18745104270"},{"name":"嗨GO电竞(哈尔滨商业大学北区店)","address":"哈尔滨市银河小区12栋B单元1层2号","phone":"电话:16536699876"},{"name":"魔鱼电竞馆(绿波商务大厦店)","address":"民航路9号","phone":"电话:15104685522/18545666009"},{"name":"星河电竞·卓威包厢","address":"革新街131-19号2层","phone":"电话:18045004997"},{"name":"天星网咖台球","address":"公滨路90号","phone":"电话:18546871888"},{"name":"草莓电竞网咖·Melgeek包厢","address":"太平北三道街4号","phone":"电话:15636022630"},{"name":"鑫盛玲珑网络会馆(进乡街店)","address":"进乡街130号","phone":"电话:15045005005"},{"name":"蜘蛛人网咖","address":"旭升南街10号","phone":"电话:18245173999"},{"name":"天地仁网咖","address":"三辅街附120号","phone":"电话:18346029876"},{"name":"七彩虹网咖(工农大街店)","address":"工农大街655号","phone":"电话:18646039000"},{"name":"新空间网咖·卓威包厢(闽江路)","address":"闽江路44号","phone":""},{"name":"魔瞳网咖馆","address":"宏伟路191号","phone":"电话:15663416341"},{"name":"自由岛电竞馆(鑫都嘉园店)","address":"哈东路74号","phone":"电话:15244613793"},{"name":"陇悦·盛世夜长安(哈西店)","address":"西宁南路31号","phone":"电话:0451-88138777"},{"name":"轻羽网咖","address":"征仪路524号","phone":"电话:0451-87084166/18844096051"},{"name":"艾姆网咖卓威包厢(红旗大街店)","address":"红旗大街561号","phone":"电话:18545666659"},{"name":"小浣熊网咖桌球","address":"太古街道南十四道街288号（阿拉伯广场）","phone":"电话:13946116190"},{"name":"金苹果网吧(和兴小十一道街店)","address":"和兴小十一道街22号","phone":"电话:13298758210"},{"name":"新世纪网咖(珠江路店)","address":"珠江路289-291号","phone":"电话:15545149666"},{"name":"电竞小时房","address":"哈尔滨市呼兰区利民西三大街米兰D.C西北侧","phone":""},{"name":"印象电竞网咖","address":"黑龙江省哈尔滨市呼兰区法兰克福街哈尔滨远东理工学院北侧约110米","phone":"电话:18746424700"},{"name":"鑫兄弟网咖","address":"利民大道","phone":"电话:18246114499"},{"name":"珠江香城网络广场","address":"珠江路0115-0117号","phone":"电话:13904808133"},{"name":"摩卡网咖(乐松店)","address":"哈安街25号","phone":"电话:17745602341"},{"name":"华晟网咖","address":"公滨路安居社区12栋","phone":"电话:13936099959"},{"name":"火羽网咖(泰山路店)","address":"泰山路72号","phone":"电话:15245033091"},{"name":"金百合网咖(学院路店)","address":"学院路泓林金色地标3号楼","phone":"电话:15636122220/17604607777"},{"name":"满堂红网络广场","address":"大庆路街道旭升街149-1号","phone":""},{"name":"竞梦电竞","address":"保健路街道征仪路480号(征仪路地铁站4号口步行430米)","phone":"电话:18904657887"},{"name":"维尔曼网咖","address":"香树湾东1门北70米","phone":"电话:15846073555"},{"name":"极致电竞","address":"哈尔滨市道里区群力第四大道恒盛·豪庭","phone":""},{"name":"探索者网咖(金海城15栋店)","address":"哈双路280号(哈双路西北角)金海城15栋","phone":"电话:18704622995"},{"name":"欣欣电竞馆(民生路)","address":"民生路152号2层","phone":""},{"name":"九牛电竞","address":"哈尔滨市道外区景阳街168号","phone":""},{"name":"潮林电竞","address":"哈尔滨市南岗区学府路英伦名邸","phone":""},{"name":"MOON电竞馆","address":"公滨路380号","phone":"电话:17645076666"},{"name":"风儿网络电竞馆","address":"三大动力路172号","phone":"电话:0451-55114567"},{"name":"英图电竞","address":"哈尔滨市南岗区天悦国际小区9号楼1号门市","phone":""},{"name":"唯尚网咖(探索者店)","address":"王岗镇哈双路279号金海城小区15栋门市","phone":""},{"name":"电竞馆","address":"哈尔滨市香坊区哈安街哈尔滨理工大学-东区家园","phone":""},{"name":"鑫超越时空网吧(和兴三道街店)","address":"黑龙江省哈尔滨市南岗区和兴三道街154号","phone":""},{"name":"龙信电竞","address":"火车头街道南直路585-3号(南直路馨苑超市)","phone":""},{"name":"云时代电竞网咖","address":"哈尔滨市呼兰区学院路一道街金色地标东南侧约70米","phone":"电话:15104677823"},{"name":"陇悦·龙宫(中央大街店)","address":"大安街27号","phone":""}]