[{"name":"东皇电竞网咖","address":"尚都国际二楼东皇电竞","phone":"电话:15869559597"},{"name":"萨尔电竞(财富店)","address":"嘉亿尚品2号","phone":"电话:18307038778"},{"name":"时代电竞(玉山店)","address":"解放中路将军庙广场B1栋3楼","phone":"电话:18079333456"},{"name":"萨尔电竞(华港店)","address":"河东巷13号","phone":"电话:19069108619"},{"name":"星空电竞","address":"丽湖新城8、9号栋一楼15号铺二楼15-20号铺","phone":""},{"name":"城南电竞","address":"大石街道居然之家5号楼3楼","phone":""},{"name":"萨尔电竞(明珠店)","address":"凤凰西大道明珠广场78号1-11、2-11","phone":"电话:18307038778"},{"name":"娱乐电竞","address":"上饶市广丰区博山路时代广场","phone":""},{"name":"仙境电竞","address":"爱电竞酒店3楼（近芦林大道转盘）","phone":""},{"name":"默夏电竞","address":"江西省上饶市广信区惟义路铃木摩托车2层","phone":"电话:13097362161"},{"name":"佑一电竞","address":"三清南路与万年路交叉口东北60米","phone":"电话:13755394261"},{"name":"上城电竞网苑(吾悦店)","address":"凯旋·新世纪39号二楼","phone":"电话:13587660585"},{"name":"皇鼎网咖","address":"七六路36号阳光府邸31幢106室","phone":"电话:15070395283"},{"name":"瓯皇城","address":"江西省上饶市广信区罗桥街道槠溪时光Park吉阳东路388号","phone":""},{"name":"潮网城网苑","address":"解放路17号二楼","phone":"电话:13587660585"},{"name":"MB漫步电竞网咖","address":"凤凰东大道16号","phone":"电话:17707932341"},{"name":"百佳电竞","address":"江西省上饶市广信区佳利商城四期2-1栋6-8号","phone":"电话:15970395465"},{"name":"赣E电竞馆","address":"佳丽商城创富路10号","phone":"电话:13097030663"},{"name":"汪洋网咖","address":"叶挺大道277号1-12-1室","phone":"电话:13979305522"},{"name":"柒度电竞馆(上饶旭日FPS旗舰店)","address":"江西省上饶市广信区旭日街道永安大厦附近21米","phone":"电话:19907031175"},{"name":"SC电竞","address":"赣东北大道23号二楼","phone":"电话:13207172367"},{"name":"VIRENCE威伦斯电竞(印象城店)","address":"经济技术开发区武夷山大道与七六西路交汇处美地印象商业广场4号楼2-01、2-02","phone":""},{"name":"蓝爵网苑(北大道店)","address":"紫阳北大道秀水园东南侧约40米","phone":""},{"name":"网者网吧(信州区茅家岭畴口社区卫生服务站东)","address":"志敏大道399号江西医院高等博课学校对面","phone":""},{"name":"壹号网苑(八角塘店)","address":"解放路15号","phone":"电话:15079394670"},{"name":"玄宇网吧(水南街店)","address":"水南街江南花园188号","phone":"电话:18879360601"},{"name":"电竞蜂网咖(亿升店)","address":"亿升广场南座三楼（近小吃街）","phone":"电话:18979325882"},{"name":"猩球电竞(师院店)","address":"上饶市信州区志敏东大道际洲·书源名邸","phone":""},{"name":"苏喂网咖(凤凰名都店)","address":"凤凰西大道","phone":"电话:15387827282/18679368321"},{"name":"上城电竞网苑(万达店)","address":"解放路46-30号","phone":""},{"name":"米兰春天网咖","address":"凤凰大道99号永隆街118号6栋","phone":""},{"name":"上饶县贵族网咖(旭日北大道店)","address":"旭日北大道4号4幢211号","phone":"电话:18870333055"},{"name":"玛咔网咖电竞","address":"江西省上饶市广信区悦城9栋214-216","phone":"电话:18270173881"},{"name":"飓风网咖(五三中大道店)","address":"江西省上饶市信州区五三中大道中央公园2期中国建设银行旁边","phone":""},{"name":"壹号网苑(旭日店)","address":"江西省上饶市广信区旭日南大道144号1幢201号","phone":"电话:13684835913"},{"name":"曼巴电竞酒店(华都国际商务大厦店)","address":"江西省上饶市信州区抗建路步行街华都商务大厦7楼","phone":""},{"name":"太空球","address":"抗建路步行街3号途客负一楼","phone":"电话:18370035032"},{"name":"天空之城游乐体验世界(吾悦广场店)","address":"凤凰西大道新城吾悦广场2009号","phone":"电话:13511167842"},{"name":"大玩家(上饶万达店)","address":"滨江西路66号上饶万达广场2号门3层","phone":"电话:0793-8688123"}]