[{"name":"我萌网咖","address":"新建路前进小区1号楼2层","phone":"电话:13666955166"},{"name":"网栈网咖(城市之光店)","address":"城市之光F2-70号","phone":""},{"name":"悟宇电竞(爱琴海店)","address":"爱琴海购物中心室内F1层F1003A、F1005","phone":"电话:18005087875"},{"name":"电竞狐网咖(爱琴海店)","address":"爱琴海5楼501","phone":"电话:18006948126"},{"name":"天娱网咖(崇荣路店)","address":"崇荣路17栋二层","phone":"电话:0598-8388008/18960556521"},{"name":"疾风电竞网吧(三明学院店)","address":"福建省三明市三元区G205(山深线)","phone":""},{"name":"唯伊网咖(沙县步行街店)","address":"沙县步行街59-60号四楼","phone":"电话:18750855118"},{"name":"明溪县汇友网吧(河滨南路店)","address":"河滨南路111号","phone":""},{"name":"闽辉电竞网咖(闽辉商业广场店)","address":"府前广场79号6楼","phone":""},{"name":"蓝天电竞网咖(五四路店)","address":"五四新村6幢二层","phone":"电话:0598-8281308"},{"name":"ABAM潮玩电玩城(爱琴海东新四路店)","address":"东新四路222号爱琴海(东新四路店)B2","phone":"电话:19122315141"},{"name":"悦动光格(三明三元万达广场店)","address":"徐碧街道万达广场(三明三元店)","phone":"电话:13850868408"},{"name":"云逸宝摇杆游戏机(中影梦工坊爱琴海DMAX巨幕·尊荣店)","address":"东新四路213号爱琴海购物中心B区5-6楼梦工坊影城店内休息区前台旁","phone":""},{"name":"YUME CLUB你我俱乐部","address":"东新四路爱琴海购物中心A区LG层LG10-LG11号","phone":""}]