[{"name":"小魔虎电竞·至上店(中山西路店)","address":"河滨街道中山西路2幢一层0号（星力百货旁）","phone":"电话:13087826539"},{"name":"二进制电竞馆(金阳世纪城店)","address":"世纪城社区合肥路中贵州工业职业技术学院斜对面","phone":"电话:18984118194"},{"name":"云鹏电竞网咖(未来方舟店)","address":"贵州省贵阳市云岩区中天未来方舟D15组团","phone":"电话:18985710215"},{"name":"星宇电竞(扎佐镇店)","address":"中山北路","phone":""},{"name":"玩家壹零壹电竞馆·网吧(财富广场店)","address":"花果园R1区11栋1单元1层1号（财富广场3号楼1单元对面）","phone":"电话:13312256833"},{"name":"小魔虎电竞·行乐店(小十字店)","address":"富水中路天业大厦1层35号铺","phone":"电话:0851-85555428"},{"name":"小魔虎电竞(花果园购物中心店)","address":"花果园大街1号花果园购物中心1F层L1301室","phone":"电话:0851-85666996"},{"name":"丛林电竞网咖","address":"花果园半山小镇w1区12栋3单元","phone":"电话:18824178870"},{"name":"摩羊电竞(愉乐园店)","address":"贵乌北路15号永辉超市负一楼","phone":"电话:13271808583"},{"name":"伊网电竞(云岩八鸽岩路店)","address":"贵州省贵阳市云岩区八鸽岩路207号","phone":"电话:13984393011"},{"name":"小魔虎电竞(金泉流云店)","address":"三桥中坝路99号圣泉流云花园","phone":"电话:18885349614"},{"name":"威博电竞","address":"白云南路611号A段2层8号","phone":"电话:085184607559"},{"name":"星元电竞","address":"云站路云梦小镇2-D-1","phone":"电话:13037893780"},{"name":"米可1号电竞馆","address":"延安南路花果园V区14栋2楼","phone":"电话:18932011655"},{"name":"L+电竞馆","address":"时光贵州古镇","phone":"电话:0851-88603732"},{"name":"丘比特网吧(太升国际店)","address":"龙洞堡街道机场路太升国际双龙管委会对面3楼","phone":"电话:13985111683"},{"name":"明宇电竞网咖","address":"花溪大道南段朝阳村十四栋二楼","phone":"电话:18285096114"},{"name":"世华电竞","address":"富水北路泰洋酒店对面建行旁","phone":"电话:17708507857"},{"name":"小星缘·天空城电竞","address":"经济技术开发区浦江路39号浦江名典1层2号门面","phone":"电话:18711663887"},{"name":"悦橙电竞","address":"贵州省贵阳市清镇市云岭东路君悦国际2栋1楼","phone":"电话:0851-82508881"},{"name":"至臻电竞","address":"贵阳市观山湖区金源街世纪城","phone":""},{"name":"时光游鱼网吧","address":"中坝路万科云岩大都会商业S5号楼四层1号","phone":"电话:13918981311"},{"name":"极刻电竞俱乐部","address":"美的国宾府C区7栋2楼","phone":""},{"name":"辉煌电竞","address":"朝阳洞路与玉厂路交叉口东南120米","phone":"电话:18892332393"},{"name":"派客电竞(金融街店)","address":"花果园E区E6栋2层25号","phone":"电话:18685169335"},{"name":"小魔虎电竞(贵阳壹号店)","address":"文昌阁街道中华中路2号贵阳壹号购物中心第L3层第[13012]号商铺","phone":"电话:0851-85869990"},{"name":"小魔虎电竞·星洛店(会展城店)","address":"长岭北路中天会展城A3组团（101大厦后面）","phone":"电话:15685525888"},{"name":"新智慧电竞馆(青丘蟠桃宫店)","address":"月亮岩路38号","phone":""},{"name":"欢聚同创电竞","address":"金朱东路金融中心二期住宅项目A7组团地下室1层87号","phone":"电话:19985415191"},{"name":"550电竞(七米路店)","address":"会展城七米路嗨玩街3楼","phone":""},{"name":"","address":"","phone":""},{"name":"","address":"","phone":""},{"name":"","address":"","phone":""},{"name":"","address":"","phone":""},{"name":"","address":"","phone":""},{"name":"","address":"","phone":""},{"name":"","address":"","phone":""},{"name":"","address":"","phone":""},{"name":"","address":"","phone":""},{"name":"","address":"","phone":""},{"name":"玩家壹零壹电竞馆·网吧(财富广场店)","address":"花果园R1区11栋1单元1层1号（财富广场3号楼1单元对面）","phone":"电话:13312256833"},{"name":"小魔虎电竞(花果园购物中心店)","address":"花果园大街1号花果园购物中心1F层L1301室","phone":"电话:0851-85666996"},{"name":"小魔虎电竞·行乐店(小十字店)","address":"富水中路天业大厦1层35号铺","phone":"电话:0851-85555428"},{"name":"摩羊电竞(愉乐园店)","address":"贵乌北路15号永辉超市负一楼","phone":"电话:13271808583"},{"name":"伊网电竞(云岩八鸽岩路店)","address":"贵州省贵阳市云岩区八鸽岩路207号","phone":"电话:13984393011"},{"name":"小魔虎电竞(金泉流云店)","address":"三桥中坝路99号圣泉流云花园","phone":"电话:18885349614"},{"name":"小魔虎电竞(贵阳壹号店)","address":"文昌阁街道中华中路2号贵阳壹号购物中心第L3层第[13012]号商铺","phone":"电话:0851-85869990"},{"name":"新智慧电竞馆(青丘蟠桃宫店)","address":"月亮岩路38号","phone":""},{"name":"550电竞(七米路店)","address":"会展城七米路嗨玩街3楼","phone":""},{"name":"小魔虎电竞(向往未来店)","address":"金阳商业步行街B区3楼","phone":"电话:18676056866"},{"name":"米可1号电竞馆","address":"延安南路花果园V区14栋2楼","phone":"电话:18932011655"},{"name":"世华电竞","address":"富水北路泰洋酒店对面建行旁","phone":"电话:17708507857"},{"name":"壹家人电竞网咖","address":"北京路3号（贵医地铁站B口步行70米）","phone":"电话:18786024385"},{"name":"至臻电竞","address":"贵阳市观山湖区金源街世纪城","phone":""},{"name":"时光游鱼网吧","address":"中坝路万科云岩大都会商业S5号楼四层1号","phone":"电话:13918981311"},{"name":"辉煌电竞","address":"朝阳洞路与玉厂路交叉口东南120米","phone":"电话:18892332393"},{"name":"派客电竞(金融街店)","address":"花果园E区E6栋2层25号","phone":"电话:18685169335"},{"name":"小魔虎电竞·星洛店(会展城店)","address":"长岭北路中天会展城A3组团（101大厦后面）","phone":"电话:15685525888"},{"name":"小魔虎电竞(向往未来店)","address":"金阳商业步行街B区3楼","phone":"电话:18676056866"},{"name":"冲浪网咖(青云路店)","address":"青云路44号商住楼2楼","phone":"电话:13339600933"},{"name":"巅峰网咖(观山湖区绿地联盛店)","address":"诚信南路绿地联盛国际9号楼负一层（近塔斯汀汉堡）","phone":"电话:13368506601"},{"name":"顺时针网咖","address":"文昌南路4号附近","phone":"电话:13608517832/13608561030"},{"name":"小魔虎电竞(城基路店)","address":"贵州省贵阳市云岩区城基路16号","phone":"电话:18984867836"},{"name":"鑫海网咖","address":"青年路30号东宝花园14栋负1层18号","phone":"电话:18286047727"},{"name":"玩酷·壹零壹网咖(金融城店)","address":"金朱东路中天·铭廷项目C1组团标书王快印正楼上","phone":"电话:18685179805"},{"name":"黑小黑网咖","address":"北大资源梦想城2号地块s01-4-58","phone":"电话:18585436223"},{"name":"兴逸都电竞","address":"普陀路62号","phone":"电话:18985138905"},{"name":"小蝌蚪网咖","address":"遵义路86号2楼","phone":""},{"name":"天鹰剑网咖(花果园T区2区2栋店)","address":"小车河路花果园T2区2栋一单元","phone":"电话:18164849980/18166775421"},{"name":"小诺电竞(花果园M区店)","address":"花果园m区10栋2层43号","phone":"电话:18786786059"},{"name":"西伯利亚网咖(勇烈路店)","address":"服务中心喷水池勇烈路3号","phone":"电话:18985581662"},{"name":"摩羊电竞(众鑫壹号店)","address":"花果园-花果园商铺R2区-5栋-203号","phone":"电话:085188671319"},{"name":"摩羊电竞(梦想时空店)","address":"湘雅街道中山南路花果园商业步行街北大街1期步行街1038号","phone":""},{"name":"空中花园网咖·4070Ti(花果园店)","address":"松山南路花果园-1期9栋","phone":"电话:18096009288"},{"name":"兴利网咖","address":"兴关路44号","phone":"电话:18185181077"},{"name":"众海网咖波波店","address":"贵阳市云岩区新添大道南段11-1号","phone":"电话:15285954437"},{"name":"星系网咖(盐务街店)","address":"盐务街21号","phone":""},{"name":"小魔虎电竞馆(绿之叶店)","address":"合肥路世纪城龙凯苑5栋6号商铺","phone":""},{"name":"飞鱼网咖(会展城店)","address":"长岭北路8号","phone":"电话:13312231013"},{"name":"跨时代网咖(中山东路店)","address":"中东社区服务中心中山东路48号","phone":"电话:18083374663"},{"name":"璞发网咖(东新路店)","address":"中东社区服务中心东新路26号2楼1号","phone":"电话:18984847633"},{"name":"小魔虎电竞馆(陶享店)","address":"贵州省贵阳市观山湖区世纪城社区服务中心金阳南路298号睿力上城A组团1栋","phone":"电话:13158020573"},{"name":"时代锋锐网咖","address":"花果园延安南路T1区4-5栋中间b127号","phone":"电话:13595683046"},{"name":"小魔虎电竞馆·二进制店(二进制店)","address":"世纪城社区合肥路中贵州工业职业技术学院斜对面","phone":"电话:16798519501"},{"name":"黑麦电竞网咖","address":"花果园大街花果园m区12栋3单元2楼207","phone":"电话:13765157169/17178517188"},{"name":"小魔虎电竞·跨时代店(中山东路店)","address":"中东社区服务中心中山东路48号","phone":""},{"name":"宜博电竞馆(喀斯特城市广场店)","address":"金阳南路和石林东路交汇处喀斯特城市广场B1","phone":"电话:18111895106"},{"name":"青丘电竞CLUB(DC PLAZA梦之城购物中心店)","address":"贵州省贵阳市南明区遵义路DCPLAZA梦之城购物中心3层(地铁1号线贵阳老火车站C出口前行150米)","phone":""},{"name":"宜博电竞馆(博众鸿通城店)","address":"鸿通城二楼","phone":"电话:18785001330"},{"name":"奥森网咖(财富广场R区店)","address":"小车河路花果园R1区","phone":"电话:13158087475"},{"name":"摩登电竞(美的林城店)","address":"长岭北路美的林城时代美景苑北区5号门18-21号","phone":"电话:18508519456/18798809881"},{"name":"乐风电竞馆","address":"贵阳市观山湖区奥兴路华润国际社区C区1号门西南侧约50米","phone":""},{"name":"嘿鹿电竞(远大美域店)","address":"长岭南路25号贵阳远大·生态风景三期三组团70栋1层4号（希尔顿惠庭酒店后面）","phone":"电话:18257620066"},{"name":"小魔虎电竞(绿淼店)","address":"三桥南路1号","phone":""},{"name":"丛林电竞网咖","address":"花果园半山小镇w1区12栋3单元","phone":"电话:18824178870"},{"name":"宜博电竞馆(恒大中央广场店)","address":"世纪城街道合肥路恒大中央广场C地块负一层3号","phone":"电话:18275353562"},{"name":"网鱼网咖·电竞(贵阳印象城店)","address":"印象城购物中心4楼","phone":"电话:13087832923"},{"name":"文人电竞","address":"荷塘社区服务中心白云大道192号","phone":"电话:15685509755"},{"name":"众海网咖(逸都店)","address":"中铁逸都c组团商铺3层8至12号","phone":"电话:13885183915"},{"name":"致青春电竞网咖(中天帝景传说A区店)","address":"金世旗中天帝景传说A8-1半负2层7号","phone":"电话:18085193287"},{"name":"文人电竞","address":"荷塘社区服务中心白云大道192号","phone":"电话:15685509755"},{"name":"众海网咖(逸都店)","address":"中铁逸都c组团商铺3层8至12号","phone":"电话:13885183915"},{"name":"致青春电竞网咖(中天帝景传说A区店)","address":"金世旗中天帝景传说A8-1半负2层7号","phone":"电话:18085193287"},{"name":"玩家国度电竞馆(花果园Q区店)","address":"小车河路花果园Q区2栋1单元2楼","phone":"电话:18111954782"},{"name":"启点壹号网咖(金融城店)","address":"长岭北路中天会展城B区金融商务区西区1-4栋3层2号","phone":"电话:13037855383"},{"name":"松源电竞","address":"青山路1号","phone":"电话:13608597048"},{"name":"东方网吧(碧海南路店)","address":"诚信北路绿地联盛国际4号楼2楼（沃尔玛超市旁）","phone":"电话:18985147559"},{"name":"阿尔巴斯网咖","address":"花果园彭家湾危旧房棚户区改造项目C区13栋305、306、351-353号[花果园社区]","phone":"电话:15338604005"},{"name":"摩尔网咖(花果园M区店)","address":"贵州省贵阳市南明区花果园大街花果园m区11栋","phone":""},{"name":"愉乐园网咖·台球","address":"贵乌北路15号负1层（永辉超市门口）","phone":"电话:18585048513"},{"name":"星羽网咖·嘉达和店","address":"盐务街街道宅吉路311号","phone":"电话:18185022053/18302680947"},{"name":"裕兴网络","address":"蔡关社区服务中心贵州理工学院下坝路","phone":"电话:17307363273"},{"name":"菊园电竞网咖","address":"沙南社区服务中心朝阳洞路469号","phone":"电话:18185181077"},{"name":"绿叶电竞(威清绿叶店)","address":"威清路174号","phone":"电话:15519180973"},{"name":"我特电竞","address":"小关南垭路2号（财政学校旁）","phone":"电话:15885080137"},{"name":"爬爬虫电竞馆","address":"银行中街中天会展城B4组团1-9栋2层1号","phone":"电话:18786984198"},{"name":"艾克斯电竞(新印厂店)","address":"贵州省贵阳市云岩区普陀路街道友谊路186号3层T区31-01号(3楼艾克斯电竞)","phone":"电话:18984566560"},{"name":"金鹏电竞","address":"百花大道都来栖宾馆旁边","phone":"电话:18585823330"},{"name":"金鼎网吧","address":"利鑫苑西1门旁","phone":"电话:13595185051"},{"name":"快乐街区(贵阳壹号店)","address":"中华中路2号大十字贵阳壹号L4层","phone":"电话:18885225737"},{"name":"云上电竞网咖","address":"花果园街道中环路西段花果园半山小镇X区4栋","phone":"电话:18786666684"},{"name":"君思贤电竞","address":"黔灵东路街道旭东路5号附近","phone":""},{"name":"嘉楠网咖(北站店)","address":"贵阳市观山湖区阳关大道北大资源梦想城","phone":"电话:13312288537"},{"name":"阿尔巴斯网咖","address":"花果园彭家湾危旧房棚户区改造项目C区13栋305、306、351-353号[花果园社区]","phone":"电话:15338604005"},{"name":"小魔虎电竞·同舟店(陕西路店)","address":"陕西路23号（贵阳银行正对面停车场进）","phone":"电话:0851-86755787"},{"name":"鑫雨露网咖","address":"贵州省贵阳市云岩区浣沙路133号","phone":"电话:0851-85518000/18185181077"},{"name":"网咖电竞","address":"贵阳市南明区松山南路花果园-1期","phone":""},{"name":"凯洋勇敢·网咖(华润·国际社区C区店)","address":"兴筑西路88号贵阳华润国际社区C区2层107室","phone":"电话:15718508126/18185037115"},{"name":"宜博电竞馆(伊泽瑞尔店)","address":"后巢乡公园中路花果园L1区4栋商铺","phone":"电话:13809454036"},{"name":"东方网吧(碧海南路店)","address":"诚信北路绿地联盛国际4号楼2楼（沃尔玛超市旁）","phone":"电话:18985147559"},{"name":"东方网吧(碧海南路店)","address":"诚信北路绿地联盛国际4号楼2楼（沃尔玛超市旁）","phone":"电话:18985147559"},{"name":"依家网咖(延安巷店)","address":"延安巷96号布艺大厦","phone":"电话:19185606702"},{"name":"玩转·壹零壹网咖(红街店)","address":"观山西路万科翡翠天骄A6栋2层（近观山西路C地铁出口）","phone":"电话:18608505848"},{"name":"玩家·壹零壹电竞馆(天一国际店)","address":"天一国际广场10号楼","phone":"电话:15185096047"},{"name":"至高点电竞馆·红岸网咖","address":"兴关路（至高点电竞馆）","phone":"电话:17784173295"},{"name":"至高点电竞馆(明月店)","address":"市南路110号福楼旺邸1层","phone":"电话:17385517879"},{"name":"讯咖网咖(甲秀楼店)","address":"西湖路54号","phone":"电话:18185042195"},{"name":"金韵网吧(旭东路店)","address":"旭东路138-4号","phone":"电话:15508500280"},{"name":"猎豹网咖","address":"花果园R1区2栋2楼205室","phone":"电话:15285042126"},{"name":"霓虹网吧(海马冲路店)","address":"头桥路11号","phone":"电话:13668515108"},{"name":"宜博电竞馆(汇金星力城店)","address":"延安西路汇金星力城负一层B1-008号","phone":"电话:15185096047"},{"name":"K2-全电竞","address":"贵乌北路199号中大国际广场F1","phone":""},{"name":"阳光网咖","address":"沙冲南路11号2楼","phone":"电话:15085950295"},{"name":"星羽网咖·皓然店","address":"城基路37号(耀美健身楼下)","phone":"电话:15286077696"},{"name":"点点电竞","address":"白云大道201号2号楼(南佗医院东北门旁)","phone":""},{"name":"E9电竞(花果园店)","address":"花果园一期18栋二单元303号","phone":"电话:18003022333"},{"name":"旺角网咖台球(花果园兰花广场店)","address":"花果园大街花果园J区1栋2楼","phone":""},{"name":"明月网咖(市南路)","address":"福楼旺邸北门旁","phone":"电话:19522841563"},{"name":"至高点三体网咖(国际中心店)","address":"花果园C区12栋101号","phone":"电话:17385519576"},{"name":"电竞馆","address":"贵阳市南明区延安南路贵阳花果园R区-北区","phone":""},{"name":"小魔虎电竞馆(合肥路店)","address":"贵阳市观山湖区合肥路龙泉苑","phone":""},{"name":"熊猫电竞酒店","address":"贵阳市市西河街道延安西路67号8层","phone":""},{"name":"仙踪林电竞(市西社区服务中心店)","address":"乌金路164号","phone":"电话:18166707716"}]