[{"name":"无忧电竞馆","address":"新乡市红旗区人民东路忆通壹世界","phone":"电话:18568589032"},{"name":"微微电竞联赛网咖","address":"进达花园一号楼","phone":""},{"name":"无忧电竞网咖","address":"惠民街紫光明珠东门对面","phone":""},{"name":"梦幻电竞","address":"河南省新乡市原阳县永康西路10号","phone":""},{"name":"光辉电竞","address":"河南省新乡市长垣市长城商贸城166号","phone":""},{"name":"雷霆电竞","address":"新乡市获嘉县红旗路获嘉县实验幼儿园西北侧约190米","phone":""},{"name":"王者电竞","address":"健康路E家快捷酒店停车场院内","phone":""},{"name":"JT电竞馆","address":"新乡市获嘉县新华街城上城西南侧约220米","phone":""},{"name":"鲨鱼电竞","address":"梅溪馨苑2期北门旁","phone":"电话:13937383991/15993043037"},{"name":"蓝星星网吧","address":"和平大道86号公立医院对面","phone":""},{"name":"宜博电竞馆(步行街店)","address":"胜利中街老步行街西二楼","phone":"电话:17630211712"},{"name":"无畏电竞(三天两夜店)","address":"劳动南街258号华中公园道1号9号楼3单元31303号","phone":""},{"name":"摩登网咖(金穗大道店)","address":"金穗大道与新飞大道交叉口向东150米路南","phone":"电话:15903077588"},{"name":"聚龙网吧","address":"大学城北市场营业房二楼","phone":"电话:13937319993"},{"name":"赛搏电竞","address":"南环路星海传说1号楼2楼104号商铺","phone":"电话:18695915050"},{"name":"摩登电竞(战略高地店)","address":"丰华街与文岩路交叉口南240米325号","phone":"电话:18837303070"},{"name":"红蚁电竞","address":"平原里佛力得假日酒店1楼门面","phone":"电话:15516615151"},{"name":"寻竞电竞","address":"新乡市卫辉市友谊路景尚明都温泉酒店北侧","phone":"电话:15696043119"},{"name":"熊猫电竞馆","address":"道清路26号街坊金禧园3号楼103-104号房","phone":"电话:15565259787"},{"name":"良缘电竞","address":"和平大道中166号","phone":"电话:18790578486"},{"name":"蔚蓝电竞(宝龙店)","address":"宝龙天地广场4号楼106、108、110、111号商铺","phone":"电话:0373-3919990"},{"name":"TG电竞馆·糖果网咖(分店)","address":"劳动路与东大街交叉口东160米路南","phone":"电话:13101733322"},{"name":"天峰网吧","address":"河南科技学院南邻","phone":"电话:18224597742"},{"name":"诺亚网吧","address":"留庄营社区西1门北50米","phone":"电话:16500622777"},{"name":"畅想网吧(建设东路店)","address":"建设东路428号","phone":""},{"name":"环湖网咖(宝龙环湖店)","address":"金穗大道宝龙城市A区3-3号楼112室","phone":""},{"name":"莱尚网吧(福彩街店)","address":"河南省新乡市牧野区福彩街360号","phone":"电话:18737353344"},{"name":"芒果电竞(超越网吧店)","address":"河南省新乡市卫辉市汲水镇友谊新村","phone":""},{"name":"布拉格之恋拉斐网吧","address":"向阳路589号明大拉斐国际3号楼103室、104室","phone":"电话:15837318787"},{"name":"春雷网吧","address":"宏力大道王村镇卫生院旁","phone":""},{"name":"蚂蚁电竞(超越时空店)","address":"河南省新乡市红旗区华兰大道227号","phone":""},{"name":"青柠电竞","address":"新乡市牧野区新七街惠邦华恩城-西区西北侧约30米","phone":""},{"name":"魔力电子竞技俱乐部(建设中路店)","address":"建设路127号天太家园1号楼东楼二层","phone":""},{"name":"清水缘网咖(火车站店)","address":"平原路与自由街交叉口东南角阳光大厦2层","phone":"电话:17703735369/18637351150"},{"name":"漫威电竞(建设路店)","address":"新乡市牧野区建设中路云轩苑小区","phone":""},{"name":"全城热恋主题网吧(雨林店)","address":"南环路与胜利路口新盾嘉苑1号楼105商铺2层","phone":"电话:15565277579"},{"name":"天鹰网吧(卫辉店)","address":"朝阳花园西北门西南100米","phone":""},{"name":"柠檬电竞酒店(宝龙3号楼店)","address":"河南省新乡市红旗区金穗大道东宝龙广场东区宝龙珑寓1号楼1407室","phone":""},{"name":"天浪网咖","address":"景园小区西门旁","phone":""},{"name":"全城热恋主题网吧(糖巢店)","address":"胜利路南段金色家园二号楼临街营业房109-111号","phone":"电话:15565277579"},{"name":"美舍电竞影音酒店(胖东来·大胖店)","address":"河南省新乡市牧野区中原路102号","phone":"电话:0373-3337777/17516544470"},{"name":"乐住网络电竞(胖东来店)","address":"新乡市解放路158号(储贸大市场西南侧)","phone":"电话:0373-3676999/0373-3685666"},{"name":"无畏电竞(诺克萨斯店)","address":"新乡市红旗区新一街大景城","phone":""},{"name":"乐玩Switch&Ps·Xbox游戏畅玩吧","address":"宝龙钻石公寓2号楼5楼513室","phone":"电话:15649614001"},{"name":"晨丰网吧","address":"宏力大道344号","phone":"电话:15560255858"},{"name":"蚂蚁电竞(平原路店)","address":"河南省新乡市红旗区平原路307号","phone":""},{"name":"无畏电竞(德玛西亚店)","address":"和平路三巷195号楼","phone":""},{"name":"蚂蚁电竞(新二街店)","address":"新乡市红旗区新二街留庄营社区","phone":""},{"name":"橘子电竞(大学城店)","address":"新乡市新中大道南与道清路交汇西150米路北(一缕阳光酒店同栋)","phone":"电话:17530719588"},{"name":"竞技电竞馆(卫州路店)","address":"河南省新乡市卫辉市汲水镇卫州路陈煤花园","phone":"电话:15037378122"},{"name":"非你不爱网吧(牛村商业街店)","address":"宏力大道牛村商业街二楼","phone":"电话:13183107677"},{"name":"九耕PS5游戏体验馆","address":"新一街东郡府苑北门对面","phone":"电话:15736956369"},{"name":"潮玩空间PS5潮流游戏体验店(西大街店)","address":"步行街7号","phone":"电话:19137398789"},{"name":"play1家庭娱乐中心(新乡牧野万达店)","address":"宏力大道东万达购物中心三楼东南角（近3号门三福楼上）","phone":""},{"name":"超级方格Activate(步行街店)","address":"东方文化步行街时尚广场2层2025","phone":""}]