[{"name":"通天下电竞网吧","address":"辽宁省本溪市平山区广裕二道街14号","phone":"电话:13704146918"},{"name":"蔚来电竞馆","address":"辽宁省本溪市本溪满族自治县春光路35号（春光路与阳光街交叉口西南方向50米左右）","phone":"电话:19904901999"},{"name":"桓仁光宇网咖","address":"珠江街20栋6号","phone":""},{"name":"零点网吧(解放南路店)","address":"解放南路95栋(汽车公司斜对面)","phone":"电话:13942475116"},{"name":"黑鲨网咖(东芬店)","address":"本溪长客中心站东北2门南100米","phone":"电话:024-44589888"},{"name":"兵蚁网咖","address":"解放南路78栋1至2层41-2号","phone":"电话:15641482286"},{"name":"黑魔方电竞会馆","address":"辽宁省本溪市明山区人民路4号","phone":""},{"name":"九州电竞(彩屯Top店)","address":"彩屯南路43号华中街1楼公建4号","phone":"电话:15141426961"},{"name":"嘉棋电竞(博娜娜店)","address":"地工路21A号","phone":"电话:13841430570"},{"name":"星空1号网咖·快餐·饮品(河畔花园店)","address":"河畔花园D组3楼北05(1-2)","phone":"电话:13470501111"},{"name":"","address":"","phone":""},{"name":"","address":"","phone":""},{"name":"","address":"","phone":""},{"name":"","address":"","phone":""},{"name":"","address":"","phone":""},{"name":"","address":"","phone":""},{"name":"","address":"","phone":""},{"name":"","address":"","phone":""},{"name":"","address":"","phone":""},{"name":"","address":"","phone":""},{"name":"黑鲨网咖(迎宾路店)","address":"前进交通岗新兴家园（双拥大厅对面）","phone":"电话:024-44589888"},{"name":"逸次元游戏体验馆","address":"津成商务五楼510室","phone":"电话:13700147336"},{"name":"JUMP跳动格子(万达广场店)","address":"万达广场二层2052","phone":"电话:18004142885"},{"name":"大玩家(本溪万达店)","address":"平山街道万达广场四层五层东侧(韩盛烤肉旁)","phone":"电话:024-42874022"},{"name":"大咖电竞(万达店)","address":"万达广场2楼万达影城旁","phone":""},{"name":"星巴兔电竞(地公路店)","address":"地工路6号","phone":"电话:15841427689"},{"name":"黑鲨电竞馆","address":"本溪市平山区永华街如家派柏云酒店(本溪火车站店)东侧约160米","phone":"电话:16641403333"},{"name":"六合财鑫网苑","address":"消防街天龙新村1栋2层","phone":"电话:13941455768"},{"name":"云逸宝摇杆游戏机(万达影城本溪店)","address":"本溪市前进街万达广场2楼万达影城内大厅前台旁","phone":""},{"name":"东方英雄嘉年华(新玛特店)","address":"解放南路8号新玛特商场7楼美食区旁","phone":""}]