[
  {
    "name": "桐林电竞网吧(京泰路店)",
    "address": "京泰路8号（京泰公寓对面）",
    "phone": "电话:18249901068"
  },
  {
    "name": "咖啡屋电竞网吧(四川路店)",
    "address": "四川南路喜相逢小区A07号",
    "phone": "电话:18977922270"
  },
  {
    "name": "辉速网吧",
    "address": "廉州大道西路128号广益中央公园A幢102号商铺",
    "phone": "电话:13978971108"
  },
  {
    "name": "传奇网吧(东较场东路店)",
    "address": "东较场路世豪名都7幢附近",
    "phone": "电话:0779-7201130"
  },
  {
    "name": "零点网吧(明园大厦店)",
    "address": "东较场西路83号明园大厦5楼附近",
    "phone": ""
  },
  {
    "name": "九号电竞",
    "address": "北海市合浦县-解放路6号",
    "phone": ""
  },
  {
    "name": "阳光动力网咖(同和店)",
    "address": "广东南路同和水岸香堤46栋商业楼二层213、214、215号商铺",
    "phone": "电话:15224525823"
  },
  {
    "name": "阳光动力网咖(永红店)",
    "address": "北京路50号金域阳光202号（北京路与长青路交汇处）",
    "phone": "电话:13321695863"
  },
  {
    "name": "王子电竞馆",
    "address": "北海市银海区云南路288号棕榈泉广场三楼",
    "phone": "电话:07793060666"
  },
  {
    "name": "阳光动力网咖(正红店)",
    "address": "云南路与北部湾西路交叉口西北正角正虹广场204-205号",
    "phone": ""
  },
  {
    "name": "查尔斯网吧(上海路)",
    "address": "北海大道与上海路交汇处兴盛花园",
    "phone": "电话:15723896777"
  },
  {
    "name": "阳光动力网咖(锦红店)",
    "address": "北部湾东路60号欧情海景园23号",
    "phone": "电话:0779-3183933"
  },
  {
    "name": "阳光电竞(宁春城店)",
    "address": "恒昌城市丽景",
    "phone": ""
  },
  {
    "name": "三剑客网吧(广东路店)",
    "address": "广东路广南公寓B栋05号",
    "phone": "电话:18507892637"
  },
  {
    "name": "TATW电竞馆(和佳广场店)",
    "address": "和佳广场4层",
    "phone": ""
  },
  {
    "name": "VR+乐园·大空间射击/VR团建轰趴馆(北海吾悦广场店)",
    "address": "杭州路吾悦广场3楼3030号",
    "phone": "电话:18077957996"
  },
  {
    "name": "新月网咖(侨港风情街店)",
    "address": "港口路与红棉路二巷交叉口西北50米",
    "phone": ""
  },
  {
    "name": "9号电竞网咖银城绿州店",
    "address": "广西壮族自治区北海市银海区银滩镇杭州路",
    "phone": "电话:0779-3212333"
  },
  {
    "name": "田园网吧(湖南路店)",
    "address": "北海大道与湖南路交汇处金星花园c区a6号",
    "phone": "电话:13877938339/18977903048"
  },
  {
    "name": "9号电竞网咖(北海国际新城店)",
    "address": "广西壮族自治区北海市海城区站北路9号北海国际新城13幢0219号",
    "phone": ""
  },
  {
    "name": "转角网吧(四川路店)",
    "address": "强远世纪度假村N3号",
    "phone": "电话:18977922270"
  },
  {
    "name": "景悦网吧",
    "address": "湖海路115号二楼",
    "phone": "电话:13877938339"
  },
  {
    "name": "十八子网吧",
    "address": "西藏路29号海天花园3幢5号商铺",
    "phone": ""
  },
  {
    "name": "喜洋洋网吧(云西路店)",
    "address": "云南路40号晴海居商铺1号",
    "phone": "电话:18977949984"
  },
  {
    "name": "旺角网吧(利盛店)",
    "address": "广西壮族自治区北海市海城区靖安路世纪公寓a301号",
    "phone": ""
  },
  {
    "name": "第七天堂ps5·switch",
    "address": "长沙路6号北海吾悦广场2幢115号",
    "phone": "电话:13877956524"
  },
  {
    "name": "游戏大魔方(北海吾悦店)",
    "address": "长沙路6号吾悦广场第二层Z06",
    "phone": "电话:18686310902"
  },
  {
    "name": "鱼多多电玩城",
    "address": "北海市海城区北海大道13号时代广场二楼",
    "phone": ""
  },
  {
    "name": "遇见网咖(重庆路店)",
    "address": "云南南路99号北海花园4号商铺",
    "phone": ""
  },
  {
    "name": "欢乐集合地(大润发店)",
    "address": "大润发购物商场二楼",
    "phone": ""
  },
  {
    "name": "摩羯座电竞影音主题酒店(北海火车站店)",
    "address": "北海市北京路与西南大道交汇处海尚巴黎24楼",
    "phone": ""
  },
  {
    "name": "玩兔主机电玩Switch·Ps5·Xbox",
    "address": "北海市海城区长青路15号福荣大厦1栋二楼(艾普保险箱正后面)",
    "phone": ""
  },
  {
    "name": "星辰乐园",
    "address": "北部湾中路62号新力广厦第三层P-3F-19",
    "phone": ""
  },
  {
    "name": "村边电玩",
    "address": "北海市海城区垌尾路北海市海城区人民政府南侧约90米",
    "phone": ""
  },
  {
    "name": "Happy house·春野城市露营",
    "address": "新世纪大道北艺西校区公交站旁",
    "phone": "电话:18877960143"
  }
]