[{"name":"丹雅网电竞吧","address":"甘肃省酒泉市敦煌市阳关西路9号","phone":""},{"name":"游戏基地电竞馆","address":"甘肃省酒泉市肃州区文化西街4附5号","phone":""},{"name":"苹果网咖","address":"南环西路37-2号","phone":"电话:0937-2829192"},{"name":"零度波比电竞馆","address":"阳关中路祁家桥路口东侧鑫棉公司2号综合楼","phone":"电话:13830725783/18298723332"},{"name":"杰灵电竞俱乐部","address":"商业步行街A座3楼","phone":"电话:15309370313"},{"name":"巅峰电竞(祁连街店)","address":"福利巷宝丽佳苑底商","phone":""},{"name":"乐尚网咖","address":"龙勒路敦煌小镇负一层金盾娱乐内","phone":"电话:13893738997"},{"name":"起点网咖(敦煌路店)","address":"甘肃省酒泉市肃州区敦煌路16-16号","phone":"电话:13830788122"},{"name":"经典网咖","address":"祁连路四号瑞祥花园2层经典网吧","phone":""},{"name":"蜗牛网咖(盘旋东路店)","address":"南方大厦b座","phone":"电话:18093786116"},{"name":"宜博电竞馆(东方新天地店)","address":"东方新天地商场5楼","phone":""},{"name":"宜博电竞(酒泉大宇店)","address":"南环西路12号二层","phone":"电话:19993737729"},{"name":"登界游方","address":"玉门西路13号光明玺园南门1-1-10","phone":"电话:15593745618"},{"name":"蜜享乐园(富康购物中心店)","address":"甘肃省酒泉市肃州区富康路4号富康购物中心F4","phone":""},{"name":"云逸宝摇杆游戏机(横店电影城东方广场店)","address":"鼓楼东北角东方广场4楼横店电影城内大厅前台旁","phone":""},{"name":"大玩家(酒泉生态文化博览园店)","address":"酒泉市肃州区酒金东路139号酒泉生态文化博览园","phone":""},{"name":"吉合家庭主题乐园(万达广场酒泉店)","address":"万达广场(酒泉肃州店)三楼3F-A铺","phone":""}]