[{"name":"橙子电竞网咖","address":"甘肃省临夏回族自治州临夏市环城西路37号","phone":"电话:13389305050"},{"name":"网鱼网咖·电竞(前河沿东路店)","address":"甘肃省临夏回族自治州临夏市国星小区楼下","phone":"电话:15379913041"},{"name":"铭嘉电竞(食代购物中心店)","address":"临夏回族自治州和政县环城东路和政县西关小学西北侧","phone":""},{"name":"老男孩电竞","address":"庆胜东路义乌商贸城二号楼四楼","phone":"电话:18139706616"},{"name":"宜博电竞馆(S309店)","address":"甘肃省临夏回族自治州广河县S309三甲集镇东关村人市巷","phone":"电话:15769478888"},{"name":"云端电竞(南大街店)","address":"临夏回族自治州东乡族自治县南大街东乡县民族中学西侧约110米","phone":"电话:13993050273"},{"name":"动力时空电竞馆","address":"甘肃省临夏回族自治州康乐县附城镇旧消防队对面","phone":"电话:15293882005"},{"name":"水母电竞","address":"甘肃省临夏回族自治州临夏市兰磨线百益城a区9号楼","phone":"电话:18193023630"},{"name":"朱雀电竞(临夏旗舰店)","address":"甘肃省临夏回族自治州临夏市解放路73号商铺","phone":""},{"name":"鲨鱼电竞","address":"甘肃省临夏回族自治州临夏县韩集镇双城商贸中心B区4号楼2楼商铺","phone":"电话:18394916384"},{"name":"亿象电竞","address":"天华苑小区","phone":"电话:18193091892"},{"name":"篮猫电竞","address":"甘肃省临夏回族自治州临夏市红园街道红园社区民主西路33号民贸公司家属楼1栋1层103号商铺","phone":""},{"name":"摩尔电竞(红园新村路店)","address":"临夏回族自治州临夏市红园新村乐民小区3号楼(红园派出所对面)","phone":"电话:18093099992"},{"name":"Homie电竞酒店","address":"甘肃省临夏回族自治州临夏市刘临路10号中天健广场2号楼2楼","phone":""},{"name":"悠家玩途电竞酒店","address":"临夏回族自治州庆胜东路海棠院4号楼","phone":""},{"name":"顽刻主机游戏体验馆(临夏·义乌国际商业广场店)","address":"庆胜东路与富强路交叉口南120米","phone":""},{"name":"萌言潮玩社娱乐馆(百益时代广场店)","address":"民主西路百益时代广场三楼","phone":"电话:18109300921"}]