[{"name":"沙河电竞","address":"人民路与解放路交叉口向西150米路南","phone":""},{"name":"快乐网吧","address":"翟庄中街一巷2号","phone":"电话:0395-3380000"},{"name":"激情电竞网吧","address":"河南省漯河市临颍县新城街道颍青路与文化路口向东150米赛尔商务酒店楼下","phone":"电话:0395-8885000"},{"name":"多乐网吧","address":"井冈山北路盛世春天小区北门","phone":"电话:15603957775"},{"name":"步行者电竞(三店)","address":"鼓楼商业街东路十号楼二楼","phone":""},{"name":"前沿先锋电竞","address":"河南省漯河市舞阳县舞泉镇S220(海南路)","phone":"电话:16691553888"},{"name":"激情电竞(鼓楼店)","address":"漯河市临颍县东大街金佰汇城市广场(鼓楼店)北侧约170米","phone":""},{"name":"星宇电竞","address":"富华·棕榈城","phone":""},{"name":"九隆电竞馆","address":"中山北路汾河上的院子","phone":"电话:17326250369"},{"name":"多兰网吧","address":"淞江路大唐世家2楼2栋56号","phone":""},{"name":"极星电竞馆(和平路店)","address":"河南省漯河市郾城区辽河路与和平路交叉口向北122米","phone":"电话:18236223388"},{"name":"蚂蚁电竞生活馆","address":"梅花山路与汇丰街交叉口东南角","phone":"电话:17335697369"},{"name":"锦鲤电竞","address":"淞江路与解放路交汇处西南角","phone":"电话:15039569768"},{"name":"速畅电竞","address":"赣江路158号","phone":"电话:0395-2675111"},{"name":"金岚电竞(西颐景园店)","address":"淮河路西颐景园北门","phone":"电话:15738383886"},{"name":"星空电竞(燕山南路店)","address":"湘江路与燕山路交叉口万山大厦一楼星空","phone":"电话:16639555536"},{"name":"琦盛网城(淞江美食街店)","address":"太行山路与纬一路交汇处美银置业5号楼1号商铺","phone":"电话:15139571588"},{"name":"小虎牙电竞(中山南路店)","address":"中山路与人民路交叉口向南50米路西","phone":"电话:15518253553"},{"name":"莱乐电竞·台球","address":"人民路与解放路交叉口君悦新世界17楼2区3层","phone":"电话:17337548880"},{"name":"蓝月亮电竞","address":"漯河市郾城区嫩江路淞江芳园南门东侧20米门面房","phone":""},{"name":"纤语电竞馆","address":"秀水河路翟庄亿博翰林汇北门16门面房","phone":"电话:18739558885"},{"name":"鼎硕电竞(八一路店)","address":"交通路八一路交叉口向东150米路南","phone":"电话:17639506577"},{"name":"牵手电竞","address":"人民路与解放路交叉口南100米路东","phone":"电话:17339555222"},{"name":"不凡电竞","address":"漯河市郾城区岷江路三元锦江小区西北侧约40米","phone":""},{"name":"熊猫电竞","address":"漯河市源汇区汉江路与太行山路交叉口3楼整层","phone":"电话:15139522271/16663950118"},{"name":"爱来网吧","address":"福星家园北门西100米路北","phone":""},{"name":"晓溪电竞(丁湾店)","address":"河南省漯河市源汇区大学路93号","phone":"电话:18839560495"},{"name":"卫东网吧(双汇路店)","address":"双汇路199号","phone":"电话:15539501888"},{"name":"天乐网络氧吧","address":"泰山路与建设路交叉口乔兰迪亚旁","phone":"电话:15518211199"},{"name":"漯河市首宿电竞酒店","address":"河南省漯河市郾城区黄河路151号","phone":""},{"name":"华清网络氧吧","address":"五一路香樟花园","phone":""},{"name":"圆鑫网络会所","address":"邙山路73号","phone":""},{"name":"辉煌网吧(金山路店)","address":"金山路76号之14-15室","phone":""},{"name":"新世纪网咖(新天地步行街店)","address":"人民路丹尼斯北门钟楼广场E座2楼正西方向50米","phone":"电话:19939553212"},{"name":"骏马网城(新天地美食街上海特味鸡柳店)","address":"人民路丹尼斯后门千和旁边","phone":"电话:0395-5586506"},{"name":"月亮电竞","address":"漯河市郾城区青河路沙田艺林苑","phone":""},{"name":"海峰电竞","address":"河南省漯河市郾城区辽河路912号","phone":"电话:18203951555"},{"name":"竞自由电竞台球俱乐部(辽河路店)","address":"辽河路135-2号","phone":""},{"name":"云阳网咖","address":"建设环保局住宅小区南区(盛世嘉园东南)","phone":"电话:18939552528"},{"name":"创世纪网咖(长江路店)","address":"长江路与伏牛山路交叉口东100米路北","phone":"电话:13721346799"},{"name":"海翔网吧(老街店)","address":"老街火车站东段新旺角119号","phone":"电话:18739536170"},{"name":"都市电竞","address":"漯河市召陵区解放南路龙胜豪门","phone":""},{"name":"世纪缘网络会所","address":"沙澧工业区曙光医疗器械北区","phone":"电话:15333951234"},{"name":"威仕网络","address":"友爱街新天地中心广场A座","phone":""},{"name":"大黄蜂网咖","address":"水木青城西门旁","phone":"电话:18638753106"},{"name":"语桐电竞24h便利店","address":"中山路与汾河路东南角","phone":""},{"name":"星辰网络会所","address":"阮庄路与环城路交叉口西南260米","phone":""},{"name":"竞飞爱电竞","address":"漯河市召陵区泰丰西巷时代商务酒店北侧","phone":""},{"name":"风夏电竞","address":"河南省漯河市郾城区新食品批发市场饮食街风夏电竞3F","phone":"电话:19949353355"},{"name":"缘情网咖","address":"漯河市召陵区人民路东城明珠小区东北侧约280米","phone":"电话:15839509869"},{"name":"狼伢电竞","address":"市二院向西200米路边","phone":""},{"name":"致青春网咖(天鹅湖店)","address":"井岗山北路天鹅湖底商","phone":"电话:18623950773"},{"name":"名将之风电玩","address":"人民路新天地钟楼广场东","phone":""},{"name":"星河电竞","address":"漯河市召陵区雪城大道与齐都路交叉路口往南约50米","phone":"电话:19639512220"},{"name":"轻语电竞酒店","address":"漯河市郾城区辽河路辽河花园西侧约170米","phone":""},{"name":"21世纪电竞","address":"漯河市郾城区辽河路金华小区(辽河路)东南侧约70米","phone":""},{"name":"极星电竞酒店","address":"和平路与辽河路交叉口北行100米路西","phone":""},{"name":"高杰网络会所","address":"长江路4号附近","phone":"电话:15939575858"},{"name":"狼仔电竞","address":"漯河市源汇区东安街漯河市第二人民医院西侧约140米","phone":""},{"name":"时代电竞(辽河路店)","address":"天泰大厦小区南门旁","phone":""}]