[{"name":"江达艾特电竞酒店","address":"西藏自治区昌都市江达县江达镇G317(江达西路)","phone":""},{"name":"超梦网咖","address":"茶马广场茶马城博物馆隔壁4-5楼","phone":"电话:18080682805"},{"name":"伯爵电竞网咖","address":"昌都市贡觉县德吉西路贡觉县人民医院西南侧约280米","phone":""},{"name":"宜博电竞馆(G317店)","address":"西藏自治区昌都市丁青县G317琼布大道中段","phone":""},{"name":"卡诺电竞","address":"昌都市贡觉县阿嘎南路贡觉县人民医院南侧约100米","phone":""},{"name":"隐柒电竞酒店","address":"昌都市体育路康巴商贸大厦1栋3楼","phone":""},{"name":"八宿县峡谷电竞馆","address":"西藏自治区昌都市八宿县白玛镇G318(沪聂线)","phone":""},{"name":"八爪鱼电竞网咖","address":"马草坝东路118号","phone":""},{"name":"萝卜电竞","address":"昌都市芒康县善妙家园11栋1号、13号","phone":"电话:17889653540"},{"name":"千鸟电竞网咖","address":"昌都市贡觉县阿嘎大街2号、15号","phone":""}]