[{"name":"望潮网吧","address":"蓬街镇高建北路118号二楼","phone":"电话:13918590456"},{"name":"网鱼网咖·电竞(椒江腾达中心店)","address":"东海大道1800号腾达中心A区二楼","phone":"电话:18958590387"},{"name":"通达网咖电竞馆(复元东路店)","address":"复元东路阿波罗酒店对面二楼","phone":"电话:15867669000"},{"name":"星一极网吧","address":"号韶阳邻里中心3幢217、219、220、222、224、226室","phone":"电话:15221070076"},{"name":"网鱼网咖·电竞(台州南官新天地店)","address":"路桥街道南官新天地观澜上城50幢2层201-211室","phone":"电话:18167051503"},{"name":"聚鸿电竞网吧","address":"浙江省台州市温岭市泽国镇泥桥村泽楚路599号3楼","phone":"电话:13750677583"},{"name":"网鱼网咖·电竞(杜桥宝龙广场店)","address":"浙江省台州市临海宝龙广场M1-L4-019/020","phone":"电话:13396861099"},{"name":"临海市相约网吧(鹿城路店)","address":"鹿城路249号2层","phone":"电话:13958588950"},{"name":"电竞蜂网咖(现代天地店)","address":"耀达路步行街天天财富公馆1楼（喔里弟兄酸菜鱼旁）","phone":"电话:15832335072/15867640754"},{"name":"双锦电竞","address":"双林北路48号2楼","phone":"电话:13566469199"},{"name":"星客网咖(枫南店)","address":"枫南路479号金泰华庭二楼","phone":"电话:13736644000"},{"name":"陆零零网吧(椒江店)","address":"景元东路195号二楼","phone":"电话:18957692205"},{"name":"寻游网吧","address":"蓬街区蓬街居农贸市场","phone":"电话:13656586889"},{"name":"电竞蜂网咖(平桥综合大楼店)","address":"学院路平桥综合大楼南幢5楼","phone":"电话:13362652182/15707666214"},{"name":"零度网吧(新安南街店)","address":"泰隆街50-56号(近新安南街)","phone":"电话:13958698777"},{"name":"网虫电竞网咖(悦海城店)","address":"聚英路1300号121、127、129、131、133室","phone":"电话:19957639981"},{"name":"世纪风网吧","address":"葭南小区枧头苑7号","phone":"电话:13291687939"},{"name":"聚象网吧·聚象电竞馆","address":"经中路119-131号椒江区商业街开元广场3层","phone":"电话:15606860001"},{"name":"星空网吧(新前店)","address":"新南路2号二楼(新前加油站对面)","phone":"电话:0576-84357797"},{"name":"晓伟网咖(南南官大道店)","address":"路桥街道南南官大道35弄9号(中国银行路桥支行旁)","phone":"电话:13706565887"},{"name":"文宇网吧(新南路店)","address":"浙江省台州市黄岩区新南路2号","phone":"电话:17706595676"},{"name":"斗鱼网咖(康平路店)","address":"康平路300号2楼东边","phone":"电话:13958698777"},{"name":"魔羯座电竞小站(聚星店)","address":"聚星科创园74幢110号","phone":"电话:13968652757"},{"name":"网虫电竞网咖棋牌(椒江银泰店)","address":"中心大道银泰城2016号（5号门二楼）","phone":"电话:19957639981"},{"name":"四合网咖(路桥中盛广场店)","address":"银座街477号","phone":"电话:18968652299"},{"name":"摩羯座电竞馆","address":"耀江广场3楼","phone":"电话:18906767975"},{"name":"搜寻网咖(君悦华庭店)","address":"桔乡社区东官河路134号君悦华庭门口","phone":"电话:13362643555"},{"name":"通达网咖(吾悦广场店)","address":"大桥路吾悦广场步行街二楼2158号老婆大人楼上","phone":"电话:18057689338"},{"name":"杰拉网咖(台州椒江现代天地店)","address":"耀达路巨鼎联合商厦二楼","phone":"电话:13325765737"},{"name":"魔羯座电竞小站(台州湾东兴店)","address":"浙江省台州市椒江区台州湾新区三甲街道东海大道东段993-5号","phone":"电话:15068622323"},{"name":"杰拉电竞·网咖(小商品城店)","address":"南大路与杜川路交叉口西60米","phone":"电话:18968685623"},{"name":"黑克网咖(天佑城店)","address":"世纪大道378号天佑城二楼","phone":"电话:13106002778/19957619778"},{"name":"我们的电竞馆","address":"恒隆商厦1楼","phone":"电话:15606860001"},{"name":"电竞小站","address":"台州市黄岩区十岙线黄岩农商银行(沙埠支行)东侧约100米","phone":""},{"name":"一洲网咖·精选(引泉路店)","address":"西城街道引泉路237号","phone":"电话:13357698009"},{"name":"摩羯座电竞小站(沃民小区店)","address":"沃民小区","phone":"电话:18968507926"},{"name":"魔羯座电竞小站(鼎诚店)","address":"台州市椒江区滨富路椒江区农村合作银行西北侧约60米","phone":"电话:15068622323"},{"name":"汇轩阁网咖","address":"新屿路15号兰桂坊酒吧隔壁二楼","phone":"电话:17706595676"},{"name":"电竞小站(兆桥店)","address":"兆桥小区10幢1-3室","phone":"电话:15067699944"},{"name":"电竞小站","address":"台州市路桥区永长路西夏御园","phone":""},{"name":"兴发网咖(马铺路店)","address":"马铺路951-957号","phone":"电话:13175888585"},{"name":"楚楚网咖(杜桥店)","address":"祠前路90号五洲家园","phone":"电话:18858651525"},{"name":"黑克网咖","address":"西城街道黄轴路8号(世纪大道乐购超市对面)","phone":"电话:13106002778"},{"name":"一洲网咖·精选(乡村店)","address":"天长南路99号","phone":"电话:18957610666"},{"name":"时空网络会所(黄椒路辅路店)","address":"二环东路383-7号金艺花园","phone":"电话:13706570190"},{"name":"电竞小站(宝石店)","address":"浙江省台州市椒江区洪家街道宝石缝制科技产业园21幢102","phone":"电话:13706768154"},{"name":"杰拉电竞·网咖(路桥中盛城市广场店)","address":"浙江省台州市路桥区街王家路18-8号","phone":"电话:13088636588"},{"name":"电竞小站","address":"台州市路桥区海昌路宜锦公寓东侧约230米","phone":""},{"name":"电竞小站(公园路店)","address":"公园路330号","phone":"电话:13706768154"},{"name":"电竞小站(十高路店)","address":"台州市黄岩区十高路","phone":""},{"name":"杰拉电竞·网咖(台州椒江万达广场店)","address":"浙江省台州市椒江区白云街道云港社区开发大道799号万达广场F2","phone":""},{"name":"九霄电竞(椒江六联店)","address":"浙江省台州市椒江区前所街道六联村31号","phone":"电话:13958595972"},{"name":"鼎尚网咖(轮渡路店)","address":"轮渡路152号(三江超市)","phone":"电话:0576-88112425"},{"name":"摩羯座电竞小站(新来桥小区店)","address":"江口街与永达路交叉口东100米","phone":""},{"name":"壹品鲨网咖(西路桥店)","address":"西路桥大道318号3层","phone":"电话:18067080808"},{"name":"摩羯座电竞小站(新健路店)","address":"椒江区世纪商城新安路(新健路)8号","phone":"电话:13858519031"},{"name":"摩羯座电竞小站(甲北街店)","address":"浙江省台州市椒江区甲北街271号","phone":"电话:4007167016"},{"name":"维特电竞(现代天地店)","address":"耀达路99号现代天地广场F1","phone":"电话:13968605201"},{"name":"电竞小站桥头王店","address":"台州市黄岩区澄江街道桥头王村633号","phone":"电话:18057612222"},{"name":"电竞小站前所店","address":"浙江省台州市椒江区去前所街道利民路139号4幢2号","phone":"电话:13255861555"},{"name":"九盈电玩城(路桥南官店)","address":"南官新天地观澜上城47幢102-123室","phone":""},{"name":"假日网吧(耀达路店)","address":"耀达路新东方商厦一楼","phone":"电话:13819629090"},{"name":"触点网咖","address":"半桥路半洋施129号（超市楼上）","phone":""},{"name":"KabiGame·卡比电玩·PS5·SWITCH(中盛城市广场店)","address":"银座街中盛城市广场1楼星悦街17-19号（斗鳥居酒屋往前70米）","phone":"电话:15605863921"},{"name":"西瓜电动游戏体验馆·PS5·SWITCH·聚会(意得店)","address":"天和路意得广场三楼(扶梯中间)","phone":"电话:18758760072"},{"name":"酷乐联盟电玩城(耀达路步行街店)","address":"白云街道新东方商厦1063号","phone":""},{"name":"摩羯座电竞小站(体育场路店)","address":"浙江省台州市椒江区体育场路(东)","phone":"电话:15068622323"},{"name":"SC潮玩运动世界","address":"腾达路527号吾悦广场3楼Z-301号","phone":"电话:15967792991"},{"name":"电竞小站(黄岩岙岸店)","address":"浙江省台州市黄岩区西城街道松岩路33号","phone":"电话:18057612222"},{"name":"邓肯电竞酒店(路桥大道店)","address":"西路桥大道606号三楼","phone":""},{"name":"台州威尼-TOP电竞酒店(广场南路店)","address":"浙江省台州市椒江区广场南路706号","phone":""},{"name":"阿卡丁电竞酒店(台州万达店)","address":"台州市椒江区开发大道万达广场(台州经开店)","phone":""}]