[{"name":"纤语电竞网吧","address":"中东路788号二楼","phone":""},{"name":"一代网咖嘉年华电竞馆","address":"浙江省丽水市龙泉市华楼街华新楼2楼201室","phone":"电话:13905785376"},{"name":"宜博电竞馆(永宁路店)","address":"同心华亭1区永宁路16-28号","phone":"电话:0578-3310666"},{"name":"金正网吧(中共松阳县直属机关工作委员会西)","address":"江南豪园2幢1617室","phone":"电话:18767899258"},{"name":"江泰网咖(江泰国际广场店)","address":"成大街199号江泰国际广场F3层","phone":"电话:19941280060"},{"name":"极速98k网咖(紫金路店)","address":"紫金路302号","phone":"电话:15325131815"},{"name":"咆哮电竞馆","address":"桥亭路20号4栋201室(秀山小区商业街)","phone":"电话:15215748389"},{"name":"天翔网吧","address":"文丽二路127号","phone":"电话:18870418347"},{"name":"一网情深网吧","address":"西屏镇长松路280号","phone":"电话:18705789899"},{"name":"杰拉电竞馆(花园路店)","address":"花园路562-572号","phone":"电话:15306784897"},{"name":"杰拉电竞馆(花园路店)","address":"花园路562-572号","phone":"电话:15306784897"},{"name":"杰拉电竞(万地广场店)","address":"丽水市莲都区宇雷北路116号","phone":"电话:18966438957"},{"name":"傲游电竞(丽水旗舰店)","address":"浙江省丽水市莲都区万象街道丽阳街459号-2号(二层)东起1-3间","phone":"电话:13306784589"},{"name":"H电竞(金汇广场店)","address":"解放街198号二层1号B005号","phone":"电话:18967066265"},{"name":"杰拉网咖(时代休闲店)","address":"中山街263号2层","phone":"电话:15988061932"},{"name":"傲游电竞(垟店路店)","address":"南明山街道垟店路21号25号","phone":"电话:18157880478"},{"name":"丽水市杰盟电竞","address":"丽水市莲都区云景路68号二楼","phone":"电话:13356107560/18967065871"},{"name":"趣尚网络(丽水店)","address":"成大街223号趣尚网咖","phone":"电话:15215778889"},{"name":"杰拉网咖(秀山圣使店)","address":"南明山街道万州启苑2幢一层1-3号","phone":"电话:17306878737"},{"name":"动漫电玩城","address":"丽水市莲都区联城路天金·碧水佳苑东侧约150米","phone":""},{"name":"欢乐城(万地广场店)","address":"万地广场三楼","phone":"电话:0578-2173788"},{"name":"MT乐玩(华夏大厦店)","address":"宇雷路472号","phone":"电话:13362089125"},{"name":"无聊星游戏(丽水银泰城花园路店)","address":"花园路与卢镗街交叉路口东南角丽水银泰城B1","phone":""},{"name":"云逸宝摇杆游戏机(丽水万地国际际影城丽水店)","address":"丽水市花园路16号万地影城内大厅前台旁","phone":""},{"name":"云顶巅峰电竞酒店","address":"万丰北路73-79号","phone":""},{"name":"超级麦芽(丽水银泰城店)","address":"花园路银泰城B1095号","phone":""},{"name":"壹加壹E+e(万地广场店)","address":"花园路万地广场B1层（大润发入口）","phone":"电话:15168038185"}]