[{"name":"战霆电竞网咖","address":"解放路29号","phone":"电话:17786266730"},{"name":"大咖电竞网吧","address":"乌龙巷神农大剧院东南200-8号","phone":"电话:19171730537"},{"name":"顶流电竞网吧","address":"经济开发区波导大道金泰国际10栋127号","phone":"电话:17771760788"},{"name":"电竞网咖","address":"随州市曾都区青年路齐星花园","phone":""},{"name":"次元电竞","address":"湖北省随州市曾都区汉东路42号","phone":"电话:0722-3810788"},{"name":"鑫浪电竞馆·商务房","address":"神农大道与烈山湖东路交叉口北200米","phone":"电话:15335786097"},{"name":"飞牛电竞馆(香江店)","address":"迎宾大道与交通大道交叉口西南140米","phone":"电话:13377816000/19972217776"},{"name":"文涛网咖","address":"水城大道5楼","phone":""},{"name":"星火电竞酒店网咖","address":"秋月国际二楼","phone":""},{"name":"e路阳光网咖","address":"聚玉街158号","phone":"电话:13971797878"},{"name":"摩非电竞茶室(海盗船店)","address":"舜井大道香港街铜锣湾楼","phone":"电话:15387299658"},{"name":"随州市飞牛电竞馆(吾悦店)","address":"北郊街道交通大道430号（吾悦广场2号门对面）","phone":"电话:19972207775"},{"name":"喵啪电竞馆","address":"南郊转盘瓜园一组","phone":"电话:18672282299"},{"name":"奇迹星空电竞馆(吾悦店)","address":"交通大道吾悦广场乐都印巷步行街S3-126","phone":"电话:15271125666"},{"name":"欧皇电竞网咖","address":"清河路中段新中百超市旁边（汇弘佳苑）","phone":"电话:15572208666"},{"name":"潮玩电竞(东方豪庭店)","address":"季梁大道与青年路交叉口东80米","phone":"电话:18672200863"},{"name":"小虫电竞馆(文峰街店)","address":"香江商贸中心温州一街42号","phone":"电话:18008665088"},{"name":"战神电竞馆","address":"沿河大道128号","phone":"电话:18672276668"},{"name":"花中花电竞","address":"舜井大道187号鹿鹤市场水果批发市场附近","phone":""},{"name":"鑫达电竞馆(万达店)","address":"神农大道与编钟大道交叉口东北侧万达金街A205-1号商铺","phone":"电话:18672271000"},{"name":"鑫峰电竞馆","address":"长盛大厦","phone":""},{"name":"嘿虎电竞网咖","address":"随州市曾都区高新区新城大自然北门门面一层122、123号","phone":""},{"name":"星妤电竞馆","address":"交通大道青岛啤酒厂对面","phone":"电话:15997887300"},{"name":"御山墅电竞馆","address":"御山墅18号4层2楼","phone":"电话:15572224486"},{"name":"随城IG电竞网咖","address":"新万基现代城中门6栋1001室","phone":"电话:13377814846"},{"name":"剑侠情缘网吧","address":"经济开发区十里铺村八组","phone":"电话:13986443963"},{"name":"朋克电竞馆","address":"湖北省随州市曾都区交通大道k7号","phone":"电话:15871232609"},{"name":"蓝海电竞馆(青年路店)","address":"青年路小北街2号","phone":"电话:13409647826"},{"name":"金城网吧(沿河大道店)","address":"沿河大道187-9号","phone":"电话:13872883589"},{"name":"v5竞技网咖","address":"北郊街道清河路15-2号","phone":"电话:13997877300/16671288001"},{"name":"穿越网咖(凯旋宾馆店)","address":"青年路齐星花园南大门斜对面","phone":"电话:13409668148"},{"name":"祥龙电竞馆","address":"随州市曾都区白云大道丽景苑","phone":""},{"name":"乐宝贝家庭娱乐中心(万达店)","address":"万达广场F2层","phone":""},{"name":"快乐玩家(随州水西门店)","address":"西城街道解放路水西门新世纪购物中心二店四楼(中商百货四楼)","phone":"电话:15997874443"},{"name":"摩非电竞茶室(曾都医院店)","address":"烈山大道曾都医院对面","phone":"电话:0722-7166933"},{"name":"金粮电竞网咖","address":"冷家东巷工会公寓1楼","phone":"电话:15972772427"},{"name":"火狐电竞馆","address":"随州市曾都区桃园路淅河中心幼儿园北侧约230米","phone":""},{"name":"5电竞馆","address":"随州市曾都区五眼桥街清河庭园","phone":""},{"name":"兄弟情网咖","address":"上城明珠小区4号楼","phone":"电话:18771357898"},{"name":"欢乐天地游乐城·亲子游乐·娃娃机(美岁天地商场店)","address":"东城街道美岁天地商场3楼(中影数字影城旁)","phone":""},{"name":"紫龙连锁网咖(火狐店)","address":"桃园居委会","phone":"电话:13886879577"},{"name":"M电竞","address":"随州市曾都区小南门街富安小区东侧约30米","phone":""},{"name":"一路向东网咖","address":"湖北省随州市曾都区舜井大道260号1号楼2层","phone":"电话:0722-3301668"},{"name":"飞鸟电竞网咖","address":"随州市曾都区新城路平安小区东北侧约170米","phone":"电话:15826789160"},{"name":"天空之城游乐体验世界(吾悦广场店)","address":"北郊街道明珠路新城吾悦广场二楼","phone":""},{"name":"多米电竞酒店","address":"随州市隆泰步行街隆泰中心楼1栋1单元2层","phone":""},{"name":"领航电竞馆","address":"随州市曾都区清河路左岸星城","phone":""},{"name":"阿木木电竞馆","address":"湖北省随州市曾都区青年路81号","phone":"电话:15271357030"},{"name":"IGFPS电竞旗舰店","address":"湖北省随州市曾都区青年路齐星花园9号楼号","phone":"电话:13227222310/13377814846"},{"name":"三人行电竞馆(海翼美岁天地店)","address":"随州市曾都区迎宾大道海翼·汉东至尊海翼美岁天地F1","phone":""}]