[{"name":"Solo网咖(开发区店)","address":"商贸中心A2栋25-26号","phone":"电话:17756318070"},{"name":"半糖网咖","address":"商贸城步行街二期B区一号楼14、15-16-17号","phone":"电话:15956286565"},{"name":"深蓝网咖(荆汤路店)","address":"经济开发区商贸中心1号地A3幢1-14、15号营业房","phone":""},{"name":"紫月亮网咖(东风路店)","address":"东风路大华市场E幢","phone":"电话:17756305558"},{"name":"国联电竞(国联网咖银桥湾店)","address":"水阳江南大道银桥湾小区北门3幢15-16号","phone":"电话:13905635573"},{"name":"俊龙网吧(万隆苑店)","address":"中山南路116号","phone":"电话:13355636566"},{"name":"国联网咖","address":"国鑫世纪新城东大门斜对面","phone":"电话:0563-2622026/18119903757"},{"name":"凯旋电竞","address":"安徽省宣城市宣州区中山西路和敬亭路交叉口3F","phone":"电话:13013131906"},{"name":"悠米电竞酒店(宣城市人民医院宣城站店)","address":"安徽省宣城市宣州区澄江街道昭亭北路22号","phone":""},{"name":"金可鑫电竞酒店","address":"安徽省宣城市宣州区鳌峰东路99号","phone":""},{"name":"竞客网咖","address":"玉山路贝林和苑14-01竞客网咖","phone":"电话:19956388828"},{"name":"德玛西亚电竞","address":"宣城市茂盛锦苑S1-3F","phone":""},{"name":"塔姆电竞网咖","address":"双塔路145号","phone":"电话:18656310787"},{"name":"她来他网网咖(开达店)","address":"安徽省宣城市宣州区开达名城E32","phone":"电话:15555229600"},{"name":"杰拉电竞馆(宣城万达广场店)","address":"景德路万达广场2F-B-A(麦当劳正楼上）","phone":"电话:18365317077"},{"name":"星座电竞酒店(宣城高铁站店)","address":"宣城市宣州区龙川路与建材路交叉口东南角银通国际广场F2","phone":""},{"name":"悠米电竞酒店(宣城市人民医院宣城站店)","address":"安徽省宣城市宣州区澄江街道昭亭北路22号","phone":""},{"name":"金可鑫电竞酒店","address":"安徽省宣城市宣州区鳌峰东路99号","phone":""},{"name":"柄逐夜游主机游戏俱乐部","address":"叠嶂中路瑞锦公寓三单元右侧","phone":"电话:18726845966"},{"name":"大玩家(宣城万达店)","address":"水阳江西大道万达广场2楼2F-A号","phone":"电话:0563-2829117"},{"name":"电竞棋牌","address":"宣城市宣州区五里桥路碧桂园公园壹号北侧约40米","phone":""},{"name":"嗨玩电竞(火车站店)","address":"安徽省宣城市宣州区建材路前城上东郡20幢4-2号","phone":"电话:0563-3133999"},{"name":"白云电竞酒店(宣城高铁站梅溪公园店)","address":"安徽省宣城市宣州区梅溪路77号","phone":""},{"name":"新兵电竞馆","address":"景德路与梅园路交叉口西南180米","phone":""},{"name":"嘿鹿鹿乐园","address":"叠嶂西路68号国购广场(宣城店)F1八佰伴B1层","phone":"电话:13305636338"},{"name":"吉宝潮流电玩城","address":"宣城市宣州区昭亭南路宣城亚夏汽车城","phone":""},{"name":"电影酒店星座电竞(银通国际广场店)","address":"宣城市宣州区龙川路与建材路交叉口东南角银通国际广场F1","phone":""},{"name":"酷卡贝家庭娱乐中心(星隆国际广场店)","address":"星隆国际广场二楼","phone":"电话:0563-2820292"}]