[{"name":"皇朝电竞","address":"云南省昭通市威信县后街6号","phone":""},{"name":"巅峰电竞(省耕店)","address":"金鹰大道与文欣路交叉口西南180米","phone":"电话:18008708859"},{"name":"天宇电竞网吧","address":"街心花园得廷财富广场D栋1层","phone":"电话:15094297587"},{"name":"魔方电竞网吧","address":"祥和佳园小区S1-401","phone":"电话:13648701390"},{"name":"云水网吧","address":"池兴路50号","phone":"电话:15391456307"},{"name":"艾朴电竞网咖(珠泉路分店)","address":"朱泉路19号","phone":""},{"name":"联众网咖(开元盛世商业广场店)","address":"南台街道开元盛世3栋二楼","phone":"电话:15126619949"},{"name":"光速电竞(吾悦广场店)","address":"左岸印象二楼","phone":""},{"name":"镇雄安悦电竞酒店","address":"旧府街道办事处电商物流产业园4栋4楼（原复烤厂）","phone":""},{"name":"龙城网咖(振兴大道店)","address":"振兴大街金溪广场2层","phone":"电话:0870-4124111/13608703869"},{"name":"拓峰网吧","address":"昭通大道发达广场","phone":""},{"name":"睿动电竞","address":"海楼路福海公寓A座3楼","phone":""},{"name":"K11电竞中心","address":"凤凰街道吾悦广场(昭通店)","phone":"电话:15125322666"},{"name":"幻影电竞(国学路店)","address":"合景广场(昭通里美食街)8栋一层107号","phone":""},{"name":"优普电竞馆(吾悦广场店)","address":"吾悦广场左岸印象","phone":""},{"name":"蓝钻电竞(永福连锁)","address":"云南省昭通市昭阳区枫园小区内","phone":"电话:18887066888"},{"name":"地球村电竞(青年路店)","address":"云南省昭通市昭阳区青年路190号华南大厦3楼","phone":""},{"name":"巅峰电竞(金融店)","address":"金融中心三楼","phone":""},{"name":"动感电竞(金融中心店)","address":"海楼路41号","phone":""},{"name":"蓝戟电竞酒店","address":"昭通市太平街道东煤路24号附31号","phone":""},{"name":"欢乐岛主题乐园","address":"凤凰街道凤霞路望海湖金色外滩2-7-2号(凤凰山脚对面)","phone":""},{"name":"光点电竞","address":"昭通市昭阳区国学路发达广场西北侧约250米","phone":"电话:19187641113"},{"name":"KK电竞","address":"昭通市昭阳区昭通大道发达广场西北侧约180米","phone":"电话:15287005758/15894253451"},{"name":"艾朴电竞网咖","address":"北顺城街118号","phone":""},{"name":"滔搏电竞馆","address":"昭通市建设南街26号附2号俯镇门","phone":""},{"name":"摩臣网咖(凤霞路店)","address":"凤霞路南生香小吃正对面","phone":"电话:15126676140"},{"name":"梦玩游艺游戏馆","address":"陡街与南顺城交叉口三楼3-（10-16）","phone":"电话:14787070010"},{"name":"咔漫1号","address":"省耕山水洲豪酒店隔壁","phone":""},{"name":"零创电竞网咖(宏发金都C栋店)","address":"云南省昭通市昭阳区宏发金都C栋三楼301号","phone":""},{"name":"游趣游戏小屋","address":"南苑街192号附3号3层","phone":"电话:17343629315/18487647698"},{"name":"梦奇游艺城","address":"昭通市红路馨居同乐社区A区商业街区一楼","phone":"电话:13638834351"},{"name":"艾林电竞网咖(珠泉路分店)","address":"昭通市昭阳区珠泉路枫园小区西南侧约240米","phone":""},{"name":"天空星城","address":"云南省昭通市昭阳区中国昭通大道与国学路交汇处合景广场3楼","phone":"电话:15012279611"}]