[{"name":"梦想电子竞技馆-爱三店","address":"200台湾基隆市仁愛區愛三路57號6樓","phone":""},{"name":"梦想电子竞技馆-爱三店","address":"200台湾基隆市仁愛區愛三路57號6樓","phone":""},{"name":"梦想电子竞技馆(安乐店)","address":"台湾省基隆市安乐区安和一街2巷24号","phone":""},{"name":"梦想电子竞技馆(七堵店)","address":"台湾省基隆市七堵区明德一路210号","phone":""},{"name":"吉祥撞球网路馆","address":"台湾省基隆仁爱区爱三路87号","phone":""}]