[{"name":"战地电竞","address":"金汇兰庭长寿路729号","phone":"电话:18979872201"},{"name":"金色航母电竞","address":"江西省景德镇市乐平市凤凰大道22号","phone":""},{"name":"豪景电竞网咖","address":"乐平大道10号附近","phone":"电话:19198361912"},{"name":"E世界电竞馆","address":"江西省景德镇市乐平市洎阳北路顺达小区8号楼","phone":""},{"name":"我在网咖","address":"春华路与洎阳北路交叉口西南方向50米","phone":"电话:19979800209"},{"name":"清风电竞网吧","address":"景德镇市乐平市S411","phone":""},{"name":"绿巨人电竞启航店(昌南大道店)","address":"昌南大道城市名都1栋2楼","phone":""},{"name":"云端网吧","address":"杨柳巷49号","phone":"电话:18007986327"},{"name":"跨越网吧","address":"朝阳路800号","phone":""},{"name":"冰雨网咖(新厂店)","address":"新厂街道新厂西路253号(华润万家超市对面)","phone":"电话:07988441316/19070877011"},{"name":"隆城电竞馆(江西景德镇宝龙广场店)","address":"宝龙广场M1-L3-027号商铺","phone":"电话:17307988516"},{"name":"堂口电竞(金和汇景广场店)","address":"广场南路95金和汇景二楼","phone":"电话:19070887651"},{"name":"考拉电竞","address":"江西省景德镇市珠山区红店街1号楼3楼11号","phone":"电话:13319371802"},{"name":"绿巨人电竞(浮梁店)","address":"宝鼎盛世二楼绿巨人电竞隔壁","phone":""},{"name":"神秘熊电竞","address":"江西省景德镇市浮梁县滨湖名都9栋218室(99购物广场2楼)","phone":"电话:13207082441"},{"name":"鸿发网吧(罗家桥路店)","address":"洪源商贸街210号鸿发网吧二楼台球俱乐部","phone":""},{"name":"银河电竞(昌江大道店)","address":"江西省景德镇市珠山区昌江大道尚东国际北一区7号楼c2层13-14号店","phone":""},{"name":"冰海网咖","address":"迎宾大道西客站永盛大酒店2楼","phone":"电话:13367988751"},{"name":"HiTime电玩城(九集店)","address":"九集小镇项目4-05","phone":""},{"name":"冰雨电竞(古镇天御店)","address":"昌江大道与青塘路交叉口北50米","phone":"电话:0798-8276066/18179888257"},{"name":"壹加壹潮玩(浮梁店)","address":"新昌北路宝鼎盛世一楼大润发超市收银台对面","phone":"电话:13684858815"},{"name":"冰雨网咖(浙江路店)","address":"浙江路拉芳舍斜对面（近38路公交终点站）","phone":"电话:0798-8532277"},{"name":"青鸟电竞","address":"景德镇市昌江区古城路高新分园东南侧约190米","phone":""},{"name":"风口电竞生活馆","address":"景德镇市珠山区广场南路皇冠公寓西侧约30米","phone":""},{"name":"考拉电竞(渔人店)","address":"中山南路与戴家弄交叉口东北20米","phone":""},{"name":"海阔天空网城","address":"民福路建设局(朝阳医院附近)","phone":"电话:13807980003"},{"name":"景德镇新开创网吧","address":"瓷都大道88号海慧花园34栋一层及201室","phone":"电话:0798-8521234"},{"name":"友趣派对·团建·桌游·影咖(九集小镇店)","address":"九集小镇项目3-2-1-1号","phone":""},{"name":"闲来无事解压馆","address":"新村西路105号","phone":"电话:18507988787"},{"name":"乐酷动漫游戏主题乐园(金鼎店)","address":"广场南路金鼎商业广场1楼","phone":"电话:0798-8210408"},{"name":"考拉电竞(昌源店)","address":"新村花园","phone":"电话:13101468736"},{"name":"陋室电竞酒店","address":"江西省景德镇市浮梁县浮梁大道甲第8栋2号陶文旅陶府甲第","phone":""},{"name":"畅游网吧","address":"景德镇市珠山区通站路假日广场","phone":"电话:13361781220/18607988807"},{"name":"叁千世界沉浸式剧本体验馆(长虹金域店)","address":"新厂东路长虹金域中央S1-20","phone":"电话:19198363874"},{"name":"宝鼎动漫城·游戏机·娃娃机·淘气堡(浮梁店)","address":"新昌北路宝鼎盛世小区1栋03号三楼","phone":""},{"name":"考拉电竞·开创世纪店(开创世纪店)","address":"瓷都大道88号海慧花园34栋一层及201室","phone":""},{"name":"童爵士游乐园(景德镇宝龙广场店)","address":"吕蒙乡纬二路与经二路交叉口宝龙广场3-19号","phone":""},{"name":"缤纷幻想电玩城","address":"金和汇景一楼","phone":""},{"name":"星空棋牌室(玲珑路店)","address":"天宇绿源C2区14-17号复试楼祥和大药房对面","phone":"电话:15870068475"},{"name":"叶林户外卡丁车","address":"陶阳路东方明珠10栋3单元506复式","phone":"电话:18370082308"}]