[{"name":"西子电竞","address":"浙江省杭州市萧山区南虹路225号","phone":"电话:15657158359"},{"name":"畅游电竞","address":"凤川街道洋洲停车场二楼","phone":""},{"name":"黑森林电竞","address":"通惠中路金马快乐城4楼","phone":""},{"name":"无极电竞","address":"浙江省杭州市上城区机场路200号","phone":"电话:19311512921"},{"name":"鸿羽电竞","address":"朝晖路23-25号","phone":"电话:13588107718"},{"name":"无极电竞","address":"良渚街道良渚好运路165号","phone":"电话:19521656640"},{"name":"无畏电竞(九堡店)","address":"浙江省杭州市上城区九堡街道杭乔路205号君合商务楼二楼","phone":"电话:17630956034/18375508844"},{"name":"大神DSWK电竞(乔司店)","address":"城隍中路1号","phone":"电话:13758134559"},{"name":"酷迪电竞","address":"文教北路923号","phone":"电话:13760375037"},{"name":"巨无霸电竞(绿汀路店)","address":"绿汀路5号2楼","phone":"电话:13857151723"},{"name":"捷客之约电竞·网咖(未来科技城店)","address":"时代未来之城万达广场2楼227室","phone":"电话:17357188502"},{"name":"凡尔电竞(德珠店)","address":"浙江省杭州市上城区丁兰街道德珠商务中心","phone":"电话:15868414197"},{"name":"大神DSWK电竞(大咖店)","address":"乔司街道南街44号201室","phone":"电话:18969937296"},{"name":"网鱼电竞(杭州西湖天目里店)","address":"区,古莲街紫创商务中心地下商业街负一楼6室","phone":"电话:13023699187"},{"name":"萝卜电竞(文泽和达城店)","address":"文泽和达城负一楼b117（KFC楼下）","phone":"电话:15700062213"},{"name":"三羊电竞","address":"市心南路179号经贸大厦1-2层","phone":"电话:19558138382"},{"name":"网鱼网咖·电竞(同协地铁站店)","address":"康华路225号华丰时代城2幢301-302室（广目华创中心）","phone":"电话:18067978751"},{"name":"网鱼网咖·电竞(滨江星耀城店)","address":"西兴街道江陵路1916号兴祺大厦201-3室","phone":"电话:13082835599"},{"name":"网鱼网咖·电竞(杭州庆春店)","address":"庆春路66号2楼","phone":"电话:13105789886"},{"name":"七鱼电竞馆","address":"余杭塘路2821号","phone":"电话:17785219469"},{"name":"大神DSWK电竞(龙湖国芳天街店)","address":"九沙大道与金堡街交叉口东南角三楼","phone":"电话:18057138218"},{"name":"蔻蔻电竞","address":"振宁路28号","phone":"电话:15888870411"},{"name":"凡尔电竞(西田城店)","address":"浙江省杭州市余杭区金家渡路145号2楼","phone":"电话:19357251762"},{"name":"TP电竞(杭行路店)","address":"浙江省杭州市余杭区良渚街道杭行路1025号124商铺一楼","phone":"电话:13732220119"},{"name":"创益电竞","address":"下车路38号","phone":"电话:19564198852"},{"name":"柒度电竞馆(滨江银泰店)","address":"西兴街道迎春小区北苑19号(滨和路地铁站D口步行480米)","phone":"电话:15695536789"},{"name":"杰拉电竞·网咖(通惠中路店)","address":"浙江省杭州市萧山区城厢街道通惠中路贵创广场2楼","phone":"电话:18106507041"},{"name":"烽火电竞馆(兰凌店)","address":"九堡家苑三区10排10-13号二楼三楼","phone":"电话:17785219469"},{"name":"剑青电竞","address":"胜稼红星嘉园一区6-6号二楼","phone":""},{"name":"极速金钻电竞馆","address":"学源街1158-1号文创大厦3层303室","phone":"电话:19548143797"},{"name":"网鱼网咖·电竞(新街地铁站店)","address":"永和之星名座东北门西70米","phone":"电话:18967150345"},{"name":"柒度电竞馆(星海路店)","address":"崇贤街道星海路70-72号","phone":"电话:19357198718"},{"name":"网鱼网咖·电竞(西投银泰店)","address":"转塘街道枫桦西路9号L5016商铺","phone":"电话:13575721603"},{"name":"极速金钻电竞馆","address":"25号大街509号15幢108,109商铺","phone":"电话:19548165331"},{"name":"烽火电竞馆(图鹿店)","address":"湖州街379号","phone":"电话:18730871590"},{"name":"网鱼网咖·电竞(杭州拱墅运河天地店)","address":"小河路699号","phone":"电话:19157632207"},{"name":"杰拉电竞·网咖(振兴西路店)","address":"振兴西路62-72号二楼","phone":"电话:18268348388"},{"name":"电竞蜂网咖(星光城店)","address":"古翠路星光城1号门2楼(BODYVERB跑酷训练旁)","phone":"电话:18667169268"},{"name":"电竞蜂网咖(解百店)","address":"浙江省杭州市上城区解放路251号杭州解百F2","phone":"电话:19705074223"},{"name":"巅峰电竞(丰元国际店)","address":"浙江省杭州市拱墅区丰潭路430号丰元国际大厦3幢102室-8(二楼)","phone":"电话:19550268581"},{"name":"网鱼网咖·电竞(萧山朝阳地铁站店)","address":"蜀山街道同进韵动城7幢2层-2F-2","phone":"电话:13362176092"},{"name":"E3电竞(伟梁店)","address":"杭州市萧山区瓜港西路临港农贸市场(瓜港西路)南侧约140米","phone":"电话:18170963735"},{"name":"提莫电竞(滨江店)","address":"三秋路16号","phone":""},{"name":"网鱼网咖·电竞(杭州国泰方兴大厦店)","address":"新塘街道国泰方兴大厦204-205","phone":"电话:13040137085"},{"name":"电竞蜂网咖(天虹店)","address":"新塘路108号杭州天虹购物广场A座4层405","phone":"电话:15557140855"},{"name":"绿树电竞馆(吾角天街店)","address":"金沙大道30号龙湖杭州吾角天街F3","phone":"电话:13047657918"},{"name":"烽火电竞馆(杭州朝晖路店)","address":"杭州市朝晖路209-1号","phone":"电话:19700781715"},{"name":"浪克电竞(万达广场拱墅店)","address":"浙江省杭州市拱墅区万达商业中心1幢二楼157~159号","phone":"电话:13175115080"},{"name":"酷影电竞","address":"浙江省杭州市余杭区良渚街道七贤山居综合楼37号2楼","phone":"电话:13456997088"},{"name":"杰拉网咖(萧山枫香路店)","address":"新街街道建设四路4896号二楼","phone":"电话:18758559148"},{"name":"网鱼网咖·电竞(金色钱塘店)","address":"金色钱塘北区西南门14-1二层","phone":"电话:13306717792"},{"name":"杰拉网咖(仁和云会店)","address":"杭州市仁和街道金鼎华庭11幢105-106室","phone":""},{"name":"杰拉网咖(文一路店)","address":"崇义路72号二楼","phone":""},{"name":"网鱼网咖·电竞(杭州东站万象汇店)","address":"和兴路东站万象汇L2层L213商铺(近火车东站东广场地铁6号线J口)","phone":"电话:17280788227"},{"name":"网鱼网咖·电竞(杭州三花国际店)","address":"明月桥路198号三花国际大厦负一层B-3(地铁1、4号线地铁A口)","phone":"电话:19906518399"},{"name":"网鱼网咖·电竞(杭州萧山奥体中心店)","address":"杭州市萧山区嘉润公馆6号楼A入口301室","phone":"电话:0571-83813518"},{"name":"网鱼网咖·电竞(杭州西湖文三西路店)","address":"文三西路191号201室、202室","phone":"电话:15355474188"},{"name":"豆豆网咖(高沙店)","address":"文渊路177号高沙商业街","phone":"电话:0571-86726299"},{"name":"网鱼网咖·电竞(杭州西湖星光城店)","address":"文三路500号星光城D座星巴克旁","phone":"电话:18157151880"},{"name":"网鱼网咖·电竞(滨江中赢国际生活广场店)","address":"长河街道滨河路998号中赢国际生活广场2号楼5楼","phone":"电话:15168461241"},{"name":"网鱼网咖·电竞(杭州上城河坊街店)","address":"高银街10号(近河坊街)","phone":"电话:0571-87804655/13735724862"},{"name":"杰拉电竞·网咖(解放路店)","address":"浙江省杭州市上城区皮市巷6号(全家超市隔壁)","phone":"电话:0571-85399865/18268008951"},{"name":"GDJ电竞(城西银泰店)","address":"拱苑路87号（乐刻健身）","phone":"电话:18158505254"},{"name":"美政电竞(复兴路店)","address":"复兴路183-185号","phone":"电话:17767179625"},{"name":"网鱼网咖·电竞(杭州七彩小镇店)","address":"浙江省杭州市萧山区新友路七彩城1幢102室","phone":"电话:17767259433"},{"name":"小盈电竞(下沙店)","address":"下沙街道高沙路147号2楼（高沙路地铁站C2口步行310米）","phone":"电话:18368071981"},{"name":"逗鱼电竞","address":"石桥街道兴业街27号2楼202","phone":""},{"name":"聚奇电竞","address":"笕丁路235号","phone":"电话:18767889661"},{"name":"屁屁猫电竞网咖(杭师大店)","address":"向往街368号乐时城生活广场2楼","phone":"电话:19032231220"},{"name":"大神DSWK电竞(万达广场店)","address":"万达广场b区四楼b-421-424","phone":"电话:13396577838"},{"name":"假日电竞","address":"建国南路10号","phone":"电话:18158442636"},{"name":"木木电竞(滨江店)","address":"固陵路64号西兴楼2幢3层303室","phone":""},{"name":"网鱼网咖·电竞(杭州东新园地铁站店)","address":"香积寺路40-1号","phone":"电话:18069891519"},{"name":"网鱼网咖·电竞(杭州新兴路店)","address":"建设四路2765号","phone":"电话:18906710358"},{"name":"电竞蜂网咖(远洋乐堤港店)","address":"浙江省杭州市拱墅区小河街道乐堤汇商业中心425室A座4楼","phone":"电话:15067132644"},{"name":"电竞蜂网咖(金地广场店)","address":"良渚街道金地广场5楼电竞蜂（智能零舞对面）","phone":"电话:13116711705/15980501648"},{"name":"小马电竞","address":"浙江省杭州市拱墅区大关街道香积寺路225号","phone":""},{"name":"极易电竞(华丰店)","address":"华丰社区商业综合楼五常大道618-2号","phone":"电话:18989876858"},{"name":"网鱼网咖·电竞(杭州河庄地铁站店)","address":"河庄街道永丰路560号希宾乐潮城2-6室","phone":"电话:19032207006"},{"name":"大山电竞馆","address":"盛奥铭座11-10商铺2楼","phone":"电话:13606710845"},{"name":"凡尔电竞(庆隆店)","address":"杭州市余杭塘路178号","phone":""},{"name":"凡尔电竞(大华海派风景店)","address":"浙江省杭州市余杭区金昌路大华海派风景14幢10室二楼","phone":"电话:19157782865"},{"name":"网鱼网咖·电竞(杭州江干九堡店)","address":"九华路1号11幢2楼202商铺","phone":"电话:19032220315"},{"name":"无极电竞(高教路旗舰店)","address":"高教路179-1号(溪上汇酒店西侧约50米)","phone":"电话:17767192496"},{"name":"四合电竞","address":"仙塘西街26-32号二楼","phone":"电话:17326083875"},{"name":"腾讯电竞体验馆(杭州零诚网吧有限公司)","address":"人民大道523号二楼","phone":"电话:15395819066"},{"name":"柯基电竞(全麦大厦店)","address":"古墩路1335号全麦大厦2楼","phone":"电话:19357666102"},{"name":"树懒电竞","address":"浙江省杭州市萧山区南阳街道大诚纪名府","phone":""},{"name":"王者电竞馆(临平店)","address":"东湖街道星光街1153-2号2楼","phone":"电话:18257108186/19817713833"},{"name":"天涯电竞(宏昌路)","address":"杭州市临平区五星村泥桥自然村69号","phone":"电话:18658127338"},{"name":"九边电竞","address":"浙江省杭州市西湖区文二路202号二层202室","phone":""},{"name":"网鱼网咖·电竞(杭州朝晖店)","address":"朝晖街道朝晖路211号","phone":"电话:19157602833"},{"name":"海蓝国际电竞数娱中心","address":"康宁街80号电竞数娱小镇E座501","phone":"电话:0571-28003888"},{"name":"鑫诚电竞馆","address":"杭州市临平区星灿街66号二层201号、204号","phone":"电话:13588205222"},{"name":"无畏电竞(欢乐城店)","address":"欢乐城尚峰轩6号楼2楼248室","phone":"电话:18705552962"},{"name":"烽火电竞","address":"杭州市上城区笕丁路横塘六区-南区东侧约30米","phone":""},{"name":"网鱼网咖·电竞(杭州景芳地铁站店)","address":"凤起东路358号-3层","phone":"电话:18267118919"},{"name":"网鱼网咖·电竞(杭州新天地店)","address":"石桥街道长浜路988号G193生活购物中心F1层","phone":"电话:18814868381"},{"name":"未来电竞","address":"杭州市萧山区五萧线五联村玉龙公园西北侧约70米","phone":"电话:18057197772"},{"name":"网鱼网咖·电竞(桃花湖地铁站店)","address":"赵家浜路78号远创智汇中心4幢1层110、113室","phone":"电话:18768488797"},{"name":"网鱼网咖·电竞(杭州上亿广场店)","address":"上亿广场4楼415室网鱼电竞","phone":"电话:18058725060"},{"name":"焱乐电竞","address":"东洲街道江色星座1号204室","phone":""},{"name":"家佳网吧","address":"朝晖路209-1号","phone":"电话:19700781715"},{"name":"网鱼网咖·电竞(滨江宝龙城店)","address":"杭州市滨江区滨盛路3867号杭州滨江宝龙城F2","phone":"电话:18966152533"},{"name":"闲人网吧","address":"运河镇湖潭路456号","phone":"电话:13666660671"},{"name":"麦稞网吧","address":"学林街1739号松合时代商城4号楼1单元2层","phone":"电话:0571-86915227/13989835273"},{"name":"华刚网吧","address":"东冠路436号东冠农贸市场2层","phone":"电话:18067924350"},{"name":"可乐网咖","address":"木桥浜路21号1楼105室","phone":"电话:15381091392"},{"name":"全发网吧","address":"环城东路22-7（近横河公园）","phone":"电话:18668451847"},{"name":"熊猫电竞(富阳店)","address":"公望街381号","phone":"电话:15806784975"},{"name":"杰拉电竞·网咖(奥斯卡店)","address":"武林路191号三楼308室（近kfc）","phone":"电话:18969907023"},{"name":"网鱼电竞·网咖(江汉路地铁站店)","address":"杭州滨江区江汉路1785号网新双城大厦2幢203室","phone":"电话:19033979800"},{"name":"滨滨网吧","address":"湖东村岑头田11号1幢一层","phone":""},{"name":"玲速电竞馆","address":"杭州市萧山区来娘线","phone":"电话:15356127011"},{"name":"许贤网吧","address":"横二路田丰村(卡夫威尔斜对面)","phone":"电话:18069787705"},{"name":"东盛网吧","address":"西溪路409号","phone":""},{"name":"洪海网吧","address":"小白线与吉利路交叉口南160米","phone":"电话:13326136923"},{"name":"联赢网吧","address":"浙江省杭州市萧山区鸿宁路657号","phone":""},{"name":"杭州电竞中心","address":"石祥路102号北景园生态园内","phone":"电话:0571-85097980"},{"name":"女夏电竞","address":"杭州市拱墅区蔡马东路金茂首开国樾东南侧约70米","phone":""},{"name":"乌鸦电竞","address":"浙江省杭州市西湖区天目山路18号2楼","phone":"电话:15858165262"},{"name":"电竞馆","address":"杭州市上城区草庄路滨江·金色黎明-二期","phone":""},{"name":"主流电竞","address":"杭州市南苑街道新城路55-57号","phone":""},{"name":"XY电竞","address":"杭州市余杭区康良街良渚十六街区","phone":""},{"name":"网鱼电竞·网咖","address":"浙江省杭州市余杭区西南山西路7号云会农贸市场三楼","phone":"电话:19106790338"},{"name":"杭州电竞象网咖","address":"明石路D1地铁口旁","phone":""},{"name":"数智星火电竞基地","address":"杭州市拱墅区石祥东路1576号海蓝国际电竞数娱中心A座","phone":"电话:18626866237"},{"name":"牛马电竞","address":"杭州市余杭区水祟线IOT未来城西北侧约100米","phone":"电话:13372417551"},{"name":"杰卫电竞","address":"杭州市西湖区保俶路松木场社区-西区","phone":""}]