[{"name":"宜博电竞馆(时光店)","address":"海南省澄迈县金江镇华兴路85号","phone":""},{"name":"逗号电竞(众趣店)","address":"老城镇锦城百花里4F-4005铺面","phone":"电话:18089815909"},{"name":"酷鱼电竞馆(旭东宾馆右侧)","address":"澄江广场三楼","phone":"电话:13807666681"},{"name":"逗号电竞(美伦路店)","address":"老城镇美伦路2号","phone":"电话:13876891680"},{"name":"时光网咖","address":"66号咖啡馆西(金坡路)","phone":""},{"name":"树下电竞馆(金江店)","address":"文明路","phone":"电话:13006031381"},{"name":"乐特电竞(摩捷店)","address":"金江镇人民中路3号二楼","phone":"电话:13976396066"},{"name":"宜博电竞馆(文明路店)","address":"海南省澄迈县文明路西64","phone":""},{"name":"旭日电竞(澄江南路店)","address":"海南省澄迈县澄江南路29号","phone":"电话:13337622278"},{"name":"顽点电玩Ps5·Switch","address":"融创美伦熙语一期3栋3A08（4楼）","phone":""}]