[{"name":"资源县大鹅电竞网吧(鼎丰城店)","address":"广西壮族自治区桂林市资源县镇中路29号","phone":"电话:15523337401"},{"name":"互联网电竞","address":"桂林市兴安县天平路万达家居广场","phone":""},{"name":"应有电竞·雷龙网咖(七彩小康城店)","address":"广西壮族自治区桂林市灵川县八里街七彩小康城","phone":"电话:17707831811"},{"name":"东鑫网吧","address":"中山北路167号场地二楼","phone":"电话:0773-7599733"},{"name":"金蚂蚁电竞馆·旗舰店","address":"定江镇八里六路32号","phone":"电话:18178319756"},{"name":"志远网吧(灌阳大市场店)","address":"广西壮族自治区桂林市灌阳县灌阳大市场2楼天一网吧都市丽人楼上","phone":"电话:18169693525"},{"name":"X5电竞(万东店)","address":"东安路41号二楼","phone":"电话:15578374257"},{"name":"东升网吧(荔浦分店)","address":"皇都宾馆三楼东昇网吧前","phone":"电话:15295953375"},{"name":"鑫海纳电竞","address":"广西壮族自治区桂林市临桂区金水路68号","phone":"电话:19167959590"},{"name":"吉米电竞·开心店","address":"环城西二路10-12号二楼","phone":"电话:19378399630"},{"name":"忆网咖(雁中路店)","address":"雁中路16号","phone":""},{"name":"风云电竞网咖(花生唐店)","address":"花生唐1号门","phone":"电话:15347739158/15676389910"},{"name":"吉米网咖(广源店)","address":"广西壮族自治区桂林市七星区七星路32号明珠大厦一楼","phone":"电话:18178321199"},{"name":"青札电竞","address":"桂林市雁山区雁中路雁山新城","phone":""},{"name":"觅电竞馆","address":"桂林市灵川县灵朝线桂林电子科技大学信息科技学院南侧约190米","phone":""},{"name":"X5电竞(奥林匹克店)","address":"世纪西路27号","phone":"电话:19077399707"},{"name":"金蚂蚁电竞馆·天龙城店","address":"广西壮族自治区桂林市灵川县灵北路1-7号","phone":"电话:19111413681"},{"name":"应有连锁·巨鲸电竞馆","address":"广西壮族自治区桂林市秀峰区秀峰街道乐群苑二楼","phone":""},{"name":"金蚂蚁电竞馆·星海店","address":"定江镇盈丰路93号（开发小区桂乐苑283号地）","phone":"电话:19111412319"},{"name":"X5电竞(施家园店)","address":"施家园路3-4号二楼","phone":""},{"name":"极地网咖","address":"六合路上边村50号","phone":"电话:18178336021"},{"name":"桂林风云电竞网咖(花江店)","address":"灵田镇灵朝线桂林电子科技大学(花江校区)西门","phone":"电话:18077399323"},{"name":"方舟电竞·棋牌","address":"南环路7号","phone":"电话:18178325640"},{"name":"吉米电竞(联达店)","address":"环城西一路115号黑山植物苑1-13号","phone":"电话:0773-8993265"},{"name":"吉米网咖(王府店)","address":"自由路北侧新建综合楼2楼","phone":"电话:19378337631"},{"name":"橘子电竞网咖(花江店)","address":"灵川县民小组弘大·花江荟谷A地块后街7栋","phone":"电话:13607735985"},{"name":"吉米网咖(东方之珠店)","address":"广西壮族自治区桂林市临桂区金山路大世界北楼二楼","phone":"电话:19077399792"},{"name":"金逸网络会所","address":"电子科技大学花江校区后街阳光广场","phone":"电话:18978336801"},{"name":"汇龙电竞","address":"中山南路11-3号2层","phone":"电话:0773-3815888"},{"name":"吉米网咖(育才店)","address":"广西壮族自治区桂林市七星区七星路71号育才大厦二楼","phone":"电话:0773-2139158/18107735188"},{"name":"吉米电竞(冠盟店)","address":"广西壮族自治区桂林市叠彩区中山北路82号2-3楼","phone":"电话:19378331309"},{"name":"吉米网咖(鑫鑫店)","address":"瓦窑路58号鑫隆广场F2层","phone":"电话:0773-5631888"},{"name":"吉米网咖(东林店)","address":"东安街综合楼二楼","phone":"电话:0773-2800038"},{"name":"快乐街区(桂林万象城店)","address":"红岭路桂林万象城3层327-329号商铺（华为授权体验店楼上,近4号门）","phone":""},{"name":"新汇众电竞馆(广源店)","address":"广西壮族自治区桂林市七星区七星路32号明珠大厦1楼","phone":""},{"name":"吉米网咖(临桂店)","address":"广西壮族自治区桂林市临桂区金山广场旅游街1栋C区2层","phone":"电话:18777333460"},{"name":"漫节奏网咖(群众路店)","address":"中山北路与群众路交界处群山花苑44号","phone":""},{"name":"天空之城游乐体验世界(桂林吾悦店)","address":"世纪西路桂林吾悦广场2层Z06号","phone":"电话:0773-3975856/18177381300"},{"name":"黑白电玩游戏社(文化宫店)","address":"社公巷6号2单元101室","phone":"电话:15877033486/18807731005"},{"name":"新汇众电竞馆(开心店)","address":"广西壮族自治区桂林市象山区环城西二路0-12号2层","phone":""},{"name":"MO电竞(清风店)","address":"桂林市灵川县广发路定江镇人民政府北侧","phone":""},{"name":"万兆电竞","address":"广西壮族自治区桂林市临桂区金水路18号","phone":"电话:19977394129"},{"name":"VC电竞酒店(桂林两江四湖东西巷店)","address":"广西壮族自治区桂林市秀峰区中山中路37号微笑堂商厦F1","phone":""},{"name":"乐趣时代(桂林店)","address":"广西壮族自治区桂林市七星区漓江路19号客世界广场三楼3020号铺","phone":"电话:0773-2805430"},{"name":"家园电竞网咖","address":"桂林市七星区-金鸡路2号","phone":""},{"name":"汇众网络(施家园路店)","address":"施家园路38号港岛网吧3层","phone":""}]