[{"name":"E网情深网吧","address":"友谊东街202号商业楼4楼（农村信用社楼上）","phone":"电话:0901-3383788"},{"name":"探险网吧","address":"建安南路富源楼3楼","phone":""},{"name":"蓝淼电竞","address":"凯旋城1号商业楼304室","phone":"电话:0992-8539888"},{"name":"神话电子竞技中心","address":"新疆维吾尔自治区塔城地区乌苏市乌鲁木齐南路989号","phone":"电话:15352799996"},{"name":"艾欧尼亚电竞酒店","address":"新疆维吾尔自治区塔城地区乌苏市北京西路168号","phone":""},{"name":"蓝鲸电竞网吧(东归路店)","address":"塔城地区和布克赛尔蒙古自治县东归路和布克赛尔蒙古自治县第一中学西北侧约40米","phone":""},{"name":"友盟网络世界","address":"乌鲁木齐北路452号","phone":""},{"name":"心悦网络","address":"迎宾北路额敏县幼儿园南侧约80米","phone":"电话:18999489988"},{"name":"火石网吧(荣盛大厦店)","address":"乌鲁木齐西路荣盛大厦2楼","phone":"电话:18909937070"},{"name":"塔城市云顶外星电竞馆","address":"昌南国际13号楼301商铺","phone":"电话:18999758286"}]