[{"name":"悠网咖","address":"松佛路229号碧水天源枫景台首层117号铺","phone":"电话:13751224586"},{"name":"超乐电竞","address":"银龙南路东一巷建兴大厦3层","phone":"电话:15217266680"},{"name":"峥嵘电竞","address":"松佛路1060号","phone":"电话:13713226898"},{"name":"爱玩电竞","address":"捷南路金洲郭武综合楼1楼10-11号铺","phone":"电话:18002830160"},{"name":"喜尚电竞","address":"下岭贝工业区万悦购物广场2楼","phone":"电话:13713224467"},{"name":"鹤田厦启天网吧","address":"鹤田厦裕田路30号","phone":"电话:0769-81801188"},{"name":"地平线电竞馆(天虹商场店)","address":"兴隆街96号","phone":"电话:18538809881"},{"name":"大森林电竞网吧(东城店)","address":"中惠华庭B区15号","phone":"电话:18925711118"},{"name":"潮缇电竞(33小镇店)","address":"东城街道工业路1号33小镇18栋110室","phone":""},{"name":"DR电竞(塘厦店)","address":"诸佛岭大岭古街北五巷1号201室","phone":""},{"name":"地平线电竞馆(天虹商场店)","address":"兴隆街96号","phone":"电话:18538809881"},{"name":"大森林电竞网吧(东城店)","address":"中惠华庭B区15号","phone":"电话:18925711118"},{"name":"潮缇电竞(33小镇店)","address":"东城街道工业路1号33小镇18栋110室","phone":""},{"name":"尚派电竞(福满楼东南)","address":"东莞市横沥镇三江工业区荣旺商场后门","phone":"电话:13560868060"},{"name":"魔族电竞","address":"工业西路与科技十路交叉路口东北侧","phone":""},{"name":"星界电竞台球","address":"阜东路14号106室","phone":""},{"name":"速游电竞","address":"横塘路145号2层","phone":""},{"name":"金钻网咖(蟠桃路店)","address":"月云西路庆丰大厦南侧约200米","phone":"电话:13360665135"},{"name":"杨腾网吧","address":"杨屋第一工业区祥锋街49号","phone":"电话:18767171175"},{"name":"长隆电竞网咖","address":"畔湖西街38号","phone":""},{"name":"激战电竞","address":"夏新村荣文路7号","phone":""},{"name":"长隆电竞网咖","address":"畔湖西街38号","phone":""},{"name":"领跑电竞(南城店)","address":"东莞市莞太路中兴大厦","phone":""},{"name":"峰火电竞","address":"锦祥路54号","phone":"电话:0769-81606060/18002656286"},{"name":"星界电竞台球","address":"阜东路14号106室","phone":""},{"name":"麦思网吧","address":"大岭山社区振华路128号202室","phone":"电话:13711997112"},{"name":"博派电竞","address":"东风南路118号二楼","phone":""},{"name":"熊喵电竞网吧","address":"南栅富民路60号201室","phone":""},{"name":"尊煌网吧","address":"下岭贝村永和一街47号","phone":"电话:18024355113"},{"name":"浪鱼电竞(原锦秀网吧)","address":"东莞市常平镇还珠沥南尾路17号(原锦秀网吧)","phone":"电话:15875769559"},{"name":"洲宇电竞网吧(东城店)","address":"广东省东莞市东城街道伟丰路9号105室","phone":"电话:18925812117"},{"name":"君临电竞(地标店)","address":"金洲社区北坊沙巷一巷5号综合楼H栋首层01号商铺","phone":""},{"name":"潮缇电竞(东坑店)","address":"东坑镇皇家公馆10-12栋113-115号铺首层","phone":"电话:15019968386"},{"name":"潮缇电竞(黄江店)","address":"黄江镇黄江环城路204号312室之一","phone":""},{"name":"鑫讯电竞","address":"新马莲骏马一街61号","phone":""},{"name":"天神网咖(曹乐店)","address":"广东省东莞市谢岗镇谢常路340号201室","phone":"电话:13532300218"},{"name":"大玩家网吧","address":"东莞市向西大道41号101号","phone":"电话:18566571090"},{"name":"AK电竞(东城万达店)","address":"东纵路东城段208号东城万达广场2栋206室","phone":""},{"name":"光华电竞馆·锐志网吧","address":"兴市路72号","phone":"电话:18929240388"},{"name":"守望网吧","address":"横安路19号赢家公寓","phone":"电话:18029048152"},{"name":"战谷网咖(滨河路店)","address":"滨河路44号(星宇宾馆2楼)","phone":"电话:17722387713"},{"name":"辉跃电竞馆·网吧","address":"常田路白石岗市场2楼","phone":"电话:16619906746"},{"name":"蓝港电竞网吧","address":"新兴路与龙泉路交叉路口往南约50米六甲综合市场","phone":""},{"name":"林木电竞馆","address":"凫山盘龙路","phone":"电话:18874621724"},{"name":"点赞电竞","address":"广东省东莞市黄朗路13号","phone":"电话:15362074190"},{"name":"新天地网吧(都会广场店)","address":"教育路都会广场一区203号2楼（麦远方旁边）","phone":"电话:0769-22717711/13929497066"},{"name":"魔王电竞","address":"广东省东莞市寮步镇药勒村万丰路23号","phone":""},{"name":"谢岗风神网吧(振兴北路店)","address":"广东省东莞市振兴北路1号2层","phone":"电话:15992898670"},{"name":"领跑电竞(天真店)","address":"沙田镇稔洲村水上队","phone":"电话:13727739752"},{"name":"悟空电竞(全盛店)","address":"广东省东莞市高裕北路31号2层","phone":"电话:13549383218"},{"name":"领跑电竞(天真店)","address":"沙田镇稔洲村水上队","phone":"电话:13727739752"},{"name":"悟空电竞(全盛店)","address":"广东省东莞市高裕北路31号2层","phone":"电话:13549383218"},{"name":"逍遥电竞","address":"广东省东莞市南一巷12号","phone":""},{"name":"冰龙网吧","address":"广东省东莞市北二路6号109室","phone":"电话:13829233778"},{"name":"雅轩电竞(网吧)","address":"广东省东莞市凤岗镇黄洞村凤凰围延长路158号","phone":"电话:13798877180"},{"name":"天鹰电竞","address":"广东省东莞市厦岗社区福海路十四巷12号","phone":"电话:13631753293"},{"name":"电竞","address":"东莞市南兴路","phone":""},{"name":"新月电竞网吧(振兴生活超市店)","address":"洋坑塘新围路95附近","phone":"电话:15362633932"},{"name":"乐游电竞馆(敢爱店)","address":"广东省东莞市永泰路48号","phone":""},{"name":"永怡电竞","address":"谢岗眼口工业区","phone":""},{"name":"MK电竞","address":"东莞市湖景路万科金色城市","phone":""},{"name":"波比电竞","address":"田心村鹿苑路65号二楼","phone":""},{"name":"上网休闲电竞","address":"广东省东莞市滨河路星宇商务宾馆(滨河路店)","phone":""},{"name":"海益网咖","address":"西环路225号101室","phone":"电话:13712967188"},{"name":"VK网咖","address":"广东省东莞市温竹二环路12号","phone":"电话:15197870052"},{"name":"酷腾电竞(沙湖店)","address":"沙湖村沙南路7号","phone":"电话:18122818577"},{"name":"东悦网吧","address":"青龙街1号","phone":"电话:18166005065"},{"name":"聚仙电竞","address":"黄江镇旺盛街1号(春雨商务酒店西南)","phone":""},{"name":"天道网吧","address":"捷南路928号1栋2楼201","phone":"电话:18075881562"},{"name":"红火网咖","address":"广东省东莞市利商二街16号","phone":"电话:13424829449"},{"name":"潮缇电竞(大金鼓店)","address":"东城街道堑头黎屋围路大金鼓广场一层7号铺","phone":"电话:0769-22261556"},{"name":"银河电竞","address":"新利街8号","phone":"电话:13266275800"},{"name":"悦享电竞","address":"金玉岭路6号102室","phone":""},{"name":"点亮电竞","address":"永义花园永义三街6号","phone":"电话:13431454121"},{"name":"魔杰电竞(苏坑店)","address":"苏坑市场路苏坑村广汇购物城一楼","phone":"电话:18929491269"},{"name":"尚派网咖(迅达店)","address":"清东路99号西南侧约80米（塘厦嘉怡西南侧约80米）","phone":""},{"name":"领跑电竞(爱华店)","address":"仁中岗路18号","phone":"电话:15015244769"},{"name":"利箭电竞馆","address":"矮岭冚村井仔头路18号","phone":""},{"name":"自由行电竞","address":"德隆路9巷22号","phone":"电话:17688038620"},{"name":"网捷电竞","address":"冼沙村尾安居西街66号201室","phone":"电话:81131318"},{"name":"品尚网咖(华丽路店)","address":"上沙社区华丽路8号103室","phone":"电话:18270558838"},{"name":"玖尚网咖","address":"东坑镇凤凰路166号","phone":"电话:15015390885"},{"name":"铂硕电竞","address":"东莞市莲湖路与银河二路交叉路口南侧","phone":""},{"name":"贝拉电竞","address":"松水路209号莱澳广场3栋102室","phone":"电话:13316672502/18875912635"},{"name":"电竞馆","address":"东莞市苏坑市场路新佳豪购物广场","phone":""},{"name":"网景电竞","address":"东莞市红旗路水平文化广场西南侧约50米","phone":""},{"name":"喜尚电竞","address":"下岭贝工业区万悦购物广场2楼","phone":"电话:13713224467"},{"name":"享尚网咖·电竞(厚街万达店)","address":"厚街镇康乐北路6号厚街万达广场13幢商业楼商铺A-2-11-14号","phone":"电话:15118068652"},{"name":"腾飞电竞(时光店)","address":"东莞市墐南街金辉楼东南侧约40米","phone":"电话:15377731663"},{"name":"在线电竞","address":"永盛大街89-1号2楼","phone":""},{"name":"电竞馆","address":"广东省东莞市长安镇新民社区裕民街112号","phone":""},{"name":"开天电竞","address":"金川大道中油BP(东莞常满加油站)北侧约260米","phone":""},{"name":"海阔天空网咖(梅园路店)","address":"梅园路7巷20号2层","phone":"电话:13686212702"},{"name":"飞侠电竞","address":"博士楼北门东80米","phone":"电话:13480653989"},{"name":"岱筱谕电竞(鼎展店)","address":"大岭山镇矮岭冚月山路145号","phone":""},{"name":"星聚电竞(厚街店)","address":"茂和购物中心4楼","phone":"电话:13316658146"},{"name":"蓝龙电竞馆","address":"莆沙南路3号","phone":"电话:18681089699"},{"name":"汉廷棋牌台球电竞俱乐部","address":"永宁路122号","phone":"电话:13925825865"},{"name":"电竞网咖","address":"莲湖路(桥头石)343号","phone":"电话:18025111582"},{"name":"凤鸣电竞","address":"乐兴百货2楼","phone":"电话:13724574545"},{"name":"星聚电竞(长安店)","address":"上角社区上兴西路20号2楼","phone":"电话:18027006470"},{"name":"金吉拉电竞馆(东城店)","address":"高田坊商业街90号","phone":"电话:0769-26622983"},{"name":"众泰电竞馆","address":"景福路兴利小商品市场店","phone":"电话:18301668688"},{"name":"华雄电竞","address":"长安镇青龙东街北一巷6号","phone":"电话:18938263930"},{"name":"友缘网吧","address":"长盛南路131号","phone":"电话:17744274901"},{"name":"电竞馆","address":"广东省东莞市X245与赤坎厂区北一路交叉口东北方向55米","phone":"电话:18825801511"},{"name":"迷妮网咖(高英路店)","address":"高英路228号","phone":""},{"name":"快活谷网吧(富康路店)","address":"富民路25号201室","phone":"电话:13712119955"},{"name":"快速网咖(坑美店)","address":"坑美村坑美市场对面","phone":"电话:13378605475"},{"name":"零点网咖(温周路店)","address":"东城街道温塘温周路303号","phone":"电话:13268677478/18688692382"},{"name":"e时空网吧(下洋路店)","address":"霄边下洋小区下洋路11号怡兴楼二楼","phone":"电话:15817786488"},{"name":"皓宇电竞","address":"东莞市同沙科技园广汇工业区9栋211室","phone":""},{"name":"枭雄网咖","address":"莞城街道东城西路34号3楼(白沙塘公交站)","phone":"电话:0769-22320303"},{"name":"超酷网吧","address":"大坑大路15-16号","phone":"电话:13538662860"},{"name":"百川网咖(富民路下汴店)","address":"下汴村富民路15号","phone":"电话:13434591446"},{"name":"悟空电竞(龙兴店)","address":"广东省东莞市莲湖北路43号","phone":""},{"name":"聚龙电竞","address":"金龙西路28号","phone":"电话:15366102065"},{"name":"网景电竞","address":"红旗路38号","phone":"电话:17607075118"},{"name":"战龙电竞","address":"广东省东莞市长安镇霄边社区东门中路1号万达广场(东莞长安店)F1","phone":""},{"name":"网景电竞","address":"东莞市红旗路水平文化广场西南侧约50米","phone":""},{"name":"新洪网咖","address":"塘尾东五巷2号102正北方向90米","phone":""},{"name":"悟空电竞(龙兴店)","address":"广东省东莞市莲湖北路43号","phone":""},{"name":"聚龙电竞","address":"金龙西路28号","phone":"电话:15366102065"},{"name":"杨腾网吧","address":"杨屋第一工业区祥锋街49号","phone":"电话:18767171175"},{"name":"麦思网吧","address":"大岭山社区振华路128号202室","phone":"电话:13711997112"},{"name":"凤翔电竞棋牌台球(国润百货店)","address":"金凤凰工业区国润百货商场三楼","phone":"电话:15869067790"},{"name":"电竞馆","address":"东莞市金凤凰大道金凤凰住宅区","phone":""},{"name":"乌托邦网吧","address":"岭头社区工业大路287号","phone":"电话:18928258206"},{"name":"星光电竞馆","address":"广东省东莞市厚街镇深水坑路22号","phone":"电话:13926892206"},{"name":"网景电竞","address":"红旗路38号","phone":"电话:17607075118"},{"name":"飞盈网吧","address":"广东省东莞市S359(龙平西路)","phone":""},{"name":"紫晶轩电竞(万鹏大厦店)","address":"沙河路16号万鹏大厦4楼紫晶轩电竞","phone":""},{"name":"热血电竞","address":"五联村碧湖大道东29号","phone":"电话:15973983818"},{"name":"鸿运电竞","address":"东莞市环市西路迎宾小区","phone":""},{"name":"电竞馆","address":"东莞市莞惠公路大龙村菜市场西侧约220米","phone":""},{"name":"一特电竞","address":"东坑镇凤大街67号102室","phone":""},{"name":"电竞","address":"东莞市陈屋金丰昌路千千万货南侧约180米","phone":""},{"name":"酷咖电竞馆(环东路江河街店)","address":"乌沙环东路康惠百货对面","phone":"电话:15918369888"},{"name":"森琅电竞馆(麻涌市场店)","address":"沿江西路240号2299室","phone":"电话:13412060954"},{"name":"VI电竞馆(东莞东城店)","address":"主山高田坊莞温路南100号聚富商业中心A栋1楼6-9室","phone":"电话:13827714883"},{"name":"竞方电竞馆","address":"东莞市西正一路庆瑞工业园东侧约200米","phone":""},{"name":"神游电竞","address":"东莞市新园路石龙第三中学东北侧约110米","phone":""},{"name":"代筱渝电竞","address":"东莞市创业一街维雅商务酒店(大都山店)西南侧约130米","phone":""},{"name":"电竞","address":"东莞市长德路太平广场花园","phone":""},{"name":"网咖电竞","address":"广东省东莞市石碣镇上垅路22号","phone":""}]