[
  {
    "name": "澳门电竞馆",
    "address": "澳门 新濠影汇西翼二楼",
    "phone": "电话:+853-2828-0088"
  },
  {
    "name": "MESUF电竞培训基地",
    "address": "澳门澳門科技大學i館MESUF電競培訓基地",
    "phone": "电话:+853-6663-9733"
  },
  {
    "name": "SANDBOX VR - MESUF電競館",
    "address": "澳门偉龍馬路",
    "phone": "电话:+853-6861-2389"
  },
  {
    "name": "178电竞体验中心",
    "address": "17A, Centro Comercial Kuong Fat, 170北京街澳门",
    "phone": ""
  },
  {
    "name": "Sandbox VR Macau",
    "address": "澳门科技大学I座电竞培训基地",
    "phone": "电话:+853 68612389"
  }
]