[{"name":"闪电网咖(万荣九天店)","address":"平铺村好又多超市旁边","phone":"电话:18950898519"},{"name":"艾尔文网咖(新罗中山西路店)","address":"中山西路10号10座201室","phone":"电话:15305032660"},{"name":"闪电网咖(姗姗店)","address":"龙发路芳园农家庄西邻","phone":"电话:15305977701"},{"name":"龙腾网吧(恒亿花园店)","address":"西陂街道龙腾中路恒亿花园","phone":"电话:13358368199/18950898503"},{"name":"挚友网咖","address":"八一路285号2012、2013、2014、2015、2016店","phone":"电话:13859183169"},{"name":"星空电竞网吧(新店)","address":"龙岩市福建省漳平市和平北路406号301室","phone":""},{"name":"电竞狐网咖(世纪天成店)","address":"西陂街道世纪天成广场(登高西路店)","phone":"电话:18006948126"},{"name":"酷客网吧(中山西路店)","address":"中山路三期二号楼二层","phone":"电话:0597-2110686"},{"name":"闪电网咖(相约流星店)","address":"天马山庄1号楼103-105号","phone":"电话:13950888556"},{"name":"闪电网咖(连城阳光店)","address":"阳光新都3层","phone":"电话:18005978199"},{"name":"闪电网咖(英雄店)","address":"中山路凯丰商厦三楼","phone":""},{"name":"明珠网咖饮品(会友店)","address":"小溪路6-96号","phone":"电话:18650885184"},{"name":"鑫虎网咖(潮人街店)","address":"中山东路D&K隔壁","phone":"电话:18605978816"},{"name":"飓风电竞网咖(万达店)","address":"双龙路与曹溪中路交叉口西340米","phone":"电话:19359291888"},{"name":"闪电网咖(长青藤店)","address":"龙发路闽西交易城a5金穗大酒店3层","phone":"电话:18950898519"},{"name":"奔驰网咖(文虎楼店)","address":"东肖北路石公新村","phone":"电话:18905972280"},{"name":"闪电网咖(莲东店)","address":"莲东土楼坪莲东花园二楼商场1号","phone":""},{"name":"九柄电动社Ps5·Switch·Xbox(万宝SOHO店)","address":"龙岩大道万宝广场SOHO国际A2栋四楼420（近五号门）","phone":"电话:18396328911"},{"name":"彼此电玩咖游戏体验店","address":"龙岩大道万宝SOHO国际A2座10楼1017","phone":""},{"name":"棵棵电竞馆(鑫虎店)","address":"龙岩市新罗区中山东路印刷厂生活小区东侧约50米","phone":""},{"name":"飞狼网吧(中山路步行街店)","address":"中山路三期2栋","phone":"电话:18650868165"},{"name":"繁星潮玩运动馆(万达广场龙岩新罗店)","address":"双龙路1号A1幢万达广场2F-02B（10号门进来上二楼）","phone":""},{"name":"云海网咖","address":"福建省龙岩市新罗区曹溪中路218号美月山庄1楼","phone":"电话:18959090077"},{"name":"天空之城游乐体验世界(万宝广场店)","address":"龙岩大道388号万宝广场三楼南侧海底捞隔壁","phone":"电话:17759515136"},{"name":"大玩家(龙岩新罗万达店)","address":"曹溪街道双龙路万达广场3楼(万达1号门)","phone":""},{"name":"木星工厂","address":"华莲西路88号星光里商业街B区201","phone":"电话:17349677376"},{"name":"炎铄星城(京华购物中心店)","address":"京华购物中心3楼","phone":""},{"name":"博丽动漫社(万达广场龙岩新罗店)","address":"双龙路1号A区A1幢万达广场A215","phone":""},{"name":"云逸宝游戏厅(梦工坊影城美食城店)","address":"龙岩市曹溪镇国际美食城美食商业中心A座5楼店内休息区前台旁","phone":""},{"name":"且玩游戏社(龙岩京华中心店)","address":"龙岩大道688号京华中心龙岩京华中心F3","phone":""},{"name":"王者手游电竞馆","address":"福建省龙岩市新罗区南城街道溪南路36号","phone":""},{"name":"大世界动漫电玩城","address":"福建龙岩市新罗区中山路二期4号楼2楼","phone":""},{"name":"云逸宝摇杆游戏机(万达影城万阳店)","address":"龙岩市西陂路万阳城6楼万达影城内大厅前台旁","phone":""},{"name":"云逸宝摇杆游戏机(万达影城万达广场店)","address":"龙岩市双龙路1号万达广场A1号楼4楼万达影城内大厅前台旁","phone":""},{"name":"云逸宝摇杆游戏机(博纳国际影城龙岩华映店)","address":"龙岩市中山街西路大众影剧中心2楼博纳影城内大厅前台旁","phone":""},{"name":"娃娃快跑零食贩卖(龙岩万宝店)","address":"龙岩大道388号万宝广场龙岩店B1层","phone":""}]