[{"name":"茶花网咖","address":"黎新路3号栢景雅居翠竹轩综合楼C幢2号","phone":"电话:13365596098"},{"name":"奇幻时光·娃娃机","address":"滨江西路1号屯溪河街16幢101室","phone":"电话:18255920999"},{"name":"爱玩电竞(清华苑店)","address":"黄山西路60号清华苑2楼","phone":"电话:0559-2551977/18505599655"},{"name":"扶摇网咖","address":"黎新路3号柏景雅居翠竹轩综合楼B幢5号、6号","phone":"电话:18855993240"},{"name":"无忧电竞网咖","address":"熙城国际A座3楼","phone":"电话:05592557888"},{"name":"电竞体验馆","address":"黄山市屯溪区新园东路前园上新新村北侧","phone":""},{"name":"欧拉电竞·网吧","address":"前园南路1-5号","phone":"电话:15222999990"},{"name":"飞扬竞技网咖","address":"玫瑰花城西区2幢6号商铺","phone":"电话:13645595268"},{"name":"仁和网吧(戴震路店)","address":"昱西街道","phone":"电话:13905595308"},{"name":"麦嘎网咖","address":"太平花苑1栋F2(中通广场对面)","phone":"电话:18955971287"},{"name":"飞飞网咖(优盛派克黄山旗靓店)","address":"黄山东路33-1号附近","phone":""},{"name":"SUPER101壹零壹潮漫电玩(黄山太平洋购物中心店)","address":"黎新路太平洋购物中心3F层3F-008号商铺","phone":""},{"name":"轻·电竞生活馆","address":"安徽省黄山市屯溪区跃进路17-17-25号","phone":""},{"name":"非比电竞馆","address":"园艺路2号鼎天广场","phone":""},{"name":"摩少电竞","address":"安徽省黄山市屯溪区洽阳路阳湖元一大观2楼","phone":"电话:13305596839"},{"name":"达拉然电竞酒店","address":"新安南路4号","phone":""},{"name":"嗨范电竞酒店","address":"徽州大道19-1御龙花园东门","phone":""},{"name":"OnlineSpace全场无烟电竞馆(新园东路店)","address":"新园东路25-15号","phone":""},{"name":"星雨网吧(高凤路店)","address":"高枧村28号","phone":"电话:18005590158"},{"name":"头号玩家网咖(岩寺下街店)","address":"岩寺镇黄山路78号财富广场D幢14-16室","phone":"电话:17755915551"},{"name":"慢姑娘·陌野·泳乐电竞·悦动篮球·团建聚会别墅轰趴馆(桃花源店)","address":"齐云大道8号","phone":""},{"name":"休宁县摩羯网咖俱乐部","address":"萝宁街富宁时代商业广场14栋14A-6号","phone":"电话:13675551937"},{"name":"飞翔网咖(徽州财富广场店)","address":"徽州财富广场","phone":""},{"name":"SUPER101壹零壹潮漫电玩(黄山太平洋购物中心店)","address":"黎新路太平洋购物中心3F层3F-008号商铺","phone":""},{"name":"莫斯电竞","address":"安徽省黄山市屯溪区阳湖镇新安南路","phone":"电话:13965522685"},{"name":"在线空间电玩社(大润发店)","address":"商业步行街A区4幢31号一楼","phone":"电话:13776416761"},{"name":"云逸宝游戏厅(万达影城天盈广场店)","address":"黄山市昱东街道社屋前路1号天盈财富广场四层店内大厅前台边上","phone":""},{"name":"冲浪者网吧(新安北路店)","address":"新安北路8-7号","phone":"电话:4008845966"}]