[{"name":"阿尔法电竞馆","address":"建设西路与文化南路交叉口中鹏嘉年华1-2号楼1099-16","phone":"电话:0937-6398686"},{"name":"喵喵网咖(新华南路店)","address":"广汇花园（新华南路）","phone":"电话:17609476468"},{"name":"潘多拉网咖(嘉峪关旗舰店)","address":"五一南路1436-10号","phone":"电话:13119451945"},{"name":"布卡电竞馆","address":"甘肃省嘉峪关市新华中路1319-1号二楼","phone":"电话:17393795889"},{"name":"极光电竞(机场路店)","address":"嘉峪关市机场路龙湖华庭","phone":"电话:17393789077"},{"name":"小阿潘电竞馆","address":"嘉峪关市文化中路中鹏嘉年华","phone":""},{"name":"无拘坊playstation","address":"新华南路962号瑞丹未来中心四层D06室","phone":"电话:18655542305"}]