[{"name":"幻世电竞网吧(颐高幻辰店)","address":"安徽省宿州市灵璧县灵城镇颐高新天地商业街8栋2楼205号、208号、221~213号、220号、224号铺位","phone":"电话:19556030686"},{"name":"理想网咖","address":"101国道,农业银行西路口10米","phone":""},{"name":"盛世网吧(解放中路店)","address":"温州商城3栋二层","phone":""},{"name":"杰拉电竞(网咖·酒店)X卓威体验馆","address":"浍水西路与人民南路交叉口东南80米","phone":"电话:17760803820"},{"name":"九程电竞馆(东关沈苑店)","address":"东关街道沈苑小区B区16号楼0202室","phone":""},{"name":"与宿电竞","address":"宿州市北关街道黄庄路唐园北区S3栋2楼","phone":"电话:0557-3255518"},{"name":"超玩电竞(缤纷城店)","address":"薛园北路广源缤纷城西区东门对面","phone":"电话:17755717777"},{"name":"超玩电竞(鹏程小区店)","address":"鹏程农贸市场","phone":""},{"name":"紫叶网咖","address":"迎宾大道聚龙·凤山豪庭","phone":"电话:18955779338"},{"name":"超玩电竞(吾悦广场店)","address":"吾悦广场三号门北侧金街二楼","phone":"电话:19315137658"},{"name":"城市达人网咖(汴河西路店)","address":"汴河西路安厦新街坊5栋106号、4104号","phone":"电话:13965312003"},{"name":"易部落网络","address":"薛芦巷与西昌南路交叉口南100米","phone":""},{"name":"乐享网咖(沈苑小区店)","address":"沈苑小区B区北门607号","phone":"电话:18355782393"},{"name":"慧达网咖(武夷商城店)","address":"骏达西路112号","phone":"电话:15855729998"},{"name":"新北网吧","address":"安徽省宿州市埇桥区汇源大道85号","phone":"电话:18949910818"},{"name":"红钻电子竞技会所","address":"安徽省宿州市埇桥区宿州学院东区北门乐万家小区24号六合学城大药房附近","phone":"电话:17755726666"},{"name":"九程电竞馆(华夏世贸店)","address":"安徽省宿州市埇桥区汴河西路108号华夏世贸广场2楼","phone":""},{"name":"与宿电竞网咖","address":"安徽省宿州市埇桥区皇冠家居4号楼二楼","phone":"电话:18655787654"},{"name":"杰拉电竞馆(恩佳店)","address":"利群时代广场银河一路118号（一楼老乡鸡后门对面）","phone":"电话:13587419717"},{"name":"沐枫乐享电竞酒店(大学城店)","address":"安徽省宿州市埇桥区S229(学府大道)","phone":""},{"name":"聊聊网吧(道东大街店)","address":"韩池子路与道东大街交口","phone":""},{"name":"超玩电竞·新北店(新北店)","address":"安徽省宿州市埇桥区汇源大道85号汇源大酒店对面","phone":"电话:18949910818"},{"name":"乐享网咖·棋牌(金方世纪城店)","address":"三八街道纺织西路金方世纪城北区北门二楼","phone":"电话:18955712311"},{"name":"酷酷登网咖电竞","address":"珑樾庄园S3-102室","phone":""},{"name":"腾旭网咖(吾悦广场店)","address":"人民中路1号吾悦广场F2层","phone":"电话:18055750106"},{"name":"都市电竞","address":"埇桥区西昌中路香港装饰城","phone":"电话:15105576577"},{"name":"网鱼网咖(港口中路店)","address":"宿州市埇桥区港口中路华府春天","phone":""},{"name":"玩咖电玩体验馆(苏宁店)","address":"文苑巷苏宁广场5楼（杰拉电竞馆北侧）","phone":"电话:13103859557/15650699938"},{"name":"梦幻驿站(吾悦广场店)","address":"汴河西路258新城吾悦广场4层4001室","phone":"电话:18155711566"},{"name":"酷尚动漫(吾悦广场店)","address":"人民路与汴河路交叉口吾悦广场2楼","phone":"电话:0557-3083266"},{"name":"宿州北极熊电竞酒店(苏宁公寓店)","address":"宿州市汴河中路399号苏宁广场苏宁公寓楼5楼503","phone":""},{"name":"风云再起游乐汇(宿州苏宁广场店)","address":"汴河中路苏宁广场3楼","phone":"电话:0557-3739733/18061760571"},{"name":"胡桃电竞","address":"宿州市埇桥区商场路华府春天","phone":""},{"name":"大玩家(宿州CBD万达店)","address":"胜利路cbd万达广场2楼","phone":"电话:0557-2601660"},{"name":"星际梦想城(埇桥万达店)","address":"万达广场银河三路与拂晓大道交叉口万达广场中庭东南角","phone":""},{"name":"云逸宝摇杆游戏机(万达影城银河三路万达广场IMAX店)","address":"拂晓大道与银河三路交汇处万达广场4-5楼万达影城内大厅前台旁","phone":""}]