[{"name":"战狼网咖电竞馆","address":"黄河路80号门店","phone":"电话:0478-7998555"},{"name":"蜗牛电竞馆","address":"内蒙古自治区巴彦淖尔市临河区解放街云来五洲酒店3楼","phone":"电话:18547878823"},{"name":"神速网络会所(假日店)","address":"巴彦淖尔市临河区人民路鸿臣鸥州假日-b区","phone":""},{"name":"星河网吧","address":"巴彦淖尔市临河区永安街中兴泰富广场北门","phone":"电话:18604789544"},{"name":"德玛西亚(永安东街店)","address":"锦聿山庄A2-116室","phone":"电话:15114784661"},{"name":"神通电竞","address":"巴彦淖尔市临河区人民路鸿臣鸥州假日-b区","phone":""},{"name":"龙猫电竞网咖棋牌","address":"巴彦淖尔市维也纳智好酒店三楼","phone":"电话:15248842222"},{"name":"1983电竞网络会馆","address":"一线路联社e家小区东门口","phone":""},{"name":"咨讯电竞馆","address":"五原政府宾馆(隆兴昌西街北)","phone":""},{"name":"摩咖电竞馆","address":"新华西街维多利二期六楼","phone":"电话:0478-7911222"},{"name":"辰禾网吧","address":"开源路与曙光街交叉路口往东北约100米","phone":"电话:18947784077"},{"name":"摩咖电竞馆","address":"新华西街维多利二期六楼","phone":"电话:0478-7911222"},{"name":"神速电竞(美联财富广场店)","address":"巴彦淖尔市临河区长春东街峻峰华庭南侧约50米","phone":""},{"name":"蚂蚁电竞(新华西街店)","address":"巴彦淖尔市临河区新华西街泰城御景","phone":"电话:0478-8318887"},{"name":"友聚电竞","address":"巴彦淖尔市杭锦后旗迎宾街杭后宾馆西侧约90米","phone":""},{"name":"摩竞摩速电竞馆(警官花园店)","address":"黄河路80号门店","phone":""},{"name":"城小鲨电竞酒店","address":"巴彦淖尔市泰汇现代城B_5","phone":""},{"name":"易度甄选电竞酒店","address":"巴彦淖尔市金川大道居然之家S5号楼4层","phone":""},{"name":"卓威电竞酒店(中央城店)","address":"巴彦淖尔市五一街绿都新村C区CB1号楼3楼","phone":""},{"name":"游戏嘉年华(维多利万悦城店)","address":"新华西街117号维多利万悦城F6层中影电影院门口","phone":""},{"name":"乐游电玩","address":"塞上东街与将军路交叉口西80米","phone":"电话:13847805277"},{"name":"考拉电竞酒店","address":"巴彦淖尔市临河区北环路(曙光客运中心西侧)旧虹桥二手车市场","phone":""},{"name":"菲克斯轮滑酒吧(维多利万悦城店)","address":"维多利广场六层娱乐区","phone":""}]