[{"name":"网鱼网咖·电竞(南京新街口丹凤街店)","address":"新街口街道唱经楼西街1-5号","phone":"电话:025-83610853/18120162658"},{"name":"启浪电竞·网咖·网吧(百家湖大街店)","address":"利源中路88号高尔夫国际花园21幢105、106室","phone":""},{"name":"网鱼网咖·电竞(南京三山街地铁站店)","address":"中山南路395号101美食广场2楼","phone":"电话:17721530379"},{"name":"踏浪电竞(上元大街店)","address":"东山街道新医路8号","phone":"电话:18105172258/18914720955"},{"name":"网鱼网咖·电竞(上坊店)","address":"东山街道万安北路99号创智park1号楼308室(江宁肚包鸡楼上)","phone":"电话:15050598702"},{"name":"踏浪电竞(花港路店)","address":"花港路1号02栋3楼（永乐辉超市旁）","phone":"电话:17205113679"},{"name":"网鱼网咖·电竞(南京雨花吾悦店)","address":"新林大道板桥新城吾悦广场S2幢3楼303-306号","phone":"电话:17714203713"},{"name":"网鱼网咖·电竞(广志路店)","address":"南京市栖霞区广志路高科荣境-2期","phone":""},{"name":"大剑电竞(浦口万汇城店)","address":"东方万汇城北区B座二楼215","phone":"电话:15150689623"},{"name":"网鱼网咖·电竞(南京交院店)","address":"龙眠大道与格致路交叉口西泰禾巨幕影城二楼","phone":"电话:15251811337"},{"name":"壹号电竞(锦上路店)","address":"锦上路1号02幢207室至212室","phone":"电话:18100617166"},{"name":"网鱼网咖·电竞(南京鼓楼小市店)","address":"北祥路65号205室","phone":"电话:19002519146"},{"name":"网鱼网咖·电竞(百水芊城店)","address":"马群街道百水桥路六幢104105106室","phone":"电话:18261946463"},{"name":"踏浪网咖(庐山路店)","address":"庐山路2-1号","phone":"电话:025-52629871"},{"name":"接代站网吧(火车站店)","address":"龙蟠路101号军人接待站2层","phone":"电话:025-84447667/18180633189"},{"name":"猫王电竞网咖(马群店)","address":"马群新街99号","phone":"电话:18951770586"},{"name":"帅虎电竞","address":"江宁万达1号门路南东平雅苑二栋二楼203室","phone":""},{"name":"网鱼电竞(保利复地店)","address":"江苏省南京市秦淮区汇康路99号13,14号楼二层铺号2003a铺","phone":"电话:18851950872"},{"name":"网鱼网咖·电竞(南京金地广场店)","address":"金地宝龙峰汇中心金尧路18-24号","phone":"电话:17366063105"},{"name":"指间电竞(南京店)","address":"集庆门大街24号悦乐荟3层305","phone":"电话:17301598641"},{"name":"巅峰电竞(太阳城店)","address":"双龙大道1539号世纪太阳城国际购物中心C馆3L电梯口","phone":""},{"name":"星郦园电竞网咖","address":"江苏省南京市玄武区后宰门街36号","phone":"电话:18651840097"},{"name":"网鱼网咖·电竞(佳源广场店)","address":"顾家营路59号佳源广场3层","phone":"电话:17312293340"},{"name":"网宏电竞网咖(河西万达店)","address":"江苏省南京市建邺区燕山路81号","phone":"电话:18951735115"},{"name":"网娱电竞","address":"西方巷26-16号（张府园地铁站2号口步行420米）","phone":"电话:17702510559"},{"name":"乐动力江宁国际电竞中心","address":"南京市江宁区格致路江宁体育中心南门东侧约80米","phone":"电话:18662701762"},{"name":"网鱼电竞(南京江北华润国际店)","address":"江北新区广西埂大街90号02幢","phone":"电话:18105188923"},{"name":"壹号电竞(幸福里店)","address":"园胜路2号滨江馨园4-18-304号","phone":"电话:15295736000"},{"name":"网鱼电竞(新街口新华大厦店)","address":"江苏省南京市鼓楼区中山路55号3楼新华大厦裙楼3F店铺编号F305","phone":"电话:19952404217"},{"name":"踏浪网咖(广州路店)","address":"广州路14号303室（南京大学正门左边,麦当劳隔壁）","phone":"电话:18151644158"},{"name":"青春飞扬网咖(仙林大学城店)","address":"仙林大学城文苑路108号大成名店F3层","phone":""},{"name":"青春飞扬网咖(玄武区丹凤街暴雪店)","address":"卫巷丹凤新寓6栋3号二楼","phone":"电话:15178217374"},{"name":"高达电竞馆","address":"华侨广场北2门旁(长江大桥北地铁站2号口步行160米)","phone":""},{"name":"网鱼电竞(南京林业大学店)","address":"花园路8号二楼","phone":"电话:15251852451"},{"name":"青春飞扬网咖(鼓楼区云南北路店)","address":"云南北路83号","phone":"电话:18351993296"},{"name":"网鱼网咖·电竞(八里路店)","address":"八里美好生活广场1号楼2楼212室","phone":"电话:13770846060"},{"name":"怡情网络(花园路店)","address":"花园路18号","phone":""},{"name":"网鱼网咖·电竞(南京天润城地铁站店)","address":"江北新区百润路4号天润城第十一街区26幢101室","phone":"电话:17625980088"},{"name":"高杜安电竞(新街口一禾广场店)","address":"江苏省南京市秦淮区五老村街道正洪街18号一禾广场二层","phone":"电话:15380800721"},{"name":"网鱼网咖·电竞(竹山路店)","address":"潭桥商业中心508-7号","phone":"电话:17368012308"},{"name":"网鱼网咖·电竞(建邺龙湖天街店)","address":"江苏省南京市建邺区云龙山路89号龙湖天街3F-19、20号","phone":"电话:17314962560"},{"name":"司机电竞","address":"友谊街与中和路交叉口东100米","phone":""},{"name":"网鱼电竞(江苏南京安德门地铁站店)","address":"江苏省南京市雨花台区小行路2-1号","phone":"电话:18905160779"},{"name":"小熊电竞","address":"大厂街道湖滨路2号桃花里商业街2栋","phone":"电话:17302531803"},{"name":"奇趣电竞网咖(北沿街店)","address":"北沿路105号","phone":"电话:15380411685"},{"name":"踏浪网咖(模范马路店)","address":"江苏省南京市鼓楼区模范马路130-1号二楼","phone":""},{"name":"踏浪网咖(金尧路店)","address":"金尧路2号06幢101、102室","phone":""},{"name":"黑洞电竞(吾悦广场南京建邺店)","address":"江苏省南京市建邺区汉中门大街299号吾悦广场F2","phone":"电话:13584072757"},{"name":"宜博电竞馆(澳林广场店)","address":"澳林广场F2-213室（肯德基二楼后门出门正对面）","phone":"电话:15996376286"},{"name":"网宏电竞(胜泰店)","address":"西善桥北路93号友谊公寓一期","phone":"电话:18951735115"},{"name":"网鱼电竞(南京南站江南路店)","address":"江苏省南京市江宁区江南路B3栋113室","phone":"电话:17327712411"},{"name":"青春飞扬网咖(玄武区老虎桥宽园店)","address":"新街口街道珠江路老虎桥18号(东南大学旁)","phone":"电话:025-51839269"},{"name":"奇趣电竞(轻舞店)","address":"通淮街99号（肯定观美酒店旁楼梯上二楼）","phone":""},{"name":"网鱼网咖·电竞(南京玄武下马坊店)","address":"中山门大街99号-3-204","phone":"电话:15240220134"},{"name":"网鱼网咖·电竞(南京弘阳时代中心店)","address":"高新南路旭日爱上城八区02幢201、202、203室","phone":"电话:18751917958"},{"name":"网鱼网咖·电竞(南京新街口珠江路店)","address":"珠江路333号百脑汇2层","phone":"电话:18951610575"},{"name":"网鱼网咖·电竞(南京栖霞迈皋桥店)","address":"红山路高家村42号3幢底商","phone":"电话:13770843614"},{"name":"网鱼网咖·电竞(南京建邺奥体东店)","address":"沙洲街道江东中路中泰国际广场3层3F-05室","phone":"电话:17768101633"},{"name":"网鱼网咖·电竞(南京新街口石鼓路店)","address":"石鼓路56号207室","phone":"电话:18260024186"},{"name":"鲨鱼电竞·夜南京(水西门大街店)","address":"水西门大街149号02幢","phone":"电话:15261878595"},{"name":"网鱼网咖·电竞(南京苏尧广场店)","address":"东新南路15号苏尧广场二楼","phone":"电话:13645198714"},{"name":"粉墨电竞","address":"南瑞路55号世瑞大厦三楼F001","phone":""},{"name":"网鱼网咖·电竞(南京玄武六角广场店)","address":"玄武大道6号六角广场F3层","phone":"电话:17130495791"},{"name":"青春飞扬网咖(鼓楼区三牌楼店)","address":"三牌楼大街180号","phone":"电话:025-83531773"},{"name":"鲸娱电竞","address":"南京市濛雨家园","phone":""},{"name":"踏浪网咖(集庆路店)","address":"仙鹤街3-201号二楼","phone":"电话:025-52253709"},{"name":"奇趣电竞·紫元府网咖(江宁店)","address":"天元中路紫元府小区115号2层","phone":"电话:025-52117696"},{"name":"舟杰电竞","address":"南京市浦口区珍珠南路顶山中心幼儿园西侧约110米","phone":"电话:13382066998"},{"name":"快乐世界电竞馆","address":"江苏省南京市浦口区桥林街道金鼎路35号亚朵酒店(金鼎路店)","phone":"电话:17327904889"},{"name":"柒游电竞","address":"马群街道早街晚巷A07栋305-37","phone":""},{"name":"红阳电竞(中央商场河西店)","address":"江苏省南京市建邺区江东中路237号中央商场F3","phone":""},{"name":"宜博电竞馆(大桥北路店)","address":"大桥北路57号弘阳时代中心2期4栋205室","phone":"电话:15996376286"},{"name":"晓牛电竞","address":"孝陵卫街道紫金原著中心B03幢69、70、71室","phone":"电话:13852298998"},{"name":"网鱼网咖·电竞(南京九龙湖店)","address":"长亭街9号俊杰科创大厦南京亦朋家居商业广场2号馆二层201商铺","phone":"电话:19002508841"},{"name":"网鱼网咖·电竞(南京建邺吾悦广场店)","address":"江东中路68号吾悦广场悦街1栋二楼251、252、258室","phone":"电话:15952040881"},{"name":"绿树电竞馆","address":"江苏省南京市秦淮区汉中路27号","phone":""},{"name":"KS电竞网咖","address":"惠安新居国关路北红色房子电梯三楼","phone":"电话:17715273115"},{"name":"超梦电竞","address":"江苏省南京市江宁区东山街道大里聚福城华庭北园万福路20-6号","phone":""},{"name":"网鱼网咖·电竞(民智路店)","address":"证大喜马拉雅D座网鱼电竞民智路10-3","phone":"电话:15342558311/18712146640"},{"name":"魔羯电竞(大厂店)","address":"江北新区沿江工业开发区新华七村21幢2号-18","phone":"电话:17302565114"},{"name":"网鱼网咖·电竞(建邺奥体新城店)","address":"沙洲街道江东街78号仁恒同悦坊街区1号楼2楼（costa右侧）","phone":"电话:17714339983"},{"name":"螳螂网咖","address":"华汇路华汇康城三期17栋","phone":"电话:13913969666"},{"name":"青春飞扬电竞馆(欣乐路店)","address":"欣乐路181号3楼T区02号","phone":""},{"name":"网咖电竞","address":"南京市玄武区如意里小区","phone":""},{"name":"勇波网咖","address":"江苏南京市江宁区宣义路12-201号3楼","phone":"电话:13851419218"},{"name":"红阳电竞(仙鹤街店)","address":"仙鹤街19号附近","phone":""},{"name":"瑞得在线网咖(殷巷店)","address":"殷巷殷华街光头烧烤二楼","phone":""},{"name":"猫王电竞网咖(高品店)","address":"小卫街16号（南京理工大学3号门对面）","phone":"电话:18951770586"},{"name":"一地鸡毛网络会所","address":"新浦路122号","phone":""},{"name":"浪淘沙网吧(金盛店)","address":"金盛路988号2层","phone":""},{"name":"网鱼网咖·电竞(南京栖霞大成名店)","address":"文苑路108号大成名店公园3楼3002、3003","phone":"电话:13815403943"},{"name":"网鱼网咖·电竞(明滨路店)","address":"南京市浦口区滨江商业街明发滨江新城-二期","phone":""},{"name":"Eighteen Old电竞俱乐部(夫子庙店)","address":"健康路3号水平方3楼(夫子庙地铁站4号口步行450米)","phone":"电话:15251717989"},{"name":"踏浪网咖(云南北路店)","address":"云南北路77号南泰大厦三楼","phone":"电话:025-83370220"},{"name":"欣网易家网吧(和燕路店)","address":"和燕路511号2层","phone":"电话:18061778762"},{"name":"石艺网咖(石头城店)","address":"石头城71号-1","phone":"电话:025-58757205"},{"name":"香格里拉网吧(集源街店)","address":"殷巷菜场西侧步行街3幢104室,105室2层","phone":"电话:18068808484"},{"name":"踏浪网咖(中山南路店)","address":"中山南路288号苏贸大厦一层（近张府园地铁1号出口）","phone":"电话:18013935172"},{"name":"青春飞扬网咖(鼓楼区汉中路南光店)","address":"汉中路168号2层（上海路地铁站2号口步行230米）","phone":"电话:15366643400"},{"name":"MVP风影电竞(新亭大街店)","address":"板桥新城新亭大街69-27号","phone":"电话:025-52444669"},{"name":"心爱网吧","address":"瑞金路35号","phone":"电话:13851811802"},{"name":"网鱼网咖·电竞(南京虹悦城店)","address":"长虹路439号15幢201室","phone":""},{"name":"网鱼网咖·电竞(天元路金宝店)","address":"江苏省南京市江宁区天元东路311号","phone":"电话:13770864953"},{"name":"网鱼网咖·电竞(南京环宇城店)","address":"北圩路环宇城五号口边上上二楼","phone":"电话:13851644660"},{"name":"踏浪网咖(大桥北路店)","address":"大桥北路20号","phone":"电话:025-58558110"},{"name":"云上电竞海龄网络","address":"华新路贾西新苑16-4二层","phone":"电话:15358187623"},{"name":"踏浪网咖(竹山路店)","address":"竹山路429号1栋103-106室","phone":"电话:19951934374"},{"name":"闪客网咖(泰亿步行街店)","address":"草芳路1号1幢116室","phone":"电话:18112982018"},{"name":"海鸣达电竞(殷富街店)","address":"铺岗街殷巷小区243栋","phone":"电话:13951783333"},{"name":"时光网咖(殷华街店)","address":"诚信大道699号汇金九龙商业街4幢202室","phone":"电话:15365059820"},{"name":"壹号电竞(河滨路店)","address":"江苏省南京市浦口区文德路5号","phone":""},{"name":"踏浪网咖(浦东大厦店)","address":"泰西路2号浦东大厦三层T311","phone":"电话:18351830633"},{"name":"波波网咖","address":"马群新街23-25号","phone":"电话:025-84366299"},{"name":"青春飞扬网咖(江宁区科宁路店)","address":"科宁路179-181号","phone":"电话:025-87187313/13218032792"},{"name":"树呆熊电竞(龙湖南京江北天街店)","address":"文景路99号5幢2楼216室","phone":"电话:18951813686"},{"name":"西柚兔网咖(竹山路店)","address":"竹山路天元名苑1栋101-4室内","phone":"电话:18051017217"},{"name":"丁家山网吧","address":"丁家山路8号(扬子十村平顶山路30号附近)","phone":""},{"name":"网事无忧网咖","address":"诚信大道地铁站3B口步行320米","phone":"电话:18115187335"},{"name":"炫客网咖","address":"旭日爱上城第四区北区14幢","phone":"电话:18112970848"},{"name":"枫桥电竞(时代店)","address":"大桥北路桥北弘阳时代中心二期10栋302室","phone":"电话:18061200552"},{"name":"晴雨网咖·棋牌","address":"盘城后街38号盘城新居6栋一层6-10号","phone":"电话:18951770157"},{"name":"青春飞扬网咖(淡水湾店)","address":"钟阜路新门口底商18-6号","phone":""},{"name":"奇趣电竞(板桥店)","address":"南京市雨花台区风汇大道23号壹品居凤汇璟园9第二层03号","phone":""},{"name":"青春飞扬网咖(奥体大街艾玩尚店)","address":"双闸街道奥体大街177号环宇融侨广场二层210号(奥体中心南门)","phone":"电话:025-83379893"},{"name":"尚客优网咖","address":"盘城街道新华西路盘龙山庄46栋105","phone":"电话:17372761025"},{"name":"八角楼网咖(新民路店)","address":"五所村20号","phone":"电话:18013956908"},{"name":"南京Hero久竞电竞中心","address":"南京市栖霞区九龙山路与李家山路交叉路口往北约160米","phone":""},{"name":"宇飞网咖(天润城店)","address":"柳洲东路天润城7街区53栋101、102室","phone":"电话:18013956637"},{"name":"极遥电竞馆","address":"铁心桥大街36号蓝岸3G1幢106室","phone":""},{"name":"朵尔·爱电竞","address":"南京市雨花台区江南路天禧酒店西北门东侧约90米","phone":""},{"name":"虹云网咖","address":"水关桥438号-1","phone":"电话:13805164403"},{"name":"T·VINES藤蔓电竞(托米社区店)","address":"雨花西路210-1号(能仁里托米社区)二楼","phone":"电话:18626423634"},{"name":"康顺网咖","address":"解放路62-4号","phone":""},{"name":"星耀电竞","address":"江苏省南京市浦口区明滨路明发外滩广场","phone":"电话:18000500322"},{"name":"南京Hero久竞电竞中心","address":"南京经济技术开发区红枫科技园D1栋","phone":"电话:13057538348"},{"name":"异次元电竞(月苑店)","address":"江苏省南京市玄武区北苑东路1-7号","phone":"电话:15670979619"},{"name":"青春扬电竞馆","address":"南京市江宁区科宁路潭桥公寓-北园东南侧","phone":""},{"name":"潮品电竞","address":"南京市雨花台区软件大道宏图·上水庭院","phone":""},{"name":"魔域电竞","address":"南京市江宁区龙眠大道协众财富广场","phone":""},{"name":"电竞酒店网咖","address":"江苏省南京市浦口区白马路1号","phone":""},{"name":"魔羯电竞(苏馨店)","address":"南京市鼓楼区中央北路汽轮六村东北侧","phone":""}]