[{"name":"电竞","address":"安徽省芜湖市南陵县籍山镇鼎盛广场一期","phone":""},{"name":"休闲简餐电竞","address":"芜湖市繁昌区渡江大道中辰一品","phone":""},{"name":"佳友电竞棋牌馆(银湖南路店)","address":"银湖南路19-6号","phone":"电话:15357896179"},{"name":"西雅图网咖","address":"利民东路南苑小区2商铺A1~A3二层（金福来酒店旁）","phone":"电话:13309638222"},{"name":"雨玄电竞网咖(新芜商城店)","address":"新芜商城","phone":"电话:0553-8817928"},{"name":"哆啦电竞(公园大道店)","address":"云从路城东社区伟星公园大道S1号楼303号商铺","phone":"电话:0553-2885886"},{"name":"网鱼网咖·电竞(芜湖吾悦广场店)","address":"安徽省芜湖市镜湖区滨江社区芜湖华强吾悦广场","phone":"电话:15395397933"},{"name":"云行电竞网咖(锦宏府店)","address":"芜湖市锦宏府小区商业S11栋109号、二楼101-109号","phone":"电话:0553-6612222"},{"name":"网鱼网咖·电竞(芜湖中央城店)","address":"安徽省芜湖市弋江区花津南路中央城财富街4栋108号商铺2楼","phone":"电话:19965310430"},{"name":"苏可网吧","address":"四湾路157号东北方向180米","phone":"电话:18164418078"},{"name":"失控玩家电竞馆(吾悦广场店)","address":"长江中路华强吾悦广场二层2019-2020店铺","phone":"电话:17354274765"},{"name":"网鱼电竞(芜湖万悦城店)","address":"祥泰路数字文化创意产业园4楼","phone":"电话:19014447965"},{"name":"电竞会所(BOBO城店)","address":"芜湖市鸠江区尖山路奇瑞BOBO城9号门南侧约80米","phone":""},{"name":"网鱼电竞(芜湖安工程店)","address":"安徽省芜湖市鸠江区北京中路77号广告产业园","phone":"电话:18555357128"},{"name":"王者归来电竞(南瑞店)","address":"瑞湖南路南瑞商业街3号楼4层","phone":"电话:17756559598"},{"name":"星狐电竞","address":"经济技术开发区龙山新苑蓝领公寓1号楼3层","phone":"电话:17755304163"},{"name":"金旺角网吧(中央城店)","address":"中央城","phone":"电话:18226718422"},{"name":"华宇网咖·电竞·棋牌","address":"万春商业中心B1号楼102室（美的厨卫西门）","phone":"电话:13329039969"},{"name":"龙猫电竞网咖","address":"华山路商业街4号楼3楼","phone":"电话:0553-8237779"},{"name":"东临网苑","address":"梦溪路中梦双创产业园S2栋-3北侧","phone":"电话:18155335096"},{"name":"维尼亚网咖(万春店)","address":"经济开发区纬一次路万春新城财富广场1号楼201","phone":"电话:15055755588"},{"name":"星网咖(BOBO城店)","address":"经济技术开发区奇瑞BOBO城F31-02商铺(泰山路与尖山路交叉路口东北角)","phone":"电话:18956552222"},{"name":"简爱网咖","address":"文化路32号润翔商务中心一楼","phone":"电话:15357018375"},{"name":"章鱼电竞网咖","address":"芜湖市鸠江区迎江大道锦苑实验幼儿园(沈巷分园)西南侧约290米","phone":""},{"name":"梦幻电竞酒店网咖","address":"三山时代广场B-1号楼401室","phone":""},{"name":"柒月网咖","address":"湾新路与三元路交口华府天成16-1幢09室","phone":""},{"name":"千人网咖","address":"万春规划路万春公建带B栋二楼","phone":"电话:18010777771"},{"name":"趣尚网咖(芜湖金玺广场店)","address":"中南街道花津中路金玺广场2楼(沃尔玛电梯入口处)","phone":""},{"name":"云顶网咖俱乐部(宝能城店)","address":"宝能睿城项目商业3号04商铺2楼","phone":"电话:0553-5698881"},{"name":"网鱼网咖·电竞(芜湖古城店)","address":"大砻坊街道古城北大街2-29号","phone":"电话:17714399525"},{"name":"网鱼网咖·电竞(芜湖宜邻中心店)","address":"安徽省芜湖市镜湖区赭麓社区赭山中路宜邻中心","phone":"电话:15395397933"},{"name":"乐鱼网咖·电竞馆(汉爵阳明店)","address":"天门山东路与银湖中路交叉口东北角信达大厦一楼","phone":"电话:15309631716"},{"name":"江澜电竞馆","address":"芜湖市鸠江区通江大道","phone":""},{"name":"谜塔电竞(旭日天都店)","address":"旭日天都二组团3楼","phone":""},{"name":"鲨鱼网咖电竞宾馆(南瑞店)","address":"芜湖市南瑞街道西干路江城国际瑞虹苑32号楼4楼","phone":"电话:0553-3838029/15972864358"},{"name":"树呆熊网咖(芜湖大学城店)","address":"花津南路中央城2号楼301、302","phone":"电话:13956195817"},{"name":"爆炸猴电竞馆","address":"北京中路万达金街5102","phone":"电话:17755342886"},{"name":"魔树网咖(中央城店)","address":"澛港街道中央城财富街11号401室","phone":""},{"name":"极光网络会所","address":"九华北路大桥新城商业街A3007","phone":"电话:13865187030"},{"name":"星月网咖(澛港综合大市场步行街店)","address":"峨山东路47号","phone":"电话:18010770333"},{"name":"树呆熊网咖(芜湖张家山店)","address":"红光路鼎湖1816国际商业广场内","phone":"电话:15655387202/17730335168"},{"name":"谜塔电竞(中央城财富街店)","address":"中央城财富街1号楼201室","phone":"电话:05535861668"},{"name":"树呆熊网咖(苏宁广场店)","address":"长江中路92号雨耕山毕加索广场A栋负一层B003","phone":"电话:15656958741"},{"name":"转角一号网咖(波尔卡店)","address":"安徽省芜湖市鸠江区越秀路银湖波尔卡大街2号-01、2号-02","phone":"电话:17719450981"},{"name":"蓝爵网咖","address":"戈江北路万达广场6楼222室","phone":""},{"name":"柠萌网咖(步行街店)","address":"国货路24号速8酒店2楼（陡门巷与双桐巷交叉口景春花园23栋 ）","phone":"电话:13655598993"},{"name":"网鱼网咖·电竞(芜湖镜湖苏宁广场店)","address":"安徽省芜湖市镜湖区罗山街道中和路11号芜湖苏宁广场9层901B号商铺","phone":"电话:18010753391"},{"name":"头号玩家网咖","address":"荆江东路南侧糖烟酒2幢","phone":"电话:0553-8766499/18130376161"},{"name":"冬瓜网咖棋牌会所(融汇店)","address":"吉祥新村101-2B","phone":"电话:0553-5877168"},{"name":"WITH·未时网咖(中央城财富街店)","address":"花津南路中央城财富街9号501（罗森便利店三笙舍旁边观光电梯5楼）","phone":"电话:18019503742"},{"name":"卡帝亚网咖(中央城店)","address":"中央城财富街12号楼110室","phone":"电话:0553-5881201"},{"name":"黑兔电竞(芜湖五一广场高铁站店)","address":"芜湖市九华山路158号","phone":""},{"name":"网易网咖","address":"工农路与赭山西路交叉口东(团结三村综合楼8-20号门面房)","phone":"电话:15357896356"},{"name":"柠萌网咖(星隆国际店)","address":"星隆国际B座4楼T4号","phone":"电话:13359082590"},{"name":"浩宇网咖(齐落山路店)","address":"齐落山路银湖小区56号（奥然天成对面，公交车站旁）","phone":"电话:18010786875"},{"name":"芜湖星光电竞馆(波尔卡店)","address":"湾里街道港湾嘉园农贸综合楼4楼A区402号","phone":"电话:17355366815"},{"name":"空间一号网咖(名流印象店)","address":"长江中路名流印象伊丽莎白妇产医院一楼沿街","phone":"电话:17674325210"},{"name":"鲨鱼电竞棋牌会所(伟星万悦城店)","address":"安徽省芜湖市鸠江区官陡街道万悦城B座402室","phone":"电话:18955333331"},{"name":"树呆熊网咖(万悦城店)","address":"祥泰路万悦城","phone":"电话:17353728337"},{"name":"零点竞技网咖(时代广场店)","address":"三山经济开发区龙湖街道三山时代广场A1-302-1号商铺","phone":""},{"name":"乐游星网咖(天门山路店)","address":"银湖北路云龙阳光地带10号楼13号门面（轻轨天门山站2号出口）","phone":"电话:19355375250"},{"name":"电竞馆","address":"安徽芜湖市弋江区财富街2046号","phone":""},{"name":"飞华网吧(东部星城西区)","address":"东部星城西区21栋6门","phone":""},{"name":"2F网咖·电竞·棋牌","address":"东方龙城湛露苑S1-201","phone":"电话:17756514650"},{"name":"卓越网咖","address":"长江北路240号波尔卡国际花园44幢","phone":"电话:13329037736"},{"name":"锦程电竞网咖","address":"三山时代广场A3-3号（近扬子学校、领几3楼）","phone":"电话:15357029332"},{"name":"晨风网咖(锦秋园店)","address":"马仁山东路南瑞锦秋园2-10门面","phone":"电话:13395536880/18155382222"},{"name":"泰晤网咖(三山·时代广场店)","address":"三山经济开发区峨山西路时代广场D4号楼B区2楼","phone":"电话:18010794962"},{"name":"酷尚网咖(燕莎购物中心店)","address":"燕莎购物中心4楼","phone":"电话:19155398759"},{"name":"天马网咖(天门山东路店)","address":"天门山东路七星酒店正对面","phone":"电话:15375117111"},{"name":"PS动漫电竞馆(黄山园小区店)","address":"芜湖市镜湖区环城北路黄山园小区","phone":""},{"name":"四次元网络","address":"官陡街道赭山东路鑫海洋大酒店西侧楼2-4层（如家酒店旁）","phone":"电话:0553-2871605"},{"name":"大网咖","address":"湾里街道齐落山路工业园1号厂房2层(联大北门对面)","phone":"电话:15375119444"},{"name":"瑞莱斯电竞酒店(芜湖三山时代广场店)","address":"安徽省芜湖市弋江区经济开发区龙湖街道时代广场B4-302号","phone":""},{"name":"蓝巨星网咖棋牌(天门山西路店)","address":"香苑电门面子商贸街5幢13号1-2层","phone":"电话:0553-3855886"},{"name":"艾瑞斯电竞酒店(柏庄时代广场店)","address":"安徽省芜湖市弋江区九华南路800号万达广场","phone":""},{"name":"哆啦网咖(绿地新都会店)","address":"黄山东路绿地新都会商业C栋2楼207-217，228-230","phone":"电话:15395323128"},{"name":"哆啦网咖(飞宇专列店)","address":"华山路与九华北路路口","phone":"电话:18555323359"},{"name":"竞宾馆连锁网咖","address":"安徽省芜湖市弋江区南瑞公共服务中心马仁山东路275","phone":""},{"name":"超宇网吧","address":"芜湖中路9号","phone":"电话:15555310006"},{"name":"棋牌家网吧店","address":"范罗山街道名流印象一栋05室","phone":"电话:18855381666"},{"name":"网鱼电竞(芜湖鸠江新里城店)","address":"安徽省芜湖市龙山街道奇瑞新里城项目S05-405室","phone":""},{"name":"红buff网咖棋牌","address":"滨江公园南瑞街道江城国际瑞虹苑32号楼227-231","phone":"电话:19855366665"},{"name":"潮玩街区(万达店)","address":"万达广场3楼韩宫宴对面坐电梯上四楼","phone":""},{"name":"蟒夫电竞中心","address":"芜湖市弋江区花津南路中央城","phone":"电话:18019503742"},{"name":"战熊电竞馆","address":"芜湖市湾沚区三元路太平洋购物中心东侧约70米","phone":"电话:17718253215"},{"name":"第九区(三山星悦广场店)","address":"三山伟星星悦广场3楼","phone":"电话:13391333311"}]