[{"name":"星火电竞网咖(星电竞连锁)","address":"凤凰大道水木清华","phone":"电话:0858-8235338"},{"name":"星火电竞网咖(盛世花园店)","address":"德远城中湾畔","phone":"电话:0858-8237028/15599558300"},{"name":"品度网咖","address":"人民路夜郎大厦3楼18号铺","phone":""},{"name":"小熊网咖","address":"水西南路一号","phone":"电话:15519479123"},{"name":"星大陆网咖(派华花园店)","address":"荷泉街道大连路","phone":"电话:18685851999"},{"name":"加佳网咖","address":"荷泉路32号108室","phone":"电话:0858-8781010"},{"name":"蛋壳电竞馆","address":"钟山大道与德月路交叉路口","phone":"电话:13686973861/17585189871"},{"name":"星火电竞网咖(黄土坡店)","address":"钟山西路65号","phone":"电话:15599558300"},{"name":"环球网咖","address":"官厅新苑5号楼2楼","phone":""},{"name":"旺角电竞(帝都国际商业中心店)","address":"钟山大道大润发对面爱慕微KTV旁2楼","phone":"电话:0858-6526222/18586606222"},{"name":"天海电竞网咖","address":"钟山大道泰瑞花园川心小区老生活方式二楼","phone":"电话:15329289730"},{"name":"漫城电竞馆","address":"明湖新苑A栋1号楼","phone":"电话:13720268372"},{"name":"小鱼网咖","address":"广场路2号(川心小区附近)","phone":"电话:18085838177"},{"name":"星球电竞网咖(红岩路社区卫生服务站西)","address":"汪水路火车站站前广场右行35米（鸿运超市旁）","phone":"电话:13308582276"},{"name":"悦猫电竞","address":"钟山中路67号泰瑞大厦","phone":"电话:15121785555"},{"name":"名流电竞","address":"川心小区但家香酥鸭上三楼","phone":"电话:15550752456"},{"name":"一多电竞","address":"诚信路一号金兰湾小区202铺","phone":""},{"name":"D一多电竞","address":"欣欣花园7号楼201室","phone":"电话:18084288976"},{"name":"升潮电竞馆(环球购物广场店)","address":"环球购物广场二楼","phone":"电话:18985937565"},{"name":"星火电竞网咖(派华新都店)","address":"凤凰街道青峰路3号派华新都2号楼负一层01-02号商铺","phone":"电话:13002015632"},{"name":"乐风电竞(华逸公馆)","address":"华逸公馆大门左侧二楼","phone":"电话:15308580883"},{"name":"网侠战盟电竞馆(双水店)","address":"金山路金龙港小区2F号","phone":""},{"name":"爆猴PS5电竞馆","address":"六盘水市江源大厦19楼1907室","phone":""},{"name":"ONE电竞(印象城店)","address":"凤凰街道凉都大道与麒麟路交汇处东南侧凉都印象城6-7号楼106-107商铺","phone":"电话:13118586030"},{"name":"陌月电竞","address":"钟山大道与德宏路交叉口西60米","phone":""},{"name":"星之翼网咖","address":"大连路93号华飞新苑正大门","phone":""},{"name":"浣熊电竞(钟山大道店)","address":"六盘水市钟山中路96号201铺","phone":"电话:15585839116"},{"name":"摩根网咖","address":"红岩街道建设东路18号华飞大厦2层","phone":""},{"name":"六盘水闪电鱼电竞馆(纳电家园店)","address":"贵州省六盘水市钟山区月照街道纳电家园","phone":"电话:13765703568"},{"name":"小飞侠网咖","address":"钟山大道世纪雅苑3楼","phone":"电话:0858-6665588"},{"name":"捷龙网咖","address":"凉都大道5段水景花城11号楼","phone":"电话:15885391123"},{"name":"SOUL灵魂网咖","address":"钟山中路89号附201室","phone":"电话:18685482878/19985581588"},{"name":"维京传奇动漫游戏中心(六盘水店)","address":"龙井路星光汇2020街区","phone":"电话:15329588155"},{"name":"七度商务网络","address":"区府南路与沿河街交叉口东50米","phone":"电话:18085808020"},{"name":"星吧兔网咖(民生路店)","address":"民生路340号帝都新城5号楼","phone":"电话:15599558300"},{"name":"C·c电玩","address":"碧云路锦华新时代1期小龙坎火锅店隔壁（近万达商场）","phone":"电话:15597877070"},{"name":"智趣网咖(凤凰山店)","address":"花园路15号","phone":"电话:18985906076"},{"name":"NPC电玩俱乐部(广场店)","address":"大连路雨田酒店写字楼8楼803（近人民广场）","phone":"电话:18585781188/19384446606"},{"name":"电玩橙家庭娱乐中心(大润发店)","address":"钟山大道大润发超市三楼扶梯口（大润发楼上）","phone":"电话:17688995604"},{"name":"鑫羿电竞(恒维生活广场店)","address":"盛世华都","phone":"电话:13885827777"},{"name":"兄弟记忆主机游戏体验馆","address":"水木清华东门旁","phone":"电话:13158387799"},{"name":"大玩家(六盘水万达店)","address":"碧云路与麒麟路交汇处万达广场","phone":"电话:0858-2185156/0858-8766998"},{"name":"玩家国度电竞馆(广安大厦店)","address":"六盘水市钟山区水西南路恒盛花园-南园","phone":""},{"name":"大番薯电竞酒店","address":"凉都大道星筑中央公园C区3号楼1单元1806室","phone":""},{"name":"云逸宝摇杆游戏机(横店电影城大润发店)","address":"钟山大道与钢城大道交汇处的帝都新城二期1号楼大润发广场4楼横店电影城内大厅前台旁","phone":""},{"name":"云逸宝摇杆游戏机(星空影城六盘水凉都宫店)","address":"人民广场凉都宫3楼星空国际影城内大厅前台旁","phone":""}]