[{"name":"NB电竞网咖(堤口路店)","address":"堤口路东段32号","phone":"电话:15562535855"},{"name":"杰锐电竞(燕山新居店)","address":"坤顺路燕山新居南门往西50米路北","phone":"电话:13606407583"},{"name":"考拉电竞(中新国际城店)","address":"世纪大道中新国际城东1区S2-1-110","phone":"电话:15966669668"},{"name":"网鱼网咖·电竞(济南章丘大学城店)","address":"山东省济南市章丘区文汇路秀水如意商城3308号","phone":"电话:15689737788"},{"name":"168电竞网咖(绿地城一店)","address":"唐冶西路绿地城新希望花园B区13号楼1-104商铺","phone":"电话:13376446560"},{"name":"宜博电竞馆(华龙店)","address":"华能路110号","phone":"电话:13276446821"},{"name":"丽豪电竞(土屋路店)","address":"土屋路16-3号2层","phone":"电话:15550000060"},{"name":"168电竞网咖(银丰唐郡店)","address":"银丰唐郡紫薇园2452号商铺（土河东路与邢村街交叉口北70米）","phone":"电话:13969185111"},{"name":"云猫电竞(章丘店)","address":"济南市章丘区经十东路章丘青年创业创新园","phone":"电话:053168786887"},{"name":"网猫电竞(唐冶海潮汇店)","address":"海潮汇网猫电竞","phone":"电话:15665783555"},{"name":"鳄鱼电竞","address":"寄母山路028号凤凰小区西门北10米路东","phone":"电话:15006818884"},{"name":"新视界电竞","address":"济南市莱芜区汇源大街莱芜汽车总站","phone":""},{"name":"卓众电竞(莱芜汽车站店)","address":"顺河大街206号新汽车站沿街楼车辆入口西侧","phone":"电话:18953415666"},{"name":"ctop电竞馆旗舰店(中舜鲁中国际店)","address":"鲁中东大街108号中舜鲁中国际2栋203（近北门）","phone":""},{"name":"C-TOP电竞馆(碧桂园旗舰店)","address":"碧桂园·天樾24号楼","phone":""},{"name":"C-TOP电竞馆颐高旗舰店","address":"济南市莱芜区柳家店街建设大厦北侧约30米","phone":""},{"name":"拳头电竞(国贸店)","address":"凤城西大街62号二楼","phone":"电话:19863423882"},{"name":"ctop电竞馆(吴良材眼镜店)","address":"山东省济南市莱芜区凤城西大街105号吴良材眼镜二楼","phone":"电话:13563480015"},{"name":"永乐电竞","address":"山东省济南市莱芜区凤城西大街96号老电影院旅发印象城2楼","phone":"电话:13031755123"},{"name":"蓝梦网吧(财源街店)","address":"财源街67号","phone":""},{"name":"河马电竞","address":"济南市莱芜区龙潭东大街福龙小区南侧约110米","phone":""},{"name":"新视界网咖","address":"加州步行街南1031号","phone":"电话:13676344159"},{"name":"怡电竞CLUB","address":"济南市莱芜区凤翔路济南市莱芜人民医院西侧约160米","phone":""},{"name":"宜博电竞馆(世纪城店)","address":"山东省济南市莱芜区鹏泉街道世纪城50幢100号","phone":"电话:13963466697"},{"name":"网兜网咖","address":"凤翔路与凤城西大街交叉口北80米","phone":""},{"name":"云逸宝摇杆游戏机(万达影城店)","address":"济南市莱芜区文化北路21号城发广场负二层店内大厅前台边上","phone":""},{"name":"渔乐电玩城","address":"济南市莱芜区兴隆街汉庭酒店(济南莱芜银座商城店)东南侧约30米","phone":""},{"name":"套一生圈一世(茂业店)","address":"文化南路茂业负一层","phone":""},{"name":"沃克公园电玩城(赢昊鲁商广场店)","address":"龙潭西大街赢昊鲁商广场2楼206-208商铺","phone":"电话:18963446108"},{"name":"星际电玩城(银座商城莱芜店)","address":"山东省济南市莱芜区文化南路8号银座商城B1","phone":""},{"name":"云逸宝摇杆游戏机(山文星辉影城莱芜银座店)","address":"文化南路8号银座商城5楼鲁信影城内大厅前台旁","phone":""},{"name":"欣宇电竞酒店(莱芜汽车站店)","address":"莱芜高新区程故事一品巷","phone":""},{"name":"采力蜂宣博电竞","address":"济南市莱芜区莱芜世纪城","phone":""}]