[{"name":"章鱼电竞","address":"巨龙南路与绿园路交叉口北220米","phone":"电话:19051222627"},{"name":"驿凡电竞网咖","address":"金陵国际广场C2号楼202商铺","phone":"电话:18361883368"},{"name":"北斗电竞","address":"黄海路32号金陵国际广场C7号楼104.105.106商铺","phone":"电话:18121602888"},{"name":"翔龙电竞","address":"伊山镇","phone":"电话:18905120686"},{"name":"战狼电竞(千禧店)","address":"江苏省连云港市海州区朝阳西路100号","phone":""},{"name":"虎猫电竞(伊山南路店)","address":"伊山南路88-5号","phone":"电话:15618864761"},{"name":"网鱼网咖·电竞(人民中路店)","address":"百汇步行街人民中路15号（新安镇人民桥东星光大道KTV2楼）","phone":"电话:19941801121"},{"name":"e尚电竞(东关路店)","address":"江苏省连云港市赣榆区东关路63号","phone":"电话:15371667888"},{"name":"网鱼网咖·电竞(连云港南极路店)","address":"南极北路118号海友酒店3楼","phone":"电话:17751698399"},{"name":"章鱼电竞(金网路店)","address":"巨龙南路中房鑫城4号门面房","phone":"电话:18036691267"},{"name":"悠漫网咖(汇丰店)","address":"通灌北路198号","phone":"电话:15396996555"},{"name":"网上飞网咖(兆隆大厦店)","address":"通灌南路75-17号兆隆大厦二层","phone":""},{"name":"魔蜥电竞馆","address":"苍梧路同科汇丰国际53号","phone":"电话:15161307903/15366666543"},{"name":"万乐电竞馆(水星店)","address":"中山西路267号星程酒店二楼","phone":"电话:15371437928"},{"name":"一品网咖·极游电竞(同科店)","address":"苍梧路47-17号","phone":"电话:17305121115"},{"name":"游戏猫电竞馆(嘉瑞宝广场店)","address":"连云港市连云区中山西路111号嘉瑞宝广场F2","phone":"电话:18552210124"},{"name":"大森林网吧(栖霞路步行街店)","address":"中韩商品城二楼","phone":""},{"name":"七橙网咖·棋牌","address":"墟沟街道院前路16号(乐客KTV4楼)","phone":"电话:13611555666"},{"name":"花猫电竞","address":"连云港市连云区徐圩新区口岸服务中心4号楼17.18.19号商铺","phone":"电话:18052333628"},{"name":"兴隆网咖(双拥路店)","address":"航空路88号","phone":""},{"name":"鸿雁网咖(海州店)","address":"中大街与马路口交汇南行50米路西","phone":""},{"name":"流沙河电竞酒店(连云港大学城店)","address":"连云港市花果山北路176号","phone":""},{"name":"天空之城游乐体验世界(海州吾悦广场店)","address":"秦东门大街吾悦广场二层Z09号","phone":"电话:0518-85825868"},{"name":"网鱼电竞(连云港郁洲府店)","address":"江苏省连云港市海州区新东街道陇海东路58-1-401号","phone":"电话:17751697388"},{"name":"网上游电竞辉煌店","address":"江苏省连云港市海州区海连中路54号","phone":""},{"name":"大玩家(连云港万达店)","address":"凌州路7号万达广场二楼","phone":"电话:15811748761"},{"name":"熊猫电玩PS5·PS4·SWITCH","address":"文昌路同科五号公寓2楼228室","phone":""},{"name":"一同潮玩泛娱乐体验中心(苏宁广场店)","address":"通灌北路58号苏宁广场第3层第301号商铺","phone":"电话:18052302019"},{"name":"五洲电竞(极星店)","address":"巨龙北路57-1号","phone":""},{"name":"万达宝贝王(连云港海州万达广场店)","address":"凌州东路7号海州万达广场1F层1F_B-1","phone":"电话:15190477586"}]