[{"name":"淘宝网网咖电竞生活馆","address":"台湾省高雄市前镇区民权二路378号","phone":""},{"name":"大都会网咖至真店","address":"台湾省高雄市左营区至真路230号","phone":""},{"name":"凤林网电竞馆","address":"台湾省高雄市凤山区中山东路56号","phone":""},{"name":"大都会网路电竞馆(凤山文滨店)","address":"台湾省高雄市凤山区文滨路142号","phone":""},{"name":"曜越电竞馆","address":"台湾省高雄市新兴区中山一路2号","phone":""},{"name":"大都会网路电竞馆(高雄三多店)","address":"台湾省高雄市前镇区三多三路21号","phone":""},{"name":"北半球电竞馆","address":"台湾省高雄市楠梓区加昌路725-4号","phone":""},{"name":"大都会网路电竞馆(高雄十全店)","address":"台湾省高雄市三民区十全一路41号","phone":""},{"name":"台湾网电竞馆","address":"台湾省高雄市左营区裕诚路439号","phone":""},{"name":"曜越TteSPORTS电竞馆","address":"台湾省高雄市三民区天祥一路102号","phone":""},{"name":"曜越TteSPORTS电竞馆","address":"台湾省高雄市三民区天祥一路102号","phone":""},{"name":"堀江电竞馆天祥店 - 网咖","address":"台湾省高雄市三民区天祥一路102号","phone":""},{"name":"大都会网路电竞馆-(宏平店)","address":"台湾省高雄市小港区金府路104号2楼号","phone":""},{"name":"领航者电竞人文 -(林森店)","address":"台湾省高雄市新兴区林森一路267号","phone":""},{"name":"台湾网电竞馆(右昌店)","address":"台湾省高雄市楠梓区右昌街421号1楼","phone":""},{"name":"大都会网路电竞馆(建工店)","address":"台湾省高雄市三民区建工路630号","phone":""},{"name":"TESL高雄电竞馆","address":"80248台湾高雄市苓雅區海邊路15號第五棟","phone":"电话:+886-7-2693828"},{"name":"北半球电竞馆-楠梓加昌店","address":"811台湾高雄市楠梓區加昌路725-4號","phone":""},{"name":"北半球电竞馆-凤山旗舰店","address":"830台湾高雄市鳳山區青年路二段255號","phone":""},{"name":"凤林网电竞馆-附设撞球","address":"2樓, No. 56號中山東路鳳山區高雄市台湾830","phone":""},{"name":"北半球电竞馆-凤山旗舰店","address":"830台湾高雄市鳳山區青年路二段255號","phone":""},{"name":"TESL高雄电竞馆","address":"80248台湾高雄市苓雅區海邊路15號第五棟","phone":"电话:+886-7-2693828"},{"name":"3C筆電電競館","address":"807高雄市三民區建國二路109-17號","phone":""},{"name":"電競館","address":"830台湾高雄市凤山区","phone":""},{"name":"追光科技-专业电竞主机贩售","address":"813台湾高雄市左營區翠華路603號1樓","phone":""},{"name":"程发电脑-客制化电竞主机","address":"81306台湾高雄市左營區華夏路588號","phone":""},{"name":"巧迪兒童成長書桌椅-人體工學椅-電競桌椅【左營門市】","address":"813台湾高雄市左營區孔營路74號","phone":"电话:+886-7-5886937"},{"name":"戰魂電競培訓館","address":"台湾高雄市806捷運獅甲站三號出口4號店鋪","phone":""},{"name":"樂學兒童成長書桌椅-電競電腦桌椅-人體工學椅【楠梓門市】","address":"811台湾高雄市楠梓區土庫路36號","phone":""},{"name":"巧迪兒童成長書桌椅-人體工學椅-電競桌椅【鳥松工廠】","address":"83346台湾高雄市鳥松區美山路100-2號","phone":"电话:+886-7-7355817"},{"name":"程发电脑-客制化电竞主机","address":"81306台湾高雄市左營區華夏路588號","phone":""},{"name":"祥益科技 SY.Technology專業電腦 高雄店- 電腦組裝維修 升級 專業價格評價推薦 電競主機 周邊 水冷電腦 PTT Dcard","address":"830台湾高雄市鳳山區林森路249-1號","phone":""},{"name":"MSI高雄電競館 (MSI、ASUS、ROG、acer、Predator、HP、技嘉) 3C筆電賣場 來店前可以先電話預約","address":"807台湾高雄市三民區建國二路109-17號","phone":""},{"name":"高雄辦公家具推薦【888創意生活館-倉庫】OA屏風鐵櫃辦公椅圖櫃昇降電腦桌電競椅電腦椅推薦","address":"1f, No. 29-3號文西街16巷鳳山區高雄市台湾830","phone":""},{"name":"高雄辦公家具OA屏風推薦【Hi家居】鳳山沙發床墊-隔間系統櫥櫃-(昇降桌辦公椅電競椅鐵櫃白板會議桌裝潢)電腦椅辦公桌工廠直營大統家具","address":"830台湾高雄市鳳山區八德路293號1F","phone":""},{"name":"巧迪兒童成長書桌椅-人體工學椅-電競桌椅【渤海門市】","address":"800台湾高雄市新興區渤海街193號","phone":"电话:+886-7-2227189"},{"name":"巧迪兒童成長書桌椅-人體工學椅-電競桌椅【渤海門市】","address":"800台湾高雄市新興區渤海街193號","phone":"电话:+886-7-2227189"},{"name":"欣亚电脑量贩","address":"台湾省高雄市三民区建国二路119号","phone":""},{"name":"大江户电子竞技活动中心","address":"台湾省高雄市三民区十全一路161号","phone":""}]