[{"name":"英豪电竞","address":"孔明街8号","phone":"电话:15138790056"},{"name":"自由电竞","address":"兰台嘉苑南门西70米","phone":"电话:15660632623"},{"name":"龙胜电竞","address":"爽明街口2号楼","phone":""},{"name":"洛阳solo网游竞技(富雅广场店)","address":"王成大道与中州中路交叉口富雅东方B座二楼","phone":"电话:0379-63310777"},{"name":"山猫电竞","address":"河南省洛阳市偃师区商城街道上海商贸城F1-212号","phone":"电话:13461089997"},{"name":"日月明电竞","address":"刘伶路金凤凰时代3号楼金福酒店对面","phone":"电话:18638873666"},{"name":"花卷电竞","address":"相国大道与永嘉路交叉口西北角底商11号","phone":"电话:15838220122"},{"name":"联盟网咖(洛阳总店)","address":"步行街购物中心3层","phone":"电话:0379-63603382/13849994003"},{"name":"休闲电竞","address":"洛阳市偃师区商都西路偃师第四人民医院东南侧约110米","phone":""},{"name":"SOLO电子竞技(奥斯卡广场店)","address":"奥斯卡影城(景华路店)25-3号","phone":"电话:0379-69951168"},{"name":"SOLO电竞柠檬店(柠檬店)","address":"长兴街中弘湖滨花园13号楼10.11.12","phone":"电话:0379-62210168"},{"name":"华腾网络(未来店)","address":"河南省洛阳市涧西区中州西路22号畅元大厦2层","phone":"电话:19937970958"},{"name":"三善电竞天宇店","address":"春都东路11号门面房","phone":"电话:15538892276"},{"name":"星空电竞(奥体花城店)","address":"奥体花城C区西南门南80米","phone":"电话:13838168874"},{"name":"DC电竞","address":"春都路尊享简一商务酒店旁","phone":"电话:0379-61118885/18903799508"},{"name":"SOLO电竞(银川路店)","address":"银川路丽春佳园裙楼","phone":"电话:0379-69952168/18623760637"},{"name":"SOLO电竞乘浪店","address":"河南省洛阳市涧西区创业路街道碧桃路1号嘉汇城小区6号楼6-1-201、202、6-2-201、202","phone":"电话:0379-65916168/13639885553"},{"name":"君临网咖电竞馆(纱厂南路店)","address":"纱厂南路71号B1层","phone":"电话:13938822562"},{"name":"SOLO电竞网咖(东区店)","address":"二路城市名家9号楼楼下","phone":"电话:0379-60600505"},{"name":"Solo电竞(开元店)","address":"开元大道与新伊大街交叉口中浩德开元壹号祥锐广场2楼","phone":""},{"name":"洛邑电竞悠悠店(中浩德·开元壹号店)","address":"开元大道与长夏门街交叉口北100米开元壹号11-13商铺","phone":"电话:13525416660"},{"name":"赛尔电竞","address":"李村镇新源路玉泉嘉苑13号楼109号商铺2楼","phone":"电话:15036741580"},{"name":"壹号电竞","address":"嘉苑社区东组团沿街商铺25-107室","phone":"电话:13526919197"},{"name":"SOLO电竞(纱厂路店)","address":"纱厂北路23号院白马华庭1栋201-2","phone":"电话:0379-63211168"},{"name":"悠悠电竞","address":"关林路唐城御府25栋楼第15-16-17号1层","phone":""},{"name":"洛邑电竞","address":"洛阳市瀍河回族区利民南街荣森绿色家园东南侧约50米","phone":""},{"name":"酷熊电竞","address":"洛阳市洛龙区龙祥街文庭雅苑(龙祥祥和苑)","phone":""},{"name":"振立电竞","address":"中州东路138号西南方向90米","phone":""},{"name":"星途·轻奢电竞","address":"亿江·龙祥城东南(锦龙大道西)","phone":"电话:18939006579"},{"name":"腾游电竞馆","address":"洛阳市涧西区九都西路中弘中央广场","phone":""},{"name":"绿色家园网咖","address":"开元大道德园小区北门06号(德园北门东)","phone":"电话:18303687323"},{"name":"麦克斯电竞(升龙店)","address":"兴旺路与健康西路交叉口北40米","phone":""},{"name":"忆点网咖","address":"纱厂北路37号","phone":"电话:17396381629/18103887119"},{"name":"英皇电竞(岳滩店)","address":"盛江红强摩托车有限公司南门西60米","phone":""},{"name":"虎牙电竞(玉泉新零售街区店)","address":"河南省洛阳市洛龙区李村街道玉泉新零售街区","phone":""},{"name":"弈贰电竞(洛阳正大广场店)","address":"正大广场3楼东区22-25","phone":""},{"name":"天地游网咖","address":"华夏路与丰润路交汇处东100米路北正东方向190米","phone":"电话:15937974137"},{"name":"星际网吧(西工店)","address":"临涧路西工区临涧南路26号院","phone":""},{"name":"博弈电子竞技","address":"道南路81号(洛阳火车站地铁站A口旁)","phone":"电话:15978603011"},{"name":"TT电竞网咖(掘丁路店)","address":"掘丁路与S320交叉口马家牛肉汤旁","phone":""},{"name":"揽胜电竞","address":"洛阳市西工区中州中路287号B1楼","phone":""},{"name":"自由春光电竞(711便利店)","address":"上海市场5号楼三楼","phone":""},{"name":"solo电竞网咖(宜阳店)","address":"河南省洛阳市宜阳县兴宜西路6号锦桥国际三楼","phone":"电话:18937970693"},{"name":"枫叶网咖(南昌路店)","address":"南昌路锦茂国际大厦宝视达眼镜隔壁","phone":"电话:13383896356/19939893078"},{"name":"超越网咖","address":"学子街4-04号","phone":"电话:13333790352"},{"name":"华腾网络(西苑路店)","address":"龙鳞路与西苑路交叉口(长安路地铁站A口步行50米)","phone":"电话:19937970968"},{"name":"华腾电竞(滔普一店)","address":"洛阳市涧西区珠江路洛铜铜城小区-南区东侧","phone":"电话:19913798719"},{"name":"电竞馆","address":"洛阳市新安县滨河路与学院路交叉路口往南约60米","phone":""},{"name":"菜鸟电竞柚子网吧","address":"河南省洛阳市洛龙区福民巷福民嘉苑韩村社区","phone":""},{"name":"巨力网咖","address":"关林庙派出所斜对面","phone":"电话:13213602333"},{"name":"悠悠电竞","address":"河南省洛阳市洛龙区宜人路与龙门大道交叉路口往西约50米","phone":"电话:13525416660"},{"name":"A+网络生活馆","address":"人民北路幸福数电器2楼","phone":"电话:0379-60661876/17739089807"},{"name":"龙泉网咖(南新安街店)","address":"南新安街14号","phone":"电话:13526915692"},{"name":"风铃网咖","address":"河南省洛阳市瀍河回族区东关大街221号","phone":"电话:18637959049"},{"name":"华腾网络(纵横店)","address":"河南省洛阳市老城区北大街183号","phone":"电话:0379-63989598"},{"name":"杰拉网咖(红杉树店)","address":"联盟路与郑州路交叉口南村村委会旁","phone":"电话:18603793959"},{"name":"炫风电竞","address":"万海国际广场农商银行二楼","phone":""},{"name":"瀚海电竞(上海市场店)","address":"洛阳市青岛路29号美伦天鹅堡(广州市场、牡丹广场、万达广场)","phone":"电话:0379-63933566/18603793308"},{"name":"唯肯电竞","address":"河南省洛阳市涧西区中州西路5号","phone":"电话:18137976611"},{"name":"老地方电竞","address":"河南省洛阳市孟津区麻屯镇九里渡小碗菜二楼","phone":"电话:18537939512"},{"name":"漫威电竞(纱厂东路店)","address":"河南省洛阳市西工区纱厂东路4号","phone":"电话:15036493123"},{"name":"壹号电竞(政和路店)","address":"政和路丹尼斯二层（政和路与金城寨街交叉口）","phone":"电话:18538888257"},{"name":"振立电竞","address":"中州东路138号西南方向90米","phone":""},{"name":"FB公社·剧本游戏·台球·电竞(涧西七里河店)","address":"长春路街道黄河路9号院","phone":"电话:13598452235"},{"name":"三善电竞(洛龙总店)","address":"开元大道与学子街交叉口向北50米路东(大曌国际1层)","phone":""},{"name":"星途·轻奢电竞","address":"亿江·龙祥城东南(锦龙大道西)","phone":"电话:18939006579"},{"name":"solo电竞网咖(宜阳店)","address":"河南省洛阳市宜阳县兴宜西路6号锦桥国际三楼","phone":"电话:18937970693"},{"name":"全明星国潮电竞(银川路店)","address":"银川路丽春佳园西南侧","phone":"电话:17337933306"},{"name":"华腾电竞(万象店)","address":"符家屯东路云鼎假日大酒店南侧约40米","phone":""},{"name":"DC电竞(春都路店)","address":"春都路尊享简一商务酒店旁","phone":""},{"name":"瀚海电竞酒店(万达广场店)","address":"河南省洛阳市涧西区珠江路洛浦春晓1号楼1楼","phone":"电话:15538805085"},{"name":"三人行电竞网咖","address":"城关街道伊尹路与景秀路交叉口西南角恒辉集团5楼501","phone":""},{"name":"洛邑网咖大鹏连锁","address":"经济技术开发区太康路东段369号恒生科技园","phone":""},{"name":"电竞风办","address":"洛阳市宜阳县兴宜西路天通城东北侧约40米","phone":""},{"name":"树先生电竞","address":"洛阳市伊川县杜康大道新纪元公寓东侧约90米","phone":""},{"name":"易凡电竞","address":"河南省洛阳市洛龙区古城街道奥体花城-西区","phone":""},{"name":"咖秀电竞俱乐部","address":"洛阳市洛龙区东林路洛阳经济技术开发区寇店镇人民政府东北侧约110米","phone":""},{"name":"鲨鱼电竞馆(利民南街店)","address":"河南省洛阳市瀍河回族区利民南街4-104号","phone":"电话:18937930233"},{"name":"英皇电竞馆","address":"洛阳市洛龙区东林路洛阳经济技术开发区寇店镇人民政府东北侧约30米","phone":"电话:13756669541"},{"name":"战略网络(万里行店)","address":"龙鳞路166号","phone":"电话:13937976119"},{"name":"博奥电竞","address":"伊电大道126号","phone":"电话:13783179872"},{"name":"碧水湾网络会所","address":"魏紫路碧水湾19号楼19-9110二层","phone":"电话:18638355540"},{"name":"金鑫电竞","address":"正泰嘉苑南院北门东北80米","phone":"电话:18317550103"},{"name":"菜鸟电竞","address":"河南省洛阳市偃师区S320美合花园南侧约60米","phone":"电话:15290582891"},{"name":"瑶瑶网咖","address":"浅井南路与丽春路交叉口南100米中富锦园东150米","phone":"电话:18737910556"},{"name":"理享电竞馆","address":"城关街道人民东路31号二楼","phone":"电话:19937930002"},{"name":"AOC电竞馆","address":"洛阳市西工区九都中路香榭里·阳光-南区","phone":""},{"name":"怡娜电竞(正义街店)","address":"中州东路与正义街交叉口","phone":"电话:18137951107"},{"name":"SOLO电竞(应天门店)","address":"凯旋东路24号云鹏海天二楼","phone":"电话:0379-63210168"},{"name":"solo电竞(汉屯路店)","address":"纱厂南路33号院置隆花园10号楼201室","phone":"电话:0379-63199168"},{"name":"星空网咖(人民北路店)","address":"红旗中路13号宜阳百货大楼F1层","phone":"电话:15393722278"},{"name":"慕名网咖","address":"文化路18-1号(锦花购物广场西北门南50米)","phone":""},{"name":"斑马电竞馆","address":"洛阳市洛龙区东林路洛阳经济技术开发区寇店镇人民政府东北侧约30米","phone":""},{"name":"雪浪网吧(军民南路店)","address":"中师西大街与军民南路交叉口西南50米","phone":"电话:15090166601"},{"name":"GT电竞","address":"洛阳市偃师区光上路","phone":""},{"name":"粟乐电竞","address":"洛阳市洛龙区展览路中弘·开阳花园","phone":""},{"name":"三善电竞·BOSS店","address":"武汉路南华商业街中弘卓越1号门隔壁","phone":"电话:0379-60688676/15538563451"},{"name":"洛阳瀍河永新网络","address":"中州东路21号","phone":""},{"name":"万花筒电竞(亚威金城高明园店)","address":"河南省洛阳市老城区北大街22号工商银行2楼","phone":""},{"name":"zm电竞馆网咖","address":"利民南街60-1号","phone":"电话:13353799995"},{"name":"solo电竞(宜人路店)","address":"宜人路与广利街交叉口帝都国际城西区206号商铺","phone":"电话:65915168"},{"name":"凯锐电竞(麻屯分店)","address":"建业路与文化路交叉口南100米","phone":"电话:18588888888"},{"name":"大地电竞","address":"洛阳市伊川县杜康大道龙腾·名流居","phone":""},{"name":"雲海电竞","address":"顾龙线偃师火神凹名优家电城附近","phone":"电话:15713795009"},{"name":"冲浪电竞","address":"唐宫西路与金谷园路交叉口北200米路东","phone":"电话:17633997310"},{"name":"红叶电竞(七一路店)","address":"七一路20号","phone":"电话:15517956185"},{"name":"极速电竞咖啡馆(银川路店)","address":"乐山路与银川路口","phone":""},{"name":"博艺网咖电竞馆","address":"顺城东街红星幼儿园(兴华南路)东侧约100米","phone":"电话:15036584833"},{"name":"SOLO电竞漫客店","address":"牡丹大道与广利街交叉口龙康B区1号商铺","phone":"电话:0379-65916888"},{"name":"提莫电竞(北大街店)","address":"文华园图书馆北街7-2号","phone":"电话:0379-68851566"},{"name":"元π·CC电竞网咖","address":"国花宝居18号楼104室","phone":""},{"name":"摩卡网咖(青滇路店)","address":"青滇路48号(长安路地铁站C口步行300米)","phone":"电话:0379-62209999"},{"name":"AK电竞(新都汇购物公园店)","address":"河南省洛阳市西工区解放路56号新都汇三楼AK电竞","phone":"电话:15538573655"},{"name":"乐尚电竞","address":"洛阳市瀍河回族区启明西路面粉厂家属院","phone":""},{"name":"酷网电竞","address":"洛阳市伊川县杜康大道伊川县城关镇小红花幼儿园(盛隆·怡泊园东)西侧约60米","phone":""},{"name":"DC电竞(郑州路店)","address":"洛阳市涧西区郑州路万熹·翠城西侧约40米","phone":"电话:17613989171"},{"name":"提莫电竞(春都路店)","address":"洛阳市瀍河回族区春都路小火车双语幼儿园东南侧","phone":""}]