[{"name":"新来迪电竞网咖","address":"民族学院后街","phone":"电话:18173039899"},{"name":"萨诺电竞网咖","address":"大众北路85号","phone":"电话:18274101575"},{"name":"无忧电竞(洛王店)","address":"岳阳市岳阳楼区冷水铺路东腾花园第十门面","phone":"电话:13975025306"},{"name":"沙巴克电竞","address":"湖南省岳阳市岳阳县十二公里杰城财富广场二楼","phone":"电话:17347525299"},{"name":"天空电竞","address":"湖南省岳阳市岳阳楼区北港路154号","phone":""},{"name":"老街电竞","address":"湖南省岳阳市湘阴县G240","phone":""},{"name":"星空电竞","address":"长安中路步步高超市对面","phone":""},{"name":"無同电竞馆","address":"旭园路新电园小区对面良品铺子楼上（近旭园路一医院东院）","phone":"电话:15700826666"},{"name":"四友电竞(富兴嘉城店)","address":"富兴嘉城2栋","phone":"电话:18390008484"},{"name":"嘉行娱乐·新主流电竞","address":"金鹗东路46号","phone":"电话:13975004310"},{"name":"零度电竞(新英雄店)","address":"巴陵中路","phone":""},{"name":"东宇电竞(旗舰店)","address":"巴陵中路交警大队东侧戴斯酒店1楼门面（戴斯酒店）","phone":"电话:19021008329"},{"name":"东宇电竞·网吧·网咖(沙巴克店)","address":"五里牌路38号","phone":"电话:17873036666/19106065932"},{"name":"佰盟电竞馆(东茅岭店)","address":"东茅岭路97号印象弘明入口处","phone":"电话:16673059064"},{"name":"狂潮电竞(550)","address":"青年东路富兴康城兴悦花园二期3栋211-215号","phone":""},{"name":"你的电竞馆(理工店)","address":"奇家岭街湖南理工学院-北院南侧约50米","phone":"电话:18873003913"},{"name":"盛唐电竞馆","address":"学院路许家桥巷284号（湖南理工学院南院对面巷口）","phone":"电话:15073058372"},{"name":"三联电竞馆","address":"云梦路215号","phone":""},{"name":"潮人电竞(东站店)","address":"岳阳市岳阳楼区云峰路君临国际新城","phone":"电话:15773008338"},{"name":"无忧网咖(冯家畈店)","address":"白石岭南路中南大市场F区1栋103-106号门面","phone":"电话:18173003076"},{"name":"嘉悦电竞","address":"花果畈路285号","phone":""},{"name":"小熊电竞馆(云岭店)","address":"巴陵东路与分水垄路交叉口","phone":"电话:17773020637"},{"name":"潮人电竞(朋友圈店)","address":"火车站站前路136号","phone":"电话:15773008338"},{"name":"EZ电竞馆(康岳店)","address":"长虹路俊龙大厦203-205号（康岳社区四网格）","phone":"电话:18173099250/19918028889"},{"name":"EZ网咖·超越店(超越店)","address":"新居巷南院坡小区西侧","phone":"电话:15173048796"},{"name":"摩登电竞(理工米米店)","address":"岳阳市岳阳楼区长檀社区檀树组还建点丙区2排1-2号","phone":""},{"name":"新超越网吧(白杨坡路)","address":"天伦城白杨坡路湘隆园","phone":"电话:18207301114"},{"name":"摩登电竞(罗鳗店)","address":"东茅岭路390号（五里牌政务服务中心右前方）","phone":""},{"name":"摩登电竞(岳阳美食街店)","address":"香洲名都南园东门北70米","phone":"电话:15173007777"},{"name":"东乐网咖(富兴鹏城店)","address":"青年东路富兴鹏城","phone":"电话:15675000095"},{"name":"摩登电竞(岳阳美食街店)","address":"香洲名都南园东门北70米","phone":"电话:15173007777"},{"name":"东乐网咖(富兴鹏城店)","address":"青年东路富兴鹏城","phone":"电话:15675000095"},{"name":"电竞馆","address":"岳阳市岳阳楼区金星路山语湖","phone":""},{"name":"狂潮电竞(汇景城店)","address":"湖南省岳阳市岳阳楼区通海北路90号汇景城3栋201","phone":"电话:17752829796"},{"name":"潮人电竞(富川鸿景园店)","address":"望岳路富川·鸿景园","phone":"电话:15773008338"},{"name":"黑巢网咖(大润发金街店)","address":"青年路与建湘路交汇处郁金香街018栋204号商铺","phone":"电话:18682073190"},{"name":"商业城网咖","address":"东茅岭街道岳阳商业城","phone":"电话:18073005671"},{"name":"七剑动漫城网咖","address":"冷水铺路红日社区7栋2楼","phone":"电话:18773080168"},{"name":"东宇网咖(陌陌店)","address":"站前路566号","phone":"电话:0730-8566711"},{"name":"橙果网络生活馆","address":"站前街道巴陵中路648号兴天大酒店负一楼","phone":"电话:18073055817"},{"name":"橙果网络生活馆","address":"站前街道巴陵中路648号兴天大酒店负一楼","phone":"电话:18073055817"},{"name":"嘉行娱乐·黑马电竞馆","address":"冷水辅路洛王社区综合楼自南往北第六至十号门面二楼","phone":""},{"name":"叁木电竞沐沐店","address":"冷水铺路437号2楼洛王新天地对面","phone":""},{"name":"九一网咖","address":"奇家岭街道职院致富街","phone":"电话:13786013666/19106079329"},{"name":"小熊电玩咖PS5·Switch主机游戏","address":"巴陵西路步行街衣佳惠4楼（塔克堡）","phone":"电话:17382070480"},{"name":"心悦电竞网咖","address":"湖南省岳阳市岳阳县新开镇湖南石油化工职业技术学院斜对面","phone":""},{"name":"黑巢网络生活馆","address":"青年路与建湘路交汇处天伦国际C2小区019栋103号","phone":"电话:18975064487"},{"name":"雨果网咖","address":"五里牌谭家大排档旁巷子10米","phone":"电话:15616589616"},{"name":"嘉行娱乐·伊美人电竞(机电大楼店)","address":"湖南省岳阳市岳阳楼区青年西路238号机电大楼2楼","phone":"电话:15573078066"},{"name":"金马网络生活馆","address":"青年东路1024号","phone":"电话:13875092095"},{"name":"金马网络生活馆","address":"青年东路1024号","phone":"电话:13875092095"},{"name":"无忧网咖正兴店","address":"南湖大道685号","phone":"电话:18073067658"},{"name":"宾悦电竞(岳阳美食街店)","address":"湖南省岳阳市岳阳楼区金鹗山街道得胜南路550","phone":"电话:0730-3369999"},{"name":"老街网络生活馆","address":"科技路雅悦四季商务酒店4层","phone":"电话:13657220499"},{"name":"天豪电竞网咖(保利·西街店)","address":"保利西街19号楼121号","phone":""},{"name":"摩戏电竞(金悦洋高铁东站店)","address":"岳阳市通海路金悦洋商业广场6栋","phone":"电话:19021063381"},{"name":"KD电竞宽带店","address":"湖南省岳阳市岳阳楼区云梦路476号2层","phone":"电话:18173046688"},{"name":"东升电竞","address":"湖南省岳阳市岳阳楼区王家河街道五里牌路594号","phone":""},{"name":"魔都电竞馆","address":"岳阳市君山区君山大道景秀佳园(柳林路)西南侧约90米","phone":"电话:13278801199"},{"name":"龙行天下网咖(烟丹庙路店)","address":"湖南省岳阳市岳阳楼区洛王街道烟丹庙路1号","phone":"电话:15273035331"},{"name":"零度网咖(白石岭北路店)","address":"白石岭路430号","phone":"电话:18073073662"},{"name":"星世纪电玩台球(天虹店)","address":"东茅岭街道天虹百货负一楼","phone":"电话:17179798833"},{"name":"巅峰网咖·棋牌(凯旋城店)","address":"民兴路凯旋城17栋215-218号门面","phone":"电话:18692109978"},{"name":"無同网络生活馆(鹿鼎记店)","address":"五里牌路427号","phone":"电话:18216301991"},{"name":"一线风情电竞馆","address":"东茅岭街道东茅岭路202号中国银行负一楼","phone":"电话:17319343427"},{"name":"康友网吧","address":"经济技术开发区通海路管理处桐子岭路32号","phone":"电话:13762089800"},{"name":"梦之约网吧(海关路)","address":"矶通海路红绿灯纸厂花园小区门面","phone":""},{"name":"网络世界网吧","address":"湖南省岳阳市岳阳楼区德胜街334号","phone":"电话:15675079802"},{"name":"晨光网吧(永兴佳园南)","address":"八字门社区居民点西区288号","phone":"电话:18975009369"},{"name":"海湾网咖(得胜南路店)","address":"得胜南路290号","phone":"电话:18573006969"},{"name":"一线风情电竞馆","address":"东茅岭街道东茅岭路202号中国银行负一楼","phone":"电话:17319343427"},{"name":"康友网吧","address":"经济技术开发区通海路管理处桐子岭路32号","phone":"电话:13762089800"},{"name":"梦之约网吧(海关路)","address":"矶通海路红绿灯纸厂花园小区门面","phone":""},{"name":"星宇电竞(东茅岭路店)","address":"东茅岭路425号","phone":"电话:0730-8813888"},{"name":"网络世界网吧","address":"湖南省岳阳市岳阳楼区德胜街334号","phone":"电话:15675079802"},{"name":"晨光网吧(永兴佳园南)","address":"八字门社区居民点西区288号","phone":"电话:18975009369"},{"name":"海湾网咖(得胜南路店)","address":"得胜南路290号","phone":"电话:18573006969"},{"name":"嘉行娱乐·嘉行电竞(美食街店)","address":"岳阳大道西欣登中央公园B栋202室","phone":"电话:19967082888"},{"name":"桂宾电竞","address":"白石岭南路","phone":"电话:13873079360"},{"name":"南风网咖电竞","address":"花板桥路24号（蒸味坊旁）","phone":"电话:0730-8912345"},{"name":"EZ网咖(陌城旗舰店)","address":"中诚大厦二楼","phone":"电话:18608404567"},{"name":"BG彬格网咖","address":"岳磁街与奇家岭街交叉口东约20米","phone":"电话:18075747606"},{"name":"好游戏黑马网络会所","address":"湖南省岳阳市岳阳楼区冷水铺路144号","phone":"电话:19373047353"},{"name":"城市英雄Party House(步步高新天地店)","address":"得胜南路与东茅岭路交叉口步步高新天地商场6楼","phone":"电话:15977048425/18682308891"},{"name":"一线风情电竞馆","address":"湖南省岳阳市岳阳楼区东茅岭路53号新格里时尚广场F3","phone":""},{"name":"泡泡堂电玩·PS4·PS5·SWITCH(步行街店)","address":"南辅街亮辉大厦106室（茶颜悦色外卖镖局旁）","phone":"电话:18974000585"},{"name":"佰盟电竞馆","address":"湖南省岳阳市岳阳楼区东茅岭路53号新格里时尚广场B1","phone":""},{"name":"EZ酒网咖&音乐餐厅(八字门店)","address":"旭园路电信花园十字路口(岳州中学斜对面,王家河二桥前行100米)","phone":"电话:13973018011"},{"name":"叁木·月亮电竞店(南湖大道店)","address":"南湖大道660号蓝月亮网吧2楼内","phone":"电话:17680454550"},{"name":"GZ电竞","address":"岳阳市岳阳楼区致富街华夏蓝天幼儿园东侧约200米","phone":""},{"name":"星世纪电玩台球(天虹店)","address":"东茅岭街道天虹百货负一楼","phone":"电话:17179798833"},{"name":"城市英雄Party House(康星百货店)","address":"东茅岭街道步行街康星百货1楼(步行街肯德基旁)","phone":"电话:0730-8246005"},{"name":"佰盟电竞馆","address":"湖南省岳阳市岳阳楼区东茅岭路53号新格里时尚广场B1","phone":""},{"name":"EZ酒网咖&音乐餐厅(八字门店)","address":"旭园路电信花园十字路口(岳州中学斜对面,王家河二桥前行100米)","phone":"电话:13973018011"},{"name":"GZ电竞","address":"岳阳市岳阳楼区致富街华夏蓝天幼儿园东侧约200米","phone":""},{"name":"超越电竞","address":"岳阳市君山区柳林路君贸小区东侧约50米","phone":""},{"name":"佳宾电竞","address":"岳阳市岳阳楼区奇西路羊角山社区龟山湖小区","phone":""},{"name":"550电竞馆","address":"八字门通海南路富兴康城3栋长沙银行楼上","phone":"电话:19373041888"},{"name":"狂翔电竞","address":"岳阳市岳阳楼区通海南路富兴康城·兴悦花园东侧","phone":""},{"name":"宇盟电竞酒店(岳阳步行街店)","address":"湖南省岳阳市岳阳楼区东茅岭路53号新格里时尚广场B1","phone":""}]