[{"name":"金樽电竞","address":"西联镇上庙背村B栋二楼","phone":""},{"name":"多米网咖(仁化店)","address":"新城路1号锦源商贸城中心市场12栋一层","phone":"电话:15220824781"},{"name":"竞技网吧(旭日店)","address":"沐溪大道旭日玩具厂对面","phone":""},{"name":"战地电竞馆(公主中路店)","address":"韶关市乐昌市紫荆花苑8栋2楼204室","phone":"电话:0751-5569088"},{"name":"源丰网吧(嘉乐步行街店)","address":"沿江中路嘉乐花园南门西110米(大嘉大药房对面)","phone":"电话:18023686307/18023686530"},{"name":"创世纪网吧星空网吧(第二分店)","address":"城东路50号同兴楼A栋首层","phone":""},{"name":"乐一乐电竞馆(安居鹿创意园店)","address":"南郊五公里浈江大道中安居鹿创意园内(原松日电视机厂房B栋一楼)","phone":""},{"name":"友谊电竞馆(工业中路店)","address":"工业中路68号","phone":"电话:0751-8766920/18027745328"},{"name":"荣耀网吧(华达大厦店)","address":"复兴路25号","phone":"电话:18179181529"},{"name":"红蚂蚁网咖(工业中路店)","address":"工业中路新城里8号B座","phone":"电话:0751-8616153/15770965696"},{"name":"青苹果网苑(新华南路店)","address":"广东省韶关市武江区新华南路46号","phone":"电话:13509860322"},{"name":"乐一睿网咖(金沙广场店)","address":"韶南大道中56号","phone":"电话:13700475558"},{"name":"强张电竞","address":"韶关市浈江区凤凰路韶关碧桂园·翠林山语","phone":""},{"name":"聚友电竞(新粤通大厦店)","address":"广东省韶关市浈江区韶南大道11号田园酒店旁边","phone":""},{"name":"泩泩网咖","address":"新华南路23号红星大厦旁第三层房屋","phone":"电话:13232080943"},{"name":"手抓柄电玩社PS5·SWITCH·XBOX","address":"群康路2号明居园1层2号商铺之二","phone":"电话:18027744920/19022764200"},{"name":"搜趣潮玩(摩尔城店)","address":"摩尔城地下室二区一号","phone":""},{"name":"礼刻友·电玩馆","address":"车站街道站南路35号之一","phone":"电话:13435006416"},{"name":"E-3LUE电竞馆","address":"工业东路52号第12幢首层6号商铺及二层","phone":"电话:13680051781"},{"name":"Y-SO电竞馆","address":"君临新天地广场三层306-307号（近4号电梯）","phone":"电话:18922591318"},{"name":"解忧电玩PS5·Switch·Xbox","address":"怡华路宏德门业旁夹层","phone":""},{"name":"乐众网咖(新时速店)","address":"广东省韶关市浈江区十里亭镇十里亭大道中国工商银行旁","phone":""},{"name":"Excess电玩","address":"芙蓉大道19号韶关碧桂园太阳城芙蓉湾4街3座一层04号商铺","phone":""},{"name":"星际梦幻乐园城(百年东街店)","address":"百年东街A区1-24","phone":""},{"name":"G2街区动漫体验(韶关保利广场店)","address":"百旺中路16号保利广场二楼2005","phone":"电话:13112066597"},{"name":"梦幻少女娃娃机(韶关步行街店)","address":"风采街道风度路步行街电脑城一楼","phone":"电话:18127391618"},{"name":"星河奇迹游艺厅(韶关步行街店)","address":"风采街道风度南路18号","phone":""},{"name":"腾讯电竞体验馆(摩尔城店)","address":"广东省韶关市武江区芙蓉北路32号(芙蓉隧道旁)摩尔城F4","phone":""},{"name":"星河奇迹游乐体验馆(风度名城店)","address":"解放路3号风度名城三层3A007号铺","phone":"电话:13346512099"},{"name":"云逸宝摇杆游戏机(中影天合MAX影城中环广场店)","address":"韶关市惠民南路中环广场5楼天合影城休息区前台旁","phone":""},{"name":"韶关唯爱新奇体验馆","address":"广东省韶关市浈江区启明北路金港湾","phone":""},{"name":"乐汇星球游乐城(韶关市君临新天地广场店)","address":"丹霞大道北18号君临新天地广场1楼122、124-126号","phone":"电话:0751-8855008"},{"name":"乐玩客潮玩城(雍华广场店)","address":"解放路2号雍华广场F2","phone":""},{"name":"云端玩咖(世纪购物广场新华南路店)","address":"广东省韶关市武江区新华南路16号世纪购物广场F5","phone":""},{"name":"云逸宝游戏厅(星悦影城启明北路店)","address":"韶关市启明北路23号莱斯豪苑商业广场四楼星悦影城影城内前台旁","phone":""}]