[{"name":"阳光主题网吧","address":"文昌路16号","phone":"电话:0836-2879688"},{"name":"番物语主机游戏体验店","address":"四川省甘孜藏族自治州康定市炉城镇东大街148号附1号2栋附201号","phone":"电话:19108360524"},{"name":"电竞头等舱网咖(雅江店)","address":"甘孜藏族自治州雅江县商业步行街20号","phone":"电话:13558515052"},{"name":"玲雯电竞馆","address":"甘孜藏族自治州康定市S211(旧)四川民族学院(B校区)西北侧约30米","phone":""},{"name":"嘉年华网咖","address":"商业街31号(文化馆)","phone":""},{"name":"喷射器电竞网吧","address":"四川省甘孜藏族自治州巴塘县安康大道225号","phone":"电话:19809817443"},{"name":"金马缘网咖","address":"金马大道东路9号色达义盟酒店3层","phone":""},{"name":"857电竞网咖","address":"甘孜藏族自治州稻城县亚丁路三段格桑啦大酒店","phone":""},{"name":"DF电竞馆","address":"甘孜藏族自治州道孚县鲜水西路道孚一中-道孚县二完小东南侧约160米","phone":""},{"name":"方舟电竞","address":"甘孜藏族自治州德格县茶马上街德格汽车站北侧约110米","phone":"电话:18283665780"}]