[{"name":"宜博电竞馆(鑫成国际广场店)","address":"青海省黄南藏族自治州同仁市德合隆北路鑫成国际广场3楼","phone":"电话:13897531131"},{"name":"卓威电竞馆(沿山西路店)","address":"青海省黄南藏族自治州河南蒙古族自治县G213(沿山西路)","phone":"电话:13897031131"},{"name":"德玛西亚电竞酒店","address":"黄南藏族自治州夏琼北路中国石油旁","phone":""},{"name":"宜博电竞酒店(土默特南路店)","address":"察汗丹津大街034号","phone":""},{"name":"宜博电竞馆(河曲路店)","address":"黄南藏族自治州河南蒙古族自治县河曲路优干宁镇人民政府北侧约220米","phone":"电话:15597058999"},{"name":"尖扎阿卡丽电竞馆","address":"青海省黄南藏族自治州尖扎县坎布拉镇紫云路黄河新村5＃-1-6","phone":""}]