[{"name":"兴业电竞","address":"桂南路中姐妹二楼","phone":"电话:15907851227"},{"name":"五环电竞","address":"贵港市桂平市光明街桂平茗雅商务酒店东北侧","phone":""},{"name":"橙树电竞(港南店)","address":"碧桂园城央府1幢04号","phone":"电话:13645986955"},{"name":"杰拉电竞馆(中山路店)","address":"广西壮族自治区贵港市港北区聚龙城2层","phone":"电话:0775-4292345"},{"name":"超时空电竞馆·台球","address":"和平路136号明珠商业中心3层","phone":"电话:13737559071"},{"name":"飞速电竞","address":"贵港市港北区迎宾大道凯旋国际东侧","phone":"电话:17776372723"},{"name":"乐巢网咖(步行街店)","address":"步行街与城西路交叉口东南60米","phone":""},{"name":"雷蛇电竞(吾悦广场店)","address":"吾悦广场香江印巷步行街S1-137号","phone":""},{"name":"橙树电竞(万豪店)","address":"荷城路969号万豪景苑136号商铺","phone":"电话:17687558278"},{"name":"马克电竞(维多利亚店)","address":"贵城街道中山路维多利亚广场附二层(华隆超市南门对面)","phone":"电话:18176579858"},{"name":"","address":"","phone":""},{"name":"","address":"","phone":""},{"name":"","address":"","phone":""},{"name":"","address":"","phone":""},{"name":"","address":"","phone":""},{"name":"","address":"","phone":""},{"name":"","address":"","phone":""},{"name":"","address":"","phone":""},{"name":"","address":"","phone":""},{"name":"","address":"","phone":""},{"name":"外星人网咖(正佳店)","address":"广场明珠898号","phone":"电话:18978776091"},{"name":"外星人网咖(交通银行店)","address":"交通银行旁","phone":"电话:18007858733"},{"name":"羽轩电竞","address":"广西壮族自治区贵港市港北区解放路218号","phone":"电话:13321686869"},{"name":"猫空电竞","address":"国际生活港2栋0205号二楼","phone":""},{"name":"头号玩家网咖(迎宾大道店)","address":"迎宾大道与金港大道交叉口时代新城","phone":"电话:18078007227"},{"name":"UU电竞网咖(雷盟店)","address":"贵港市港北区建设中路凤凰街东侧3楼","phone":"电话:17396770515"},{"name":"飞浪电竞","address":"民生路与荷城路交叉口南100米","phone":"电话:18978598764"},{"name":"马克电竞(生活港店)","address":"港宝街前沿网络旁","phone":"电话:18176579858"},{"name":"蓝鲸电竞(石羊塘店)","address":"江北大道石羊塘市场步步高超市一楼","phone":""},{"name":"萌泽网咖","address":"荷城路阳光都市1102号二楼","phone":"电话:18978599825"},{"name":"","address":"","phone":""},{"name":"","address":"","phone":""},{"name":"","address":"","phone":""},{"name":"","address":"","phone":""},{"name":"","address":"","phone":""},{"name":"","address":"","phone":""},{"name":"","address":"","phone":""},{"name":"","address":"","phone":""},{"name":"","address":"","phone":""},{"name":"","address":"","phone":""},{"name":"好朋友网咖(中山路店)","address":"小江大厦2层","phone":"电话:13851658165"},{"name":"马克电竞(生活港店)","address":"港宝街前沿网络旁","phone":"电话:18176579858"},{"name":"摩登电竞","address":"广西壮族自治区贵港市港北区港宝街195-9号","phone":""},{"name":"UU电竞网咖(雷盟店)","address":"贵港市港北区建设中路凤凰街东侧3楼","phone":"电话:17396770515"},{"name":"飞浪电竞","address":"民生路与荷城路交叉口南100米","phone":"电话:18978598764"},{"name":"极光电竞(解放路店)","address":"建设路与人民东路十三巷交叉口西100米","phone":"电话:19175801688"},{"name":"熊猫电竞(中山路店)","address":"贵港市港北区中山路瑞士花园东侧约30米","phone":""},{"name":"马克电竞(建设店路)","address":"建设中路北门市场东","phone":""},{"name":"天空之城游乐体验世界(贵港吾悦广场店)","address":"金港大道699号新城吾悦广场二层","phone":"电话:18857177968"},{"name":"蓝鲸电竞(石羊塘店)","address":"江北大道石羊塘市场步步高超市一楼","phone":""},{"name":"马克电竞(建设店路)","address":"建设中路北门市场东","phone":""},{"name":"宜博电竞馆(凤凰一街店)","address":"建设中路182号港福时代广场底商F1","phone":""},{"name":"豫杰电竞","address":"贵港市港北区中山路唐人街","phone":""},{"name":"摩杰网咖(蓝加店)","address":"凤凰西街与中山路交叉口东南方向132米","phone":""},{"name":"蚂蚁电玩城(步步高广场贵港店)","address":"广西壮族自治区贵港市港北区解放路与建设路交叉口步步高广场F5","phone":""},{"name":"电玩娱乐城","address":"广西壮族自治区贵港市港北区富士新城富国楼1-12号中环广场F1","phone":""},{"name":"常乐游戏屋(贵港吾悦广场店)","address":"金港大道与和平路交叉口西南侧贵港吾悦广场F1层","phone":""},{"name":"天天乐电玩城","address":"贵港市港北区南苑街吉田大厦南侧","phone":""},{"name":"云逸宝摇杆游戏机(星轶STARX影城贵港吾悦广场店)","address":"贵港市金港大道699号吾悦广场5楼星轶影城休息区前台旁","phone":""},{"name":"云逸宝摇杆游戏机(万达影城贵港步步高广场XLAND店)","address":"建设路与解放路交汇处西北角万豪国际城(步步高广场)5楼万达影城休息区前台旁","phone":""},{"name":"巅峰潮玩吧(客世界店)","address":"客世界商业文化广场3楼","phone":""},{"name":"魔幻城堡游乐园(中山路店)","address":"聚龙城地下街15号口魔幻城堡游戏城","phone":"电话:18269604607"},{"name":"乐趣时代(客世界店)","address":"贵城街道中山路与江北大道交汇处东北角(客世界广场3027商铺)","phone":"电话:0775-4907656/18277194016"}]