[{"name":"海口电竞基地","address":"凤翔西路一号","phone":"电话:13078999944"},{"name":"网神电竞(兴丹店)","address":"兴丹路海南农业科学院科技一条街14号铺面(联记茶餐厅旁)","phone":"电话:18907661808"},{"name":"赛道电竞有宜电竞馆(铨宝大厦店)","address":"海秀中路89号铨宝大厦二楼西侧","phone":"电话:13005019651"},{"name":"太空猫电竞网咖(明珠大厦店)","address":"琼州大道5号(明珠天桥下)","phone":"电话:0898-65882557"},{"name":"网神电竞·知音电竞馆(环惠大厦店)","address":"海甸二东路13号环惠大厦2楼","phone":"电话:0898-66261461"},{"name":"网神电竞·潮游电竞馆(艺龙安云酒店店)","address":"滨贸路22号二层206铺面","phone":"电话:19989873878"},{"name":"网神电竞(龙湖海南海口天街店)","address":"海南省海口市龙华区南海大道15号龙湖海南海口天街A馆与B馆间","phone":"电话:19989871662"},{"name":"逗号电竞(乐巢乐店)","address":"海秀西路158号铭盛檀香洲东座2楼","phone":""},{"name":"龙易网吧","address":"水头村7区77号","phone":"电话:13907563696"},{"name":"宜博电竞馆(鑫美购物广场店)","address":"长康路53号鑫美购物广场二楼","phone":"电话:18666856603/18976933690"},{"name":"龙易网吧","address":"水头村7区77号","phone":"电话:13907563696"},{"name":"宜博电竞馆(鑫美购物广场店)","address":"长康路53号鑫美购物广场二楼","phone":"电话:18666856603/18976933690"},{"name":"武庚纪电竞(秀英万达广场店)","address":"白水塘路万达广场北和街S8-205","phone":"电话:18689847018"},{"name":"乐特电竞主题中心·网咖(国贸店)","address":"国贸路57号中成商场二楼201-202","phone":"电话:18976819111"},{"name":"和谐电竞·网缘网咖(网缘店)","address":"义龙东路中南电信市场2F","phone":"电话:18889929867"},{"name":"和谐电竞(天地情店)","address":"海甸五西路宝真超市30号二楼","phone":"电话:17784654586"},{"name":"和谐电竞·虎翼网咖","address":"丘海大道56号水云天818商铺2层","phone":"电话:17330827726"},{"name":"竞園电竞馆","address":"大园路26号怡和园酒店1层","phone":"电话:0898-65882187"},{"name":"小象电竞·简单爱店","address":"龙昆南路辅路97号（海师大天桥旁）","phone":"电话:13389808323"},{"name":"赤道联盟网吧","address":"长康路19号2/3楼","phone":"电话:15289966989"},{"name":"顽童电竞","address":"海南省海口市龙华区金贸街道龙华路64号","phone":""},{"name":"龙之谷电竞·夜精灵网咖","address":"义龙横路丽景公寓12号2层","phone":"电话:18907561244"},{"name":"和谐电竞(超越店)","address":"美俗路20号","phone":"电话:13086017781"},{"name":"逗号电竞(仙游店)","address":"港澳大道向荣村农贸市场二楼","phone":"电话:13617516170"},{"name":"网神电竞·本色电竞馆(帝国大厦店)","address":"国贸路帝国大厦二楼","phone":"电话:13379822922/18489752397"},{"name":"逗号电竞(上邦店)","address":"金垦路海秀中路82号","phone":""},{"name":"金城网吧(城西路店)","address":"城西路派出所对面43号","phone":"电话:15308955802"},{"name":"网鱼网咖(海口国贸店)","address":"玉沙路16-1号富国商业广场3楼","phone":"电话:18078947398"},{"name":"和谐电竞(云指尖店)","address":"滨海新村盐灶一横路118号二楼","phone":"电话:18976565707"},{"name":"逗号电竞(斗鱼店)","address":"秀英大道24-16号海玻市场3号楼第三层铺面","phone":"电话:13637644889"},{"name":"金豪源电竞馆","address":"海南省海口市秀英区丘海大道水头村3区64号","phone":"电话:13118999957"},{"name":"大梦电竞馆","address":"海南省海口市龙华区国贸路49-1号港澳发展大厦二楼","phone":"电话:19989166154"},{"name":"和谐电竞·红蝎子店","address":"滨海大道21号大楼第2层","phone":"电话:17372023953"},{"name":"逗号电竞(米特店)","address":"南海大道118号京江花园商铺2楼","phone":"电话:15348877190"},{"name":"逗号电竞(网乐店)","address":"滨海街道盐灶三社区居委会八灶街6号滨海丽景二期1号楼2层S205号商铺","phone":"电话:18089842100"},{"name":"逗号电竞(飞越店)","address":"南沙路25号光辉电影大厦2楼","phone":"电话:18898940522"},{"name":"众杰电竞馆(学院路店)","address":"学院路海医硕博楼二层4-5号","phone":"电话:13307619818/13307620938"},{"name":"逗号电竞北极星网咖(海垦路店)","address":"海垦路54-5号旁","phone":"电话:17389774661"},{"name":"网上人间网吧(龙华店)","address":"龙华路29号龙华商城A栋2楼","phone":"电话:0898-66758088"},{"name":"超神网咖电竞馆","address":"兴海路与科技大道交叉口西南60米","phone":"电话:18689957833"},{"name":"比目鱼网咖(宏利大厦店)","address":"南联路1-6和平南路33号","phone":"电话:13876809959"},{"name":"创客侠网咖","address":"金福路海岛国际名城二期1号楼二层15号","phone":"电话:17389791536"},{"name":"电竞馆","address":"海口市龙华区文华路金贸文华农贸市场(文华路店)","phone":""},{"name":"麒兴电竞","address":"海甸三西路人民大道22号","phone":"电话:15595899997"},{"name":"时间电竞馆","address":"海南省海口市美兰区和平大道16号","phone":""},{"name":"逗号电竞(龙腾店)","address":"南宝路53号宜家洋房2楼","phone":"电话:18789703400"},{"name":"飞龙网咖(金盘路店)","address":"金盘路9号2楼","phone":"电话:0898-66862060"},{"name":"逗号电竞(龙达店)","address":"五指山路华新大厦8号2楼","phone":"电话:16608977088"},{"name":"游视界电竞馆(远大购物中心店)","address":"远大购物广场7号楼7-2-309室","phone":"电话:13518839826"},{"name":"和谐电竞(科富店)","address":"海垦路滨濂村四里105号","phone":"电话:17384610979"},{"name":"啪啪啪电竞馆(学院路店)","address":"海南省海口市龙华区学院路3号海医硕博楼2层","phone":"电话:13907560967"},{"name":"明洪网络会所","address":"中沙路丁香家园d1号","phone":"电话:18089768998"},{"name":"简单爱电竞馆","address":"海南省海口市龙华区三叶西路188号金桂恒大酒店3楼61号机","phone":""},{"name":"网神电竞酒店(海口南海大道店)","address":"海口市南海大道蓝海阳光","phone":"电话:0898-66860637"},{"name":"逗号连锁加勒比海网咖","address":"海南省海口市龙华区城西路74号榆海雅苑a栋2层","phone":"电话:13518047150"},{"name":"网神电竞·玩家部落生活馆(唐城大厦店)","address":"龙昆南12号澜雀酒店2楼","phone":"电话:13337622622"},{"name":"和谐电竞(快乐谷店)","address":"海南省海口市龙华区海垦街道海垦路83号","phone":"电话:17789701617"},{"name":"金竹园网吧","address":"龙昆南路B栋金竹园别墅大门二楼","phone":"电话:17789783655"},{"name":"网趣电竞馆(逗号连锁)","address":"城南路丁村外23号","phone":"电话:15109826076"},{"name":"和谐电竞(金竹园店)","address":"龙昆南路B栋金竹园别墅大门二楼","phone":""},{"name":"网神电竞·给力电竞馆(戎居公寓店)","address":"海垦路88号戎居一号公寓2楼204室房","phone":"电话:18907561978"},{"name":"多乐电竞宾馆(骑楼老街店)","address":"海口市龙华区义龙西路宜华大厦2楼","phone":""},{"name":"爱吉乐家庭游乐中心(海口活力城店)","address":"盐灶路13号活力城商场F2层","phone":""},{"name":"潘多拉网吧(明珠广场店)","address":"大英街6号(近民航宾馆明珠广场)柏宁大酒店二楼","phone":""},{"name":"清风阁网吧","address":"崖州古城正门旁","phone":"电话:19840705875"},{"name":"仙游网吧","address":"向荣路向荣菜市场2楼","phone":"电话:13307659229"},{"name":"旷野之息娱乐馆·PS5·桌游·台球(吾悦广场店)","address":"椰海大道新城吾悦广场副楼三楼椰城印巷S5-339","phone":"电话:19946603173"},{"name":"逗号电竞(有宜店)","address":"海南省海口市龙华区金贸街道海秀中路89号","phone":"电话:13005019651"},{"name":"CK电竞(海师店)","address":"海口市琼山区龙昆南路乾坤华源西北侧约30米","phone":""},{"name":"网神电竞·百星奇店(金鼎商厦三楼)","address":"金鼎路金鼎商厦3楼(近汽车西站)","phone":"电话:13307590833"},{"name":"东联联盟·网缘网咖","address":"义龙东路31号中南电信2楼","phone":"电话:18889929867"},{"name":"潘朵拉电竞馆(明珠广场店)","address":"大英街6号(近民航宾馆明珠广场)柏宁大酒店二楼","phone":""},{"name":"短号电竞","address":"海口市龙华区公庙街春华公寓东南侧约70米","phone":""},{"name":"秀英万达广场中庭欢乐城堡儿童乐园(秀英大道店)","address":"秀英大道万达广场(海口店)","phone":""}]