[{"name":"战火电竞俱乐部","address":"红花街76号","phone":"电话:18780700507/18781769222"},{"name":"懒猫电竞网吧","address":"四川省南充市营山县红光街81号附17号二楼","phone":"电话:18284037988"},{"name":"欢乐园电竞","address":"鱼米巷44号","phone":"电话:18990711883"},{"name":"网尚网咖时代电竞","address":"四川省南充市高坪区鹤鸣东路141号","phone":"电话:18990736517"},{"name":"星际电竞","address":"望鹤路二段222-226号","phone":""},{"name":"猎奇电竞","address":"圆盛美庭1-5","phone":""},{"name":"飞天电竞","address":"南充市高坪区东观寺街东观幼儿园东南侧约210米","phone":""},{"name":"零点电竞","address":"南充市嘉陵区南虹路二段嘉南国际","phone":""},{"name":"战地网咖","address":"南荣路783号香槟尚城门口","phone":"电话:08173887705"},{"name":"星园网吧(双福街)","address":"西门车站旁双福街19号","phone":""},{"name":"战狼电竞网咖(白土坝店)","address":"兴源路9号2层201号","phone":"电话:17383610191"},{"name":"网遇网咖(镇泰路店)","address":"镇泰路184号","phone":"电话:13547575966"},{"name":"粒子电竞(凯旋天地店)","address":"林海北路延伸段凯旋天地62号","phone":"电话:0817-3389779/18681735736"},{"name":"巢客网咖","address":"香颂湾2区东门西南310米","phone":"电话:13088191421/13330778625"},{"name":"达人网咖","address":"麦秀路铁昌路75号","phone":"电话:13088191421"},{"name":"沧海网吧","address":"西门坝街217号附1号2层","phone":""},{"name":"幻猫电竞(中虹店)","address":"中虹国际二区一号楼2层20号","phone":"电话:17395322067"},{"name":"摩云电竞网咖(不夜城店)","address":"西华路二段298号(南充不夜城)第3幢1层300号附13、14号","phone":""},{"name":"银翅网咖(于陛路店)","address":"于陛路三段36号","phone":"电话:13890844961"},{"name":"南充唐潮tc电竞网咖(南充北站店)","address":"火车北站绿地潆渟路16号2楼","phone":"电话:0817-2138877"},{"name":"博达电竞网咖","address":"嘉南路四段111号","phone":"电话:0817-3818099"},{"name":"绸都大咖电竞","address":"望鹤路146号","phone":"电话:18188396161"},{"name":"摩非电竞茶室(钻石街店)","address":"钻石街44号附1号2层2号","phone":"电话:13088191421"},{"name":"奈斯网咖","address":"嘉西路258号蓝光香江国际2期3区294号2层2-1至2-4号","phone":"电话:18582188683"},{"name":"萱萱电竞","address":"圆通巷170号","phone":""},{"name":"零点网咖(嘉南国际店)","address":"长城南路嘉南国际第15幢1层106铺","phone":"电话:18875098141"},{"name":"芒果网咖(蓝光店)","address":"文峰街恒河·外滩金融街4栋3楼","phone":"电话:0817-2251999"},{"name":"蓝月亮网咖","address":"智达路46号","phone":"电话:18681739797"},{"name":"火狐电竞馆","address":"四川省南充市嘉陵区嘉南路五段3号2层","phone":"电话:0817-2233000"},{"name":"千百度网吧(滨江北路一段店)","address":"西南石油学院滨江北路200号","phone":""},{"name":"云海网咖(驻春路店)","address":"驻春路192号","phone":"电话:18990798057"},{"name":"007网咖(铁昌路店)","address":"铁荣路30号1幢","phone":"电话:0817-2222315"},{"name":"猫扑网咖(泰合青年城店)","address":"滨江中路二段泰合青年城二区一号楼三层","phone":""},{"name":"金牌电竞网咖(光彩店)","address":"耀目路三段32号光彩大市场北区1栋202","phone":"电话:13518282523"},{"name":"喜源网咖","address":"四川省南充市嘉陵区陈寿路344号","phone":"电话:13350407973"},{"name":"冬坊网吧电竞馆(人民南路店)","address":"人民南路157号","phone":""},{"name":"龙傲网咖(五星购物广场店)","address":"模范街144号2层1号","phone":"电话:0817-2711117"},{"name":"名爵网络会所","address":"茂源北路68号附5号","phone":""},{"name":"方天网络会所","address":"金鱼岭路134-136号","phone":""},{"name":"薄荷网咖","address":"文峰大道碧桂园一期288-1号","phone":"电话:19558879894"},{"name":"战轮电竞","address":"南充市顺庆区潆溪镇群兴南路27号","phone":"电话:18048835880"},{"name":"战狼网咖(高坪店)","address":"高都路二段西侧88号钻石广场3幢28号2层2号","phone":"电话:13350669182"},{"name":"南波湾网咖","address":"潆华北路二段绿地城一期7栋201商铺","phone":"电话:18681220755"},{"name":"梦幻无极网咖","address":"文明街48号2楼","phone":"电话:08172707805"},{"name":"华唯网咖(人民中路店)","address":"三公街与人民中路交叉口北50米","phone":"电话:18989180063"},{"name":"流星雨网吧(西华师范大学校医院南)","address":"智达路46号学府花园4号楼2层1号","phone":"电话:18008175021/18011690297"},{"name":"网遇网咖(松林路店)","address":"松林路42号2楼","phone":"电话:0817-3304588"},{"name":"龙吟网络(龙吟路店)","address":"四川省南充市顺庆区龙吟路58号","phone":"电话:0817-2703207"},{"name":"摩咔网咖(高坪店)","address":"八角街3号2层（东椒火锅楼上）","phone":"电话:15892444010"},{"name":"森特电竞网咖","address":"南充市高坪区高都路三段万科金润华府-二期东北侧约30米","phone":"电话:17383737539"},{"name":"飞宇网咖(尚城金泉店)","address":"金泉路67号金泉巷内","phone":"电话:13309079213"},{"name":"战狼网咖(1227店)","address":"文峰街一段134号2层3号","phone":"电话:17765578399"},{"name":"伊时空网咖(川北购物中心店)","address":"火花路224-226号","phone":"电话:15348232340"},{"name":"鲨鱼网咖(万科店)","address":"高都路三段6号金润华府二区1幢2层64号2-8、2-9、2-10","phone":"电话:0817-3593047"},{"name":"领娴网城","address":"双福街与富民街交叉口南20米","phone":"电话:0817-2239685"},{"name":"卓威电竞体验馆(1227购物广场店)","address":"四川省南充市顺庆区东南街道红光路86号1227购物广场F1","phone":""},{"name":"魔杰电竞网咖(松林路店)","address":"四川省南充市高坪区明宇路1号","phone":"电话:17361396379"},{"name":"摩非电竞茶室(英伦城邦商业广场店)","address":"白土坝英伦城邦商业区巴渝尚宴往里100米左边三楼","phone":"电话:0817-2258265"},{"name":"星辰竞技网咖","address":"四川省南充市嘉陵区满乐街59号","phone":"电话:13699672986"},{"name":"极速玩家(南充万达店)","address":"江东中路三段万达广场2楼万达影城楼下","phone":"电话:18681779669"},{"name":"跃龙门网咖","address":"鹤鸣路518号","phone":""},{"name":"皮皮网咖","address":"印象街22号","phone":"电话:15181795279"},{"name":"动感地带网咖(环峰路店)","address":"环峰路78号","phone":"电话:13350669998"},{"name":"娜纱网咖","address":"柳林路57号2层","phone":"电话:0817-2469933"},{"name":"南充市风暴电子竞技俱乐部","address":"南充市顺庆区科苑街250号","phone":""},{"name":"网遇网咖(望鹤店)","address":"望鹤路一段160号","phone":"电话:18283978085"},{"name":"舒克电竞(1227店)","address":"文峰路一段106号2层4室","phone":"电话:18681726250"},{"name":"零肆伍玖电竞网咖","address":"学府时尚酒店","phone":"电话:19938780322"},{"name":"自娱自乐电竞馆","address":"沁园路与松林路交叉口东50米路北","phone":"电话:18990736517"},{"name":"三星网吧(五里店街店)","address":"延安路602号","phone":"电话:13281915320"},{"name":"银河星城电玩城(王府井五国风情街店)","address":"江东中路五段王府井负一楼美食街内","phone":"电话:17743339979"},{"name":"星球派对家庭游乐中心(高坪万达广场店)","address":"江东中路四段6号万达广场1A1层次主6A号","phone":"电话:17390877195"},{"name":"悦客空间电玩趴·PS5·switch·Xbox(1227店)","address":"文峰街一段恒河·外滩金融街4幢13楼4号(芒果网咖楼上)","phone":""},{"name":"燃动电玩咖PS5·Switch·Xbox(1227店)","address":"文峰街一段恒河外滩8栋一单元9-3室（位置请看团购置顶地图指引·宽板凳左侧巷子）","phone":"电话:18282038395"},{"name":"幻猫电竞(1227购物广场店)","address":"四川省南充市顺庆区东南街道红光路86号1227购物广场F1","phone":""},{"name":"空间站电玩社·PS5·SWITCH","address":"师大路214号华府丽都1栋1单元1301室","phone":"电话:19161392641"},{"name":"南充阿尔萨斯电竞酒店","address":"惠泉路118号中南城一区4号楼5层","phone":""},{"name":"南充过江龙电竞酒店","address":"四川省南充市高坪区G318(东顺路二段)","phone":""}]