[{"name":"热土网咖(奎元分店)","address":"奎元路与奎元北街交叉口办公楼2-3层（大润发后门斜对面）","phone":"电话:0768-2315858"},{"name":"珠峰电竞公馆(潮安店)","address":"潮州市潮安区潮汕路南泰傢俬东侧约240米","phone":""},{"name":"新天地网吧(绿榕店)","address":"绿榕路中段北侧彩榕楼AB幢铺面","phone":"电话:0768-2261084/0768-2263882"},{"name":"新天地网吧(南较店)","address":"南较路金丽花园1号","phone":"电话:0768-2289960"},{"name":"千禧龙网吧(潮枫路店)","address":"潮枫路工业供销公司宿舍102号门市1、2层","phone":"电话:0768-2287199"},{"name":"新天地网吧(口岸店)","address":"新洋路佰利便利店旁","phone":"电话:0768-2293922/0768-2381219"},{"name":"龙翔网咖(沿河北路店)","address":"沿河北路24号龙新花园","phone":"电话:18144402875"},{"name":"跃虎网吧(春荣路店)","address":"春荣路兰花街135号","phone":"电话:0768-2102899"},{"name":"淘淘网吧","address":"红旗路22号","phone":""},{"name":"滚石网咖","address":"新禧花园28号","phone":""},{"name":"","address":"","phone":""},{"name":"","address":"","phone":""},{"name":"","address":"","phone":""},{"name":"","address":"","phone":""},{"name":"","address":"","phone":""},{"name":"","address":"","phone":""},{"name":"","address":"","phone":""},{"name":"","address":"","phone":""},{"name":"","address":"","phone":""},{"name":"","address":"","phone":""},{"name":"东尼动漫电玩城","address":"广东省潮州市潮安区枫溪镇大润发(潮州店)","phone":"电话:18029789777"},{"name":"元宇宙竞技(南风里购物中心店)","address":"新风路南风里购物中心F2","phone":""},{"name":"动漫522","address":"太平路522,524号","phone":"电话:13829098007"},{"name":"聚缘网伽","address":"南较路前街综合楼A幢103、104号","phone":"电话:0768-2297354"},{"name":"极限主场娃娃机店(南风里购物中心店)","address":"潮汕公路与新风路交界处财富中心A幢A126-127号","phone":""},{"name":"晴空超乐场(南风里B区店)","address":"新风路财富中心南风里B区3楼","phone":"电话:13828394034"},{"name":"晴空超乐场(万泰左一城店)","address":"潮枫路万泰左一城二层ZYCB-01号商铺","phone":"电话:18948487855"}]