[{"name":"爱尚电竞(武威万达广场店)","address":"万达南门户外西侧(5号门)","phone":"电话:19193570005"},{"name":"灵希·明基电竞馆(红星时代广场店)","address":"星天地商业街文创中心2楼","phone":"电话:18419860666"},{"name":"星辰网吧(天堂路店)","address":"天堂路天祝藏族自治县供销联社二层","phone":""},{"name":"新潮网咖","address":"北内环路与北大街交叉口东350米","phone":"电话:13993552686"},{"name":"海豚电竞","address":"武威市宋家园路19号","phone":""},{"name":"深蓝电竞","address":"武威市凉州区祁连大道明珠大厦(祁连大道)","phone":""},{"name":"聚点电竞馆(星光购物中心天丰街店)","address":"甘肃省武威市凉州区新凉路人民医院新院区对面星光购物中心F1","phone":""},{"name":"桔子电竞(农垦店)","address":"甘肃省武威市凉州区海藏路30号","phone":""},{"name":"CARRY网咖","address":"甘肃省武威市凉州区东大街209号","phone":"电话:15509359000"},{"name":"外星人电竞(星光购物中心天丰街店)","address":"甘肃省武威市凉州区新凉路人民医院新院区对面星光购物中心F1","phone":""},{"name":"弹壳电竞馆","address":"武威市凉州区荣华南路蓓蕾艺苑幼儿园","phone":"电话:18293513313"},{"name":"嗨潮联盟(武威万达店)","address":"迎宾路万达广场2楼","phone":"电话:18995109909"},{"name":"大玩家(武威万达店)","address":"迎宾路318号万达广场1BF-A","phone":"电话:17346531843"},{"name":"宝贝幻想潮玩公园(星光购物中心店)","address":"星光购物中心C栋1001号","phone":""},{"name":"云逸宝摇杆游戏机(万达影城万达广场店)","address":"武威市万达广场3楼万达影城内大厅前台旁","phone":""},{"name":"云逸宝摇杆游戏机(横店电影城横影巨幕S-PLUS红星店)","address":"武威市新凉路红星时代广场5楼横店电影城内大厅前台旁","phone":""}]