[{"name":"路西法电竞网咖","address":"青龙山大街京汉8期南门","phone":"电话:15374975080"},{"name":"灰鲸电竞馆","address":"通辽市扎鲁特旗泰山街小神童幼儿园(泰山街店)西侧约40米","phone":"电话:0475-7222522"},{"name":"星辉电竞(西苑店)","address":"交通路北761号","phone":"电话:15847593993"},{"name":"壹号电竞网吧二部(平安店)","address":"平安路与中心大街交汇处北行30米路西","phone":"电话:18547520099"},{"name":"七色光电竞馆(万达店)","address":"万达华府B9-133B9-134室","phone":""},{"name":"花海电竞","address":"东顺路地税小区6幢1单元1-2层","phone":"电话:13298084666"},{"name":"金都电竞","address":"青龙山大街金都国际B座1楼","phone":"电话:18647538808"},{"name":"壹号电竞网吧","address":"永安路平安西区西门南40米路东","phone":"电话:15134799779"},{"name":"易游电竞","address":"滨河大街万达A区北门A19-1131室","phone":"电话:15848575555"},{"name":"星辉电竞(怡景江南店)","address":"团结街道","phone":"电话:13087152178"},{"name":"雄霸电竞(璟苑店)","address":"内蒙古自治区通辽市科尔沁区门达路璟苑","phone":"电话:13171100187"},{"name":"金都电竞","address":"青龙山大街金都国际B座1楼","phone":"电话:18647538808"},{"name":"星辉电竞(怡景江南店)","address":"团结街道","phone":"电话:13087152178"},{"name":"飞翔电竞馆(前进路店)","address":"永清大街1051号","phone":"电话:13948855551"},{"name":"浪潮电竞(通辽市环境卫生管理处西北)","address":"永安路579号（通辽市环境卫生管理处西北方向）","phone":"电话:15847592352"},{"name":"天顺电竞(民主路店)","address":"民主路275号","phone":"电话:15847563233"},{"name":"鲨鱼电竞","address":"天赐良缘西门北","phone":""},{"name":"暴龙电竞馆","address":"民航路民声家园南门","phone":"电话:18747868288"},{"name":"极光网咖电竞馆(铁南店)","address":"龙兴·盛世江南(昆都伦大街)","phone":"电话:18604757118"},{"name":"蚂蚁电竞(南桥店)","address":"内蒙古自治区通辽市科尔沁区科尔沁大街1946号","phone":"电话:15714750056"},{"name":"青云电竞","address":"内蒙古自治区通辽市科尔沁区永清街道哲里木大街与和平路交叉口西120米","phone":"电话:13391855593"},{"name":"星辉电竞(国泰店)","address":"民主路与向阳大街交叉口","phone":"电话:15648576975"},{"name":"7号电竞(檀香湾店)","address":"科尔沁区经济技术开发区阿古拉大街与建华路交汇北50米路东近檀香湾一期西门","phone":"电话:13904752557"},{"name":"壹家电竞","address":"通辽市科尔沁区霍林河大街天骄城","phone":""},{"name":"启元电竞","address":"内蒙古自治区通辽市科尔沁区团结街道平安北区","phone":"电话:13337045031/18547545031"},{"name":"日月鑫电竞","address":"西拉木伦大街与永安路交叉口北100米","phone":"电话:17547567776"},{"name":"双玺电竞","address":"通辽市建国路诚达双玺国际1号楼A座103室","phone":"电话:15547529094"},{"name":"太平洋电玩城(向阳大街店)","address":"科尔沁大街太平洋商业广场一楼（东门和南门可进入）","phone":"电话:13500654445"},{"name":"四月电竞馆","address":"滨河大街滨河花园小区东门南侧第一个","phone":"电话:17547568820"},{"name":"微时代电竞会馆(红星小区店)","address":"红星小区门口","phone":"电话:04758999988"},{"name":"弘扬电竞","address":"明仁大街与前进路交汇处南50米","phone":"电话:15374750783"},{"name":"蓝鲸电竞(西拉木伦大街店)","address":"通辽市西拉木伦南门对面1-2","phone":""},{"name":"MAX电竞网咖","address":"内蒙古自治区通辽市科尔沁区明仁大街1247号","phone":"电话:13214752221"},{"name":"霹蜥PC电竞(南桥六店)","address":"科尔沁大街1946号西70米","phone":"电话:18104751200"},{"name":"TT电竞馆(云咖店)","address":"通辽市科尔沁区清河大街兴隆新邨东南侧","phone":""},{"name":"巅峰电竞(科尔沁大街店)","address":"施介街道荣华大厦一层1-12号","phone":"电话:15248386663"},{"name":"霹蜥PC电竞(民大二店)","address":"滨河花园东北门旁","phone":""},{"name":"暴龙电竞网咖","address":"内蒙古自治区通辽市科尔沁区明仁大街2032号","phone":"电话:13019540182"},{"name":"逸风电竞","address":"好旺角庄园南门东100米","phone":"电话:15004997777"},{"name":"弘扬电竞(天赐良园店)","address":"永安路天赐良园","phone":"电话:15374750783"},{"name":"极光网咖电竞馆","address":"西门南第六家","phone":"电话:18604757118"},{"name":"霹蜥PC电竞(北苑一店)","address":"西拉木伦大街中段北苑小区南门商铺2号楼","phone":"电话:13304758093"},{"name":"聚点PS电游室·主题包间","address":"内蒙古自治区通辽市科尔沁区万达华府A区西区A24-132室","phone":"电话:15628391314"},{"name":"八号电竞","address":"内蒙古自治区通辽市科尔沁区交通路833号","phone":""},{"name":"乐动空间电玩城","address":"青逸宾馆","phone":""},{"name":"7号电竞","address":"通辽市科尔沁区门达路璟苑-D区","phone":""},{"name":"蜗牛网咖","address":"交通路西院三区25号","phone":"电话:17704753590"},{"name":"时光电竞","address":"通辽市科尔沁区库伦路京汉六期西南侧约60米","phone":"电话:13941630930"},{"name":"头号玩家(维多利广场店)","address":"维多利广场四楼","phone":"电话:18647585886"},{"name":"金麒电竞","address":"内蒙古自治区通辽市科尔沁区永安路867号(平安西区西门北)","phone":"电话:18047533324"},{"name":"霹蜥PC电竞(北苑四店)","address":"西拉木伦大街中段北苑小区南门商铺2号楼","phone":"电话:13304752903"},{"name":"圣博瑞电玩城","address":"经济技术开发区电厂街电厂手机大卖场东侧平房","phone":"电话:15047507722"},{"name":"章鱼电竞(北苑小区店)","address":"通辽市科尔沁区西拉木伦大街北苑","phone":""},{"name":"拳皇电玩(金叶店)","address":"明仁大街金叶广场负一楼","phone":"电话:13848950405"},{"name":"霹蜥PC电竞(信合五店)","address":"博艺社区南门东70米","phone":"电话:15247511319"},{"name":"双子座电玩(万达广场通辽店)","address":"内蒙古自治区通辽市科尔沁区团结街道西拉木伦大街与平安路交汇处万达广场F4","phone":""},{"name":"DIY电竞装机馆(太平洋商业广场科尔沁大街店)","address":"科尔沁大街与建国路交汇处西约150米太平洋商业广场F3","phone":""},{"name":"大玩家(通辽万达店)","address":"西拉木伦大街与平安路交叉口万达广场3楼","phone":"电话:0475-6208008"},{"name":"幸荟电竞网咖","address":"通辽市科尔沁区哲里木大街翠堤花园-东区东侧约230米","phone":"电话:19104757610"}]