[{"name":"时代电竞","address":"陕西省商洛市商州区中心街民俗文化创意园1号楼三层","phone":"电话:13201637643"},{"name":"2046网络休闲驿站(东信国际购物中心店)","address":"东信国际四楼","phone":"电话:18691440550"},{"name":"飞狐电竞(江滨北路店)","address":"江滨北路晨光丹江一品1号楼1-13","phone":"电话:13399142680"},{"name":"多彩网络","address":"名人街8号","phone":"电话:0914-2336488"},{"name":"兄弟网络城","address":"金源二路15号","phone":"电话:18609140000"},{"name":"迅捷网咖(中心街店)","address":"商洛市丹凤县人民路城西综合市场北侧约50米","phone":""},{"name":"盛世网咖(西新街店)","address":"西门口小吃城二楼","phone":""},{"name":"巅峰电竞(商州大都汇店)","address":"御湖公馆仟禧自助涮烤3楼","phone":""},{"name":"爱尚网咖(华阳路店)","address":"陕西省商洛市洛南县华阳路中段138号","phone":""},{"name":"新时代(广场北路店)","address":"广场北路与广场北路东一巷交叉口南20米","phone":"电话:15309146667"},{"name":"乐玩客潮玩城(百利购物广场店)","address":"北新街47号百利购物广场F3","phone":""},{"name":"天空之城游乐体验世界(商洛万达广场店)","address":"万达广场1AF-次主1室","phone":"电话:17606830018"}]