[{"name":"无穹电竞网咖","address":"庆云路吉祥苑27栋商住楼第二层","phone":"电话:13529224562"},{"name":"咸鱼电竞(古城大水车店)","address":"义正居委会民主路玉水坊商业区12栋3楼","phone":"电话:19388316085"},{"name":"星星网咖(祥和店)","address":"康仲路36号","phone":"电话:13398884492"},{"name":"玩家国度电竞馆(玉福路店)","address":"玉福路国土苑对面二层","phone":"电话:0888-5833066"},{"name":"易途网咖(荣城金街店)","address":"云南省丽江市古城区玉泉路512号顺林超市旁电梯四楼","phone":"电话:15752645339"},{"name":"卓威电竞酒店","address":"丽江市祥云街吉祥段吉祥上村27号","phone":""},{"name":"鸿达电竞馆(黑龙潭店)","address":"玉泉路136号","phone":"电话:13578486084"},{"name":"堂口网咖(祥和店)","address":"祥和路柏龙水榭和熙苑12幢底商","phone":"电话:13388888476"},{"name":"鼎格网咖","address":"西安街道福慧路福慧村136号","phone":"电话:0888-6852888"},{"name":"星航电竞","address":"七星街延长线寨后上村21号3楼","phone":"电话:15368883688"},{"name":"星航电竞","address":"七星街延长线寨后上村21号3楼","phone":"电话:15368883688"},{"name":"骑域网咖","address":"西安街道义正街道龙潭广场4栋201","phone":"电话:15912214504"},{"name":"沐潇爱玩电玩店","address":"七星街下段42号","phone":"电话:18988006192"},{"name":"熊猫电竞网咖(吉祥路店)","address":"云南省丽江市古城区祥和街道吉祥路凡非凡创业园区二楼","phone":"电话:17787787781"},{"name":"星星网咖(总店)","address":"康仲路心怡酒店一楼","phone":"电话:18869047606"},{"name":"鲲鹏电竞","address":"云南省丽江市古城区七星街上段31号","phone":"电话:13988827859"},{"name":"帝国网咖(花马街店)","address":"大研街道国大花马街S-18栋三层商用房(花马街中段红绿灯口市妇幼保健公交车站附近)","phone":"电话:13769036503"},{"name":"明城电竞汇云网咖","address":"云南省丽江市古城区民主路216号","phone":""},{"name":"琉璃电竞","address":"祥和路368号","phone":"电话:13398883050"},{"name":"伯恩电竞","address":"德立商业广场京东五星电器二楼","phone":"电话:13578395869"},{"name":"冰岛网咖(金凯街)","address":"长水路德立商业广场2栋3楼(苏宁易购三楼、大昌隆旁)","phone":"电话:0888-5119566"},{"name":"ty电竞","address":"云南省丽江市古城区庆云路246号","phone":""},{"name":"克罗米星体验中心(祥和商业广场店)","address":"玉雪大道祥和商业广场B栋-2楼","phone":"电话:13908866041/18088415486"},{"name":"超级玩家·SUPERWINNER","address":"国际购物广场负一楼","phone":""},{"name":"金辉网咖(福慧路店)","address":"古福慧路387号","phone":"电话:18787629772"},{"name":"丽江网城(行中行店)","address":"云南省丽江市古城区民主路电影城2楼","phone":"电话:0888-5121868"},{"name":"地心王国","address":"福慧路41-43号口地下商业步行街（福慧综合集贸市场地下）","phone":"电话:0888-3061796"},{"name":"魔电电竞酒店(西安路店)","address":"丽江市古城区西安路阳光100商务酒店西侧约130米","phone":""}]