[{"name":"浪潮网咖","address":"凌河西街河畔花园北侧约210米","phone":"电话:15184292888"},{"name":"电竞网吧","address":"葫芦岛市连山区红星路连山区中医院南侧约110米","phone":""},{"name":"新世际网吧(阳光家园店)","address":"团结路30-1号","phone":"电话:13942935650"},{"name":"逍遥居电竞馆(腾讯三部)","address":"望海街百万庄市场","phone":"电话:13898981112"},{"name":"绥中县外星人电竞网咖(中央路店)","address":"葫芦岛市中央路一段30号","phone":""},{"name":"殿堂电竞馆","address":"丰乐路6号楼","phone":"电话:13052655588"},{"name":"巅峰时代网吧四部","address":"美星花园西门南250米","phone":""},{"name":"网络集结号网吧","address":"站前街道群英路4号楼A(中物小区门市B-17-1)","phone":"电话:15141969580"},{"name":"迈尼莱嘉电竞馆","address":"龙湾大街172-8号楼4c","phone":""},{"name":"新动力网吧(兴盛好人家商业街店)","address":"兴盛街1号楼","phone":""},{"name":"快易网络休闲会所","address":"新华大街化机一区25-5号一单元前面门市","phone":""},{"name":"腾讯电竞馆(兴达街店)","address":"开发区龙翔路市场东侧31-19503号","phone":"电话:13898981112"},{"name":"发现网吧","address":"2号小区","phone":""},{"name":"邂逅网吧","address":"葫芦岛市兴城市渤海船舶职业学院南50米","phone":""},{"name":"超神电竞网咖(三角公园店)","address":"站前街道红星路兴旅开发8-9号21、22","phone":"电话:13897807042"},{"name":"云游电竞","address":"葫芦岛市龙港区龙前街锦绣花园","phone":""},{"name":"1998休闲娱乐会所·台球·棋牌·电竞","address":"连山大街19号","phone":""},{"name":"吉顺电竞馆","address":"书香家园B区153-9号楼","phone":""},{"name":"战狼电竞网咖","address":"辽宁省葫芦岛市龙港区双龙街道书香家园B区","phone":"电话:0429-3161888"},{"name":"和发电竞","address":"海逸春城","phone":""},{"name":"铭城电竞馆","address":"抚民街3-66号楼D室","phone":""},{"name":"芒小果电竞","address":"葫芦岛市连山区葫六线山河半岛五期西南侧约30米","phone":""},{"name":"泡泡网吧(站前路店)","address":"站前街16号D","phone":"电话:13019973797"},{"name":"吉倾电竞馆","address":"葫芦岛市龙港区文翠路书香家园-B区","phone":""},{"name":"魔力克电竞馆","address":"锦郊街道大龙民宿(金科蓝湾3号楼店)","phone":""},{"name":"云时空电竞酒店","address":"辽宁省葫芦岛市兴海北街155-20号楼G室F室","phone":""},{"name":"宜博电竞馆(葫芦岛旗舰店)","address":"连山大街17-1号楼2楼门市","phone":"电话:0429-3025588"},{"name":"潮玩电竞体验馆","address":"葫芦岛市龙港区文翠路乾源香漫花都-B区","phone":""},{"name":"莱利动漫电玩城(葫芦岛百货大楼店)","address":"百货大楼五层","phone":"电话:15541877763"},{"name":"德玛网咖(新大陆店)","address":"机场路新大陆广场水手烤鱼二部楼上","phone":"电话:13322398677"},{"name":"快乐娃娃(富尔沃店)","address":"龙湾大街45号富尔沃财富街F3层","phone":""},{"name":"葫芦娃电玩(任天堂索尼)","address":"葫芦岛市沃财富街一楼B109号","phone":""},{"name":"君伟峰电玩城","address":"葫芦岛市龙港区龙程街玉皇客运站西侧约50米","phone":""},{"name":"兄弟动漫城(飞天购物广场店)","address":"龙湾大街45号飞天购物广场F3层","phone":""},{"name":"实况主机体验店","address":"葫芦岛市龙湾大街富尔沃商场三楼影城左侧","phone":""}]