[{"name":"战线联盟电竞","address":"平凉市崆峒区南门巷平凉市第二人民医院西侧约40米","phone":"电话:18193377779"},{"name":"新浪电竞","address":"甘肃省平凉市庄浪县中天商贸城二楼","phone":"电话:18793346988"},{"name":"极速风暴电竞","address":"东沟小区西南门旁","phone":"电话:18009333210"},{"name":"超音在线电竞","address":"平凉市崆峒区西寺街新民花园","phone":""},{"name":"致青春网咖(平凉崆峒区)","address":"平凉市崆峒区解放路景海小区西侧约110米","phone":"电话:13830343889"},{"name":"兄弟联盟网咖俱乐部","address":"甘肃省平凉市崆峒区新河湾一区S-8裙楼3楼","phone":"电话:15379581818"},{"name":"烁米电竞·网吧·桌游(北坊苑店)","address":"新民中路北坊苑1号商铺四楼（码头故事火锅楼上）","phone":"电话:18909330555"},{"name":"桔子网咖","address":"城关镇东街86号西北50米","phone":"电话:13099204963/13519658469"},{"name":"大白鲨电竞(世纪商业广场店)","address":"世纪花园D1区S-4门店2楼","phone":"电话:15193316222"},{"name":"帷幕电竞(金润国际购物中心店)","address":"甘肃省平凉市崆峒区定北路17号金润国际购物中心金润国际购物中心B1","phone":"电话:13993356707"},{"name":"沸点电竞","address":"甘肃省平凉市崆峒区解放中路33号","phone":"电话:18993328663"},{"name":"经纬网咖(西大街店)","address":"西大街西景园·新港湾南侧约30米","phone":""},{"name":"幻影电竞(解放路店)","address":"甘肃省平凉市崆峒区解放中路33号","phone":"电话:13739332009"},{"name":"芭芭耶魔盒电竞酒店","address":"平凉市东关街道恒润大厦10楼","phone":""},{"name":"平凉索尔电竞酒店","address":"玄鹤新城B区1号门3楼","phone":""},{"name":"开心部落动漫电玩游戏游艺中心(新世纪商厦B座店)","address":"新民路新世纪商厦B座7楼","phone":"电话:13993351937"},{"name":"北门电竞民宿","address":"甘肃省平凉市崆峒区中街街道东大街68-7号","phone":""}]