[{"name":"唯昔网咖","address":"河阴东路四号,联通公司对面","phone":""},{"name":"光粒电竞","address":"南大街49号","phone":"电话:13734649994"},{"name":"虫洞网咖","address":"海南藏族自治州贵德县G227三和小区东北侧约250米","phone":"电话:17848359482"},{"name":"共和离岸电竞","address":"海南藏族自治州共和县和谐路玉龙大酒店北侧约240米","phone":"电话:17794756805"},{"name":"蔷薇网咖(义乌商贸城店)","address":"团结南路152号义乌商贸城4楼","phone":""},{"name":"蝰蛇电竞","address":"海南藏族自治州共和县和雅路恰卜恰镇卫生院东南侧约110米","phone":"电话:16609747555"},{"name":"博克电竞","address":"海南藏族自治州贵南县解放路贵南县人民医院西南侧约30米","phone":""},{"name":"V潮电竞(共和店)","address":"青海省海南藏族自治州共和县恰卜恰镇公安巷恰卜恰镇商业步行街二期2号2152商铺","phone":"电话:15650941333"},{"name":"联梦电竞馆","address":"海南藏族自治州贵南县幸福路贵南县人民政府南侧约270米","phone":""},{"name":"鲨鱼电竞馆(迎宾东路店)","address":"青海省海南藏族自治州贵德县迎宾东路7号","phone":"电话:15352941516"}]