[{"name":"休闲电竞(丁陶店)","address":"振兴路与步行街交叉口西100米","phone":"电话:17635271888"},{"name":"龙行网吧(古槐路)","address":"新建路中心广场对面","phone":""},{"name":"赛博电竞网吧","address":"财神楼中街1号","phone":"电话:13453482000"},{"name":"前沿电竞","address":"福利巷200号","phone":"电话:18534471111"},{"name":"超越网咖","address":"绛源南路桐封公园东北侧","phone":"电话:15135799136"},{"name":"跨时代电竞馆","address":"临汾市乡宁县北湾南路爱心家园西侧约30米","phone":""},{"name":"核心地带网吧","address":"贡院西路44号","phone":"电话:13111118015"},{"name":"熊霸电竞馆","address":"开元街政府对面258号","phone":"电话:18635748962"},{"name":"腾龙电竞(丰茂大厦店)","address":"山西省临汾市尧都区迎春北街44号一层","phone":"电话:15703474888"},{"name":"腾龙电竞·大家乐店","address":"鼓楼东大街","phone":"电话:13734090379"},{"name":"腾龙电竞馆(概念店)","address":"山西省临汾市尧都区陵园北路南侧百汇公馆西区002号门面","phone":"电话:15935350839"},{"name":"谁的电竞网咖(五一路店)","address":"环保局家属院","phone":"电话:19935716969"},{"name":"腾龙电竞-世纪店","address":"柏松大厦二楼202、204、205号","phone":"电话:18534355253"},{"name":"天和电竞","address":"广宣街34号","phone":"电话:18035796770"},{"name":"阳光电竞SUNNY","address":"新百汇商品批发城8区外圈二层8单元","phone":""},{"name":"回首电竞","address":"鼓楼东大街33号二楼","phone":"电话:0357-6666609"},{"name":"金科电竞(建设街店)","address":"建设街547号","phone":"电话:13111114338"},{"name":"13号网铺(五一路店)","address":"南街街道五一西路54号","phone":"电话:13403579533"},{"name":"浩方电竞","address":"滨河西路漪汾花园南50米","phone":"电话:18536718555"},{"name":"世纪星辰网吧","address":"经济开发区坂下村庙前街2号","phone":"电话:18635733344"},{"name":"同舟电竞网咖","address":"扁担街与鼓楼东大街交叉口西南20米","phone":"电话:18734703369"},{"name":"天使网咖","address":"九中路梦想幼儿园(九中路)西侧约80米","phone":""},{"name":"浩野网咖(体育街店)","address":"体育北街南口1号","phone":"电话:15135346686"},{"name":"天e电竞馆","address":"山西省临汾市尧都区平阳南街与裕祥南路交叉路口往南约50米","phone":""},{"name":"摩咖电竞馆(临运小区店)","address":"山西省临汾市尧都区建设路66号","phone":"电话:17634118711"},{"name":"自由电竞馆","address":"尧都区平阳南街三角巷北2号","phone":"电话:18534471111"},{"name":"悦汇电竞·影院酒店","address":"山西省临汾市尧都区南街街道平阳南街101号","phone":"电话:0357-6752222/18535747111"},{"name":"熊猫电竞(七星店)","address":"山西省临汾市尧都区华州路1144号三元新村18号楼负1层","phone":"电话:15333476055"},{"name":"白云网咖(东关店)","address":"东关路电力小区南院南侧约140米","phone":"电话:13610682627"},{"name":"乐游电堂网咖(新师大店)","address":"刘村镇南芦村大寨路12号","phone":"电话:18903571755"},{"name":"传说网咖(平阳南街店)","address":"平阳南街31号（近商务局）","phone":"电话:13935783595"},{"name":"熊猫电竞","address":"临汾市尧都区迎宾大道尧都大酒店","phone":"电话:15935766318"},{"name":"魔石网咖(锦悦城店)","address":"滨河南路锦悦城2号楼16-17号","phone":"电话:13994041001"},{"name":"电玩星球(美都汇购物广场店)","address":"美都汇购物广场三层A20室","phone":"电话:13111173757"},{"name":"世纪电竞馆(解放西路店)","address":"临汾市尧都区解放路柏松大厦","phone":""},{"name":"丁巴网咖","address":"山西师范大学现代文理学院东门街电","phone":"电话:15835736312"},{"name":"谁的便利店&网咖","address":"东高河村东西大街北一巷3号","phone":"电话:17735782237"},{"name":"R电竞酒店(鼓楼东大街分店)","address":"临汾市鼓楼东大街168号","phone":""},{"name":"临汾依家电竞酒店","address":"山西省临汾市尧都区鼓楼南大街观音堂二巷24号","phone":""}]