[{"name":"飞翔电竞","address":"海路新都汇14幢8号","phone":"电话:13511265054"},{"name":"大咖电竞网咖(易启店)","address":"康泰路73号","phone":"电话:0572-7244444"},{"name":"乔克电竞馆(长兴店)","address":"中央大道利时广场三F-29-1室","phone":"电话:17260417329"},{"name":"石头电竞(南浔店)","address":"人瑞路9999号南方新世界202、206、208、210、212、216号","phone":"电话:19857201151"},{"name":"花儿电竞·网咖(织里店)","address":"富民路B408号（德克士旁)","phone":"电话:18268237787"},{"name":"台球电竞","address":"湖州市长兴县浙皖大道长兴泗安假日大酒店西侧约30米","phone":""},{"name":"新运网咖(新华路)","address":"新华路91-26号竹翠园二楼","phone":"电话:18768385057"},{"name":"网鱼网咖·电竞(湖州星火百货店)","address":"爱山街道星火百货B座5层002室","phone":"电话:18268270527"},{"name":"花儿电竞·网咖(金海岸店)","address":"景富中路1号三楼","phone":"电话:13306821868"},{"name":"石头电竞(大都汇店)","address":"大都汇6楼","phone":"电话:18067205555"},{"name":"新运网咖(罗师庄店)","address":"罗师庄村新竹路36号","phone":""},{"name":"当当电竞馆","address":"明珠路17-19号美辰风尚酒店2楼","phone":"电话:0572-6082888"},{"name":"阿Q电竞馆","address":"织里北路327号","phone":"电话:13666543951"},{"name":"网鱼电竞(南太湖吾悦广场店)","address":"太湖路1699号吾悦广场2楼","phone":"电话:18966477906"},{"name":"花儿电竞·网咖(织里中路店)","address":"织里中路317-319号","phone":"电话:13588251228"},{"name":"乔克网吧(菱湖店)","address":"菱湖汽车站东栅","phone":"电话:18905828511"},{"name":"新运电竞(星汇浙北店)","address":"浙江省湖州市吴兴区康山街道浙北购物运动体验中心","phone":"电话:13388697055"},{"name":"花儿电竞·网咖(汇金商业中心店)","address":"草荡漾路2399号汇金商业中心C幢411","phone":"电话:13306821868"},{"name":"乔克电竞馆(华丰店)","address":"高富路88号华丰楼2楼","phone":"电话:15336952312"},{"name":"花儿电竞·网咖(爱山店)","address":"红旗路43号四楼","phone":"电话:13306821868"},{"name":"云端电竞(长兴绿城店)","address":"解放西路100号二楼","phone":"电话:15957260001"},{"name":"网鱼网咖·电竞(湖州长兴万达广场店)","address":"浙江省湖州市长兴县龙山街道万达广场2023b","phone":"电话:15821877473"},{"name":"花儿电竞·网咖(东安路店)","address":"织里富民路357","phone":"电话:17632826901"},{"name":"乐活电竞(碧浪湖店)","address":"浙江省湖州市吴兴区南华路355号","phone":"电话:15336995518"},{"name":"长兴拾年电竞网咖","address":"湖州市长兴县前进路吕山中心小学东北侧约170米","phone":"电话:15906725839"},{"name":"湖州元素电竞(临港店)","address":"浙江省湖州市吴兴区芳华路111号2楼(临港5号楼、后面电梯上2楼)","phone":"电话:17758339609"},{"name":"大咖电竞网咖·杰特店","address":"棉布城1幢9-11号附近","phone":""},{"name":"大咖电竞·网咖(吾悦金街店)","address":"金悦街二楼253号","phone":""},{"name":"美欣网吧(欣缘店)","address":"轻纺路452-458号","phone":"电话:13705726690"},{"name":"天逸网咖","address":"太湖路港西家园18幢","phone":"电话:13059999119"},{"name":"TT电竞馆","address":"太湖中路8号","phone":"电话:18705822808"},{"name":"竞逸网咖","address":"佛仙路587号2楼","phone":"电话:15067202600"},{"name":"网鱼电竞(织里浙北大厦店)","address":"浙江省湖州市吴兴区织里镇吴兴大道6388号浙北大厦织里城市广场2号楼234-235号商铺","phone":"电话:13757268817"},{"name":"创意网吧(高富路店)","address":"华丰二路100号-104号","phone":""},{"name":"网鱼网咖·电竞(织里吾悦广场店)","address":"吴兴大道织里吾悦广场3层3019号铺","phone":"电话:19905828733"},{"name":"小熊电竞","address":"湖州市吴兴区吴兴大道3638号","phone":""},{"name":"网鱼网咖·电竞(湖州宝龙旭辉城店)","address":"浙江省湖州市吴兴区湖东街道宝龙旭辉城25幢2楼","phone":"电话:17306727316"},{"name":"江蒋漾网咖","address":"西城路8-10号","phone":"电话:13511219161"},{"name":"旋律网咖(织里店)","address":"浙江省湖州市吴兴区兴盛路2号二楼","phone":"电话:0572-3922083/0572-7244444"},{"name":"京京网咖(中原百盈广场店)","address":"康山街道湖州百盛国际大厦东北角(二环西路1881号)","phone":"电话:18868219901"},{"name":"蓝鲸网咖(和平店)","address":"和平大道102号","phone":"电话:15967217112"},{"name":"乔克网咖(双林店)","address":"双林镇虹凤路城市客厅嘉凯城2楼(六合神鱼旁)","phone":"电话:18905828722"},{"name":"龙卷风电竞网咖(湖州长兴万达广场店)","address":"万达广场(长兴店)2-203室","phone":"电话:18057272300"},{"name":"乔克网咖(红丰店)","address":"龙溪南路312号","phone":""},{"name":"半糖网咖(姚山路店)","address":"卡丽兰22号楼501(卡丽兰宾馆)半糖网咖网吧(姚山路店)","phone":"电话:15868207188/18268275359"},{"name":"零距离网咖(和孚店)","address":"袁家汇路东侧2楼","phone":""},{"name":"人从众电竞馆(长兴美都铭座店)","address":"美都铭座3幢301室","phone":""},{"name":"宏进网吧","address":"纬一路26号","phone":""},{"name":"乔克网咖(湖东店)","address":"湖东东湖街455号","phone":"电话:18905828708"},{"name":"乐活电竞(仁皇山店)","address":"赵湾一路农贸市场二楼","phone":"电话:13185725752"},{"name":"星之海洋电玩","address":"苕溪西路312号","phone":"电话:13058945930"},{"name":"飓风网吧(县前东街店)","address":"县前东街102-104号东方绿洲8幢102号","phone":"电话:13868265704"},{"name":"斐朗电竞(汇德国际旗舰店)","address":"湖州市织里镇阿祥路汇德广场3楼","phone":""},{"name":"宜博电竞馆(湖州织里店)","address":"浙江省湖州市吴兴区织里镇阿祥路1166号9-10号","phone":"电话:0572-7390801"},{"name":"杰拉电竞绿城长兴广场店(绿城长兴中心商务区店)","address":"浙江省湖州市长兴县金陵中路二期5幢绿城广场九汇城购物中心F2","phone":"电话:19816918477"},{"name":"网鱼电竞(九汇城购物中心店)","address":"浙江省湖州市长兴县金陵中路二期5幢绿城广场九汇城购物中心F1","phone":"电话:18105823930"},{"name":"布偶游戏小屋(兴宇公寓店)","address":"长海路293-295号","phone":"电话:15157255209"},{"name":"爱网人旗舰店(人民南路店)","address":"红宇商厦3楼","phone":"电话:13588406556"},{"name":"红源网络会所","address":"柏家浜新村29正西方向170米","phone":"电话:18072626379"},{"name":"雷暴电竞","address":"浙江省湖州市吴兴区北街颐高数码广场2楼b110","phone":""},{"name":"星缘网吧","address":"轻纺路黄家庄小区204号","phone":"电话:18657201716"},{"name":"悠悠网咖(连家巷路店)","address":"浙江省湖州市吴兴区连家巷路118号拇指大厦二期2楼","phone":"电话:15857278958"},{"name":"乔克电竞馆(信业店)·忆楚管理","address":"浙江省湖州市吴兴区爱山街道信业ICC营销中心","phone":"电话:18695068927"},{"name":"星晨网吧(富达路店)","address":"珍贝路635号与富达路交叉口","phone":"电话:15557210251"},{"name":"大浪淘沙网咖","address":"浙江省湖州市南华路355号","phone":""},{"name":"花火电竞","address":"湖州市吴兴区安康西路中国农业银行(今海岸支行)东北侧约50米","phone":""},{"name":"范人电竞","address":"湖州市吴兴区安康西路中国农业银行(今海岸支行)北侧约50米","phone":""},{"name":"石头电竞(新华路店)","address":"湖州市吴兴区新华路余家漾汀洲苑","phone":""},{"name":"乐活电竞(米兰店)","address":"浙江省湖州市吴兴区龙泉街道米兰花园","phone":""},{"name":"思空电竞馆","address":"湖州市吴兴区南八路河西社区幼儿园东南侧约270米","phone":"电话:13757210354"},{"name":"花人电竞","address":"湖州市吴兴区安康西路中国农业银行(今海岸支行)北侧约50米","phone":""}]