[{"name":"黑金电竞","address":"百盛一条街路口黑金电竞","phone":"电话:18719508157"},{"name":"九号电竞馆(麦积店)","address":"一马路嘉晟时代3层","phone":"电话:19109383338"},{"name":"卓玟网咖","address":"大众中路33号兰天城市广场B1层","phone":"电话:18093867771"},{"name":"小蜜蜂网咖","address":"北大街文锦苑二楼","phone":"电话:19193830589"},{"name":"新求知网吧","address":"成纪大道成纪商厦","phone":""},{"name":"半城网咖","address":"师院路金浦园","phone":""},{"name":"小小网咖(天宝佳乐购物超市店)","address":"羲皇大道中路二0七家园北侧约140米","phone":""},{"name":"湾岸电竞馆","address":"汉忠烈纪将军祠南门旁","phone":"电话:13893896536"},{"name":"远大网络","address":"青年北路48号","phone":"电话:17709388906"},{"name":"数码网络(鑫厦商城店)","address":"步行街大风车二楼","phone":"电话:15343685552"},{"name":"巅锋电竞","address":"天水市麦积区天河南路盛达广场西北侧约40米","phone":""},{"name":"NEW STAR电竞","address":"天水市秦州区解放路华苑小区(解放路)东南侧约30米","phone":""},{"name":"天水超音速电竞酒店","address":"甘肃省天水市秦州区青年南路58号","phone":""},{"name":"勇者电玩","address":"甘肃省天水市秦州区天宝名都12号楼8楼806室","phone":"电话:18993880013"},{"name":"九羲电玩PS5·Switch·Xbox","address":"成纪大道西路宇鑫大厦3单元501室（绿色市场对面）","phone":"电话:18909382472"},{"name":"大玩家(天水秦州万达店)","address":"岷山路万达广场2F-A","phone":"电话:0938-8390818"},{"name":"越娱家庭娱乐玩具中心(佳·水岸小镇商业街区店)","address":"藉水北路佳水岸小镇商业街2号楼1层","phone":""},{"name":"青木电玩","address":"天水市秦州区永庆西路江南花园(永庆西路)南侧","phone":""},{"name":"云逸宝街机(大地影院亚太店)","address":"天水市商埠路亚太购物中心5楼内休息区摇杆街机","phone":""},{"name":"天地人家庭娱乐中心(光明巷店)","address":"大众南路自来水公司综合楼二楼","phone":"电话:13993897195"},{"name":"智趣馆·电玩桌游聚会","address":"天水市秦州区合作北路兰天新华苑东侧约30米","phone":"电话:19993856126"},{"name":"大智电玩","address":"天水市麦积区羲皇大道中路二0七家园北侧约120米","phone":"电话:19993887431"},{"name":"动力火车电玩","address":"中心广场","phone":""},{"name":"云逸宝摇杆游戏机(万达广场店)","address":"天水市岷山路37号万达广场4层万达影城店内大厅前台边上","phone":""},{"name":"非夹不可(麦积店)","address":"信福商城二号楼","phone":"电话:19039600838"}]