[{"name":"冠·主题电竞馆(常营店)","address":"常营中路2号院甲2号楼3层底商","phone":"电话:13811916165"},{"name":"兄弟联盟电竞网咖(角门店)","address":"角门路14号院15号楼二楼（14路公交总站对面二楼）","phone":"电话:13001965172"},{"name":"彩虹电竞(首都机场店)","address":"首都机场西平街一号3层","phone":"电话:13011123069"},{"name":"时代电竞网吧网咖(通州马驹桥商业街店)","address":"马驹桥镇马驹桥兴华街8号","phone":""},{"name":"网鱼网咖·电竞(海淀枫蓝国际店)","address":"西直门北大街32号枫蓝国际购物中心B1层（22点后走711旁边24小时开放通道）","phone":"电话:010-57517766"},{"name":"庆鑫网吧电竞馆","address":"丰管路5号院盛鑫嘉园5号楼二层","phone":"电话:18513217815"},{"name":"7号电竞(木樨园二店)","address":"海户路珠江骏景中区西门底商","phone":"电话:13126692302"},{"name":"圣士电竞网咖","address":"农光南里1号龙辉大厦地下一层","phone":"电话:010-65115118"},{"name":"网鱼网咖·电竞(朝阳双桥店)","address":"朝阳路管庄西里38号楼西侧1栋1-2号","phone":"电话:18510559756"},{"name":"博斯盾网咖电竞馆","address":"南西路7号2楼（同兴园东南门旁）","phone":"电话:13520089567"},{"name":"博斯盾网咖电竞馆","address":"南西路7号2楼（同兴园东南门旁）","phone":"电话:13520089567"},{"name":"智瀚威电竞网吧·网咖(天宝中路店)","address":"亦庄经济开发区上海沙龙2期B1层K013号","phone":"电话:13810009942"},{"name":"极致电竞(上地店)","address":"信息路甲28号C座地下一层南侧","phone":"电话:13611159808"},{"name":"鹏羽电竞网吧(通州万达店)","address":"新华大街甲252号3层","phone":"电话:13141474877"},{"name":"广安电竞网咖(广安门店)","address":"小马厂路1号院2号楼3层","phone":"电话:17010751555"},{"name":"世纪网安电竞馆","address":"兴华大街67号2层","phone":"电话:18604176006"},{"name":"极致电竞(西站店)","address":"北京市海淀区羊坊店街道莲花池东路31号(西新隆商场)","phone":"电话:18610607650"},{"name":"彩虹电竞","address":"北京市海淀区西北旺北路永靓家园南侧约110米","phone":""},{"name":"任我游电竞(朝外店)","address":"朝阳门外大街乙6号朝外SOHOC座地下一层B125","phone":""},{"name":"鹏羽电竞网吧(张家湾太玉园店)","address":"张采路88号","phone":"电话:15810351465"},{"name":"小辉电竞网咖","address":"新村街道首经贸中街6号（首经贸地铁站C东南口步行460米）","phone":"电话:13621054298"},{"name":"电竞网咖","address":"北京市西城区陶然北岸北侧路陶然北岸韵竹园","phone":"电话:18929336098"},{"name":"广安电竞网咖(广安门店)","address":"小马厂路1号院2号楼3层","phone":"电话:17010751555"},{"name":"鹏羽电竞网吧(乔庄店)","address":"乔庄北街192号","phone":"电话:15701302546"},{"name":"鹏羽电竞网吧(兴华中街店)","address":"马驹桥兴华中街与马桥西路交叉口西行50米路南","phone":"电话:17050351555"},{"name":"鹏羽电竞网吧(马驹桥合生永辉超市店)","address":"环景路18号院4号楼1层4-102","phone":"电话:13716904853"},{"name":"神箭电竞","address":"北甲地路十号院商业三层","phone":"电话:010-87595391"},{"name":"爱尚电竞·网咖(朝阳大悦城店)","address":"朝阳路甘露园南里19号楼2层","phone":"电话:13904510797"},{"name":"鹏羽电竞网吧(通州环球度假区店)","address":"云景东路484号(万盛东地铁站C东南口步行460米)","phone":"电话:15201366553"},{"name":"冲起来24H电竞网咖(广外大街店)","address":"北京市西城区鸭子桥路1号院5号楼-1层-101室","phone":"电话:13262228261/13601399923"},{"name":"网鱼网咖·电竞(海淀枫蓝国际店)","address":"西直门北大街32号枫蓝国际购物中心B1层（22点后走711旁边24小时开放通道）","phone":"电话:010-57517766"},{"name":"鹏羽电竞网吧(兴华中街店)","address":"马驹桥兴华中街与马桥西路交叉口西行50米路南","phone":"电话:17050351555"},{"name":"彩虹电竞(环球影城店)","address":"祥和乐园彩虹电竞网吧张采路东侧05-1-6号","phone":"电话:15311333373/17190700001"},{"name":"飞翔天宇网吧(车站路店)","address":"西大街中仓小区北侧","phone":"电话:13263378580"},{"name":"鹏羽电竞网吧(金海店)","address":"科创五街金色海岸底商","phone":"电话:13718981173"},{"name":"鹏羽电竞网吧(马驹桥百分百店)","address":"马桥北街百分百超市3层","phone":"电话:13717874212"},{"name":"7号电竞(护国寺店)","address":"护国寺街73号","phone":"电话:010-83283524/13941763722"},{"name":"网鱼网咖·电竞(朝阳传媒大学店)","address":"定福庄西街甲六号2楼","phone":"电话:13149870026"},{"name":"白夜电竞(磁器口店)","address":"崇文门外大街44号大康大厦地下1层","phone":"电话:15611188137"},{"name":"优品·棋牌·台球·电竞网吧(金星桥店)","address":"金科巷2号2号楼2层","phone":"电话:15330062008/18311296596"},{"name":"TEAM电竞馆(三里屯SOHO店)","address":"工人体育场北路8号三里屯soho3号商场B1-1317号","phone":"电话:18519859058"},{"name":"网鱼网咖·电竞(海淀远大中路店)","address":"板井路59-b1号六区","phone":"电话:13522229670"},{"name":"小黑屋电竞馆(望京店)","address":"广顺南大街望京园608号楼悠乐汇A5区三楼315号","phone":"电话:010-84761868/13511012234"},{"name":"鹏羽电竞网吧(马驹桥商业街店)","address":"马驹桥商业街东侧58号","phone":"电话:13717514686"},{"name":"小黑屋电竞馆(双井店)","address":"东三环南路3号楼三层-1室","phone":"电话:13691188807"},{"name":"鹏羽电竞网吧(马驹桥总店)","address":"马驹桥镇新海东路15号楼唱吧麦颂楼下B1层","phone":"电话:18710024719"},{"name":"时代电竞·火红红网吧·棋牌室(通州总店)","address":"玉带河东街326号（近北运河西地铁站）","phone":"电话:010-80887916/15510360741"},{"name":"小林电竞网咖棋牌","address":"西四环南路70_1号二层","phone":"电话:13521819337"},{"name":"鹏羽电竞网吧(九棵树地铁站店)","address":"新华南路204号2层","phone":"电话:13164253776"},{"name":"鹏羽电竞网吧(北门口店)","address":"北门口村120号","phone":""},{"name":"缘分天空网吧(汤立路)","address":"汤立路201号立汤路201号院6号楼2层","phone":"电话:15210622485"},{"name":"鹏羽电竞网吧(马驹桥二街村店)","address":"北门口村","phone":"电话:13683529243"},{"name":"学海电竞(清源北路店)","address":"学海电竞(清源北路店)北京市大兴区清源西里秋扩12-13号","phone":"电话:13911391198"},{"name":"网鱼网咖·电竞(朝阳望京店)","address":"朝阳新荟城3F","phone":"电话:15801170950"},{"name":"7号电竞(右安门旗舰店)","address":"北京市丰台区右安门街道福宜街9号院5号楼地下一层(桔子水晶酒店旁边正门进入)","phone":"电话:16619979935"},{"name":"兴龙达网咖电竞","address":"定福家园北里2号院7号楼1至3层7-1二层07号","phone":"电话:13146323393"},{"name":"电竞网咖棋牌","address":"北京市大兴区三中西巷绿色兴华市场","phone":""},{"name":"鹏羽电竞网吧(通州火车站店)","address":"玉桥西路9号","phone":""},{"name":"博斯盾网咖电竞馆","address":"南西路7号2楼（同兴园东南门旁）","phone":"电话:13520089567"},{"name":"小黑屋电竞馆(望京店)","address":"广顺南大街望京园608号楼悠乐汇A5区三楼315号","phone":"电话:010-84761868/13511012234"},{"name":"顺时电竞网咖(知春路店)","address":"太月园3号楼地下一层","phone":"电话:15718860907"},{"name":"网鱼网咖·电竞(海淀枫蓝国际店)","address":"西直门北大街32号枫蓝国际购物中心B1层（22点后走711旁边24小时开放通道）","phone":"电话:010-57517766"},{"name":"哆哆电竞网咖(常营店)","address":"常营地区朝阳北路丽景园6号楼-1层-101、-102、-103号","phone":"电话:15726665113"},{"name":"华烁鑫电竞网咖(望园东路店)","address":"望园东路望园东里19号楼地下一层","phone":"电话:13081716966"},{"name":"彩虹电竞(亦庄店)","address":"天宝园五里二区天宝商业中心B21室","phone":"电话:010-67878390"},{"name":"黑猫电竞(海洋店)","address":"立清路七号院一号楼我爱我家旁负一层","phone":"电话:18500554200"},{"name":"星火电竞网咖","address":"甜水园北里16号楼3层16-3内01","phone":"电话:15810777170"},{"name":"臻极速电竞","address":"十八里店地区左安路弘善家园西南（大汉涮肉旁)","phone":""},{"name":"网上天地24H电竞网咖(望京店)","address":"阜通东大街花家地小区30号楼粉灯牛腩牛杂煲火锅二层","phone":"电话:15131266611/18301266282"},{"name":"海天电竞网咖","address":"东潞苑一区20号楼1层","phone":"电话:17310678710"},{"name":"鹏羽电竞馆台球棋牌(北神树地铁站店)","address":"科创东三街亿家华联超市三楼","phone":"电话:15712822207"},{"name":"国豪兴盛网吧","address":"大葛庄124号正西方向170米","phone":"电话:13691377051"},{"name":"蓝桥电竞(丰台万达店)","address":"恒富中街5号院永乐涮羊肉旁","phone":""},{"name":"网友电竞网咖(望京店)","address":"阜通东大街花家地30号（粉灯二层）","phone":"电话:15131266611"},{"name":"小黑屋电竞馆(朝外店)","address":"呼家楼街道朝阳门外大街朝外sohoA座B1层B152号","phone":"电话:010-58691853"},{"name":"迅捷电竞网咖棋牌","address":"光彩路与南三环中路交叉口南行150米（味多美蛋糕旁）","phone":""},{"name":"锐杰电竞台球","address":"名佳花园一区30号楼2层","phone":"电话:15910487110"},{"name":"欣鑫电竞网咖(垡头店)","address":"南武路垡头翠成馨园119号楼2层202内-1号","phone":""},{"name":"ZT电竞(丰台火车站店)","address":"北京市丰台区丰管路甲3号亿潼隆丰益购物中心二层","phone":"电话:13522951875"},{"name":"珂玥网咖·台球","address":"丰裕路广联超市楼上","phone":"电话:15714074884"},{"name":"冲浪电竞","address":"梅市口路12号院4号楼地下一层","phone":"电话:13031156626/13466399399/13466627388"},{"name":"飞翔天宇电竞馆(常营中路店)","address":"北京市朝阳区东苇路万象新天家园1区146号楼2层02内31号","phone":"电话:15311338685"},{"name":"前程万里电竞棋牌网咖台球","address":"旧宫东路55号","phone":"电话:15010114688"},{"name":"引领24h电竞生活馆(常营店)","address":"管庄路鑫兆家园15号楼3层301室","phone":"电话:010-65779779"},{"name":"繁星电竞(天北店)","address":"北京市昌平区立水桥北路天通中苑F区京妮儿童汇东门B1层","phone":""},{"name":"小有天地电竞台球棋牌俱乐部(酒仙桥)","address":"驼房营西里甲3号楼三层","phone":"电话:18201205581"},{"name":"棋牌电竞(酒仙桥店)","address":"北京市朝阳区酒仙桥街道酒仙桥路23号","phone":"电话:15901553137"},{"name":"网鱼网咖(北京海淀唐家岭店)","address":"北京市海淀区西北旺地区U悦生活广场三层(麦当劳旁休闲台球入口上三层)","phone":"电话:15120017553"},{"name":"龙振凯国电竞网咖","address":"南新园小区26号楼2层","phone":""},{"name":"佳时电竞","address":"杨庄南街2号院5号楼地下室","phone":"电话:13269637400"},{"name":"彩虹电竞","address":"北京市海淀区中关村南四街中科院中关村小区","phone":""},{"name":"电竞网吧","address":"北京市丰台区福宜街华润昆仑中心(建设中)","phone":""},{"name":"学海电竞(清源北路店)","address":"学海电竞(清源北路店)北京市大兴区清源西里秋扩12-13号","phone":"电话:13911391198"},{"name":"犀牛鸟电竞","address":"古城西路113号景山财富中心F1层","phone":""},{"name":"网与咖网咖(北三环东路店)","address":"北三环东路33号(安贞桥地铁站B口步行290米)","phone":""},{"name":"蓝枫电竞台球(九棵树店)","address":"梨园镇翠屏西路怡乐园一区47号","phone":"电话:18610553185"},{"name":"黑猫电竞","address":"北京市昌平区立汤路天通西苑-三区","phone":""},{"name":"网福电竞(三里屯工体店)","address":"北京市朝阳区工体东路20号2层(春平广场2楼)","phone":"电话:13661219314"},{"name":"网鱼网咖·电竞(海淀学院路店)","address":"成府路20-2号","phone":"电话:17801365484"},{"name":"战神电竞馆(东四王府井店)","address":"景山街道东四北大街485号(同仁堂门诊北侧)","phone":""},{"name":"网鱼网咖·电竞(海淀航空航天大学店)","address":"知春路29号院7-10号","phone":"电话:13240131450"},{"name":"酷玩电竞棋牌(望京店)","address":"东湖街道宏泰西街星源公寓（望京地铁站F东北口步行420米）","phone":"电话:18514457929"},{"name":"网鱼网咖·电竞(海淀航天桥店)","address":"阜成路21号商业楼三层（麦当劳楼上）","phone":"电话:010-68986251"},{"name":"电竞网咖","address":"北京市海淀区树村路万霖大厦","phone":""},{"name":"金手指网吧","address":"马驹桥大街41号","phone":"电话:13910278916"},{"name":"再现电竞·网咖·棋牌(北农路店)","address":"北农路5号","phone":"电话:13942227682"},{"name":"竞技时空网咖","address":"云岗西路14号","phone":""},{"name":"百合网吧(天宇市场店)","address":"苹果园南路天宇写字楼","phone":""},{"name":"巅峰电竞(北京东亚上北店)","address":"回龙观西大街9号院18-20号","phone":"电话:15711088389"},{"name":"网咖","address":"华实KTV1层","phone":"电话:13021197772"},{"name":"胜览轩电竞网咖","address":"朝阳北路延静里5号楼南侧（甜水园东里副食店，近地铁B东北口）","phone":"电话:13691031149"},{"name":"海天网域网吧","address":"西马庄11号楼底商华联超市2层","phone":"电话:13521113944"},{"name":"网上天地24H电竞网咖(望京店)","address":"阜通东大街花家地小区30号楼粉灯牛腩牛杂煲火锅二层","phone":"电话:15131266611/18301266282"},{"name":"大鲨鱼电竞网咖","address":"北京奥林匹克花园3期北区326号楼","phone":"电话:17112363311"},{"name":"熊猫电竞","address":"北京市朝阳区西大望路42号院鸿坤花语墅2号楼","phone":""},{"name":"网梦时代电竞网咖","address":"太平桥西路30号一层网吧","phone":"电话:16601114519"},{"name":"神树电竞(通州次渠店)","address":"北京市通州区潞西路玉江佳园","phone":""},{"name":"7号电竞(右安门旗舰店)","address":"北京市丰台区右安门街道福宜街9号院5号楼地下一层(桔子水晶酒店旁边正门进入)","phone":"电话:16619979935"},{"name":"钻石电竞(顺义仓上街店)","address":"仁和地区仓上街10号5幢二层202","phone":""},{"name":"原始森林电竞","address":"万霖大厦二层","phone":"电话:17801641606"},{"name":"普瑞祥电竞","address":"大山子北里13号楼东侧","phone":"电话:18501176567"},{"name":"YUNIK电竞","address":"北京市通州区群芳中三街高楼金第","phone":""},{"name":"网咖","address":"永定路30号玉海园五里东2门旁","phone":"电话:010-68767524"},{"name":"海天电竞网咖","address":"东潞苑一区20号楼1层","phone":"电话:17310678710"},{"name":"电竞网咖","address":"北京市昌平区立水桥北路天通苑小区-五区","phone":""},{"name":"蓝枫网咖电竞馆","address":"北京市石景山区聚兴路重兴园小区","phone":""},{"name":"初夏电竞工作室","address":"北京市东城区建国门街道建国门内大街9号","phone":""},{"name":"云天电竞网咖台球","address":"北京市西城区马连道路27号(新年华购物中心地下一层)","phone":"电话:13220193626"},{"name":"竞技谷网吧","address":"通胡大街11号2号楼","phone":"电话:13021214407"}]