[{"name":"大自由网吧","address":"西华路394号太平洋保险二楼","phone":"电话:13835538460"},{"name":"黑鲨电竞","address":"紫金西街紫坊农产品交易市场476号","phone":"电话:18535569998"},{"name":"贰号电竞","address":"山西省长治市潞州区长兴南路长兴小区7号楼2号","phone":"电话:15535543000"},{"name":"网之翼网络休闲吧","address":"金都苑八号","phone":"电话:15234510333"},{"name":"千和电竞","address":"长治市丹朱镇精卫南路18号","phone":"电话:17603450804"},{"name":"云端电竞馆(长兴小区北区店)","address":"东大街潞州商务大厦三楼","phone":""},{"name":"星盟电竞(科创天街店)","address":"高新技术产业开发区回化路89号科创城4号楼56号商铺","phone":"电话:15536134693"},{"name":"超级玩家电竞馆","address":"太行东街2号天空之城写字楼6楼","phone":"电话:15525191199"},{"name":"海天网咖(建设南路店)","address":"华丽港生活超市客都店西侧","phone":"电话:13734269404/15835557310"},{"name":"奥赛电竞(英雄中路店)","address":"英雄中路百货商场二楼","phone":""},{"name":"动感电竞(华丰南路店)","address":"五一街西郊派出所西50米","phone":"电话:15635589068"},{"name":"如意网咖电竞(紫金西街店)","address":"紫坊东街25号","phone":"电话:15534144441"},{"name":"科慧网咖","address":"新建南路龙鑫超市对面","phone":""},{"name":"遇见网咖(城隍庙店)","address":"庙道巷和谐花园小区8号楼21号商铺","phone":"电话:18649535553"},{"name":"北纬37度电竞影音馆(荣耀店)","address":"城北西街21号","phone":"电话:13834797277"},{"name":"超速电竞馆·台球棋牌(化家庄店)","address":"城西北路2幢湖南风味饭店隔壁","phone":"电话:18649546934"},{"name":"麦克电竞","address":"丹朱镇皓瑜新天地广场(神农路店)","phone":""},{"name":"先锋电竞","address":"中华东街南华巷1号二楼","phone":"电话:15535551601"},{"name":"艾客网苑(远航店)","address":"长治高新技术产业开发区城北东街180号","phone":"电话:18803555707"},{"name":"天雅休闲网络会所","address":"新建南路与健康街交叉口东南40米","phone":"电话:13467078168"},{"name":"伊妹儿电竞","address":"天晚集北路136号","phone":"电话:15635589098"},{"name":"V电竞俱乐部","address":"长兴北路188号8号商铺","phone":"电话:17129477777"},{"name":"西木网咖","address":"禹王路三禾村镇银行往北","phone":""},{"name":"鼎·鑫势力电竞","address":"中华西街155号","phone":""},{"name":"一起来电竞馆","address":"新建路378号家得利2楼","phone":""},{"name":"弄潮儿网吧","address":"县前巷2号楼2号","phone":"电话:13097660917"},{"name":"伐木累网咖","address":"东大街金威商城与东南购物中心中间巷口处第一家","phone":"电话:15364750987"},{"name":"小自由电竞馆(壶关未来城店)","address":"长治市西街未来城小区一号楼三号商铺","phone":"电话:15903556617"},{"name":"自由电竞馆","address":"山西省长治市上党区韩店街道迎宾东街41号","phone":"电话:15234682536"},{"name":"阳光趣了网络广场","address":"清华街清华西花园南区3号楼05号","phone":"电话:18635500198"},{"name":"派乐网吧","address":"淮海社区第五居民小区南门东70米","phone":""},{"name":"星际缘网络会所","address":"大众旅店","phone":""},{"name":"北纬37度电竞馆(璀璨店)","address":"山西省长治市潞州区保宁门西街世纪嘉园","phone":"电话:13835538460"},{"name":"7域电竞生活馆","address":"长治市潞州区普光北路马厂新区东北侧约40米","phone":""},{"name":"沃尔特·网咖","address":"淮海转盘往北50米乔丹体育2楼","phone":"电话:13835538460"},{"name":"梵仙电竞","address":"山西省长治市潞州区常青街道正则美食休闲广场北区13号","phone":"电话:19834010014"},{"name":"大自由电竞酒店","address":"山西省长治市潞城区潞华办事处潞康南路昌盛金色家园101号商铺","phone":""},{"name":"杰拉电竞馆(东大街店)","address":"丹朱镇东大街73号","phone":"电话:15307368324"},{"name":"电玩广场·欢乐梦工场(东街店)","address":"东大街90号原电玩广场向西50米乐登户外二楼","phone":""},{"name":"超级玩家电竞馆(浩瀚店)","address":"景新花园27号商铺","phone":""},{"name":"杰拉网咖(长治潞阳店)","address":"环东路淮海加气站对面","phone":""},{"name":"彼岸网咖(丹朱东街店)","address":"山西省长治市长子县丹朱东大街90号","phone":""},{"name":"鑫泽电竞酒店","address":"山西省长治市潞州区漳沂村南30号楼(九红超市楼上)","phone":"电话:18035518825"},{"name":"桐乐网咖","address":"桃园村青年南路6号","phone":"电话:17636379267"},{"name":"梦元素电竞酒店","address":"长治市安古巷23号(近东大街)","phone":"电话:18636502909"},{"name":"趣尚网咖(延安南路店)","address":"延安南路和平医院十字路口","phone":"电话:13834795400"},{"name":"遇见心浪(博雅新天地店)","address":"博雅新天地","phone":""},{"name":"亿度生态网咖","address":"商校巷安康苑西区小区南门对面","phone":"电话:18603555422"},{"name":"银河网咖(长治学院店)","address":"保宁门东街79号（长治学院北校区东100米路北）","phone":"电话:13835558755"},{"name":"大玩家(长治万达店)","address":"高新技术产业开发区英雄北路222号长治万达广场2层2F-A","phone":"电话:0355-3558565"},{"name":"","address":"","phone":""},{"name":"","address":"","phone":""},{"name":"","address":"","phone":""},{"name":"","address":"","phone":""},{"name":"","address":"","phone":""},{"name":"","address":"","phone":""},{"name":"","address":"","phone":""},{"name":"","address":"","phone":""},{"name":"","address":"","phone":""},{"name":"","address":"","phone":""},{"name":"动感电竞(华丰南路店)","address":"五一街西郊派出所西50米","phone":"电话:15635589068"},{"name":"如意网咖电竞(紫金西街店)","address":"紫坊东街25号","phone":"电话:15534144441"},{"name":"遇见网咖(城隍庙店)","address":"庙道巷和谐花园小区8号楼21号商铺","phone":"电话:18649535553"},{"name":"超速电竞馆·台球棋牌(化家庄店)","address":"城西北路2幢湖南风味饭店隔壁","phone":"电话:18649546934"},{"name":"艾客网苑(远航店)","address":"长治高新技术产业开发区城北东街180号","phone":"电话:18803555707"},{"name":"北纬37度电竞影音馆(荣耀店)","address":"城北西街21号","phone":"电话:13834797277"},{"name":"伐木累网咖","address":"东大街金威商城与东南购物中心中间巷口处第一家","phone":"电话:15364750987"},{"name":"弄潮儿网吧","address":"县前巷2号楼2号","phone":"电话:13097660917"},{"name":"伊妹儿电竞","address":"天晚集北路136号","phone":"电话:15635589098"},{"name":"电玩广场·欢乐梦工场(东街店)","address":"东大街90号原电玩广场向西50米乐登户外二楼","phone":""},{"name":"V电竞俱乐部","address":"长兴北路188号8号商铺","phone":"电话:17129477777"},{"name":"梵仙电竞","address":"山西省长治市潞州区常青街道正则美食休闲广场北区13号","phone":"电话:19834010014"},{"name":"超级玩家电竞馆(浩瀚店)","address":"景新花园27号商铺","phone":""},{"name":"鑫泽电竞酒店","address":"山西省长治市潞州区漳沂村南30号楼(九红超市楼上)","phone":"电话:18035518825"},{"name":"桐乐网咖","address":"桃园村青年南路6号","phone":"电话:17636379267"},{"name":"亿度生态网咖","address":"商校巷安康苑西区小区南门对面","phone":"电话:18603555422"},{"name":"越电竞影音自助智能酒店(科创天街店)","address":"长治市回化路中段科创城4号楼一单元8楼","phone":""},{"name":"喜玩家电玩城(长治天空之城店)","address":"太行东街2号","phone":"电话:13903553655"},{"name":"银河网咖(长治学院店)","address":"保宁门东街79号（长治学院北校区东100米路北）","phone":"电话:13835558755"},{"name":"零度网咖","address":"府后东街279号乐苑小区","phone":"电话:15333553537"},{"name":"大玩家(长治万达店)","address":"高新技术产业开发区英雄北路222号长治万达广场2层2F-A","phone":"电话:0355-3558565"},{"name":"趣玩PS5·Switch主机体验馆","address":"西大街4号","phone":"电话:13038062392"},{"name":"世纪欢乐城家庭游乐中心(世纪城店)","address":"西环路世纪城309号金威超市3层","phone":"电话:18835590171"},{"name":"缤纷幻想家庭娱乐中心","address":"盛德大厦负一层（考拉198街区）","phone":"电话:18636573210"}]