[{"name":"零点电竞","address":"延安市安塞区G210真武洞派出所东南侧约170米","phone":""},{"name":"怪兽电竞","address":"延安市志丹县马岔市场停车场赵记羊杂院内","phone":"电话:19289312777"},{"name":"挪亚电竞(新世纪广场店)","address":"中心街新世纪广场B栋5楼","phone":"电话:15929380406/17398623000"},{"name":"金浪电竞(种畜场荣盛花苑小区店)","address":"西过境路延安市技工学校东100米路北","phone":"电话:13571134240"},{"name":"极星电竞(延安大学店)","address":"公学北路延安新大学对面","phone":"电话:0911-2323234"},{"name":"潮玩电竞·酒店","address":"陕西省延安市宝塔区二道街医药大厦二楼","phone":"电话:15591111192"},{"name":"西柚网咖","address":"秀延街","phone":"电话:0911-8282888"},{"name":"范特西电竞","address":"陕西省延安市宝塔区二道街大东门延安商贸大厦三楼","phone":""},{"name":"达尔克电竞(上城新世纪K-PARK店)","address":"德胜南路5号上城新世纪3号楼2层212号","phone":"电话:15878902426"},{"name":"绿洲电竞(马家湾店)","address":"马家湾毗圪村商品楼二楼","phone":"电话:19009111005"},{"name":"游戏大魔方(延安宝塔吾悦广场店)","address":"子长路吾悦广场2楼","phone":"电话:15008364016"},{"name":"魔幻城堡电玩城(延飞大厦店)","address":"大桥街延飞大厦地下通道入口处侧面","phone":"电话:0911-7772988/18691132040"},{"name":"绿洲电竞(枣园小砭沟店)","address":"枣园路小砭沟香庭花园5号沿街商铺","phone":"电话:0911-2998000"},{"name":"新希望电竞(长安银行店)","address":"双拥大道长安银行隔壁负一层","phone":""},{"name":"比邻星电竞","address":"中心街延飞大厦5楼","phone":""}]