[{"name":"万吉网咖·台球","address":"中兴北路梅花园","phone":""},{"name":"中庭网咖(集贸市场店)","address":"山西省阳泉市郊区荫营镇中兴南路集贸市场2楼1号","phone":"电话:18035300144"},{"name":"聚缘网吧","address":"泉中路八中口泰和新城底商","phone":"电话:18635344366"},{"name":"红楼电竞","address":"阳泉市盂县秀水西街和谐苑东北侧约40米","phone":"电话:13513535318"},{"name":"网通家园电竞","address":"阳泉市盂县李宾山路与站前路交叉路口往西约210米","phone":"电话:18635355366"},{"name":"浩然网吧(藏山北路店)","address":"藏山北路144号","phone":""},{"name":"网通家园连锁网吧(北大街店)","address":"日谭天利购物背后","phone":"电话:13080330570"},{"name":"超时空网吧(福寿路)","address":"福寿路与兴隆步行街交叉口东北40米","phone":"电话:13303533134"},{"name":"嘻哈电竞俱乐部","address":"东关商贸城102","phone":"电话:15835303530"},{"name":"兴乐网吧(凯旋世纪广场店)","address":"香榭大道凯旋世纪广场停车场出口处","phone":"电话:13453333300"},{"name":"誉博电竞网咖","address":"桃北东街五渡德融花园底商（开发区分局）","phone":"电话:0353-5671818"},{"name":"波卡猫潮玩之屋电玩城(阳泉万达广场店)","address":"阳泉市万达广场室内步行街3F3015号商铺","phone":"电话:13383534735"},{"name":"好友网吧(五龙佳苑B区东北)","address":"书香门第14号楼1号底商","phone":"电话:13327538135"},{"name":"致青春电竞(恒泰铭座店)","address":"山西省阳泉市平定县平阳路111号","phone":"电话:17535366668"},{"name":"钱柜电竞(赛鱼店)","address":"山西省阳泉市矿区赛鱼街赛鱼村综合商业楼二层北侧1号","phone":"电话:13663418188"},{"name":"钱柜电竞四矿店","address":"阳泉市矿区煤山路23号桥头商场F2","phone":""},{"name":"极致玩家网咖","address":"经济技术开发区保晋路天峰国际新城4号楼102号底商","phone":"电话:13633530081"},{"name":"魔鲨电竞","address":"蓝海绿谷小区1号底商","phone":"电话:19035356060"},{"name":"io电动工坊(1947文化园店)","address":"记忆·1947文化园0103商铺","phone":"电话:13593070435"},{"name":"梦幻乐园(新天地店)","address":"桃北东路滨河新天地商业广场东区1层","phone":"电话:0353-2567000"},{"name":"Hapty嗨派电玩","address":"山西省阳泉市郊区S214(平阳东街)","phone":"电话:17603431388"},{"name":"西瓜电竞俱乐部(东关商贸城店)","address":"平阳路东关商贸城负1层1-2号商铺（锦程购物中心旁）","phone":""},{"name":"星海阁Acg畅玩社","address":"北大街街道北大街豪远国际酒店一楼A1C区","phone":"电话:0353-2568876/15364538875"},{"name":"武魂电玩","address":"阳泉市城区德胜东街上站小学北侧约30米","phone":""},{"name":"花果山电玩城","address":"阳泉市矿区宏泉巷桥头商场西侧约100米","phone":"电话:13203534657"},{"name":"大玩家(阳泉万达店)","address":"李家庄乡甄家庄村万达广场2F-次主2","phone":"电话:0353-6668048"},{"name":"聚嗨玩(万达广场店)","address":"万达广场三层","phone":"电话:19834541834"},{"name":"Ks潮玩社(阳泉万达店)","address":"平阳东街万达广场3层","phone":"电话:18935115422"},{"name":"探界游戏室","address":"滨河新天地时光里步行街负一层103-A09","phone":""},{"name":"卓漫潮玩(滨河新天地商业广场店)","address":"山西省阳泉市城区华盛北路与桃北东街交叉口东北方向40米滨河新天地商业广场B1","phone":""},{"name":"大富豪电玩城","address":"阳泉市郊区江正大街佳瑞园","phone":""},{"name":"云逸宝摇杆游戏机(嘉凯影城阳泉巨幕店)","address":"阳泉市泉中路与李荫路交汇处3、4楼恒大嘉凯影城内大厅前台旁","phone":""}]