[{"name":"极速电竞网咖","address":"临津路46号","phone":"电话:0562-2828666/18805620808"},{"name":"泰林网咖","address":"义安路1287号财富广场A座4楼A401室","phone":""},{"name":"桔子网咖·台球(万泰汇富广场店)","address":"官塘社区街道石城大道与翠湖一路交叉口万泰汇富广场三楼","phone":"电话:18956296767"},{"name":"冰鱼网吧","address":"公安街(乡村老鸡汤面馆楼上)","phone":"电话:13093339622"},{"name":"大富豪夜市广场","address":"义安南路66号皖江游园(西北角)","phone":""},{"name":"铜陵宙斯电竞馆(鼎元府邸店)","address":"安徽省铜陵市郊区桥南办事处街道鼎元府邸S8号楼商业201室","phone":"电话:18326715329"},{"name":"马丁电竞","address":"阳光社区街道格林豪泰快捷酒店(铜陵义安北路财富广场店)","phone":""},{"name":"宙际电竞","address":"雨润广场7楼","phone":""},{"name":"凤凰城网咖(翠湖一路店)","address":"凤凰城翠湖一路S-02号","phone":"电话:0562-8829388"},{"name":"蜗牛电竞馆(建设中路店)","address":"金泰广场1-5层303号网点","phone":"电话:0562-8813397"},{"name":"铜陵宙斯电竞馆(红星美凯龙店)","address":"铜陵市铜官区天山大道南段红星美凯龙(天山商场)","phone":"电话:17856293720"},{"name":"蜗牛电竞馆(铜陵北京路店)","address":"安徽省铜陵市铜官区阳光社区街道铜官山区虚镇北京东路101号中国城旁边","phone":"电话:13905620990"},{"name":"乌托邦电竞馆","address":"金山东路金色兰庭东南侧约170米(金色兰庭东南侧)","phone":"电话:0562-2829898"},{"name":"铜陵壹舍电竞酒店","address":"安徽省铜陵市铜官区淮河大道北段385号","phone":""},{"name":"胖虎电玩·桌游·猫咖(汇金广场店)","address":"淮河大道汇金写字楼四楼空中花园K28/K29","phone":"电话:15656295327"},{"name":"宙斯电竞(汇金广场店)","address":"长江路汇金广场3楼307室","phone":"电话:17856293890"},{"name":"野马电竞馆","address":"嘉华国际广场内街区第四层J4003号","phone":""},{"name":"宜博电竞馆(喜庆广场店)","address":"官塘社区街道铜陵经济开发区翠湖一路北斗星城B7七楼","phone":"电话:0562-5111666"},{"name":"斋家电竞","address":"安徽省铜陵市铜官区虚镇义安大道北段-158号","phone":"电话:15656266861"},{"name":"左岸网咖(长江中路店)","address":"长江路肯德基后面9栋2楼","phone":"电话:0562-2868988"},{"name":"宙斯电竞馆(北京路店)","address":"安徽省铜陵市铜官区长江西路11号","phone":""},{"name":"铜陵宙斯电竞馆(弘宇嘉城店)","address":"安徽省铜陵市郊区淮河大道南段-1418号","phone":"电话:17856293537"},{"name":"头号电玩主机游戏馆(吾悦广场店)","address":"西湖镇翠湖二路吾悦广场室外街2楼S2-2057号商铺","phone":"电话:18856088186/19356255585"},{"name":"打上花火游乐汇(吾悦广场店)","address":"西湖镇木鱼山大道吾悦广场三层Z301室","phone":"电话:18095626861"},{"name":"趣玩家(铜陵中央商场店)","address":"长江中路917号雨润国际广场三楼","phone":"电话:19522440615"}]