[{"name":"巅峰电竞(介休店)","address":"宋古乡北坛中路花园宾馆地下一层(建设银行)","phone":"电话:0354-7221000"},{"name":"七网情深网咖","address":"汇通路22号","phone":"电话:15935656668"},{"name":"电竞(网咖)","address":"晋中市平遥县永安南路煤化小区西北侧约90米","phone":"电话:15513146659"},{"name":"I·K电竞俱乐部","address":"定阳路万科生活广场A3-604","phone":"电话:13015335479"},{"name":"魔头电竞(榆次大学城店)","address":"大学生活广场A1-703","phone":"电话:17703548773"},{"name":"百事利网咖·台球·棋牌·星语店","address":"新建北路57号","phone":"电话:13593078283"},{"name":"电先生竞小姐电竞馆(漫乐城店)","address":"安宁街道定阳路739号漫乐城南里4层北区","phone":"电话:15383545241"},{"name":"双佳网吧","address":"罗哲文路一中小区西北侧约140米","phone":"电话:13546737383"},{"name":"游品电竞(雅园店)","address":"雅园北区B-205","phone":"电话:0354-3986166"},{"name":"初心电竞茶馆(贵族因果商场店)","address":"安宁街299号","phone":""},{"name":"游品网咖(安宁东街店)","address":"安宁东街60号商铺二楼","phone":"电话:13466881396"},{"name":"痞客电竞","address":"山西省晋中市榆次区新建北路安宁商贸中心-A座01号商铺","phone":""},{"name":"私人定制网吧","address":"顺城西街山西晋中理工学院北侧约190米","phone":"电话:18135488288"},{"name":"1024网咖","address":"晋中经济技术开发区定阳路万科广场A5楼3层","phone":"电话:0354-2021024"},{"name":"玩家国度电竞馆(顺城街店)","address":"东顺城街12号","phone":"电话:16636411515"},{"name":"I·K电竞俱乐部","address":"定阳路万科生活广场A3-604","phone":"电话:13015335479"},{"name":"魔头电竞(榆次大学城店)","address":"大学生活广场A1-703","phone":"电话:17703548773"},{"name":"游品电竞馆(嘉年华店)","address":"中都北路88号","phone":"电话:18635389184"},{"name":"极地电竞(雅园南区店)","address":"雅园南区","phone":"电话:17652870668"},{"name":"花喵·花漾电竞(新建北路店)","address":"新建北路493号","phone":"电话:13203548585"},{"name":"游品电竞(东瑞旗舰店)","address":"山西省晋中市榆次区东瑞创意街8号楼2层","phone":"电话:03543991599"},{"name":"marry you网咖","address":"使赵乡社会事务管理中心晋中经济技术开发区毓秀巷文教城·雅郡小区11号楼14号商铺（山西商务大学东门东行150米处）","phone":"电话:15581762429"},{"name":"舒克电竞","address":"晋中市榆次区汇通路泽盛苑东侧约40米","phone":""},{"name":"LAVA电竞(田森汇大学城店)","address":"定阳路与文华街交叉口西南150米田森汇大学城F2","phone":""},{"name":"游品网咖(新集店)","address":"东湖井一字街39号","phone":"电话:18435954551"},{"name":"丛林源网吧(晋中昌捷连锁)","address":"西南街道思凤街东街商铺12单元23号","phone":"电话:13068037004"},{"name":"森森电竞","address":"晋中市榆次区新集东街东华世家-东区","phone":""},{"name":"皮卡多电竞馆","address":"郭家堡乡晋中经济技术开发区定阳路万科生活广场A5写字楼4层","phone":"电话:18306840009"},{"name":"威枫游戏俱乐部","address":"龙湖大街东瑞创意街8号楼13层1315室","phone":"电话:18135362300"},{"name":"灵漫家庭娱乐广场(天美杉杉奥特莱斯广场店)","address":"天美杉杉奥特莱斯广场二层","phone":"电话:0354-3981000"},{"name":"星语在线网咖(榆次老城北门小吃街店)","address":"花园路西湖花园北大街商铺","phone":"电话:17703540303"},{"name":"云逸宝摇杆游戏机(万达影城万达广场店)","address":"新建北路556号万达广场4楼万达影城内大厅前台旁","phone":""},{"name":"play1家庭娱乐中心(晋中万达店)","address":"新建北路556号万达广场2号门3F-B（万达影城楼下）","phone":"电话:0354-3051202"},{"name":"Rush B电玩PS5·Switch","address":"榆次区使赵乡社会事务管理中心定阳路580号居然之家(新城里店)一栋三层b区","phone":""}]