[{"name":"","address":"","phone":""},{"name":"","address":"","phone":""},{"name":"","address":"","phone":""},{"name":"","address":"","phone":""},{"name":"","address":"","phone":""},{"name":"","address":"","phone":""},{"name":"","address":"","phone":""},{"name":"","address":"","phone":""},{"name":"","address":"","phone":""},{"name":"","address":"","phone":""},{"name":"宜博电竞馆(龙马天街店)","address":"龙川街龙马天街4-53号","phone":"电话:18287880604"},{"name":"K·two电竞(伟业广场店)","address":"北浦路伟业广场C区一楼","phone":"电话:13887888617"},{"name":"UG电竞","address":"楚雄彝族自治州楚雄市鹿城北路131号永兴大酒店二楼","phone":"电话:19388455996"},{"name":"王座·唯网咖(兆顺店)","address":"兆顺第一城B座二层","phone":"电话:18469338630/19188570509"},{"name":"梦之约电竞","address":"彝人古镇16栋17室","phone":""},{"name":"鑫云通网吧","address":"开发区振兴路309-319号","phone":"电话:15887766605"},{"name":"宜博电竞馆(零距离店)","address":"楚雄彝族自治州大姚县兴亚华府一幢108号","phone":"电话:18787865693"},{"name":"ZG电竞馆(大地通管店)","address":"e家快捷酒店72号","phone":"电话:19987878884"},{"name":"网虫电竞","address":"云南省楚雄彝族自治州牟定县G227(白塔路)","phone":"电话:15987815466"},{"name":"予悦电竞(丹麓店)","address":"云南省楚雄彝族自治州楚雄市丹麓小镇一期1层GC1-GC3幢GC125~133号、171~178号","phone":""},{"name":"魔都电竞馆(南华店)","address":"楚雄彝族自治州南华县龙城大道龙城花园东侧约110米","phone":"电话:15887513911"},{"name":"唐潮电竞(西街店)","address":"锦绣城106号铺","phone":""},{"name":"光之速网吧电竞馆","address":"云南省楚雄彝族自治州楚雄市鹿城镇阳光大道180号","phone":""},{"name":"楚雄市晨晨电竞网咖","address":"云南省楚雄彝族自治州楚雄市北浦路25号","phone":"电话:19989972205"},{"name":"宜博电竞馆(超音速店)","address":"皇马酒店三楼","phone":""},{"name":"云风电竞酒店(彝人古镇店)","address":"云南省楚雄彝族自治州楚雄市逸心浦11号","phone":""},{"name":"王座网咖电竞馆","address":"新禧大街新华书店对面","phone":"电话:0878-4126522"},{"name":"地球村网吧(丰胜路店)","address":"云南省楚雄彝族自治州楚雄市丰胜路538号","phone":"电话:15887755207"},{"name":"k·two电竞(昆百大·楚悦广场店)","address":"昆百大楚悦广场负一层B01F33号","phone":"电话:13887888617"},{"name":"嗨部落网咖(盛世舒苑天保商业街店)","address":"民小组盛世舒苑对面","phone":"电话:18087818781"},{"name":"腾越网络(丰胜路店)","address":"丰胜路77号","phone":"电话:13577805941"},{"name":"宜博电竞馆(小苹果店)","address":"开发区丰盛路88号","phone":"电话:0878-3398996/13638749181"},{"name":"盛大网络会所(万兆环网旗舰店)","address":"金山镇禄龙城二期(金水路南)","phone":"电话:13508783379"},{"name":"莱莱电竞","address":"楚雄彝族自治州楚雄市雄宝路鹿城小学(小花山校区)西侧约140米","phone":""},{"name":"外星人电竞(昆百大·楚悦广场店)","address":"中大街366号昆百大·楚悦广场F1","phone":""},{"name":"黑咔电竞棋牌","address":"环城西路384号熙和名筑五栋","phone":""},{"name":"宜博电竞馆(鹿城南路店)","address":"云南省楚雄彝族自治州楚雄市鹿城镇鹿城南路9-、11号","phone":"电话:13987825248"},{"name":"网行天下网络会所(胜景路店)","address":"胜景路9-9号","phone":"电话:13987831101"},{"name":"云电电竞酒店(兆顺店)","address":"楚雄彝族自治州鹿城南路436号","phone":""},{"name":"魔电电竞酒店(楚雄旗舰店)","address":"楚雄彝族自治州鹿城镇鹿城北路53号鹿城大厦3层","phone":""},{"name":"极速赛事电竞馆","address":"楚雄彝族自治州楚雄市丹麓商业街楚雄丹麓小镇西北侧","phone":""},{"name":"千麦电玩(花园城商业广场店)","address":"东瓜镇永安路1号花园城商业广场F1层","phone":"电话:13529007158"},{"name":"极速电竞馆(青浦路店)","address":"云南省楚雄彝族自治州楚雄市北浦路211号","phone":"电话:18087888807"},{"name":"朋克电玩娱乐工作室","address":"云南省楚雄彝族自治州楚雄市府后街99号","phone":"电话:13170509465"},{"name":"精神時光屋(拨云中心店)","address":"龙瀚酒店对面零食很能嗨后面","phone":"电话:13211820280"},{"name":"星空之城动漫潮玩嘉年华","address":"金山镇金源街金源中心三楼（步行街街口对面,台北牛排旁）","phone":""},{"name":"南梦宫(紫溪商业中心店)","address":"紫溪商业中心1幢2层2-018、019号","phone":"电话:13759143657"},{"name":"三人行电竞馆(汇鑫广场店)","address":"云南省楚雄彝族自治州楚雄市东瓜镇东盛东路永盛花园三期51栋汇鑫广场F1","phone":""},{"name":"三人行电竞馆(伟业广场北浦路店)","address":"北浦路与团结路伟业广场F1","phone":""},{"name":"爱玩嘉年华(楚雄店)","address":"兆顺第一城三楼","phone":""},{"name":"","address":"","phone":""},{"name":"","address":"","phone":""},{"name":"","address":"","phone":""},{"name":"","address":"","phone":""},{"name":"","address":"","phone":""},{"name":"","address":"","phone":""},{"name":"","address":"","phone":""},{"name":"","address":"","phone":""},{"name":"","address":"","phone":""},{"name":"","address":"","phone":""},{"name":"K·two电竞(伟业广场店)","address":"北浦路伟业广场C区一楼","phone":"电话:13887888617"},{"name":"UG电竞","address":"楚雄彝族自治州楚雄市鹿城北路131号永兴大酒店二楼","phone":"电话:19388455996"},{"name":"王座·唯网咖(兆顺店)","address":"兆顺第一城B座二层","phone":"电话:18469338630/19188570509"},{"name":"鑫云通网吧","address":"开发区振兴路309-319号","phone":"电话:15887766605"},{"name":"光之速网吧电竞馆","address":"云南省楚雄彝族自治州楚雄市鹿城镇阳光大道180号","phone":""},{"name":"予悦电竞(丹麓店)","address":"云南省楚雄彝族自治州楚雄市丹麓小镇一期1层GC1-GC3幢GC125~133号、171~178号","phone":""},{"name":"楚雄市晨晨电竞网咖","address":"云南省楚雄彝族自治州楚雄市北浦路25号","phone":"电话:19989972205"},{"name":"外星人电竞(昆百大·楚悦广场店)","address":"中大街366号昆百大·楚悦广场F1","phone":""},{"name":"宜博电竞馆(小苹果店)","address":"开发区丰盛路88号","phone":"电话:0878-3398996/13638749181"},{"name":"黑咔电竞棋牌","address":"环城西路384号熙和名筑五栋","phone":""},{"name":"黑咔电竞棋牌","address":"环城西路384号熙和名筑五栋","phone":""},{"name":"云电电竞酒店(兆顺店)","address":"楚雄彝族自治州鹿城南路436号","phone":""},{"name":"魔电电竞酒店(楚雄旗舰店)","address":"楚雄彝族自治州鹿城镇鹿城北路53号鹿城大厦3层","phone":""},{"name":"楚雄维丽迪电竞酒店","address":"楚雄彝族自治州鹿城镇彝海社区彝海东路杨家山安置小区","phone":""},{"name":"新纪元网络(田园路店)","address":"昌宁街田黎屯小区2幢聚友冒菜旁","phone":""},{"name":"宜博电竞馆(鹿城南路店)","address":"云南省楚雄彝族自治州楚雄市鹿城镇鹿城南路9-、11号","phone":"电话:13987825248"},{"name":"楚雄魅竞电竞酒吧","address":"楚雄彝族自治州楚雄市梅园路星宿家园-1期西南侧约220米","phone":""},{"name":"ALlENWARE·外星人电竞酒店(彝海公园店)","address":"楚雄彝族自治州楚雄市一彝海东路彝海水岸31幢1单元2楼","phone":""},{"name":"诚鑫动漫嘉年华","address":"彝人古镇火车桥下77便利店隔壁","phone":""},{"name":"骇客码头(昆百大楚悦广场店)","address":"鹿城镇昆百大楚悦广场3楼24号商铺","phone":"电话:19387838807"},{"name":"千麦电玩(花园城商业广场店)","address":"东瓜镇永安路1号花园城商业广场F1层","phone":"电话:13529007158"},{"name":"宜博电竞馆(星烁店)","address":"云南省楚雄彝族自治州楚雄市八一路90号","phone":"电话:18187891204/18687881466"},{"name":"极速赛事电竞馆","address":"楚雄彝族自治州楚雄市丹麓商业街楚雄丹麓小镇西北侧","phone":""},{"name":"SEVENTEEN ps5体验店","address":"兆顺第一城悦莱酒店16楼","phone":""},{"name":"精神時光屋(拨云中心店)","address":"龙瀚酒店对面零食很能嗨后面","phone":"电话:13211820280"},{"name":"极速电竞馆(青浦路店)","address":"云南省楚雄彝族自治州楚雄市北浦路211号","phone":"电话:18087888807"},{"name":"朋克电玩娱乐工作室","address":"云南省楚雄彝族自治州楚雄市府后街99号","phone":"电话:13170509465"},{"name":"南梦宫(紫溪商业中心店)","address":"紫溪商业中心1幢2层2-018、019号","phone":"电话:13759143657"},{"name":"云逸宝摇杆游戏机(万达影城花园城店)","address":"高新区永安路1号4楼万达影城店内大厅前台边上","phone":""},{"name":"三人行电竞馆(汇鑫广场店)","address":"云南省楚雄彝族自治州楚雄市东瓜镇东盛东路永盛花园三期51栋汇鑫广场F1","phone":""},{"name":"跳跳方块(全家人的健身游戏·昆百大楚悦广场店)","address":"中大街楚悦广场三层03F32号商铺","phone":"电话:19387829390"},{"name":"超级玩家游戏主机体验","address":"彜海公园彝海水岸33栋","phone":""}]