[{"name":"银河电竞","address":"邵公路锦江公寓西南门西侧","phone":"电话:18039983705"},{"name":"壹+电竞","address":"安心街滨河新城22号商铺","phone":"电话:18236707668"},{"name":"联盟电竞(青年店)","address":"三门峡市灵宝市桃林路函谷花园小区东南侧约180米","phone":"电话:18339879107"},{"name":"小城故事电竞","address":"河南省三门峡市湖滨区虢国东路虢国绿苑西华庭一楼","phone":"电话:13839899096"},{"name":"传奇电竞(英鸿店)","address":"城关镇黄河路丽升洗浴对面","phone":""},{"name":"无双电竞","address":"三门峡市渑池县解放大街中段新世纪家具城院内西侧","phone":"电话:13373972000"},{"name":"联盟电竞(成龙店)","address":"三门峡市灵宝市尹喜路金色摇篮幼儿园(尹溪路)西侧约50米","phone":""},{"name":"悟空电竞馆(崤山西路店)","address":"崤山路九街坊3号院1号楼2层02号","phone":"电话:17739709955"},{"name":"木木电竞馆","address":"天盛御景二楼门面","phone":""},{"name":"奇凡电竞","address":"茅津北路和和平路交叉口奇凡电竞","phone":"电话:13663987721"},{"name":"网影电竞(青龙路店)","address":"金辰瑶光安盛街东140米","phone":"电话:18790709090"},{"name":"都市风电竞(文明路店)","address":"六峰路半坡东上环08号","phone":"电话:15239824888"},{"name":"朋友电竞","address":"三门峡市陕州区呼北线峡西汽车站西侧约50米","phone":"电话:0398-2227808"},{"name":"聚点网咖玩家休闲馆(娜迦贰店)","address":"三门峡市陕州区温塘村信和居东门","phone":"电话:13613987572"},{"name":"极客电竞(召公路店)","address":"大岭南路三门峡国际商贸城A座4楼合鑫影院隔壁","phone":"电话:18790712345"},{"name":"开心电竞","address":"三门峡市陕州区永乐街信合居","phone":""},{"name":"龙宇电竞","address":"和平东路与陕源路交叉口西南160米(龙街中段)","phone":""},{"name":"琥珀电竞","address":"三门峡市湖滨区大岭南路天河花园东侧约40米","phone":""},{"name":"瑞丰电竞(青龙谷公园店)","address":"河南省三门峡湖滨区大岭南路与中心大道交叉口博丰明钻5号楼2楼1号","phone":"电话:13193998093"},{"name":"小熊电竞","address":"和平西路和大岭路交叉口北五十米西侧华创国际广场东门门口","phone":"电话:15803988105"},{"name":"绿港电竞","address":"三门峡市湖滨区黄河东路人和小区东侧约130米","phone":""},{"name":"大森林网咖","address":"河南省三门峡市湖滨区南环路与青龙路交叉口西北50米","phone":"电话:15639835211"},{"name":"三门峡哪吒电竞","address":"河南省三门峡市湖滨区嘉和广场后面市场东路2楼201号","phone":"电话:15333980033"},{"name":"杰森电竞(美道家购物广场店)","address":"三门峡市陕州区神泉路美道家购物广场","phone":"电话:15239800969"},{"name":"极地电竞(和平东路店)","address":"三门峡市湖滨区和平东路三门峡百货大楼西南侧约50米","phone":""},{"name":"网怀电竞","address":"河南省三门峡市湖滨区陕源路与黄河路交叉口西南50米巷子2楼","phone":"电话:13525850112"},{"name":"梦幻传奇(嘉亿·东方明珠店)","address":"和平路与陕源路交叉口梦之城购物中心F5层","phone":""},{"name":"云逸宝摇杆游戏机(万达影城万达广场店)","address":"湖滨区和平路与大岭路交叉口万达广场4楼万达影城内大厅前台旁","phone":""},{"name":"大玩家(三门峡万达店)","address":"和平路与大岭路交叉口3F-A02号","phone":"电话:0398-2269668"},{"name":"棱镜密室逃脱(三门峡万达店)","address":"和平路西段万达广场3楼C号商铺（巴奴对面,近1号门）","phone":""}]