[{"name":"e网广场","address":"盛世华庭43","phone":""},{"name":"多多网咖(万达广场店)","address":"人民路美林国际A座5层东侧（万达广场对面）","phone":"电话:13848331011/15547399700"},{"name":"虎牙电竞(人民北路店)","address":"乌海市海勃湾区人民路工会对面","phone":""},{"name":"萨特电竞","address":"海拉南路6-16","phone":"电话:18947316669"},{"name":"天若有情网咖(人民路)","address":"乌海市海勃湾区人民北路康泰小区东侧约30米","phone":"电话:18747884788"},{"name":"无限电竞","address":"乌海市海勃湾区建设南路盛世华庭","phone":""},{"name":"全通网咖","address":"全通文化休闲广场2层","phone":""},{"name":"大豹电竞","address":"内蒙古自治区乌海市海勃湾区滨河街道万晨街","phone":""},{"name":"星际电竞(和平东街店)","address":"九鹏文花园北门西北方","phone":""},{"name":"无限电竞馆","address":"世纪大道南立交桥鸿亿商务酒店楼下","phone":""},{"name":"斗鱼电竞网咖","address":"九鹏文化园1-214号","phone":"电话:13734735782"},{"name":"玩家国度电竞馆(双拥东街店)","address":"乌海市海勃湾区双拥东街世纪元大酒店西北侧约60米","phone":""},{"name":"无限竞宿电竞酒店(二店)","address":"内蒙古自治区乌海市海勃湾区新华东街34","phone":""},{"name":"黑石电竞酒店","address":"海勃湾区内蒙古乌海市万达CLASS1503室","phone":""},{"name":"乌海竞宿电竞酒店","address":"内蒙古自治区乌海市海勃湾区人民南路11号","phone":""},{"name":"无限斗游戏体验馆(乌海万达广场店)","address":"万达金街二楼商铺4B-214室","phone":"电话:15754994970"},{"name":"夹物專門店(乌海万达广场店)","address":"万达广场室内步行街3F层3031号","phone":"电话:15504742468"},{"name":"大玩家(乌海万达店)","address":"人民南路万达广场3楼","phone":"电话:13204734193"},{"name":"悠米电竞酒店(三中店)","address":"乌海市狮城东街72号","phone":""},{"name":"辐霖游戏体验馆","address":"钻石广场6栋33号（爱斯特艺术文化有限公司一楼）","phone":""},{"name":"乐橙电竞酒店(乌海职业技术学院店)","address":"宜化新都荟公寓A座1810室","phone":""},{"name":"云逸宝游戏厅(金亿影城时代广场店)","address":"通用时代广场4楼金亿影城内大厅前台旁","phone":""}]