[{"name":"时光里电竞网吧","address":"四川省眉山市东坡区眉山大道人寿路金悦汇3号楼","phone":"电话:13550508668"},{"name":"荣耀电竞","address":"杭州北路219号","phone":"电话:17381249750"},{"name":"星链电竞","address":"眉山市彭山区建设路与四方街交叉路口往南约80米","phone":"电话:13880164996/19380799173"},{"name":"吉伦多网吧(环湖路店)","address":"环湖西路98号","phone":"电话:18628966662"},{"name":"风驰电竞(上水云锦店)","address":"四川省眉山市仁寿县视高街道大学路176号3层","phone":"电话:18990314239"},{"name":"盒子电竞","address":"眉山市东坡区普田街东湖春天","phone":""},{"name":"骄阳电竞","address":"四川省眉山市彭山区锦江镇恒大时光里32栋2层1号","phone":"电话:19278240639"},{"name":"九号电竞","address":"眉山市东坡区南湖街南湖别院","phone":"电话:18089507556"},{"name":"蓝极星电竞网咖","address":"四川省眉山市仁寿县汪洋镇中央广场3-1，19-22号","phone":"电话:15928919189"},{"name":"吉伦多网吧(会凌大厦店)","address":"杭州中路会凌大厦","phone":"电话:18583836535"},{"name":"英雄联盟网吧(大北街)","address":"大北街111号眉州春天9栋17-21号","phone":"电话:18990376069"},{"name":"吉伦多网吧(玫瑰小镇店)","address":"二环西路玫瑰园19区玫瑰小镇3号楼2楼","phone":"电话:18180086968"},{"name":"吉伦多网吧(玫瑰国际分店)","address":"二环东路123号附9-3-1号","phone":"电话:18583836535"},{"name":"骇客网吧·茶楼·台球(明星路店)","address":"明星北路99号二楼","phone":"电话:13550540655"},{"name":"逍遥游电竞馆(桂香街店)","address":"苏祠街道桂香街120号(近丁字口)","phone":"电话:18990323848"},{"name":"慕尚电竞馆(盖丽广场店)","address":"红星路东延段玫瑰园十期","phone":""},{"name":"城市传说网吧","address":"1环北路409号","phone":"电话:18990324389"},{"name":"头号玩家网吧(儋州东路店)","address":"儋州东路221号","phone":""},{"name":"新世纪网吧(苏湖路店)","address":"苏湖路66号东湖铭苑","phone":"电话:18089512322"},{"name":"赛维斯电竞","address":"新富地商住小区","phone":"电话:18180034295"},{"name":"1号电竞馆(东坡里店)","address":"东坡里商业水街5号楼","phone":"电话:13550500522"},{"name":"吉伦多网吧(登州路店)","address":"登州路87-93号","phone":"电话:18583836535"},{"name":"逍遥游网咖·电竞馆","address":"四川省眉山市东坡区一环西路197~199号","phone":"电话:028-38290988"},{"name":"云朵朵网吧(文定街店)","address":"万霖钱丰文定街365号","phone":"电话:19982613257"},{"name":"云朵朵网咖","address":"一环北路400号402号404号406号","phone":"电话:18990310266"},{"name":"猎鹰网咖","address":"岷江大道西段万景九巷十坊负一楼24号","phone":"电话:028-38310086"},{"name":"吉伦多网吧(十七街店)","address":"拾柒街","phone":"电话:18583836535"},{"name":"宝藏网吧","address":"杭州中路131-145号","phone":"电话:19960766070"},{"name":"银石网咖","address":"岷江大道184号-190号A1栋1层","phone":"电话:18728319614"},{"name":"信和网吧","address":"彭寿街201号","phone":""},{"name":"虎猫电竞(凯旋广场店)","address":"东坡大道南一段31号11栋1层5室","phone":"电话:18384767976"},{"name":"能见度网吧(金城巷店)","address":"东坡商业城13栋1之16-19室","phone":""},{"name":"大鱼网咖","address":"东光社区雅苑小区","phone":""},{"name":"浣熊部落ps4 ps5 switch 电玩(眉山分店)","address":"三苏路145号4层5号","phone":"电话:13036669920/19982686198"},{"name":"源计划网咖","address":"高灯北街66号","phone":"电话:15378624115"},{"name":"大脑斧ps5 switch电玩(盖丽广场店)","address":"万景激情广场负一楼激情荟","phone":"电话:17765436652"},{"name":"欢乐奥秘(宏远盖丽店)","address":"宏远盖丽广场一楼9-11号","phone":""},{"name":"眉山炫窝电竞酒店","address":"岷江大道98号","phone":""},{"name":"梦娜丽莎","address":"金鑫街95号","phone":"电话:19150534227"},{"name":"壹号电竞馆","address":"四川省眉山市东坡区文忠街19号","phone":"电话:13778622239"},{"name":"尚酷玩家(眉山店)","address":"岷江大道中段望族1881万市隆超市负一楼2号","phone":"电话:15388211663"},{"name":"娃屋wow","address":"子瞻大道5号金府穿越盛世15幢1层50号","phone":"电话:17361165001"},{"name":"黑白猫·PS5·switch·撸猫电玩","address":"仁寿路南段冠城学府金街12号楼3楼45号","phone":"电话:18784417182"},{"name":"迈达斯电竞馆","address":"眉山市东坡区西子街东坡里商业水街(建设中)","phone":"电话:13778858991"},{"name":"蒙娜丽莎网吧","address":"珠市东街与大北街交叉口东南20米","phone":""},{"name":"大玩家(眉山万达店)","address":"文忠街333号","phone":"电话:028-38285580"},{"name":"云逸宝摇杆游戏机(万达影城眉山万达广场XLAND店)","address":"眉山市文忠街333号万达广场4楼万达影城内大厅前台旁","phone":""},{"name":"慕尚电竞馆","address":"四川省眉山市东坡区大石桥街道东坡大道南4段-201","phone":"电话:18180561868"},{"name":"云逸宝游戏厅(太平洋影城宏远盖丽店)","address":"二环东路宏远盖丽4楼太平洋影城内大厅前台旁","phone":""},{"name":"酷玩地带","address":"眉山市岷江生活广场4栋56号","phone":""},{"name":"云逸宝摇杆游戏机(岷江影城岷江生活广场店)","address":"眉山市岷江生活广场岷江影城店内大厅前台边上","phone":""},{"name":"阳阳特攻队","address":"眉山市玫瑰国际2栋2楼","phone":"电话:17765440502"}]