[{"name":"战地电竞","address":"佳木斯市富锦市三江路世纪商厦东北侧约120米","phone":"电话:13946662499"},{"name":"风云网吧(佳西街店)","address":"黑龙江省佳木斯市郊区佳西街149号","phone":"电话:13846169796"},{"name":"摩洛克电竞","address":"黑龙江省佳木斯市向阳区西林路276号","phone":""},{"name":"零点网咖(大学路店)","address":"学府街260号","phone":"电话:13664542345"},{"name":"星语网咖·电竞馆(和平街店)","address":"和平街99号","phone":"电话:0454-8319777"},{"name":"神采飞扬电玩城","address":"文昌街华联超市一楼","phone":"电话:13104540055"},{"name":"九成网咖","address":"新一街奥林南苑(新一街)东侧约90米","phone":"电话:13339558068"},{"name":"德玛网咖(万发路店)","address":"万发路190号时代景城A8号楼104门市","phone":"电话:18845401243"},{"name":"摩洛克电竞(保卫店)","address":"黑龙江省佳木斯市向阳区裕民巷62号","phone":""},{"name":"6号电竞馆","address":"佳木斯市富锦市向阳路千禧大酒店","phone":""},{"name":"摩洛克电竞(保卫店)","address":"黑龙江省佳木斯市向阳区裕民巷62号","phone":""},{"name":"鼎特电竞网咖","address":"盛世华都W栋07门市","phone":""},{"name":"木马电竞馆(小艺的店)","address":"黑龙江省佳木斯市向阳区西林路559号","phone":"电话:18745487999"},{"name":"零点电竞馆(长安店)","address":"长安路东132号","phone":"电话:04548211888/13664542345"},{"name":"鼎特电竞馆","address":"站前路711号","phone":""},{"name":"猎狐电竞馆(文昌街店)","address":"文昌街与新华街交叉口东60米","phone":""},{"name":"蚂蚁电竞网咖(胜利东路店)","address":"直辖胜利东路131号（农校正对面）","phone":"电话:15046408222"},{"name":"卓越魔方网吧","address":"胜利东路135号农校对面","phone":""},{"name":"尊瀚电竞酒店","address":"红旗街三江商贸城A2栋1号","phone":""},{"name":"灵狐电竞酒店","address":"佳木斯市向阳区直辖村级区划大学路226号","phone":""},{"name":"鼎特网咖(大学店)","address":"学府街道","phone":"电话:0454-5678910"},{"name":"鸿运魔方网络(升平街店)","address":"升平街156号","phone":"电话:18946488527"},{"name":"鼎特电竞馆","address":"黑龙江省佳木斯市向阳区平吊街佳木斯大学(第一学区A院)","phone":""},{"name":"超神电竞酒店","address":"佳木斯市桥北路38号杏林公馆B栋1楼","phone":""}]