[{"name":"百顺电竞·棋牌","address":"江西省南昌市青云谱区京山南路象湖公寓27栋","phone":"电话:19534935801"},{"name":"多兰网咖(兰宫店)","address":"兰宫路威艾时尚健身旁","phone":"电话:15797761011"},{"name":"超超电竞馆","address":"纬泰购物（高新店）","phone":"电话:18779122006"},{"name":"荧光电竞(沈桥店)","address":"昌东西路中汇科技园1号楼2层全层","phone":"电话:19870122023"},{"name":"酷炫超电竞网咖","address":"南昌市南昌县东祥路锦尚天域","phone":""},{"name":"银豚电竞(高新区瑶湖店)","address":"紫阳大道95号(奥体中心地铁站4号口步行410米)翰园小区","phone":"电话:18579050982"},{"name":"浣熊电竞馆","address":"经济技术开发区军友谊路88号时代之光小区23号楼201室","phone":""},{"name":"全程高能电竞(金鑫店)","address":"三经路166号沿街店面二层","phone":"电话:17746619162"},{"name":"奈斯电竞馆(力高店)","address":"莲富路力高君御都会商业1栋二楼","phone":"电话:18679828891"},{"name":"玖号电竞·台球·棋牌","address":"聚仁国际玖号电竞台球棋牌","phone":""},{"name":"玖号电竞·台球·棋牌","address":"聚仁国际玖号电竞台球棋牌","phone":""},{"name":"华安电竞馆(旭辉店)","address":"经济技术开发区双港西大街899号旭辉广场旭辉C街2号楼304-305","phone":"电话:17379190736"},{"name":"康怡电竞馆","address":"五一路175号-202号,康怡·休闲购物广场二楼（乐豆家便利店楼上）","phone":"电话:19318527933"},{"name":"集结号电竞馆(万寿宫杉舞店)","address":"广一区9栋","phone":"电话:13517097119/13970822722/19070199391"},{"name":"邂逅电竞(新宇店)","address":"九龙湖西站大街1888号新宇盛世广场","phone":"电话:18970989226"},{"name":"速行者电竞网咖","address":"天祥大道与赣鄱三路交叉口向东200米","phone":"电话:18172829298"},{"name":"奈斯电竞联盟(红谷滩店)","address":"博能中心1期B座2楼奈斯电竞馆","phone":"电话:18073666101"},{"name":"二次元电竞网咖","address":"阳明小康家园","phone":"电话:13870908078"},{"name":"摩格电竞(西站店)","address":"沃华w广场","phone":"电话:15616003476"},{"name":"星洲电竞","address":"高新技术产业开发区东镇阳门村小区家园A区30栋一楼东1号,二楼东1至5号","phone":""},{"name":"逸巢电竞","address":"芳华路丰和花园北门1号","phone":"电话:13767194641"},{"name":"鸿运网吧","address":"黄家湖东路56号","phone":"电话:13767194641"},{"name":"三只熊电竞馆","address":"北京东路1118号","phone":"电话:17679081624"},{"name":"猎狐电竞(九颂荟店)","address":"银三角管委会安宝大道497号九领山河时代城1栋商业三层15、16号商铺","phone":""},{"name":"笨笨熊电竞(巴芬店)","address":"南昌市南昌县金沙二路幸福时光东南门西南侧","phone":""},{"name":"邂逅电竞(富源店)","address":"富源花园B70商铺","phone":"电话:19970078992"},{"name":"奈斯电竞馆(四站连店)","address":"莲塘南大道1088号西南方向60米","phone":""},{"name":"莲兴网咖","address":"北大道790号正荣大湖之都南岸公园-转角综合楼F1层","phone":"电话:13970931977"},{"name":"遇见网咖(无极店)","address":"迎宾北大道208号","phone":"电话:13870666883"},{"name":"网鱼网咖·电竞(南昌红谷滩地铁大厦天虹店)","address":"丰和中大道818号华茂国际广场地铁大厦天虹购物中心商场L4层4233a铺","phone":"电话:13294194339"},{"name":"网游天下电竞","address":"建德观街410号","phone":"电话:13755610878"},{"name":"金泰电竞(鸿鑫店)","address":"江西省南昌市青山湖区罗万下万村25正东方向140米","phone":"电话:13732907517"},{"name":"斯豆电竞","address":"南昌市枫林西大街299号IM乐盈广场9号楼1楼","phone":"电话:0791-83833866/19379186576"},{"name":"银翼电竞生活馆","address":"汇仁大道银湖湾小区一期8栋121二楼","phone":""},{"name":"松柏园网咖","address":"万达文化旅游城A1区S7-116号","phone":""},{"name":"友家电竞网咖(沈桥店)","address":"江西省南昌市青山湖区解放东路1187号","phone":"电话:13979194045"},{"name":"八喜网咖","address":"城南路以南贵都国际花园以北城市花园S11栋217-236号","phone":"电话:15970619070"},{"name":"高能电竞(天虹购物中心朝阳洲店)","address":"九洲大街666号天虹购物中心F5","phone":""},{"name":"大千网络世界","address":"北京东路支路南池路桃竹魏村20号附近","phone":"电话:18379168825"},{"name":"引力波电竞馆","address":"云溪花园三期1栋13-16号","phone":""},{"name":"趣尚电竞网咖(上饶大街店)","address":"南昌工学院旁,趣尚电竞酒店1楼","phone":""},{"name":"海豹电竞·台球·棋牌(步云店)","address":"上海北路88号","phone":"电话:18172887678"},{"name":"123电竞","address":"洪都中大道150号（顺外地铁站4号口步行290米）","phone":""},{"name":"奈斯电竞联盟(轩宇店)","address":"江西省南昌市南昌县八月湖路2888号南昌小商品城1栋101-104室","phone":""},{"name":"哔卡电竞","address":"江西省南昌市新建区蛟桥街道博库大厦","phone":"电话:17099162699"},{"name":"陌辰网咖","address":"广场东路206号陶打面2层","phone":"电话:15570270929"},{"name":"哈雷电竞(萤火虫管理)","address":"南昌市红谷滩区百丈山路金麒麟世家·半山半城东南侧约130米","phone":""},{"name":"火龙果电竞","address":"江西省南昌市青山湖区火炬大街28-5号","phone":"电话:15180105934"},{"name":"兆琦网吧·电竞酒店(百分百购物广场店)","address":"工业五路29号百分百购物广场(分店)","phone":"电话:15970496305"},{"name":"心浪网络","address":"洛阳路孙家亭小区2栋(顺外地铁站4号口步行410米)","phone":""},{"name":"华安电竞(亲民价麦园店)","address":"经济技术开发区麦园新村B单元6排2栋","phone":"电话:15879199922"},{"name":"煌盛电竞","address":"罗家大道88号S3-108室","phone":"电话:15279129957"},{"name":"网鱼网咖·电竞(南昌红谷滩丰和中大道店)","address":"丰和中大道与丰和北大道交叉口西南100米","phone":"电话:15381018459"},{"name":"全程高能电竞(魔工坊店)","address":"明矾路66号","phone":"电话:19524633525"},{"name":"杭勤电竞馆·网咖·台球·棋牌室","address":"莲安路力高澜湖郡A栋2楼","phone":"电话:15979364406"},{"name":"南昌潮汐电竞网吧有限公司","address":"江西省南昌市红谷滩区九龙湖管理区怀玉山大道","phone":""},{"name":"达尔优电竞馆(求知店)","address":"江西省南昌市南昌县S103(蒋巷西大道)","phone":"电话:13970805951"},{"name":"网鱼网咖·电竞(南昌新建万达店)","address":"双云路新建城万达广场3楼3030号靠近1号门（夜间通道:商场6号门）","phone":"电话:19070906613"},{"name":"松鼠电竞时尚酒店(滕王阁地铁站店)","address":"南昌市朝阳洲中路41号1楼","phone":"电话:18070387799"},{"name":"人来人网电竞馆(青文二路店)","address":"青文二路京东香港街112号","phone":"电话:13755655751"},{"name":"速嗨电竞馆","address":"上海路520Park文创公园内大门向东100米二楼右侧","phone":"电话:19168258083"},{"name":"金碧辉煌·精英电竞","address":"南蒲街道船山路13号","phone":""},{"name":"雷慕电竞","address":"江西省南昌市南昌高新技术产业开发区紫阳大道1199号卓成大厦323-328室","phone":""},{"name":"阿里巴巴电竞网咖","address":"红谷滩区公元九珑底商16-09","phone":"电话:13755613663"},{"name":"银河电竞·棋牌房(胜利路步行街店)","address":"胜利路222号","phone":"电话:0791-86862227"},{"name":"邂逅电竞(西站店)","address":"南昌市红谷滩区南昌西站北广场(负一楼)霸王茶姬楼上","phone":"电话:17379169299"},{"name":"哈雷电竞","address":"南昌市南昌县金沙三路恒大城","phone":""},{"name":"聚鑫网咖(城南店)","address":"新溪桥路1819福祥家园一栋43号后面","phone":"电话:13697093070"},{"name":"红鱼网咖(梦时代店)","address":"上海北路300号爱购广场3楼","phone":"电话:19979030421"},{"name":"极速部落电竞(航空城大道店)","address":"南昌市航空城大道333号玉丰实业有限公司办公楼2楼","phone":""},{"name":"潮汐电竞","address":"创业孵化街天誉凤凰樾南门斜对面","phone":""},{"name":"河马电竞","address":"南昌市南昌县创新二路鱼尾明山住宅小区-B区东侧约170米","phone":""},{"name":"6+1网吧麻将棋牌室(中山路店)","address":"西湖街道渊明南路69号新61室","phone":"电话:18170064480"},{"name":"清华网咖","address":"高新大道梁万村618号","phone":"电话:0791-88339977"},{"name":"上座电竞馆(万寿宫店)","address":"孺子路与淘沙塘巷交叉口西南60米","phone":"电话:19318500785"},{"name":"小太阳电竞馆(双子塔店)","address":"绿地缤纷城左邻2楼（近喜茶入口）","phone":"电话:15979036946/17391969555"},{"name":"红鱼网咖(八一广场店)","address":"地王广场写字楼","phone":"电话:18579131864"},{"name":"天地英雄网咖(贰号店)","address":"渊明北路138号","phone":"电话:18707916350"},{"name":"星耀电竞","address":"国粹商业街","phone":"电话:13177875575"},{"name":"天工电竞·棋牌(绿茵路店)","address":"绿茵路红谷世纪花园C区C3栋-2F-579号","phone":"电话:15350117520"},{"name":"兴荣网咖(石头街店)","address":"石头街16号","phone":"电话:17370092182"},{"name":"千里追风天堂鸟网咖","address":"贤士二路216号(阳光时尚宾馆对面)","phone":"电话:18970990601"},{"name":"遇见网咖(船山路店)","address":"船山路201号","phone":"电话:13870666883"},{"name":"爱博网咖","address":"花园角61号","phone":"电话:15079081191"},{"name":"网鱼网咖·电竞(恒茂梦时代店)","address":"北京东路448号恒茂梦时代国际广场1栋2层151室","phone":"电话:19067967507"},{"name":"凯撒网咖(冠山北路店)","address":"皇姑路179号2区10号楼附近","phone":""},{"name":"东非电竞","address":"南昌市红谷滩区凤凰北大道南昌T16购物中心西北侧","phone":""},{"name":"新发现电竞","address":"江西省南昌市新建区S416(万寿路)","phone":"电话:15180107763"},{"name":"聊聊网城","address":"兴华路45-1号附近","phone":""},{"name":"制高点电竞网咖","address":"马家池1号一层","phone":"电话:15070059966"},{"name":"宾呈电竞","address":"南昌市青山湖区天香东路万科城-四期东北侧约110米","phone":""},{"name":"天空电竞网咖台球(青山南路店)","address":"青山南路666号2层","phone":"电话:0791-88620077"},{"name":"网鱼网咖(南昌县莲塘力高店)","address":"南昌市南昌县莲西路269号17栋商铺237号(零食很忙右边2楼)","phone":"电话:13807088589"},{"name":"卓玛电竞","address":"江西省南昌市新建区庐山南大道新势力数字文创园","phone":""},{"name":"至臻电竞馆(印象新天地店)","address":"凤凰洲丰和北大道766号商城凤凰印象新天地2栋2楼206商铺","phone":"电话:19979177517"},{"name":"光头强网吧","address":"八月湖路大洲小区31栋北侧西边(新洪城对面)","phone":""},{"name":"全程高能电竞(银都路总店)","address":"沙井街道银都路云上汇会所电梯二楼","phone":"电话:19070913751"},{"name":"电竞房","address":"江西省南昌市青山湖区高新技术产业园区沈桥路1068号","phone":""},{"name":"游逸电竞馆","address":"双港路1180号（万佳惠广场）","phone":""},{"name":"天骄府网吧","address":"文化大道507号","phone":""},{"name":"华夏网城","address":"塔子桥南路8号龙王庙菜市场","phone":"电话:15070855808"},{"name":"大榕树网吧","address":"莲西路720号","phone":"电话:15350110996"},{"name":"龙鳞电竞","address":"江西省南昌市南昌县东新乡东祥路16-208号","phone":"电话:19917931333"},{"name":"网鱼电竞酒店(西湖万达天虹商场朝阳洲店)","address":"西湖区云锦路508号东亚朝阳三号楼21层","phone":"电话:18970034828"},{"name":"虎鲸电竞(南昌瑶湖商业城店)","address":"紫阳大道长旺路光耀综合大楼A栋2楼","phone":""},{"name":"寓约电竞","address":"南昌市红谷滩区绿茵路红谷世纪花园","phone":""},{"name":"火星猫电竞网咖(海上明月店)","address":"创新二路海上明月","phone":"电话:18070077114"},{"name":"坦客网咖(和昌里店)","address":"会展路万达广场对面熙梦里商场1楼（麦当劳路口商场）","phone":""},{"name":"天天乐电竞馆(红谷八路)","address":"沁园路160号二楼","phone":""},{"name":"云电竞","address":"江西省南昌市青云谱区何坊西路128号-1号","phone":"电话:19179157111"},{"name":"光线电竞","address":"建设路135号1栋2层","phone":""},{"name":"银蕊网吧","address":"二七西街17栋","phone":"电话:0791-86115992"},{"name":"元兽电竞","address":"江西省南昌市南昌县昌东镇钱岗农贸市场西南36米","phone":""},{"name":"新浪都网咖电竞","address":"解放西路49号2层","phone":"电话:15270839808"},{"name":"电竞房","address":"南昌市西湖区南浦路天灯下社区","phone":""},{"name":"e百分电竞馆","address":"扬子洲万家嘉苑","phone":""},{"name":"百盈网咖(气象路店)","address":"迎宾北大道气象路58号二楼","phone":"电话:13879117798"},{"name":"A7电竞联盟","address":"南昌市新建区文化大道新力怡园","phone":""},{"name":"乐非电竞·炸蛋(天空之城店)","address":"万科天空之城2049商场二楼（季季红正上方二楼）","phone":""},{"name":"东昇电竞(瑶湖春天商业一条街店)","address":"江西省南昌市南昌县麻丘镇麻丘街288号","phone":"电话:13870611856"},{"name":"天天电竞","address":"南昌市西湖区建设西路阳光灯饰广场(建设西路店)","phone":""},{"name":"棋牌电竞","address":"南昌市西湖区渊明南路孺子亭公园西侧约40米","phone":""},{"name":"星野电竞(乐盈店)","address":"枫林西大街299号盈石商业广场3楼3101、3102号","phone":"电话:15797916825"},{"name":"君象电竞网络传媒","address":"南昌市红谷滩区龙兴大街金麒麟世家·半山半城","phone":""},{"name":"星月网吧","address":"中心卫生院","phone":""},{"name":"巨猩电竞馆(瑶湖店)","address":"高新技术产业开发区天祥大道昌东镇阳门村龙贸市场沿街商业楼2楼203-208","phone":"电话:19979715190"},{"name":"炸弹电竞","address":"江西省南昌市青云谱区徐家坊街道解放西路49号","phone":""},{"name":"萤火虫电竞馆","address":"南昌市南昌县长丰路航天科创广场","phone":""},{"name":"超的电竞馆","address":"南昌市南昌县莲富路力高君御国际","phone":""},{"name":"星森电竞","address":"南昌市南昌县象湖新城商业街幸福时光滨河壹品","phone":""},{"name":"龙州电竞","address":"南昌市南昌县东祥路大洲嘉苑东侧约50米","phone":""},{"name":"炸蛋电竞馆","address":"江西省南昌市青山湖区京东南大道海尔专卖2楼","phone":""},{"name":"玲菲电竞","address":"南昌市安义县石鼻东街石鼻二中西侧约170米","phone":""},{"name":"元碧电竞","address":"江西省南昌市高新区天祥南大道中铁二十局巷口巷口祥和嘉园","phone":""},{"name":"飞影电竞(岔道口东路店)","address":"江西省南昌市青山湖区上海路街道师大南路54号-18栋","phone":""},{"name":"专业FPS电竞馆","address":"南昌市南昌县莲富路力高君御国际","phone":""},{"name":"温馨99星座电竞","address":"南昌市红谷滩区丰和中大道江西中寰医院北侧","phone":""},{"name":"住宿电竞","address":"南昌市红谷滩区明月山大道江铃时代城","phone":""},{"name":"暴雪电竞酒店","address":"江西省南昌市红谷滩区会展路888号和昌里F1","phone":""}]