[{"name":"兄弟电竞","address":"绿色家园4号底商","phone":"电话:18631441189"},{"name":"英豪网吧(西大街)","address":"西大街(路北)5-11号","phone":"电话:13903146916"},{"name":"幸运鸟网络会所","address":"承德市围场满族蒙古族自治县滨河西路伊水嘉园北侧约210米","phone":"电话:13623140023"},{"name":"炫动网吧(新生路店)","address":"肃顺府路与荆芭胡同交叉口东南50米","phone":"电话:13180107010"},{"name":"宏吉盛网吧","address":"学院路文轩茗园7号商业107","phone":""},{"name":"大咖网吧","address":"电影院旁","phone":"电话:17703388792"},{"name":"站东网吧","address":"火车站广场行包房二楼","phone":"电话:0314-2082088"},{"name":"新世纪网吧(兴平中路店)","address":"医院东南门东50米","phone":""},{"name":"通达网吧(坝南沿)","address":"坝南沿满族自治县农业开发办公室","phone":""},{"name":"闪电网咖(于家沟路店)","address":"二仙居大街陕西营19号楼3号底商","phone":"电话:13903146916"},{"name":"云逸宝摇杆游戏机(万达广场店)","address":"承德市金宝大厦A座4楼万达影城休息区前台旁","phone":""},{"name":"开心电玩城","address":"佳佳购物3楼","phone":"电话:18103140444"},{"name":"芊琪电玩(金龙购物广场店)","address":"河北省承德市双桥区都统府大街1号金龙购物广场F2","phone":""},{"name":"乐翻天游乐城","address":"佟温路2号（建设银行南侧）","phone":"电话:13833408198/18603247456"},{"name":"玩偶部落(万达店)","address":"万达广场B1层B1020号商铺","phone":"电话:15602069725"}]