[{"name":"联盟网吧","address":"北雀路114号柳刚商贸中心商住楼2楼","phone":"电话:18207722090"},{"name":"瑞尚电竞网咖(胜利旗舰店)","address":"胜利路9号中房·胜利小区二区1栋二楼2-3号","phone":""},{"name":"风暴电竞","address":"龙田路18号水榭华庭外排","phone":"电话:18977238168"},{"name":"天空电竞上网(跃进路店)","address":"跃进路50号之1门面10跃进高架桥傍","phone":"电话:19107723687"},{"name":"应有电竞·依陌店","address":"解放南路1号梦之岛购物广场五星店3楼","phone":"电话:0772-2636096"},{"name":"指间缘电竞","address":"广西壮族自治区柳州市鱼峰区西江路3号","phone":""},{"name":"鸿翔网吧·HX电竞(雅儒路店)","address":"广西壮族自治区柳州市柳北区雅儒路285号2层","phone":"电话:19167032805"},{"name":"夏威夷电竞馆(兴宜街店)","address":"广西壮族自治区柳州市三江侗族自治县兴宜街59号","phone":"电话:18172231171"},{"name":"光明网吧","address":"柳石路153号嘉汇龙潭5号楼","phone":""},{"name":"网鱼电竞(柳州保利广场店)","address":"广西壮族自治区柳州市柳北区白沙路2号之一保利大江郡24栋2-7房","phone":"电话:19165766425"},{"name":"飞翔网吧(兴隆路店)","address":"大风车幼儿园北100米(兴隆路北)","phone":"电话:18178818378"},{"name":"网鑫网吧(磨滩路店)","address":"磨滩路98号天鹅湖2号楼2-23至2-27号","phone":""},{"name":"佳合网吧(育才路店)","address":"育才路9号","phone":"电话:0772-3616117/19167327561"},{"name":"悦·电竞","address":"广西壮族自治区柳州市城中区柳新街66号蓝色港湾商住楼1栋3-1号","phone":"电话:18077222206"},{"name":"柒月电竞网咖(柳州城中万达店)","address":"东环路256号万达东街20栋2楼20号","phone":"电话:17307727251"},{"name":"语过添情网吧(潭中东路店)","address":"潭中东路9号","phone":"电话:13977291579/19177222021"},{"name":"来来电竞馆","address":"柳州市鱼峰区雒柳路雒容市场西南侧约100米","phone":""},{"name":"鑫锋电竞网咖(职教园友邻汇店)","address":"广西壮族自治区柳州市鱼峰区文林路3号职教园友邻汇A301","phone":""},{"name":"鑫成网吧(广雅路店)","address":"广雅路与广雅市场龙凤街交叉口西80米","phone":""},{"name":"柳州市前进网吧连锁(屏山大道店)","address":"屏山大道306号3号楼二楼三楼","phone":"电话:13978091917"},{"name":"随奕网吧","address":"磨滩路98号天鹅湖11栋2层","phone":"电话:15277296732"},{"name":"阳光网吧(蝴蝶山路店)","address":"蝴蝶山路58号阳光花园c区17栋","phone":"电话:15177728770"},{"name":"科星电竞","address":"柳州市鱼峰区广信路雒容市场北侧约90米","phone":""},{"name":"和立得电竞","address":"广西壮族自治区柳州市柳江区商贸街1a3-504西区1a栋","phone":"电话:0772-7221867"},{"name":"新桂电竞","address":"飞鹅二路23号荣兴大厦第三栋","phone":"电话:15877267788"},{"name":"非迪网吧(河西路店)","address":"河西路20号","phone":""},{"name":"聚银龙电竞·台球","address":"航惠路9号2楼","phone":"电话:18607872180"},{"name":"明基网吧","address":"柳南街道城站路96-1号","phone":"电话:13317888516"},{"name":"港岛网咖(屏山大道店)","address":"屏山大道278号长虹世纪1号楼2层","phone":"电话:13367727665"},{"name":"网桥网吧","address":"白沙路1-1号","phone":""},{"name":"斗鱼台球(柳东旗舰店)","address":"广信路66号阳光丽景一期1-3号楼9-16号商铺","phone":""},{"name":"永芳网吧(河西路店)","address":"河西路28号十一冶一区1栋","phone":"电话:13707800558"},{"name":"知己网咖","address":"北雀路71号24栋","phone":"电话:13877288688"},{"name":"龙巢电竞网咖(和谐市场店)","address":"广西壮族自治区柳州市柳南区航生路9号和谐市场2层","phone":""},{"name":"进辉网咖","address":"蝴蝶山路58号阳光花园18栋一层","phone":"电话:13377239259/15807722515"},{"name":"天顺网吧(雀儿山路店)","address":"雀儿山路5之23-24号","phone":"电话:0772-2318389"},{"name":"遇见网咖(泰华大厦店)","address":"解放南路40号泰华大厦3楼","phone":"电话:17776320005"},{"name":"向佐网咖","address":"古亭大道1号香港新城金龙苑1-6幢","phone":"电话:18172250227"},{"name":"网缘网咖(象岩路店)","address":"象岩路99号","phone":"电话:13597258656"},{"name":"傲电竞","address":"柳州市鱼峰区茅山路白云综合农贸市场","phone":""},{"name":"流金岁月网络会所","address":"车园纵五路10号花岭友邻汇A栋2号门2楼","phone":""},{"name":"兰天网咖(跃进路)","address":"跃进路50号之1号12层","phone":"电话:18978088288"},{"name":"聚尚电竞馆","address":"广信路66号阳光嘉园门面","phone":"电话:13597258656"},{"name":"柏克电竞酒店(谷埠街店)","address":"柳州市飞鹅二路1号谷埠街国际商城K2栋北8楼","phone":""},{"name":"快乐街区(柳州万象城店)","address":"文昌路17号万象城L4层450店铺（半天妖烤鱼旁）","phone":""},{"name":"乐游游动漫电玩城","address":"鱼峰路17号银泰城3楼3001-3026室","phone":"电话:0772-8803118"},{"name":"好特电玩(地王新天地店)","address":"广场路10号地王新天地6楼6012号商铺","phone":"电话:18377286007"},{"name":"柳州川页电竞","address":"柳州市柳南区航鹰大道万佳濠庭","phone":""},{"name":"升辉网络","address":"柳江基隆开发区兴隆大道61号","phone":"电话:18977220883"},{"name":"别踩红色格子(柳州古城店)","address":"五星美食街二楼（贰楼LIVEHOUSE酒吧旁）","phone":"电话:19167394883"},{"name":"好玩多游戏部·ps5·Switch·聚会轰趴","address":"广场路10号地王公馆3栋1单元49楼17号","phone":"电话:13617829915"},{"name":"忠文电玩(柳州主店)","address":"广西壮族自治区柳州市城中区文惠路85号","phone":"电话:0772-2818793"},{"name":"大玩家(柳州万达广场店)","address":"东环大道256号万达广场3栋3楼","phone":"电话:17377222140"},{"name":"雷神电玩(城站路店)","address":"城站路106号增鑫一区新建集资房2栋一层1-5号","phone":"电话:13877276235"}]