[{"name":"盖盖电竞","address":"南塔街文化宫综合楼门面1-5号","phone":"电话:13998528855"},{"name":"名动电竞网咖","address":"寿昌大道中厚新苑36号楼7-10号","phone":"电话:15902714660"},{"name":"漫威电竞","address":"葛洪大道735号","phone":"电话:18871119288"},{"name":"华新网吧","address":"车站路10号","phone":"电话:0711-3581601"},{"name":"SY电竞馆(黄石花湖高铁站店)","address":"湖北省鄂州市鄂城区重庆路和风朗苑33-14号","phone":"电话:0711-2388839"},{"name":"奇遇电竞","address":"葛店开发区创业大道菱湖印象第6幢1层03号房","phone":""},{"name":"漫非网咖(奶茶咖啡店)","address":"康源路一号东盛新干线第1号楼2号商铺","phone":"电话:0711-3812314"},{"name":"漫非网咖(太子花苑店)","address":"鄂州市华容区葛店开发区创业大道太子花苑一栋","phone":"电话:15972314971"},{"name":"杰拉网咖(辉辉文化宫店)","address":"文星大道97号（财富广场对面）","phone":"电话:13871819747"},{"name":"运安网络会所","address":"华容镇","phone":""},{"name":"博士电竞(隆泰路店)","address":"湖北省鄂州市鄂城区隆泰路34-1号","phone":""},{"name":"S+电竞馆","address":"湖北省鄂州市鄂城区凤凰路92-5号","phone":""},{"name":"樊城网络生活馆(旺角新天地副食店)","address":"凤凰街道武昌大道342号旺角新天地二楼(原吉骨小馆二楼)","phone":"电话:13908688658"},{"name":"SJ电竞","address":"鄂州市鄂城区古城路世纪商城","phone":""},{"name":"一网情深网吧(濠塘西巷店)","address":"濠塘西巷1-4号","phone":"电话:18972953668"},{"name":"摩登电竞馆(司徒路店)","address":"司徒路澜庭国际1号楼1层2层13号21号商铺","phone":""},{"name":"博缘电竞","address":"古城路50-10","phone":"电话:18908681989"},{"name":"森源电竞酒店(鄂州市中心医院店)","address":"湖北省鄂州市鄂城区凤凰街道百子正街1-3","phone":""},{"name":"真快活Coohoo Max(鄂州吾悦广场店)","address":"大桥路吾悦广场2层Z202商铺","phone":"电话:17771380503"},{"name":"迪迪冒险乐园(南浦国际广场店)","address":"南浦国际广场","phone":"电话:19072989528"}]