[{"name":"VTOP电竞俱乐部","address":"(东门路)50号","phone":"电话:13227312222"},{"name":"凯琳电竞","address":"北川路特99号","phone":"电话:15072779977"},{"name":"时分网咖","address":"新港大道辅路清华花园2栋3栋1单元115号","phone":""},{"name":"新浪潮网咖(民主路店)","address":"香港岛公寓","phone":"电话:15997374606"},{"name":"德玛电竞馆(赤壁大道店)","address":"赤壁大道6号","phone":"电话:13317257551"},{"name":"摩啡电竞馆(翡翠一品店)","address":"赤壁大道76号翡翠广场负一层7-FO1层","phone":"电话:0713-8888566"},{"name":"星火电竞馆(太华国际店)","address":"西湖三路太华国际1号门3楼","phone":"电话:18571521888"},{"name":"新星网咖","address":"利民路22号","phone":"电话:15102744449"},{"name":"星脉电竞(中洲慧谷店)","address":"明珠大道食尚街负一层（黄冈师范学院北门旁）","phone":"电话:18571521888"},{"name":"蜂鸟电竞网咖(胜利新街店)","address":"体育路1号","phone":"电话:15098000101"},{"name":"威+电竞馆(人民防空大厦店)","address":"黄州大道37号威加电竞（人民防空大厦2楼）","phone":"电话:18071203020"},{"name":"萌贝尔网咖","address":"东门路37号纳金川宾馆二楼","phone":"电话:17371332888"},{"name":"龙腾网吧(黄州开发区学生街店)","address":"黄冈经济开发区新港二路15-5号","phone":"电话:18771624371"},{"name":"屠龙网吧","address":"东门路260号","phone":""},{"name":"星潮电竞馆(黄冈店)","address":"新港大道全明星体育公园入口处50米","phone":""},{"name":"E+电竞生活馆","address":"明珠大道80号明珠广场D幢2层201号","phone":"电话:0713-8208897"},{"name":"新佳源网吧","address":"宝塔大道43号宏达大厦","phone":"电话:13995939322"},{"name":"心随缘网吧","address":"程家湾45号","phone":"电话:18171766017"},{"name":"小叮当电玩社万达主题店PS5·Switch(万达店)","address":"中央公馆7栋商铺120室","phone":"电话:18772500502"},{"name":"迪爽电竞馆","address":"三台河社区一组东门路119号西二楼","phone":"电话:19172326151"},{"name":"嘿客电竞","address":"秦家塆-26号楼","phone":""},{"name":"百鹰电竞酒店","address":"黄冈市赤壁北路三大碗斜对面","phone":""},{"name":"K电竞","address":"黄冈市黄州区东门路东方京城西北侧约60米","phone":""},{"name":"德玛电竞馆(西湖店)","address":"宝塔大道86号城市便捷","phone":"电话:13636073999"},{"name":"拾柒电竞酒店(宝塔路店)","address":"湖北省黄冈市黄州区宝塔大道78号","phone":""},{"name":"潮玩电玩城","address":"黄州区三能教育广场底商","phone":""},{"name":"智多堡游乐(东坡外滩店)","address":"环湖路东坡外滩明月广场C3栋1楼","phone":"电话:18163022613"},{"name":"大玩家(黄冈黄州万达店)","address":"赤壁大道与赤壁二路交叉口万达广场三楼南","phone":"电话:0713-8383558"},{"name":"图灵精品酒店(黄冈师院店)","address":"黄冈市黄州区珠宝路博大学府名苑南侧约50米","phone":""}]