[{"name":"领域网吧","address":"南环路与向阳大街交叉口东北60米","phone":"电话:13089944445"},{"name":"战神电竞","address":"园林南路与消防街交叉口西北100米","phone":"电话:15045438444"},{"name":"继旭电竞","address":"黑龙江省绥化市肇东市办事处十七道街天邑小区2号楼东南方向40米","phone":""},{"name":"MIX电子竞技","address":"中兴西街西城客运站东行50米（原爱上网咖）","phone":"电话:16604551660"},{"name":"金狐畅游网咖","address":"卫生路名流秀府","phone":""},{"name":"森海电竞网吧","address":"北环路润达新城小区s3-11门商服","phone":"电话:18045996789"},{"name":"柒色电竞馆","address":"四中胡同润峰园南门大门对面世福汇商服6号","phone":""},{"name":"天地网吧(园林南路店)","address":"园林南路世纪华府113商服","phone":"电话:13069883982"},{"name":"e星光电子竞技","address":"绥化市庆安县文卫路恒源1区东北侧约70米","phone":""},{"name":"网鱼电竞馆(人和街店)","address":"黑龙江省绥化市北林区人和街60号","phone":""},{"name":"卓威·电竞馆(致富路店)","address":"绥化市北林区致富路华辰嘉园西南侧约50米","phone":""},{"name":"宜佳电竞","address":"绥化市北林区中直南路金鹏小区(广源街)东南侧","phone":""},{"name":"super101潮漫电玩(绥化世纪华辰休闲购物广场店)","address":"世纪华辰5楼","phone":"电话:18746942801"},{"name":"大玩家(绥化万达店)","address":"康庄路西侧万达广场2楼","phone":"电话:0455-8103733"},{"name":"阿拉丁电玩城(中兴春天店)","address":"中兴春天4楼","phone":"电话:15304552917"},{"name":"云逸宝街机(嘉纳影城中兴店)","address":"中兴东大街中兴春天5楼嘉纳影城中兴店休息区前台旁","phone":""},{"name":"易熳动漫玩具城(万达广场店)","address":"万达广场(绥化店)","phone":""},{"name":"云逸宝摇杆游戏机(万达影城万达店)","address":"绥化市新华街路交汇处万达广场4楼万达影城内大厅前台旁","phone":""},{"name":"CARRY电竞酒店","address":"绥化市中兴东大街中兴国际B座7楼0778","phone":""},{"name":"趣玩社电玩PS4·PS5·SWITCH","address":"水文胡同水文小区沿街商铺（绥化学院对面水文胡同）","phone":""},{"name":"酷玩空间(绥化万达广场店)","address":"万达广场3013","phone":""}]