[{"name":"银河电竞","address":"高泗路天源智体中心2楼","phone":"电话:19310683107"},{"name":"雷霆电竞","address":"伯赞路与建设西路交叉口北100米","phone":"电话:18798702784"},{"name":"深蓝网吧","address":"湖南省常德市安乡县民主街77号","phone":"电话:15386150588"},{"name":"暴雪电竞(三闾店)","address":"三闾路三闾港安置小区7栋103、104号商铺","phone":""},{"name":"暴雪电竞(美景店)","address":"洞庭大道1293号美景大厦一楼","phone":"电话:0736-2539898"},{"name":"暴雪电竞(三闾店)","address":"青年路怡景嘉苑35栋101号二楼","phone":"电话:18173640703/18673605387"},{"name":"电竞网吧","address":"湖南省常德市鼎城区G319(厦成线)","phone":"电话:13875031527"},{"name":"电竞网咖","address":"常德市汉寿县银水西路银谷国际","phone":""},{"name":"电竞网咖","address":"常德市澧县澧阳路康澧金芙蓉东南侧约60米","phone":""},{"name":"暴雪电竞(紫桥店)","address":"丹阳路113号","phone":"电话:19073609318"},{"name":"柳娱电竞馆","address":"保利中央公园3期119号商铺","phone":"电话:14773636643"},{"name":"天逸网咖","address":"芙蓉路921号(电大对面)","phone":"电话:17377969338"},{"name":"唯易电竞馆","address":"庆丰社区稻香路致和园小区3栋102号","phone":"电话:18573680560"},{"name":"暴雪电竞如意汇(德山店)","address":"五一社区金华名苑1号楼201号","phone":"电话:0736-2121188"},{"name":"千喵电竞馆(高山街店)","address":"烈士街文化宫高山街不夜城86号","phone":"电话:17680568507"},{"name":"暴雪电竞(新熙里店)","address":"朝阳路新熙里5栋二楼","phone":"电话:0736-2937778/15211213961"},{"name":"天娱电竞馆·米多店(米多店)","address":"玉霞街道大湖路英德花园2号楼一层105号门面","phone":"电话:18707361736"},{"name":"千喵电竞馆(千颂店)","address":"桃花路与龙港路交叉口西100米","phone":"电话:18566130790"},{"name":"千喵电竞馆(千盛店)","address":"武陵大道新华苑2楼","phone":""},{"name":"千喵电竞馆(中影旗舰店)","address":"洞庭大道1977号","phone":""},{"name":"玩客电竞(宏大店)","address":"洞庭大道1410号","phone":""},{"name":"爱悠电竞苍蓝新网吧","address":"柳叶湖度假区七里桥街道社区汽车站商业街13号一区2栋116室","phone":"电话:18575690640"},{"name":"千喵电竞馆(千盛店)","address":"武陵大道新华苑2楼","phone":""},{"name":"千喵电竞馆(中影旗舰店)","address":"洞庭大道1977号","phone":""},{"name":"觅乐电竞(火车站店)","address":"泽云广场风情街肯德基旁电梯三楼301","phone":"电话:19007363535"},{"name":"友娱电竞馆","address":"桃花源路常德碧桂园H栋113号","phone":"电话:19973652823"},{"name":"爱悠电竞馆爱酷网吧(荷塘月色店)","address":"南坪街道市场中路荷塘月色3-13号楼裙楼101-103室","phone":"电话:19907362120"},{"name":"千喵电竞馆(千雅店)","address":"三星路与荷花路交叉口西160米","phone":""},{"name":"摩非电竞茶室(摩高店)","address":"盐关社区人民东路(上东曼城1-A栋206-01室)","phone":"电话:13207311105"},{"name":"宜博电竞馆(汇鑫店)","address":"火车站汇元小区三星路2143号","phone":""},{"name":"一号网吧(善卷路六店)","address":"善卷路建设银行对面","phone":"电话:16673606609"},{"name":"国宏网吧","address":"七里桥社区七里桥花苑20-25号门面","phone":"电话:13975655557"},{"name":"慕风网咖(欢乐颂店)","address":"南坪街道桃花路欢乐颂公寓112号门面","phone":"电话:18908418966"},{"name":"心语网咖驾吧","address":"穿紫河街道办事处滨湖居委会茉莉路原果品冷库","phone":"电话:18673656513"},{"name":"心驰电竞体验馆","address":"湖南省常德市武陵区丹阳路286号","phone":"电话:17763622379"},{"name":"爱悠电竞魔城店(魔城店)","address":"芙蓉街道办事处高泗社区（教育产业园4-101门面）","phone":"电话:13055027708"},{"name":"闪耀电竞","address":"湖南省常德市武陵区河洑镇岩桥安置小区东北114米","phone":""},{"name":"慕风网咖(武陵阁旗舰店)","address":"天泉大厦2幢202","phone":"电话:19310689932"},{"name":"爱悠电竞馆(至臻店)","address":"湖南省常德市武陵区南坪街道吉生路180号","phone":"电话:13203626168"},{"name":"凯越电竞馆(紫御豪庭店)","address":"阳明路紫御豪庭小区5号楼101室","phone":"电话:13517475795/19192162162"},{"name":"玩客电竞(建新路二店)","address":"建新路紫御豪庭2号楼111-114室","phone":"电话:15873697386"},{"name":"夕拾电竞网咖(大湖路店)","address":"湖南省常德市鼎城区大湖南路1116号","phone":"电话:17363682881"},{"name":"幻想电竞馆","address":"常德市武陵区三星路南坪安置小区","phone":""},{"name":"天娱电竞馆(馨香东庭店)","address":"湖南省常德市武陵区洞庭大道155号","phone":"电话:18173617836"},{"name":"爱悠电竞馆(朗州路店)","address":"荷花社区朗州路紫竹苑西栋202号","phone":"电话:19973693385"},{"name":"慕风网咖·千浪网络会所(三岔路店)","address":"人民路49号豪丽苑小区1栋1楼","phone":""},{"name":"逍遥网咖(人民路店)","address":"湖南省常德市武陵区人民路4165号","phone":"电话:17773600588"},{"name":"千喵电竞馆(洞庭大道店)","address":"常德市武陵区洞庭大道武陵区永安街道高坪头安置小区","phone":"电话:17769361431"},{"name":"爱悠电竞馆(金凌店)","address":"紫菱路金陵花园S4117-118","phone":"电话:15115680917"},{"name":"小时光网咖","address":"火车站星河城","phone":""},{"name":"天娱电竞馆(洞庭大道芙蓉家园店)","address":"湖南省常德市武陵区白马湖街道洞庭大道1967","phone":"电话:16673600807"},{"name":"爱悠电竞馆(东门云游店)","address":"常德市人民东路上东曼城B栋203","phone":""},{"name":"宜博电竞馆(龙特店)","address":"仙源社区捷畅路九芝堂医药有限公司一楼","phone":"电话:18692390202"},{"name":"风暴电竞馆(吾悦广场店)","address":"玉霞街道阳明大道与滨江大道交汇处(沅江隧道口北侧)常德鼎城吾悦广场","phone":"电话:17377969338"},{"name":"海归网络(长庚路壹店)","address":"常德市武陵区长庚路550号","phone":""},{"name":"星河战队网咖","address":"三闾路243号","phone":"电话:13117369388"},{"name":"新开心电竞馆","address":"常德市芙蓉办事处落路口社区人民路高职院1号门面","phone":""},{"name":"摩非电竞茶室(暴雪店)","address":"常德市武陵区洞庭大道福慧公寓","phone":""},{"name":"摩非电竞茶室(西园路店)","address":"常德市武陵区西园路西园小区西南侧约50米","phone":""},{"name":"小时光电竞综合","address":"火车站星河城","phone":""},{"name":"金杯电竞","address":"常德市武陵区唐家溶一巷甘露寺公寓","phone":"电话:13875069329"},{"name":"云天电竞馆","address":"湖南省常德市鼎城区花溪路嘉美桃花源府米汤味道旁","phone":"电话:18229688395"},{"name":"蜂窝电竞(桃花源府店)","address":"花溪路与德安路交叉口西80米","phone":"电话:18175661168"},{"name":"常德市天娱电竞馆(金色2008店)","address":"紫缘路聚和苑商住小区东侧约50米","phone":"电话:18173621023"},{"name":"暴雪电竞(老西门店)","address":"府坪街道办事处新村社区建设路1473号","phone":""},{"name":"自由天空电竞馆(朝阳路店)","address":"西园路289号","phone":"电话:13873666480"},{"name":"WeGo电竞(善卷路1号2店)","address":"善卷路建设银行对面","phone":""},{"name":"零刻电竞酒店(万达广场店)","address":"湖南省常德市武陵区白马湖街道洞庭大道西端41号","phone":""},{"name":"大菠萝网咖(十里外滩店)","address":"临沅路友谊巷24号（鼎城区广电局旁）","phone":"电话:18173619996"},{"name":"展宇网吧","address":"湖南文理学院芙蓉学院西北门北80米","phone":"电话:0736-7778565"}]