[{"name":"极光万兆电竞网咖","address":"华府16栋","phone":"电话:17775650998"},{"name":"王者网咖","address":"新辉路166号","phone":""},{"name":"S+电竞","address":"邵阳市北塔区龙山路龙山·和苑","phone":"电话:18973936969"},{"name":"GT电竞网咖","address":"湖南省邵阳市大祥区宝庆西路新闻综合对面","phone":"电话:13327391559"},{"name":"黑金电竞","address":"市衡宝路与兴和大道交汇处恒昌花园AB栋101室","phone":"电话:16673959000"},{"name":"奈斯电竞网咖","address":"湖南省邵阳市邵东市龙石社区玉竹小区电商城对面","phone":"电话:19973936015"},{"name":"黑色玫瑰电子竞技会所","address":"湖南省邵阳市邵东市衡宝路1379号","phone":""},{"name":"梦网电竞","address":"塘渡口镇振羽大道昭阳农村商业银行旁五金电器城2层6号","phone":""},{"name":"唯吾独尊电竞网咖","address":"湖南省邵阳市大祥区207国道中国农业银行旁","phone":""},{"name":"零距离网吧(迪壕店)","address":"邵阳市大祥区邵州西路和福佳苑","phone":"电话:13087395160"},{"name":"新嘉园电竞网咖","address":"火车南站正对面美豪酒店2楼","phone":"电话:13365897373"},{"name":"乐城电竞·台球棋牌俱乐部","address":"迎春路电信新村旁贵宾舍酒店二楼","phone":"电话:18673933815"},{"name":"银狐电竞网咖","address":"蔡锷路广厦名都17栋5楼","phone":"电话:18975760008"},{"name":"海天网咖(紫薇店)","address":"宝庆中路152号","phone":"电话:17773919306"},{"name":"星狐电竞","address":"内环南路锦绣华城","phone":"电话:18173930617"},{"name":"骏悦电竞","address":"艾尚假日酒店3楼","phone":""},{"name":"快乐电竞网咖","address":"宝庆东路379号","phone":"电话:18975760012"},{"name":"漫时光电竞影院区政府店","address":"湖南省邵阳市大祥区敏州西路6-2地块","phone":"电话:13973969025/19325898897"},{"name":"宏兴网咖","address":"火车南站24-2号地1栋莫林风尚酒店一楼","phone":"电话:15873998833"},{"name":"宅小狐电竞网咖","address":"宝庆西路诺贝尔幼儿园西南侧约90米","phone":"电话:18975977599/19311867590"},{"name":"千寻电竞","address":"大汉步行街维也纳2楼","phone":"电话:17373908855"},{"name":"飞火轮电竞网咖","address":"邵州路盛世嘉园5-6栋2楼","phone":"电话:19375307192"},{"name":"银河众联电竞","address":"西湖路燃气物质综合供应站综合楼二层","phone":"电话:19015290158"},{"name":"星耀电竞(湾田广场店)","address":"湾田御景苑大同路S16号","phone":"电话:13037399477"},{"name":"新时空明基电竞网咖(广场店)","address":"汽车站街道人民广场五一北路正太大厦二楼(中公教育楼下)","phone":"电话:13907397818"},{"name":"奈德斯电竞网络生活馆(敏州西路店)","address":"敏州西路财政局隔壁的点石家装一楼","phone":"电话:15367876660"},{"name":"烈火网城","address":"五一中路金海酒店旁东方酒店2楼","phone":"电话:18975760003/18975760013"},{"name":"万色星辰网咖","address":"双拥路达贵楼2楼","phone":"电话:18073936836"},{"name":"乐巢网咖(曹婆井路店)","address":"曹婆井路亿隆宾馆二楼","phone":"电话:0739-5052222"},{"name":"鼎汉电竞网咖","address":"宝庆东路大城小爱旁边","phone":"电话:13717070759"},{"name":"紫薇网络会所","address":"东大路294号","phone":"电话:15673959988/17573918889"},{"name":"交友电竞馆","address":"东大路865号","phone":""},{"name":"佳艺电竟","address":"宝庆西路紫东公馆E号楼2楼","phone":"电话:18673967590"},{"name":"新时空明基电竞网咖(百春园店)","address":"百春园晶美花园北门旁","phone":"电话:17673832292"},{"name":"极速部落网络生活馆","address":"金三角步行街2栋2楼","phone":"电话:18692984866"},{"name":"谜典网咖","address":"戴家坪商住综合楼一楼门面","phone":"电话:13762870180"},{"name":"塔姆电竞","address":"湖南省邵阳市大祥区恒大未来城S2-S3商业一单元二层","phone":"电话:13975968453"},{"name":"新时空心雨网城","address":"宝庆东路A栋19号(宝庆东路1554号)","phone":"电话:13907397767"},{"name":"快乐街区(邵阳大汉悦中心店)","address":"东风路街道东风路大汉悦中心B区三层","phone":"电话:18670255663"},{"name":"萤火虫电竞(城南公园店)","address":"戴家路翰林苑（医疗保障局旁）","phone":"电话:18173976611"},{"name":"快乐街区(邵阳金百汇店)","address":"汽车站街道中心广场金百汇D02口部下来（佳惠超市）","phone":"电话:0739-5150037/18873975080"},{"name":"唯特网巢","address":"宝庆中路2号","phone":"电话:17680796378"},{"name":"星辰电竞(双坡南路店)","address":"海洋明珠西门旁","phone":""},{"name":"后浪电竞酒店网咖","address":"大同路与临江路交叉口东20米","phone":"电话:0739-3686666"},{"name":"星吧兔竞技会所(大汉悦中心店)","address":"桥头街道大汉步行街三楼(苏宁易购楼上)","phone":"电话:0739-5236866"},{"name":"建成网咖98k电竞(大坪农贸综合市场店)","address":"大坪农贸综合市场二楼","phone":""},{"name":"吉米网咖(邵阳店)","address":"湖南省邵阳市北塔区蔡锷路242~243号（地王大厦二楼）","phone":"电话:17363957577"},{"name":"星月传奇网络会所","address":"紫荆大厦西门旁","phone":"电话:18975760080"},{"name":"快乐街区(邵阳新天地店)","address":"建设南路步步高新天地L4层","phone":"电话:18673497398"},{"name":"飞宇网咖(江北汽配城店)","address":"江北汽配城7栋1楼102号","phone":"电话:17373923666"},{"name":"河马电玩·PS·Switch(友阿国际广场店)","address":"宝庆东路友阿国际广场4栋1单元1518室","phone":"电话:15773217203/19375260078"},{"name":"一号电竞馆网咖(双拥路店)","address":"湖南省邵阳市大祥区翠园街道西湖路416号","phone":""},{"name":"动感街区动漫游乐","address":"西湖北路广厦名都文创园SKR MALL商场2层","phone":"电话:13786978588"},{"name":"大兵电竞","address":"湖南省邵阳市新邵县酿溪镇大应北路52号502室","phone":""},{"name":"零距离网咖(鸿晶店)","address":"邵水东路青龙王府120号","phone":"电话:17680900252"},{"name":"纵横四海网咖","address":"西湖北路江北大市场13-1栋1-1号门面","phone":"电话:18073936826"},{"name":"网事随风电竞馆(邵水东路店)","address":"邵水东路28号","phone":"电话:13762866688"},{"name":"金马电竞","address":"邵州西路与财富路交叉口东40米","phone":""},{"name":"酷儿悦家庭娱乐中心(湾田广场店)","address":"湾田广场S7栋","phone":""},{"name":"战神明基电竞馆(邵石南路店)","address":"邵石路秀峰大厦二楼","phone":"电话:18975996268"},{"name":"华馨电竞","address":"邵阳市大祥区双拥路南站建材城(双拥路店)","phone":"电话:0739-5690303"},{"name":"摩杰电竞俱乐部(志成店)","address":"建设南路新世界商业广场A区2楼","phone":"电话:0739-5632797/15273986866"},{"name":"宏兴电竞","address":"大安路15号","phone":"电话:13873984106/19973931021"}]