[{"name":"程鑫电竞网吧","address":"和泰蜀都商业9号楼","phone":"电话:13694738483"},{"name":"台球电竞","address":"乌兰察布市察哈尔右翼前旗新华街万荣花园北侧约90米","phone":""},{"name":"又一电竞网吧","address":"乌兰察布市商都县新风东路商都县中医院北侧约130米","phone":""},{"name":"玉林电竞","address":"乌兰察布市四子王旗建国路祥瑞花园西北侧约30米","phone":"电话:13847493863"},{"name":"枫林电竞馆","address":"乌兰察布市凉城县参合路怡海家园西南侧约70米","phone":"电话:18047477744"},{"name":"雷神电竞","address":"乌兰察布市丰镇市红砂坝路明珠花园东侧约50米","phone":""},{"name":"心跃网吧","address":"水岸雅苑15号门店","phone":"电话:13948440677"},{"name":"新浪网咖","address":"乌兰察布市丰镇市迎宾大街金地启智幼儿园南侧约60米","phone":""},{"name":"网遇网咖(兴和大道店)","address":"乌兰察布市兴和县兴和大道同创·和谐阳光城西区","phone":"电话:13904740155"},{"name":"YY电竞","address":"内蒙古自治区乌兰察布市丰镇市和谐公租房东门北段二号商铺","phone":"电话:15326816600"},{"name":"爱伊风咖电竞会所","address":"内蒙古自治区乌兰察布市集宁区佳美花园","phone":""},{"name":"浩顺电竞网咖","address":"乌兰察布市集宁区满达东街维邦·世基佳园西南侧","phone":""},{"name":"超音速电竞网咖","address":"乌兰察布市察哈尔右翼前旗工业大道经济实用小区西侧约70米","phone":""},{"name":"猫·电竞网咖","address":"乌兰察布市集宁区虎山西路伴山一城东北侧约70米","phone":"电话:13394883311"},{"name":"海蓝电竞","address":"乌兰察布市集宁区虎山东路公安公寓","phone":"电话:19997788100"},{"name":"竞燃电竞(乌兰察布万达广场店)","address":"察哈尔东街10号乌兰察布万达广场","phone":""},{"name":"A电竞馆","address":"工农路西侧友谊路南侧商业1号商业301","phone":"电话:18047464745/18947847788"},{"name":"林朵电竞酒店","address":"内蒙古自治区乌兰察布市集宁区新区昌宁街神舟建材城达尔登大酒店2楼(近居然之家)","phone":""},{"name":"蓝鲨电竞","address":"内蒙古自治区乌兰察布市集宁区民建大街人民公园北侧约30米","phone":""},{"name":"大玩家(乌兰察布万达广场店)","address":"察哈尔东街10号乌兰察布万达广场2F","phone":"电话:18147433367"},{"name":"零玖零玖体验馆(血站公寓店)","address":"建设路血站公寓53号3号营业房","phone":"电话:15352810613"}]