[{"name":"九色虹网咖(易虎店)","address":"红旗大街古韵文化广场3楼","phone":"电话:18032260369"},{"name":"全时电竞(华强店)","address":"民族路77号华强电子通讯城二层（华强电子通讯城南门西侧小门二楼,新百后侧）","phone":"电话:19042111666"},{"name":"事诚电竞(酷爵店)","address":"广安大街与谈北路交叉口西行50米路北二楼","phone":"电话:4000052358"},{"name":"九色虹网咖(上东店)","address":"东平路7号","phone":"电话:4000311323"},{"name":"迪奥电竞(广厦店)","address":"栾城镇凌空桥路广厦财富中心C座302","phone":"电话:18632123938"},{"name":"天洲电竞馆","address":"盛和苑底商1007号","phone":"电话:13700319569"},{"name":"旗开网吧","address":"中山东路158号滨江商务大厦A座负一层西侧101号","phone":"电话:13472125026"},{"name":"迪奥电竞(汗牛店)","address":"中华南大街336号新石北路北侧负一层","phone":"电话:0311-66033011"},{"name":"迪奥电竞(金鹏店)","address":"民族路69号女人世界广场南门6楼（万悦精品酒店）","phone":"电话:0311-83114252"},{"name":"易游电竞馆(天山店)","address":"珠江大道与天山大街交叉口西30米路北，天山花园门口","phone":"电话:15032838510/17103182858"},{"name":"迪奥电竞(同祥城店)","address":"海河道95号同祥城AB区102、103、112、133商铺二楼","phone":"电话:15097328831"},{"name":"迪奥电竞(传媒店)","address":"兴安大街永兴三巷1号","phone":"电话:13081093938"},{"name":"卓风电竞(塔坛店)","address":"石家庄市桥西区塔通街留村家园B区1号楼底商","phone":"电话:15032073631"},{"name":"九色虹网咖(微奢华店)","address":"河北省石家庄市桥西区南小街9号汇融商务二楼","phone":"电话:13702137346"},{"name":"窝窝网咖(东营店)","address":"东营北街村一排一号","phone":"电话:13126118094"},{"name":"新地电竞(经贸店)","address":"学府支路114号","phone":"电话:19933111669"},{"name":"赵德柱电竞","address":"建华大街塔南路交口中冶盛世广场和悦会C座瑞幸咖啡旁直梯上三楼赵德柱电竞","phone":"电话:15633017107"},{"name":"卓风电竞(正阳店)","address":"河北省石家庄市长安区中山东路462-4号","phone":"电话:17732809968"},{"name":"卓风电竞(繁花店)","address":"石家庄市裕华区留村南区27号楼二层103号沿街商铺","phone":"电话:15032752563"},{"name":"栾武电竞网吧","address":"宏达路56号宏福园小区进入","phone":"电话:18730199918"},{"name":"动感电竞网咖俱乐部(联盟路店)","address":"联盟路368号C区3层","phone":"电话:0311-89945031"},{"name":"红蜘蛛网吧(创业路店)","address":"良村开发区创业路15号","phone":""},{"name":"耀尚电竞","address":"石家庄市获鹿镇锦城北路厚德锦城EF座商业综合体1-201室2楼","phone":"电话:0311-82199999/18531165658"},{"name":"完美电竞","address":"河北省石家庄市鹿泉区获鹿镇融智科技园2期","phone":"电话:19943455164"},{"name":"九色虹电竞(酷虎店)","address":"槐安西路95号底商","phone":"电话:13933819939"},{"name":"迪奥电竞(网酷店)","address":"南小街金奥府邸底商303三楼","phone":"电话:0311-83119280"},{"name":"钰湫网络网吧","address":"中山西路西王地铁口东胜悦享天地3楼","phone":"电话:13472125026"},{"name":"迪奥电竞(勒泰店)","address":"河北省石家庄市桥西区中山东路126号","phone":"电话:19213010136"},{"name":"竞鱼电竞网吧(张家庄店)","address":"河北省石家庄市藁城区S204","phone":"电话:19948022717"},{"name":"迪奥电竞(大经街店)","address":"大经街28号中山华府A座写字楼二层西侧","phone":"电话:15230856996"},{"name":"迪奥电竞(大郭村店)","address":"石家庄市新华区和平西路中远商务广场","phone":"电话:13273171322"},{"name":"迪奥电竞(上东广场店)","address":"河北省石家庄市长安区翟营北大街10号上东广场B座3层A01","phone":"电话:19283113677"},{"name":"自由几何网咖(集杰店)","address":"新华路313-3号","phone":"电话:15803110526"},{"name":"迪奥电竞(大石门店)","address":"东岗路108号大石门1925商务中心D座3F001-1号","phone":"电话:13113037390"},{"name":"鑫鑫电竞","address":"新苑路与中华北大街交叉口北行100米路西","phone":""},{"name":"电竞网咖(北国电器店)","address":"河北省石家庄市桥西区中山西路139号新百广场(中山西路店)F1","phone":""},{"name":"事诚网咖(班塔店)","address":"大经街与经卫胡同交叉口南","phone":"电话:18003318257"},{"name":"悦森电竞(燕鹏店)","address":"祁连街与湘江道交叉口西北角二楼底商","phone":"电话:15100317550"},{"name":"事诚网咖(沙巴克店)","address":"槐安路302号三楼（河北地质大学北门西侧）","phone":"电话:17733860660/4000052358"},{"name":"会议电竞","address":"石家庄市鹿泉区龙泉东路宜佳快捷酒店(龙泉东路店)","phone":""},{"name":"酷虎网咖(圣虎店)","address":"君乐宝路铜兴花园东侧约30米","phone":"电话:4000311323"},{"name":"金煊瀚网咖连锁·金辉店","address":"仓顺路110号润德天悦城云锦园36524便利店旁","phone":""},{"name":"嗨趣胶囊电竞馆(汇华店)","address":"红旗大街与新石南路东行200米路南","phone":"电话:17734575476"},{"name":"星夜电竞","address":"河北省石家庄市裕华区天山南大街539号正基九宸小区1号楼底商206室","phone":""},{"name":"魔爵电竞(暴雪店)","address":"红旗大街666号天和服饰广场负一层103室","phone":"电话:19930767947"},{"name":"云茹海网咖(金裕店)","address":"永安街46号金裕商务4号楼","phone":"电话:19930608178"},{"name":"九色虹网咖(迪虎店)","address":"华安西路35-15号","phone":"电话:15132197980"},{"name":"九色虹(祥虎店)","address":"鹿泉区中山西路991号","phone":"电话:4000311323"},{"name":"事诚网咖(靓悦店)","address":"建华南大街与东岗路交叉口西行260米路南","phone":"电话:17733862722"},{"name":"mk电竞主题网咖(漫咖店)","address":"青翠街与荷园路交叉口西南80米","phone":"电话:13780215558"},{"name":"事诚网咖(蓝速店)","address":"尚达家园5号楼2楼（中山东路与谈固西街交叉口西北角）","phone":"电话:15130081751"},{"name":"仙踪林网咖(汇丰大厦店)","address":"汇丰路27号汇丰大厦F3层","phone":"电话:18133810008"},{"name":"魔爵电竞(庄园店)","address":"石家庄市裕华区谈固东街大马庄园","phone":""},{"name":"月光宝石网咖","address":"河北省石家庄市长安区和平东路502号","phone":"电话:13933888636"},{"name":"mk电竞主题网咖(北焦路店)","address":"河北省石家庄市新华区合作路街道林荫大院-西区","phone":""},{"name":"事诚电竞(壹佰度店)","address":"新石街道新石南路与广平街交叉口西南角锦江大厦2层","phone":"电话:15614323158"},{"name":"MK电竞网咖(妙咖店)","address":"体育南大街与裕泰路交叉口西北80米","phone":""},{"name":"九色虹网咖(翔合店)","address":"河北省石家庄市桥西区中山路168号河北贸易大厦二楼","phone":"电话:4000311323"},{"name":"迪奥电竞(鑫鑫神话店)","address":"中华大街与市庄路交口东侧华兴商务一号楼CD区三层303","phone":""},{"name":"事诚电竞(尚峰汇店)","address":"友谊南大街与新石中路交叉口尚峰汇A座4F","phone":"电话:15792940492"},{"name":"鼎尚网咖(中山东路店)","address":"谈固中山东路嘉和广场4号楼商业入口2楼","phone":"电话:15545191486"},{"name":"爱彬网吧","address":"区经济开发区昌盛大街110号河北敬业大酒店对过","phone":""},{"name":"嗨趣胶囊电竞馆(裕华万达店)","address":"建华南大街130-103号附近","phone":"电话:17303320035"},{"name":"达迎电竞云顶店","address":"留营街道三简路良兴美嘉城26号楼底商","phone":"电话:13032600015"},{"name":"云茹海网咖","address":"国瑞物业7栋-103室","phone":"电话:17367764667"},{"name":"基因电竞俱乐部","address":"石家庄市正定县常山西路红星苑西北侧","phone":"电话:16630101847"},{"name":"迪奥电竞(九霄店)","address":"太阳城三言路与宪章街交口世佳超市2楼","phone":"电话:15633531144"},{"name":"事诚电竞(天山花园店)","address":"石家庄市裕华区珠江大道天山花园","phone":""},{"name":"无畏电竞(学贸商城B座店)","address":"学府支路经贸南门东行200米学贸商城B座3楼（肯德基楼上）","phone":"电话:13032028296"},{"name":"嗨趣胶囊电竞馆","address":"外贸街盛世春天27号楼底商104","phone":"电话:18531102910"},{"name":"小雪网吧","address":"中山东路338号体育馆院内","phone":""},{"name":"事诚网咖(兰咖店)","address":"民族路88号（华强广场E座对面）","phone":"电话:17733863933"},{"name":"凯瑞电竞旗舰店","address":"石家庄市鹿泉区太平河北路帝华西部峰景南侧","phone":""},{"name":"巨神电竞(信工店)","address":"黄庄村月饼广场北行150米路西","phone":"电话:13582023432"},{"name":"迪奥电竞(南高营店)","address":"石家庄市长安区向阳大街南高营二区西门北侧","phone":"电话:13273171322"},{"name":"超时速网吧","address":"珠峰大街218号水榭花都小区","phone":"电话:13363816075/13784336775"},{"name":"德赛丽都网吧","address":"钟西路与钟旺路交汇东侧50米(幸福里小区对面)","phone":"电话:18032915529"},{"name":"凯尚电竞","address":"河北省石家庄市藁城区南董镇西九线","phone":""},{"name":"埃沃尔网络电竞","address":"石家庄市桥西区红旗大街与新石南路交叉口东南角汇华广场底商LG1","phone":""},{"name":"事诚网咖(西偌店)","address":"中山东路39号勒泰中心B1层B1-02室","phone":"电话:15613393150"},{"name":"轩轩网吧","address":"跃进路81-12号附近","phone":""},{"name":"精英地带网吧","address":"新石南路336-1号","phone":""},{"name":"怡友网咖·台球·棋牌·迅游店","address":"闽江道176号","phone":"电话:18522371765"},{"name":"鹏图网吧","address":"中山东路658号","phone":"电话:18931867718"},{"name":"葡萄藤网吧(藁城店)","address":"清源街与金沙路交叉口西行30米路北","phone":""},{"name":"星夜电竞","address":"石家庄市裕华区成长路约翰莱特国际幼儿园南侧约180米","phone":""},{"name":"九色虹网咖(天派店)","address":"滨河街6号","phone":"电话:4000311323"},{"name":"蓝色精灵网吧(天山大街店)","address":"天山大街33号赵村西门","phone":"电话:18132212305"},{"name":"事诚网咖(优之涵店)","address":"谈固东街北宋路交口路东东方魅力4F","phone":"电话:15731112799/19930729958"},{"name":"玛莎电竞馆","address":"石家庄市元氏县石家庄铁道大学四方学院东","phone":""},{"name":"自由几何网咖(友谊北大街店)","address":"友谊北大街111号2层","phone":"电话:13933103888/18533083648"},{"name":"事诚网咖(酷炫店)","address":"西大街32号石家庄饭店2层","phone":"电话:17733860108"},{"name":"事诚网咖(金芒果店)","address":"胜利北街与北二环交叉口左岸酒店右侧巷子内10米","phone":"电话:17733860668/19322011063/4000052358"},{"name":"九色虹网咖(蘑菇店)","address":"寺北柴村村东兴安大街传媒学院斜对面","phone":"电话:15333231779"},{"name":"事诚网咖(鑫沣店)","address":"工农路135号负一层","phone":"电话:17733860878/4000052358"},{"name":"AG电竞(师大店)","address":"建设南大街269号（河北师大科技楼A座底商)","phone":"电话:19273268058"},{"name":"酷虎网咖(桔虎店)","address":"友谊大街与振岗路交叉口西南角新石商厦301","phone":"电话:17732152721"},{"name":"佐利网咖(学苑路店)","address":"学苑路石家庄学院南门西行80米路北","phone":"电话:13230429904"},{"name":"九色虹电竞(腾虎店)","address":"中华北大街与颐宏路交口西60米路南","phone":"电话:13831110025"},{"name":"通宇网咖(通宇店)","address":"长兴街17号(西王地铁站D西北口步行490米)","phone":"电话:15133103555"},{"name":"事诚网咖(酷航店)","address":"建设南大街269号国培大厦负1层B05室","phone":""},{"name":"雨人电竞","address":"石家庄市长安区强镇街正定农商银行(石丰路)南侧约130米","phone":""},{"name":"大班网咖","address":"西三庄街1-5号附近","phone":""},{"name":"事诚网咖(魔铃店)","address":"中山东路11号乐汇城B1-27室（星巴克旁通道）","phone":"电话:18730103371"},{"name":"天涯海角(汇宁街店)","address":"汇宁街38号","phone":"电话:18932913006"},{"name":"地体理想网络中心","address":"中山西路398号(长城桥地铁站B东南口步行470米)","phone":""},{"name":"事诚网咖(朗本店)","address":"裕泰路77号欢乐汇商场B1层J019J020J021号商铺","phone":"电话:13303044364"},{"name":"九色虹网咖(青园店)","address":"青园街范西路交叉口东北角","phone":"电话:4000311323"},{"name":"电竞房射箭","address":"石家庄市桥西区南小街庄家金融大厦东北侧","phone":""},{"name":"事诚网咖(789店)","address":"中华北大街236号金柏林商城3楼","phone":"电话:17733862811"},{"name":"星宇电竞馆(常山店)","address":"常山西路与建安街交叉口东南角(新爱尚南邻)","phone":"电话:15127185144"},{"name":"九色虹网咖(喜虎店)","address":"中山路与栗康街交口北行20米东侧华鑫大楼二层","phone":"电话:13303012058"},{"name":"万咖电竞(雅都店)","address":"河北省石家庄市裕华区方村镇雅都园","phone":""},{"name":"酷虎网咖(奥虎店)","address":"河北省石家庄市裕华区青园街296号青园新街坊4楼","phone":"电话:15128182069"},{"name":"育育电竞","address":"石家庄市长安区石兆大街安联生态城-檀悦府","phone":""},{"name":"尚尚网咖(奥北尚客优店)","address":"丰收路188号奥北公元2期6号住宅楼106商业2楼","phone":"电话:13832166620"},{"name":"九色虹网咖(情缘店)","address":"裕强街道翟营南大街卓达商贸广场3楼(空中花园东)","phone":"电话:18031176906"},{"name":"聚点电竞馆(建通街店)","address":"河北省石家庄市裕华区建通街158号河北商会万达广场万达金街F2","phone":""},{"name":"九色虹网咖(北库店)","address":"东柳路荣昌花园南侧商业楼二层","phone":"电话:4000311323"},{"name":"庄婷电竞装备","address":"河北省石家庄市新华区黎明街8号","phone":"电话:13230466999"},{"name":"云舍胶囊电竞酒店","address":"体育南大街71号东南智慧城商业H1栋4楼401号商铺","phone":"电话:18533110065"},{"name":"酷玩星球狼人剧本杀桌游电竞馆(裕华万达店)","address":"建华南大街万达广场2号门对面东明国际广场负一层","phone":""},{"name":"成风电竞(上东城店)","address":"河北省石家庄市长安区翟营北大街与北宋路交叉口肯德基对过","phone":""},{"name":"迪奥电竞(北郡店)","address":"河北省石家庄市新华区中华北大街358号西北郡商业楼4楼","phone":"电话:13048790216"},{"name":"事诚电竞(幻梦店)","address":"建强路与青园街交叉口西行100米路北二楼","phone":""},{"name":"迪奥电竞(益友店)","address":"友谊南大街165号八度空间3-306","phone":"电话:13930145224"},{"name":"赵德柱电竞","address":"红旗大街与汇丰路交叉口翰林大厦c座5楼","phone":"电话:13102852118"},{"name":"迪奥电竞(鸿昇店)","address":"翟营南大街54号鸿昇广场C座404（湘君府入口电梯4楼）","phone":"电话:15614396009"},{"name":"D10电竞","address":"石家庄市长安区向阳大街南高营二区西门北侧","phone":""},{"name":"电竞酒店网咖","address":"石家庄市正定县华安西路正华花园南侧约50米","phone":""},{"name":"达迎电竞(联盟店)","address":"联盟街道是联盟路5号万邦的大厦三楼","phone":"电话:15233215362"},{"name":"诚风电竞","address":"石家庄市长安区翟营北大街上东城-东区","phone":""},{"name":"热火电竞(大石门店)","address":"河北石家庄市裕华区东岗路108号大石门商街d区3楼","phone":""},{"name":"上东网咖","address":"普圆街与建胜路交叉口南约240米","phone":""},{"name":"轩轩电竞","address":"石家庄市长安区跃进路石煤机一生活区","phone":""},{"name":"九色虹电竞(福虎店)","address":"河北省石家庄市裕华区裕翔街道文河小区-2号楼","phone":"电话:15632108130"}]