[
  {
    "name": "炫奇网咖会所",
    "address": "城南广场星光一街9号",
    "phone": ""
  },
  {
    "name": "开心电竞网吧",
    "address": "陕西省安康市汉滨区安康中医药学校对面西南方向38米",
    "phone": "电话:18992583337"
  },
  {
    "name": "漫时光电竞(石泉店)",
    "address": "安康市石泉县广场北路樱花广场北侧约130米",
    "phone": "电话:18690561000"
  },
  {
    "name": "天缘电竞(兴安东路店)",
    "address": "兴安东路南巷副3号",
    "phone": "电话:15289257797"
  },
  {
    "name": "温鑫网吧(苗圃巷商业街店)",
    "address": "教场南路西巷87号",
    "phone": "电话:13038928858"
  },
  {
    "name": "第九空间电竞馆",
    "address": "安康市党家坝铭园宾馆二楼",
    "phone": "电话:18590931113"
  },
  {
    "name": "领潮电竞网咖(高新店)",
    "address": "高新区喜马拉雅三楼",
    "phone": "电话:13186296066"
  },
  {
    "name": "随源电竞",
    "address": "静宁南路120号",
    "phone": "电话:18690490991"
  },
  {
    "name": "超音速电竞(i-Plaza鑫街口店)",
    "address": "西大街42号",
    "phone": "电话:13109298889"
  },
  {
    "name": "居尚电竞(居尚社区店)",
    "address": "居尚社区3号商业楼1楼",
    "phone": "电话:18992509898"
  },
  {
    "name": "零淼电竞网咖(吾悦广场店)",
    "address": "南环东路17号吾悦广场S2-A-207-210",
    "phone": "电话:18691511915/18992543033"
  },
  {
    "name": "佳源网咖",
    "address": "马坎巷55号（江华城正对面巷子80米处）",
    "phone": "电话:0915-3229769/15991057007"
  },
  {
    "name": "安康尚之美电竞酒店",
    "address": "陕西省安康市汉滨区五星街57号",
    "phone": ""
  },
  {
    "name": "酷玖电竞精灵屋分店",
    "address": "陕西省安康市汉滨区巴山东路70号",
    "phone": "电话:13709153350"
  },
  {
    "name": "极速电竞(静宁路店)",
    "address": "静宁路108号",
    "phone": "电话:15289257797"
  },
  {
    "name": "巅峰电竞(安康高新万达广场店)",
    "address": "陕西省安康市汉滨区高新技术产业开发区建民办事处联盟村万达潮街商铺2-1-10110号",
    "phone": "电话:19191443337"
  },
  {
    "name": "熊猫V+电竞酒店",
    "address": "安康市汉滨区安康大道万乐城购物中心",
    "phone": ""
  },
  {
    "name": "悠悠电竞馆",
    "address": "双堤巷与金州南路交叉口东100米",
    "phone": "电话:18590953000"
  },
  {
    "name": "同城电竞(天一店)",
    "address": "花园大道天一城市广场1层",
    "phone": "电话:0915-3311711"
  },
  {
    "name": "悠格电竞",
    "address": "东大街31号",
    "phone": "电话:13891573456"
  },
  {
    "name": "UP电竞馆",
    "address": "解放路宏鼎大厦5楼",
    "phone": ""
  },
  {
    "name": "久一电玩游戏体验馆(民荣购物中心店)",
    "address": "兴安中路38号曼哈顿2号楼906室",
    "phone": ""
  },
  {
    "name": "大玩家(安康万达店)",
    "address": "秦岭大道与汉江路交汇处万达商场二楼",
    "phone": "电话:13404509555"
  },
  {
    "name": "玩刻GAME SPACE(安康万达店)",
    "address": "秦岭大道与万达路交叉口安康万达广场4楼（万达影院内）",
    "phone": ""
  },
  {
    "name": "童梦时代·儿童乐园·电玩城(汉滨区店)",
    "address": "安康市南方·里百货2楼",
    "phone": ""
  },
  {
    "name": "咔乐多儿童乐园(汉滨潮都荟店)",
    "address": "大桥路潮都荟购物广场二楼咔乐多",
    "phone": "电话:19191182585"
  },
  {
    "name": "天空之城游乐体验世界(安康吾悦广场店)",
    "address": "泸康大道吾悦广场二楼Z301层",
    "phone": "电话:18961116095"
  },
  {
    "name": "自由人24小时棋牌室(兴安中路店)",
    "address": "兴安小区10栋对面五楼",
    "phone": "电话:13186296066"
  },
  {
    "name": "安康DK电竞酒店(金州北路店)",
    "address": "陕西省安康市汉滨区金州北路72号5-7层",
    "phone": ""
  },
  {
    "name": "太平洋网络(巴山西路店)",
    "address": "陕西省安康市汉滨区巴山西路198号",
    "phone": "电话:18690490991"
  },
  {
    "name": "小小怪主机游戏体验店(南方新世纪店)",
    "address": "金州南路79号南方新世纪六楼（南方商务酒店电梯直达六楼）",
    "phone": "电话:15991326857/19979406941"
  },
  {
    "name": "云逸宝摇杆游戏机(万达影城安康店)",
    "address": "汉江路与秦岭大道交叉口安康万达广场4楼万达影城内大厅前台旁",
    "phone": ""
  },
  {
    "name": "潮玩·海豚电竞",
    "address": "缇香郡乐活街二楼（万达十字路口）",
    "phone": "电话:15332640303"
  },
  {
    "name": "方块大战(吾悦广场店)",
    "address": "吾悦广场L2层2056室",
    "phone": ""
  },
  {
    "name": "未来娱乐空间(安康吾悦广场安康店)",
    "address": "泸康大道与南平路交叉口东南角(近南平路)安康吾悦广场F2",
    "phone": ""
  }
]