[{"name":"夔牛电竞休闲网咖","address":"工业区富岛大厦1-1-103","phone":""},{"name":"蜂巢电竞馆(丰乐大路店)","address":"丰乐大路994号(万达加油站正对面)","phone":"电话:13231533333"},{"name":"汉城艾斯网咖","address":"光源路44号","phone":"电话:13231502367"},{"name":"世纪网吧(长宁道店)","address":"龙泽北路260号(长宁道与龙泽路交叉口)","phone":"电话:15311124151"},{"name":"新龙门网吧","address":"金诚华苑d24","phone":"电话:13739865812"},{"name":"西单网吧","address":"文化北路阳光小区","phone":"电话:13513395126"},{"name":"奇迹网吧(卫国北路店)","address":"卫国路9号","phone":""},{"name":"铭尧电竞网吧","address":"河北省唐山市迁西县团结路紫玉街市场西北侧","phone":""},{"name":"子阳网吧(新悦店)","address":"裕华道凤祥园15-3号","phone":"电话:18633313363"},{"name":"泰坦网络电竞酒店·网吧","address":"龙泽北路与朝阳东道交叉口东行200米（建设银行旁）","phone":"电话:18633333770"},{"name":"新意网吧(大学西道店)","address":"唐山高新技术产业园区高新技术产业园区大学道159号大学生公寓8号楼2层","phone":""},{"name":"网鱼电竞(唐山吾悦广场店)","address":"河北省唐山市路北区龙翔里吾悦广场1楼商业2-56-58-60号","phone":"电话:19272293767"},{"name":"潮熊电竞","address":"卫国北路623-625号","phone":"电话:03153337770"},{"name":"华丽网吧(裕华东道店)","address":"裕华道15-2号凤祥园底商","phone":"电话:18832588631"},{"name":"雷霆网咖","address":"建设南路世博广场步行街13号","phone":"电话:18031643239"},{"name":"新多彩电竞","address":"锦绣天地商场南侧","phone":""},{"name":"龙腾翔云网吧","address":"翔云里西门旁","phone":"电话:13513159811"},{"name":"夜与晨电竞网咖(港岛中心店)","address":"国丰大街与运河东路交叉口港岛中心F3","phone":""},{"name":"鑫盛网吧","address":"光明大街金盛底商47号","phone":"电话:13363267929"},{"name":"百乐网吧(步行街店)","address":"明珠商业步行街6-16号","phone":""},{"name":"网鱼电竞(唐山万达广场店)","address":"唐山市路南区万达步行街唐山万达广场-E区东北侧约40米","phone":"电话:17633059616"},{"name":"夜与晨网咖","address":"荣盛未来城五楼","phone":""},{"name":"和和网吧(金文超市店)","address":"新军屯镇中国邮政东南50米(361省道南)","phone":""},{"name":"网鱼电竞(唐山路北爱琴海购物中心店)","address":"河北省唐山市路北区北新道与卫国路交汇处西南角唐山路北爱琴海购物中心B1","phone":""},{"name":"星狐电竞","address":"唐山市路南区吉祥路旭安园-北区","phone":""},{"name":"开心网吧(逸景新城西北)","address":"兴盛道阳光小区-东区东南侧约40米","phone":""},{"name":"酷玛电玩","address":"河北省唐山市路北区体育馆道硅谷数码广场2层","phone":""},{"name":"玩吧·电玩·棋牌·台球","address":"万达步行街d区五号楼底商增盛西街25号","phone":"电话:13131559300"},{"name":"天龙网咖(南北大街店)","address":"东西大街367号温州商城F1层","phone":"电话:15350656161"},{"name":"星乐乐超级电玩城(北新西道爱琴海购物公园店)","address":"北新西道7-18号爱琴海6层西南角（呷哺呷哺，海底捞）","phone":""},{"name":"网趣网络","address":"西城路136号","phone":"电话:13333256606"},{"name":"play1家庭娱乐中心(路南万达店)","address":"新华东道100号万达广场二楼","phone":"电话:0315-2315002"},{"name":"酷客领域(吾悦广场店)","address":"翔云道街道学院北路吾悦广场4楼","phone":"电话:15613466060"},{"name":"寻忆主机游戏体验店","address":"恒大学庭106-5号底商二层","phone":"电话:15533550554"},{"name":"次世代主机文化体验店","address":"华岩北路87号","phone":"电话:18633397022"},{"name":"荣耀电竞休闲娱乐","address":"唐山市丰南区阜民街荣盛锦绣天地","phone":""},{"name":"潮玩运动(港岛中心店)","address":"港岛中心B馆三层F3202","phone":""},{"name":"糖玩主机游戏","address":"西山道与大里路交叉口北行50米路西","phone":"电话:15733367601"},{"name":"QM主机游戏体验馆Switch·PS","address":"大学西道38号二层-1室（呈方里文昌园309楼）","phone":"电话:18732532135"},{"name":"潮玩风云电玩城(北新西道爱琴海店)","address":"大里街道国安街爱琴海购物公园三层西北角(1号门上方)","phone":""},{"name":"夹一番台式娃娃机专门店(吾悦广场店)","address":"长宁西道吾悦广场四层4027号","phone":"电话:13292417708"},{"name":"潮玩夹(远洋城店)","address":"远洋城一层","phone":"电话:13040086605"}]