[{"name":"G-PARK电竞公园(电视塔长丰园店)","address":"朱雀大街南段长丰园小区二期9号楼309商铺","phone":"电话:13289297507"},{"name":"焦糖电竞(建工路店)","address":"建工路48号","phone":"电话:13991348669/17300809762"},{"name":"绿树电竞馆(凤城五路店)","address":"凤城五路与未央路十字东北角德宜国际MAX未来B座3层","phone":"电话:13119137715"},{"name":"虎牙电竞馆","address":"南长安街智慧新城一期沿街商铺（近韦曲南地铁A口）","phone":"电话:13619250255"},{"name":"绿树电竞馆(王府井店)","address":"南关正街66号王府井百货6层F6-8室","phone":"电话:13227811033"},{"name":"红树林电竞网吧(何家营店)","address":"何家营新村二排7号","phone":"电话:17791895260"},{"name":"MAX电竞馆(郝家村店)","address":"小寨西路郝家村","phone":"电话:15224185196"},{"name":"巅峰电竞(大话南门店)","address":"长安北路113号永宁国际1号楼大话南门商场5楼18号","phone":"电话:18192085735"},{"name":"绿树电竞馆(明德盛荟店)","address":"朱雀大街南段明德盛荟二层","phone":"电话:13772000143"},{"name":"巅峰电竞(蒲云店)","address":"雁翔路3766号由江宜居10号楼负一层101号商铺","phone":"电话:17396672975"},{"name":"蒸汽电竞","address":"工业大学东门北侧西工商业文化商业街3号楼2楼1号商铺","phone":""},{"name":"巅峰电竞(尚龙店)","address":"陕西省西安市长安区韦曲街道凤栖长安大厦","phone":"电话:19894539429"},{"name":"男爵电竞","address":"韩森寨街道","phone":"电话:17300877054"},{"name":"泰坦电竞","address":"陕西省西安市雁塔区翠华路463号天鹅堡2楼","phone":"电话:17795763695"},{"name":"网吧电竞","address":"西安市莲湖区西市二路西市东桃园社区","phone":""},{"name":"海盗电竞(天妃店)","address":"西安市雁塔区健康西路西八里姑娘村","phone":""},{"name":"G-PARK电竞公园(电视塔长丰园店)","address":"朱雀大街南段长丰园小区二期9号楼309商铺","phone":"电话:13289297507"},{"name":"猛犸电竞(祥龙店)","address":"柳亭路42号（正街中段路南框架楼二层）","phone":"电话:13759916342"},{"name":"焦糖电竞(建工路店)","address":"建工路48号","phone":"电话:13991348669/17300809762"},{"name":"绿树电竞馆(四海唐人街店)","address":"太华北路四海唐人街负一层","phone":"电话:18502975593"},{"name":"Max电竞(浐灞店)","address":"欧亚六路889号袁雒小区袁雒生活广场南区二层005号","phone":"电话:18691493360"},{"name":"CP电竞","address":"大庆路风华茂3号楼一单元三层","phone":"电话:18149382865/18392975593"},{"name":"榕树电竞馆(东三岔店)","address":"广场西路18-1号","phone":"电话:13279344523"},{"name":"猛犸电竞轩轩网吧(盛世商都店)","address":"西长安街300号盛世商都F2层","phone":"电话:17791563900"},{"name":"凯跃电竞网吧","address":"陕西省西安市高陵区东二环路美尔雅家具城对面鸿轩酒店3楼","phone":"电话:17391124134"},{"name":"巅峰电竞(蒲云店)","address":"雁翔路3766号由江宜居10号楼负一层101号商铺","phone":"电话:17396672975"},{"name":"常春藤电竞","address":"明德一路阳光丽都二楼","phone":"电话:17392270430/18729285163"},{"name":"海盗电竞(未央店)","address":"西安市未央区未央路164号","phone":"电话:13259953979"},{"name":"魅族网咖","address":"王寺南街怡园教师小区西400米","phone":"电话:18066858083/18098060226"},{"name":"G-PARK电竞公园(凤城二路店)","address":"经济技术开发区凤城二路20号第五国际项目部人人乐百货2楼Q边008号","phone":"电话:15502906953"},{"name":"ACE电竞·玩家国度(大都汇店)","address":"科技路195号世纪颐园D座负1楼201号","phone":""},{"name":"茶蘼网咖(茶蘼店)","address":"袁旗寨新村","phone":"电话:17782803692/17792754500"},{"name":"巅峰电竞(航天店)","address":"国家民用航天产业基地神舟四路188号科为城墅17幢四层406号商铺","phone":"电话:17792232009"},{"name":"太空电竞(大唐西市店)","address":"劳动南路118号大唐西市生活馆1幢306室","phone":"电话:15332308121"},{"name":"网鱼网咖·电竞(西安吉祥路店)","address":"吉祥路66号拉克雷公馆临街商铺3楼","phone":"电话:13119187138"},{"name":"猛犸电竞桌球(百灵鸟店)","address":"新寺路唐都医院正门西20米","phone":""},{"name":"竞阁电竞","address":"曲江新区中海凯旋新天地2幢步行街三楼B30227号","phone":"电话:13359263884"},{"name":"绿树电竞馆(华清店)","address":"友谊东路与雁塔北路交叉口东南角华清广场6层001号","phone":"电话:15529522500"},{"name":"绿树电竞馆(小寨银泰店)","address":"小寨西路26号小寨银泰城9层","phone":"电话:15594185381/18229035532"},{"name":"维纳斯网咖","address":"东柳巷太和广场","phone":"电话:18189253367"},{"name":"咔嗞呀电竞茶咖·壹壹(文理学院店)","address":"科技二路西安文理学院北门西侧50米","phone":"电话:18192963671"},{"name":"原动力网咖(金花北路店)","address":"金花北路136号","phone":"电话:17782798222"},{"name":"魅族网咖","address":"王寺南街怡园教师小区西400米","phone":"电话:18066858083/18098060226"},{"name":"G-PARK电竞公园(凤城二路店)","address":"经济技术开发区凤城二路20号第五国际项目部人人乐百货2楼Q边008号","phone":"电话:15502906953"},{"name":"绿树电竞馆(M3碧乐城店)","address":"朱雀大街南段12号城市立方F3层F3-11号","phone":"电话:18629023823"},{"name":"巅峰电竞(华阳金街店)","address":"纺渭路916号华阳新天地二期商业华阳金街3幢20316","phone":"电话:19991807634"},{"name":"ACE电竞·玩家国度(大都汇店)","address":"科技路195号世纪颐园D座负1楼201号","phone":""},{"name":"茶蘼网咖(茶蘼店)","address":"袁旗寨新村","phone":"电话:17782803692/17792754500"},{"name":"太空电竞(大唐西市店)","address":"劳动南路118号大唐西市生活馆1幢306室","phone":"电话:15332308121"},{"name":"网鱼网咖·电竞(西安吉祥路店)","address":"吉祥路66号拉克雷公馆临街商铺3楼","phone":"电话:13119187138"},{"name":"绿树电竞馆(小寨银泰店)","address":"小寨西路26号小寨银泰城9层","phone":"电话:15594185381/18229035532"},{"name":"维纳斯网咖","address":"东柳巷太和广场","phone":"电话:18189253367"},{"name":"绿树电竞馆(元谷MALL店)","address":"昆明路616号元谷MALLA座4层（麦当劳旁边直梯）","phone":"电话:18710598970"},{"name":"天岚电竞馆(科技路店)","address":"丈八北路380号蔚蓝彼岸小区1-5号楼G118号楼商铺3楼","phone":""},{"name":"绿树电竞馆(凤城六路店)","address":"张家堡街道凤城六路旺景国际大厦1幢1单元5层10507室","phone":"电话:13289873711"},{"name":"绿树电竞馆(胡家庙店)","address":"金花北路51号5层","phone":"电话:18591937509"},{"name":"网鱼网咖·电竞(西安新城万达店)","address":"解放路111号","phone":"电话:18809236860"},{"name":"绿树电竞馆(省体育场店)","address":"长安北路7号3幢延炼大厦二层","phone":""},{"name":"绿树电竞馆(汉神广场店)","address":"凤城八路168号汉神购物广场4层","phone":""},{"name":"绿树电竞酒店(太白南路店)","address":"吉祥路太白南路地铁口C2口","phone":""},{"name":"绿树电竞馆(开元店)","address":"西关正街57号开元商城F4层","phone":""},{"name":"红蜘蛛电竞(文卫路店)","address":"红蜘蛛网吧（鹿歌路59号名门酒店四楼）","phone":"电话:15829909932"},{"name":"三疯电竞(大明宫万达店)","address":"陕西省西安市未央区大明宫街道龙湖枫香庭","phone":"电话:17711857974"},{"name":"绿树电竞馆(海港城店)","address":"陕西省西安市雁南一路659号曲江海港城9街A3栋A3-02、A3-03号","phone":""},{"name":"强辉网络电竞馆","address":"文化中路路北","phone":""},{"name":"猛犸电竞(祥龙店)","address":"柳亭路42号（正街中段路南框架楼二层）","phone":"电话:13759916342"},{"name":"琥珀网咖","address":"长安西路长丰园小区11栋二层","phone":"电话:15388698729"},{"name":"唐猫电竞(东关南街店)","address":"东关南街8号大宇A座3楼","phone":"电话:13022902533"},{"name":"皇族电竞(傲风店)","address":"莲湖区明堂路与桃李路交叉口南50米路西","phone":"电话:15389252080"},{"name":"超越电竞","address":"朱雀大街南段78号(纬一街地铁站B西南口步行260米)","phone":"电话:13732002218"},{"name":"琥珀网咖","address":"长安西路长丰园小区11栋二层","phone":"电话:15388698729"},{"name":"唐猫电竞(东关南街店)","address":"东关南街8号大宇A座3楼","phone":"电话:13022902533"},{"name":"皇族电竞(傲风店)","address":"莲湖区明堂路与桃李路交叉口南50米路西","phone":"电话:15389252080"},{"name":"超越电竞","address":"朱雀大街南段78号(纬一街地铁站B西南口步行260米)","phone":"电话:13732002218"},{"name":"绿树电竞馆(钟楼店)","address":"南院门街道骡马市60号东隆文商大厦F3层","phone":"电话:13227879288/15686067005"},{"name":"巅峰电竞(华远锦悦店)","address":"陕西省西安市未央区大明宫街道太华北路","phone":"电话:17309292360"},{"name":"金昊电竞","address":"韦曲北街16号","phone":"电话:18165243680"},{"name":"炫奇电竞馆","address":"陕西省西安市雁塔区丈八东路6号明德8英里1号楼1单元202室","phone":"电话:19991835931"},{"name":"大话西游电竞网咖(凤城一路店)","address":"凤城一路太平银象花园临街商铺2楼","phone":"电话:17791604814"},{"name":"A+电竞(丰庆路店)","address":"陕西省西安市莲湖区丰庆东路御溪望城C区4楼","phone":""},{"name":"Max电竞(斗门店)","address":"斗门东街122号","phone":"电话:13474679698/18691493360"},{"name":"Max电竞(北辰店)","address":"北辰路北辰立交东北角","phone":"电话:13474679698/18691493360"},{"name":"慕尚电竞馆","address":"大庆路与丰隆路东北角华府西城港湾3楼","phone":"电话:17792970386"},{"name":"第1站电竞","address":"科大时代广场1号楼5层","phone":""},{"name":"尚龙电竞(润鸿店)","address":"科技四路南窑头综合楼3楼","phone":"电话:13572051524/18158318777"},{"name":"白鲸电竞","address":"环湖南路与北辰路十字西北角茂享汇商业体3楼10316商铺","phone":"电话:13259490827"},{"name":"巅峰电竞(玺岸广场店)","address":"陕西省西安市雁塔区翠华路与雁南一路交叉口西北角玺岸广场F4","phone":"电话:17792239734"},{"name":"海纳电竞","address":"长乐门地铁口D口向北20米东关正街东方星苑C座3-2号","phone":"电话:17791339880"},{"name":"三疯电竞(凤城六路店)","address":"凤城六路388号商铺","phone":""},{"name":"莱昂电竞馆","address":"环城西路街道丰庆路御溪望城4号楼4F","phone":"电话:17802937296"},{"name":"千悦星电竞馆(辛家庙店)","address":"金花北路U·PARK悦邻荟三楼（地铁3号线辛家庙站C出口向南150米）","phone":""},{"name":"小蚂蚁网吧(西安泾渭工业园Y酒店店)","address":"西安市高陵区泾渭路嘉园国际广场东南侧约210米","phone":"电话:15325535267"},{"name":"VIP电竞俱乐部","address":"纬二十六街48号文景轩二楼东侧","phone":"电话:17389158831"},{"name":"源启电竞","address":"西安市长安区临编10号路徐家寨社区","phone":"电话:13080926791"},{"name":"绿树电竞馆(四海唐人街店)","address":"太华北路四海唐人街负一层","phone":"电话:18502975593"},{"name":"昊龙电竞","address":"长兴北路乔家村西门","phone":"电话:15888256976"},{"name":"祥瑞电竞","address":"科技四路南窑头小区西区内","phone":"电话:15029257666"},{"name":"全铭星电竞","address":"西安市高陵区鹿苑大道龙发时代广场东侧约60米","phone":""},{"name":"人来人网电竞(韦曲北街店)","address":"韦曲北街长安区医院-住宅小区东北侧","phone":"电话:17782526251"},{"name":"男主角电竞网咖(太和路店)","address":"太元路中段路北汇林华城锦华苑商壹幢3层3-1号","phone":"电话:13319182118/13629202724"},{"name":"糖潮电竞馆","address":"永城路230号万科幸福里北门向西5米","phone":"电话:13630266093"},{"name":"榕树电竞馆(解放路店)","address":"解放路308号3层（五路口地铁站D东北口步行150米）","phone":"电话:15319736987"},{"name":"绿树电竞馆(曲江银泰城店)","address":"雁南二路410号曲江银泰城A馆4层19、20号商铺","phone":"电话:029-89128396/15594689097"},{"name":"第壹电竞馆","address":"大庆路234号怡景大厦二楼","phone":"电话:17795724369"},{"name":"三疯电竞(三桥店)","address":"沣东新城三桥街办天玺国际龙景地上二层8号2层0102号","phone":"电话:15355193464"},{"name":"启航电竞网咖","address":"西咸路三桥启航佳苑B区大门口2楼","phone":"电话:13087513809"},{"name":"网鱼网咖·电竞(西安国际港务区店)","address":"国际港务区港兴四路杨贺村38号新筑医院","phone":"电话:13201482211"},{"name":"卓威电竞","address":"东城大道与柳亭路交汇处东侧150米路南正东方向30米","phone":"电话:17792735422"},{"name":"巅峰电竞(尚龙店)","address":"陕西省西安市长安区韦曲街道凤栖长安大厦","phone":"电话:19894539429"},{"name":"秋和棋牌","address":"珠江路泰和居小区25号楼和26号楼之间商铺二楼","phone":"电话:19992871503"},{"name":"网鱼网咖·电竞(西安万象天地店)","address":"曲江新区雁展路1111号西安万象天地R7栋（万象影院旁）","phone":"电话:17309270217"},{"name":"玖七电竞","address":"西沣馨苑曹家堡社区北门东侧一合生鲜生活超市4楼","phone":"电话:17792806572"},{"name":"元速电竞","address":"吉祥路176号御笔华府2-10201商铺","phone":"电话:15502110137"},{"name":"玉兴网吧","address":"(地铁10号线,景家堡A出口往北10米)未央湖开发区阳光大道碧云天花园小区13号","phone":"电话:15398063688"},{"name":"恩佐电竞(八府庄店)","address":"八府庄北路龙记·帝景湾","phone":""},{"name":"千悦星电竞馆(辛家庙店)","address":"金花北路U·PARK悦邻荟三楼（地铁3号线辛家庙站C出口向南150米）","phone":""},{"name":"168电竞","address":"未央路164号","phone":""},{"name":"三疯电竞(长安西北大学店)","address":"郭杜街道西北大学南校区(南门)","phone":"电话:17629229232"},{"name":"咔嗞呀电竞茶咖(公园南路店)","address":"韩森寨街道公园南路134号","phone":"电话:18066591839"},{"name":"悟空电竞俱乐部(银象花园店)","address":"凤城一路文景路中段9号","phone":"电话:18729584044"},{"name":"名典电竞","address":"西安市雁塔区吉祥路太白居东南侧","phone":""},{"name":"杰尼电竞","address":"金花北路61号紫昕花庭商业楼三层","phone":"电话:18796818865"},{"name":"魔泽电竞","address":"陕西省西安市碑林区兴庆路北段90号","phone":""},{"name":"木南电竞·棋牌(大明宫万达店)","address":"陕西省西安市未央区凤城一路东侧大明宫商业街10101号","phone":"电话:18092600631"},{"name":"酷啦啦电竞","address":"西安市未央区武德路科大时代广场","phone":""},{"name":"蒲公英电竞(捷瑞大厦店)","address":"南二环路西段208号捷瑞智能大厦二楼","phone":"电话:18049690827"},{"name":"咖咖网吧","address":"陕西省西安市灞桥区中国中医美容博物馆北(弘知路北)","phone":"电话:15353513579"},{"name":"炫极星电竞","address":"西安市灞桥区浐河东路水岸东方-三期","phone":""},{"name":"太空电竞(银泰百货曲江店)","address":"陕西省西安市雁塔区雁塔南路410号曲江银泰城-B馆银泰百货B1","phone":"电话:17391982659"},{"name":"泰空电竞(阁老门店)","address":"阁老门村南口F1层","phone":"电话:18794998222"},{"name":"炫极星电竞","address":"西安市灞桥区浐河东路水岸东方-三期","phone":""},{"name":"海盗电竞(天妃店)","address":"西安市雁塔区健康西路西八里姑娘村","phone":""},{"name":"太空电竞(银泰百货曲江店)","address":"陕西省西安市雁塔区雁塔南路410号曲江银泰城-B馆银泰百货B1","phone":"电话:17391982659"},{"name":"泰空电竞(阁老门店)","address":"阁老门村南口F1层","phone":"电话:18794998222"},{"name":"飞凡电竞","address":"西安市未央区后围寨立交启航佳苑-西区","phone":""},{"name":"绝会所电竞馆","address":"西安市雁塔区科创路沙井姑娘馨苑西侧约50米","phone":""},{"name":"网鱼电竞(西安凯德广场店)","address":"二环南路西段64号凯德广场·新地城F5层","phone":"电话:13193351763"}]