[{"name":"畅游电竞(商城东路店)","address":"商城东路友谊国际酒店东侧约70米","phone":"电话:13947053632"},{"name":"先锋电竞网咖","address":"巴彦托海镇辉河路鹤立芳居9号楼15-16门市2楼","phone":""},{"name":"飞鱼电竞(建设路店)","address":"内蒙古自治区呼伦贝尔市扎兰屯市建设路、步行街建行北200米","phone":"电话:15804701711"},{"name":"领航电竞馆","address":"胜利街道伊敏大街地税综合楼9号","phone":""},{"name":"深蓝网吧(旗舰店)","address":"四道街清华园小区西北侧约50米","phone":"电话:15204945454"},{"name":"星河电竞(广场路店)","address":"西大街113号东南工商银行2楼","phone":"电话:15247135214"},{"name":"狮子座飞猪电竞","address":"内蒙古自治区呼伦贝尔市鄂温克族自治旗规划三街凯盈中心城3号楼106门市","phone":"电话:15560701990"},{"name":"工业电竞网咖","address":"巴彦托海路凯盈中心城3号楼105门市","phone":"电话:13547383333"},{"name":"轻语电竞(龙凤店)","address":"诺敏路麒麟佳苑D06（锦都会小区北门）","phone":"电话:18504701805"},{"name":"联桥网吧","address":"新材小区北门东130米","phone":"电话:0470-3577777"},{"name":"联桥网吧","address":"新材小区北门东130米","phone":"电话:0470-3577777"},{"name":"明明网吧(学府路店)","address":"学府路呼大市场二楼48号","phone":""},{"name":"闪电猫电竞网咖","address":"财贸街平安家园(财贸街)东北侧约50米","phone":"电话:15560808880"},{"name":"潮熊电竞馆","address":"内蒙古自治区呼伦贝尔市海拉尔区西大街4-付7号","phone":"电话:13351870888"},{"name":"新起点网吧(俄罗斯风情一条街店)","address":"向华街向华小区5号综合楼36号","phone":"电话:15049714971"},{"name":"奔雷电竞","address":"正阳街中天综合楼17号门市","phone":"电话:18747057000"},{"name":"微波网吧(二百商厦店)","address":"中央大街3号二百商厦F1层","phone":"电话:18704701555"},{"name":"喜加一电竞酒店","address":"贝尔青松花园4号楼101号门市","phone":""},{"name":"轻语电竞(义龙园店)","address":"内蒙古自治区呼伦贝尔市海拉尔区东大街义龙园小区4号楼5号门市","phone":""},{"name":"七迹电竞酒店(古城店)","address":"内蒙古自治区呼伦贝尔市海拉尔区东大街478号","phone":""},{"name":"金方佳士网吧","address":"西大街步森百货南侧","phone":"电话:15248702222"},{"name":"飞龙网吧(成吉思汗中路店)","address":"学府路呼大市场二楼","phone":""},{"name":"名都网咖","address":"华庭假日宾馆(六二六街北)","phone":"电话:15904702142"},{"name":"雅仕网吧","address":"伊敏大街华贵小区","phone":"电话:0470-3991312"},{"name":"蓝蚁电竞酒店","address":"呼伦贝尔市安达大街鹤立芳居南区11号楼7号门市","phone":""},{"name":"万象电竞俱乐部","address":"呼伦贝尔市海拉尔区兴安西街广厦兴安花园东南侧","phone":""},{"name":"逸游未尽","address":"正阳街道正阳办越橘东路中威综合1号楼地下5号","phone":"电话:0470-8333363"},{"name":"乐享极限VR(伊仕丹购物广场店)","address":"正阳办桥头街伊仕丹购物广场地下一层","phone":"电话:18747095876"},{"name":"艾万电竞","address":"呼伦贝尔市鄂温克族自治旗沿河路巴彦托海镇多多堡幼儿园西侧约70米","phone":""},{"name":"超级星座(海拉尔店)","address":"尼尔基路发达广场二楼","phone":"电话:13644807888"}]