[{"name":"米兰电竞俱乐部(帝景湾店)","address":"云南省红河哈尼族彝族自治州泸西县金林帝景湾07号商铺","phone":"电话:0873-6626678"},{"name":"蒙自ET电竞综合体","address":"文澜街道银杏路7号","phone":"电话:19529897287"},{"name":"同盟电竞网咖","address":"红河哈尼族彝族自治州金平县人民路93号","phone":"电话:19987789527"},{"name":"矩阵电竞网咖(红烟路店)","address":"红烟路中龙时代中心2F","phone":"电话:19813146856"},{"name":"桃花岛网咖","address":"新世纪步行街64号","phone":"电话:13887302555"},{"name":"涵柏电竞","address":"红河哈尼族彝族自治州-开远市-灵泉西路84号","phone":""},{"name":"金平乐巢电竞网咖","address":"云南省红河哈尼族彝族自治州金平苗族瑶族傣族自治县前哨南路22号","phone":""},{"name":"矩阵电竞(蒙自店)","address":"南湖荟4栋喜茶二楼","phone":"电话:18628121836"},{"name":"堂口网咖(好易购店)","address":"天马路和文萃路交界处好易购一楼","phone":"电话:13324932005"},{"name":"园林野宴网络餐吧","address":"文萃小区文萃路109号","phone":"电话:0873-2888686/13577331205"},{"name":"劲松网吧(泸江名流店)","address":"落云北路348号","phone":"电话:13987334322"},{"name":"腾讯游戏矩阵电竞网咖(建水店)","address":"福康路韩家社区综合楼二楼","phone":"电话:18384253161"},{"name":"斗娱电竞","address":"云南省红河哈尼族彝族自治州开远市灵泉东路118号","phone":""},{"name":"星月电竞","address":"云南省红河哈尼族彝族自治州元阳县人民路126号","phone":""},{"name":"玩家国度电竞馆(瑞云街店)","address":"红河哈尼族彝族自治州蒙自市瑞云街86商务酒店(瑞云街店)","phone":""},{"name":"斗娱电竞(天利和大厦店)","address":"云南省红河哈尼族彝族自治州开远市灵泉西路84号天利和大厦二楼","phone":""},{"name":"开远虎伢电竞酒店","address":"云南省红河哈尼族彝族自治州开远市河滨路567号","phone":"电话:0873-7111567"},{"name":"畅游人电玩(蒙自店)","address":"云南省红河哈尼族彝族自治州蒙自市朝阳路同德广场f40号","phone":"电话:13312672282"},{"name":"魔方KTV(天竺路店)","address":"天竺路108号","phone":"电话:18687302555"},{"name":"闪现电竞(网咖)","address":"仁和路木野酒店2层","phone":"电话:19987788668"},{"name":"蒙自JS电竞酒店","address":"文萃路与民安路交叉路口文萃路104号","phone":""},{"name":"KM·Square昆明街区(蒙自店)","address":"文澜镇大园梓街柒彩滇南步行街2楼c-f2-090号","phone":""},{"name":"三人行电竞馆(开远壹然广场店)","address":"红河哈尼族彝族自治州开远市河滨路688号开远壹然广场F1","phone":""},{"name":"霓虹网络会所","address":"永祯路387号","phone":""},{"name":"潮趣潮玩(建水小桂湖店)","address":"鸡市街1栋-23号商铺","phone":"电话:19987333750"},{"name":"福地动漫城","address":"北山路与紫陶大道交叉路福地里商业中心A4-1-1","phone":"电话:18214388884"},{"name":"骇客码头(南湖荟第壹城店)","address":"南湖南路南湖荟第壹城购物中心2层A-F2-22","phone":"电话:0873-3851290"},{"name":"天空之城(蒙自店)","address":"南湖荟第壹城地下一层天空之城A-B","phone":"电话:13700651620"}]