[{"name":"章鱼电竞","address":"湖南省益阳市赫山区剧院路润天商务酒店(剧院路)","phone":"电话:17873728596"},{"name":"馨玥网络电竞","address":"益阳市资阳区厦成线迎风桥镇卫生院西南侧约50米","phone":""},{"name":"米时代电竞","address":"朝阳街道羊舞岭小区A19栋1楼城市学院北门西南方向130米","phone":""},{"name":"久久电竞(奈斯店)","address":"湖南省益阳市赫山区环保路43号","phone":""},{"name":"电竞","address":"益阳市赫山区金山南路江金社区北侧约150米","phone":""},{"name":"视界电竞","address":"湖南省益阳市沅江市桔城大道","phone":""},{"name":"竹韵电竞网咖","address":"湖南省益阳市桃江县牛潭河半稼洲村刘文组","phone":""},{"name":"萤火虫电竞(西雅图旗舰店)","address":"湖南省益阳市沅江市永兴路与沅田路交叉口东40米","phone":"电话:0737-2872999"},{"name":"追梦人轻奢电竞","address":"汽车路街道贺家桥社区福星楼二楼","phone":"电话:13087370960"},{"name":"微网电竞","address":"益阳大道(西)6号益丰大药房旁","phone":"电话:0737-2121921"},{"name":"新万达电竞馆","address":"兰溪中心6楼110二楼","phone":""},{"name":"稳赢部落新型电竞馆(万木春店)","address":"湖南省益阳市赫山区赫山街道腰塘社区1单元2156-2166室","phone":"电话:19117901883"},{"name":"稳赢部落新型电竞馆(桃江大汉店)","address":"獭溪路310号","phone":"电话:19325735648"},{"name":"腾飞网吧","address":"桃花仑东路海信专卖店旁（茂林综合楼东南）","phone":"电话:18173715609"},{"name":"怪兽网络生活馆(福中福店)","address":"福中福国际城15栋2楼","phone":"电话:0737-4446466"},{"name":"未来电竞五元素店","address":"秀峰西路208号","phone":"电话:0737-3338837"},{"name":"新辉煌电竞综合体(桥北店)","address":"湖南省益阳市资阳区马良北路73号","phone":"电话:07374168899"},{"name":"独角兽电竞馆(桥北店)","address":"湘中大厦3楼","phone":"电话:15116718044"},{"name":"金手指网咖","address":"大桃北路448号","phone":"电话:15673702006"},{"name":"极星电竞","address":"滨江路514号","phone":"电话:18975388519"},{"name":"尖峰时刻电竞馆","address":"龙岭工业园城院北门羊舞岭小区a7栋","phone":"电话:13973787700"},{"name":"巅峰时刻电竞网咖(龙洲路店)","address":"湖南省益阳市赫山区龙洲南路901号","phone":"电话:13786778531"},{"name":"半吨电竞馆","address":"赫山街道赫山社区秀雅综合楼2栋201号","phone":"电话:0737-2122002"},{"name":"KK电竞","address":"鹿角园路富桥市场","phone":"电话:15173741126"},{"name":"极佳电竞馆","address":"五一东路湖南省电力公司正对面（学门口市场斜对面）","phone":""},{"name":"外星人电竞(逆时针旗舰店)","address":"大桃北路148号","phone":"电话:13973759333"},{"name":"蓝鲸电竞(心怡店)","address":"金山北路与栖霞路交叉口西南100米","phone":"电话:19973783330"},{"name":"飓风电竞馆","address":"湖南省益阳市赫山区朝阳街道G536(益阳大道(东))","phone":""},{"name":"好兄弟网咖","address":"金山南路152号丽枫酒店2层","phone":"电话:15897371297"},{"name":"新倚天电竞馆","address":"湖南省益阳市资阳区迎春南路1号","phone":""},{"name":"新倚天电竞馆","address":"湖南省益阳市资阳区迎春南路1号","phone":""},{"name":"根据地电竞(同升巷)","address":"湖南省益阳市赫山区桃花仑东路990号","phone":""},{"name":"伊见钟情网吧","address":"团圆北路132号","phone":"电话:18670096272"},{"name":"陌陌电竞·酒店","address":"湖南省益阳市赫山区桃花仑街道大桃路291号(壹德壹对面)","phone":"电话:15399709234"},{"name":"原始人网咖","address":"湖南省益阳市赫山区金山南路700号益兴源大酒店一楼","phone":"电话:0737-6101868"},{"name":"犇腾电竞(雪峰山路店)","address":"益阳市桃江县雪峰山路大汉龙城翡翠湾西北侧约140米","phone":"电话:18973732188"},{"name":"巅峰时刻电竞(大都汇商业步行街店)","address":"资江路大都汇商业步行街2层","phone":"电话:13786778531"},{"name":"速格电竞馆","address":"海棠路福中福国际城14栋2楼","phone":"电话:0737-3339099"},{"name":"巨星阁网咖","address":"羊舞岭小区A10栋","phone":""},{"name":"蓝鲸电竞(蓝鲨店)","address":"湖南省益阳市赫山区金山北路128号","phone":""},{"name":"鹿角园联想网咖","address":"鹿角园菜市场二楼","phone":"电话:0737-2670119/18907376664"},{"name":"零点电竞馆","address":"湖南省益阳市赫山区G319(桃花仑东路)","phone":""},{"name":"奥咖电竞馆(秀峰西路店)","address":"湖南省益阳市赫山区秀峰中路110号","phone":"电话:17347280008"},{"name":"爱舍电竞宾馆","address":"朝阳街道羊舞岭小区A12栋202室","phone":""},{"name":"巅峰时刻电竞馆","address":"湖南省益阳市桃江县X016(金盆大道)","phone":"电话:18173763888"},{"name":"梦工厂网咖(大桃北路店)","address":"大桃北路232号（78号面包楼上）","phone":"电话:0737-6986580"},{"name":"星河电竞(秀峰西路店)","address":"湖南省益阳市赫山区秀峰西路513号","phone":"电话:15673757011"},{"name":"奥咖网咖","address":"桃花仑街道桃花仑东路242号","phone":"电话:15673721082"},{"name":"迷你电竞馆","address":"益阳市赫山区萝溪路思纽特真知圆幼儿园南侧约90米","phone":""},{"name":"未来电竞(美大都市英雄店)","address":"益阳市赫山区金山北路429号","phone":"电话:15907379394"},{"name":"畅享电竞馆","address":"益阳市赫山区益阳大道(西)益阳通程国际大酒店西北侧约60米","phone":""},{"name":"益奇来网咖","address":"马良路兴盛综合楼三楼","phone":"电话:15364321321"},{"name":"新地电竞","address":"益阳市赫山区桃花仑东路益阳高级技工学校西北侧约190米","phone":"电话:18377499993"},{"name":"新战地电竞(兰溪店)","address":"益阳市赫山区枫林大道(北)贝儿乐幼儿园北侧约250米","phone":"电话:19117977791"},{"name":"蓝泊湾网咖","address":"益阳市赫山区S308银天工业园东侧约90米","phone":"电话:13511110927"},{"name":"未来电竞(城院悠思点)","address":"湖南省益阳市赫山区凤山路羊舞岭小区A17栋","phone":""},{"name":"大玩家(益阳万达店)","address":"益阳大道万达广场二楼","phone":"电话:0737-6101792"},{"name":"好运阁网咖(碧桂园·梓山府店)","address":"城市学院西门对面","phone":"电话:17726178856"},{"name":"经纬轩网咖电竞生活馆","address":"湖南省益阳市资阳区长春东路176号","phone":"电话:18169371928"},{"name":"诺克萨斯网咖","address":"振兴路402号金泰花园北门旁","phone":"电话:18173794888"},{"name":"诺克萨斯网咖","address":"振兴路402号金泰花园北门旁","phone":"电话:18173794888"},{"name":"BOOM小队潮流电玩社ps4 ps5 switch (新城市学院店)","address":"羊舞岭安置小区A11栋1单元201室（书亦烧仙草二楼）","phone":"电话:19373601815"},{"name":"都市英雄网咖","address":"金山北路429号","phone":""},{"name":"悠思网咖","address":"凤山路羊舞岭小区A17栋","phone":""},{"name":"最强王者电竞","address":"湖南省益阳市赫山区学府路羊舞领小区a8栋","phone":"电话:13786278830"},{"name":"王者荣耀网咖","address":"湖南省益阳市赫山区银城南路48号","phone":"电话:18573730006"},{"name":"梦工厂网咖(大桃北路店)","address":"大桃北路232号（78号面包楼上）","phone":"电话:0737-6986580"},{"name":"旺旺电竞馆","address":"益阳市资阳区协园路益阳市资阳区人民政府北侧约100米","phone":""},{"name":"禄合科技新型电竞馆","address":"益阳市桃江县獭溪路310号","phone":"电话:19325735648"},{"name":"海棠电竞","address":"湖南省益阳市赫山区朝阳街道康富南路62","phone":"电话:0737-6110123"},{"name":"银苑网络会所","address":"湖南省益阳市赫山区萝溪路455号","phone":"电话:18711712535"},{"name":"君临天下网络会所(致富北路店)","address":"长春东路66号","phone":"电话:17773706888"},{"name":"万舜主题电竞酒店","address":"益阳市赫山区朝阳街道益阳印象17.18栋二层201号","phone":""},{"name":"稳赢部落新型电竞馆(福中福店)","address":"海棠社区福中福7栋229室232室","phone":"电话:19152210177"},{"name":"河小马HIPPO PARR沉浸式家庭乐园(万木春店)","address":"万木春购物广场三楼","phone":"电话:13016155238"}]