[
  {
    "name": "星宿电竞网咖(中环百货店)",
    "address": "中华东路中环商业广场B幢一单元3层1号",
    "phone": "电话:19380212000"
  },
  {
    "name": "雷霆电竞",
    "address": "关索大道龙潭街道兴欣佳苑B栋二楼",
    "phone": "电话:18674557799"
  },
  {
    "name": "星战电竞中心(南马大道店)",
    "address": "南马村小米山北侧河滨二期2层1号铺面",
    "phone": "电话:19908530709"
  },
  {
    "name": "胜景源电竞馆",
    "address": "体育路安居园小区A区2号楼3楼",
    "phone": "电话:0851-38894666/15348534666"
  },
  {
    "name": "星战电竞中心(香榭街店)",
    "address": "香榭街9-4号一层商铺",
    "phone": "电话:13027893585"
  },
  {
    "name": "战龙电竞中心",
    "address": "安顺市-西秀区-祥云路时代名苑2号楼8号铺",
    "phone": "电话:18185342546"
  },
  {
    "name": "互动电竞(泰豪e时代店)",
    "address": "安顺市平坝区泰豪E时代1层1号1-18-21号",
    "phone": "电话:17688886771"
  },
  {
    "name": "百橙电竞",
    "address": "北街街道北山路与虹山南路交叉口东北侧(虹湖之舟)3-10.3-11号商铺",
    "phone": "电话:13568987113"
  },
  {
    "name": "民源电竞馆",
    "address": "安顺市安运司百联鼎晟项目7号楼5层1、2、10号商铺",
    "phone": ""
  },
  {
    "name": "关岭泰舶电竞旅馆",
    "address": "贵州省安顺市滨河大街43号（近中国移动）",
    "phone": ""
  },
  {
    "name": "",
    "address": "",
    "phone": ""
  },
  {
    "name": "",
    "address": "",
    "phone": ""
  },
  {
    "name": "",
    "address": "",
    "phone": ""
  },
  {
    "name": "",
    "address": "",
    "phone": ""
  },
  {
    "name": "",
    "address": "",
    "phone": ""
  },
  {
    "name": "",
    "address": "",
    "phone": ""
  },
  {
    "name": "",
    "address": "",
    "phone": ""
  },
  {
    "name": "",
    "address": "",
    "phone": ""
  },
  {
    "name": "",
    "address": "",
    "phone": ""
  },
  {
    "name": "",
    "address": "",
    "phone": ""
  },
  {
    "name": "七鱼电竞中心",
    "address": "黄果树大街118号天瀑阳光·翠园商业楼2层",
    "phone": "电话:18085373883/19985335777"
  },
  {
    "name": "极最网咖",
    "address": "龙青路翠麓名品临街商铺2-9号商铺",
    "phone": ""
  },
  {
    "name": "战霆电竞",
    "address": "龙凤花园龙青路14号5栋7号铺面",
    "phone": "电话:13329630716"
  },
  {
    "name": "九尾电竞",
    "address": "安顺市西秀区北航路畔山龙庭",
    "phone": ""
  },
  {
    "name": "天意电竞",
    "address": "西航路118号",
    "phone": ""
  },
  {
    "name": "鑫麒电竞馆(汇金中央广场店)",
    "address": "汇金广场3楼",
    "phone": ""
  },
  {
    "name": "星战电竞中心(南马大道店)",
    "address": "南马村小米山北侧河滨二期2层1号铺面",
    "phone": "电话:19908530709"
  },
  {
    "name": "安顺赛诺电竞酒店",
    "address": "安顺市西航路金星幸福广场3楼",
    "phone": ""
  },
  {
    "name": "奥游电竞",
    "address": "学院路时鼎绿洲商铺34栋负一层商铺1-14室",
    "phone": ""
  },
  {
    "name": "鲨尘豹电竞E-SPORTS",
    "address": "安顺市西秀区龙青路银城帝景",
    "phone": "电话:13260586837"
  },
  {
    "name": "七鱼电竞(中环店)",
    "address": "东街街道",
    "phone": "电话:19017686777"
  },
  {
    "name": "E-SD电竞馆",
    "address": "祥云路时代名苑2号楼8号铺",
    "phone": "电话:18085331688"
  },
  {
    "name": "奥云电竞",
    "address": "中华北路世通现代城3栋",
    "phone": "电话:13472636555"
  },
  {
    "name": "大山脚网吧",
    "address": "黄果树大街清水湾酒吧街对面进来100米",
    "phone": "电话:13195137771"
  },
  {
    "name": "网鱼电竞馆",
    "address": "贵州省安顺市西秀区红机厂东城名邸云来酒店2楼",
    "phone": "电话:19885751111"
  },
  {
    "name": "电魂网咖",
    "address": "安居苑C1栋2层2-B商铺",
    "phone": "电话:18083304700"
  },
  {
    "name": "电竞馆",
    "address": "安顺市西秀区黄果树大街天瀑阳光·翠园",
    "phone": ""
  },
  {
    "name": "神木网络(高速店)",
    "address": "西航路交警一大队旁",
    "phone": ""
  },
  {
    "name": "CC网咖(国际佳缘店)",
    "address": "黄果树大街国际佳缘1栋1跃2-6号",
    "phone": "电话:15599506999"
  },
  {
    "name": "好朋友网吧(二场路店)",
    "address": "安顺市西秀区二场路西站建材市场东南侧约150米",
    "phone": ""
  },
  {
    "name": "南马电竞馆网吧",
    "address": "贵州省安顺市西秀区星光路翠麓园小区D栋1单元1层2号",
    "phone": "电话:0851-38880009"
  },
  {
    "name": "新世界网吧(格凸河路店)",
    "address": "南马大道格凸河路上岛",
    "phone": "电话:18224743777"
  },
  {
    "name": "x²游戏体验馆",
    "address": "横二路铂瑞兹酒店对门廖记川菜旁路口内进右侧巷子50米",
    "phone": "电话:19017622303"
  },
  {
    "name": "星宿电竞网咖",
    "address": "安顺市西秀区中华东路东城名邸",
    "phone": "电话:18486149077"
  },
  {
    "name": "鑫麒网咖(宏浩店)",
    "address": "中华北路34号21号铺面",
    "phone": "电话:0851-33836388"
  },
  {
    "name": "航天动漫城(南马广场店)",
    "address": "开发区南马广场王府商场一层",
    "phone": "电话:18508537132"
  },
  {
    "name": "潮流地带酷宝潮玩(万绿城国际广场店)",
    "address": "市府路与横二路交叉口南150米",
    "phone": ""
  },
  {
    "name": "纪庭祖游戏娱乐中心",
    "address": "祥云路与泉安路交叉口东南40米",
    "phone": ""
  },
  {
    "name": "航天电玩",
    "address": "贵州省安顺市西秀区南马广场一楼",
    "phone": "电话:13885370437"
  },
  {
    "name": "云逸宝游戏厅(安顺上影影城塔山店)",
    "address": "西街街道市西路87号安顺塔山广场负一层上影塔山影城影城内前台旁",
    "phone": ""
  },
  {
    "name": "云逸宝摇杆游戏机(上影影城万绿城店)",
    "address": "安顺市城4F上影英明影城店内大厅前台边上",
    "phone": ""
  },
  {
    "name": "Play·次世代主机体验馆",
    "address": "清水湾E区一层E-1-16-13号商铺",
    "phone": "电话:18685431010"
  }
]