[{"name":"大都会电竞馆(台中中正店)","address":"台湾省台中市西区台湾省大道一段726号","phone":""},{"name":"迪迪电竞馆","address":"台湾省台中市沙鹿区福成路48巷26号","phone":""},{"name":"凯业堡网路电竞馆(大雅店)","address":"台湾省台中市大雅区雅环路二段253号","phone":""},{"name":"吉吉电竞馆","address":"台湾省台中市大里区东荣路20号","phone":""},{"name":"网路空间 丰原电竞馆/丰原电竞网咖","address":"号2楼, No. 38中正路丰原区台中市台湾省420","phone":""},{"name":"凯业堡网路电竞馆(太平店)","address":"台湾省台中市太平区宜昌路537号","phone":""},{"name":"曜越Ttesports电竞专卖店-中港门市","address":"13F No, No. 301號臺灣大道三段西屯區台中市台湾407","phone":"电话:+886-4-22528636"},{"name":"1314电竞二馆","address":"台湾省台中市北屯区大连路二段19号","phone":""},{"name":"曜越TteSPORTS电竞馆","address":"台湾省台中市北屯区中清路一段66号","phone":""},{"name":"大都会网路电竞馆(台中双十店)","address":"台湾省台中市北区双十路二段92号","phone":""},{"name":"快乐鸟网路电竞馆北屯店","address":"台湾省台中市北屯区天津路四段3号","phone":""},{"name":"豆豆网路电竞馆","address":"台湾省台中市丰原府前街32号","phone":""},{"name":"快乐Esport网路电竞馆(大里店)","address":"台湾省台中市大里区德芳南路257号","phone":""},{"name":"欧熊网路电竞馆 O-Syong e-sport icafe","address":"台湾省台中市龙井区台湾省大道五段3巷30弄30号","phone":""},{"name":"艾秀eSports网路电竞馆","address":"台湾省台中市潭子区胜利路98号","phone":""},{"name":"大都会网路咖啡美食馆","address":"台湾省台中市南区复兴路三段222号","phone":""},{"name":"快乐鸟网路电竞馆丰原店","address":"台湾省丰原源丰路73号","phone":"电话:+886-4-25257220"},{"name":"迪迪电竞馆潭子店","address":"427台湾台中市潭子區興華一路300號2樓","phone":""},{"name":"飞梭电竞馆 51特区","address":"41170台湾台中市太平區中山路二段51號","phone":""},{"name":"快乐鸟网路电竞馆一中店","address":"400台湾台中市中區公園路32之3號","phone":""},{"name":"快乐鸟网路电竞馆一中店","address":"400台湾台中市中區公園路32之3號","phone":""},{"name":"快乐鸟网路电竞馆 水湳经贸店","address":"406台湾台中市北屯區中清路二段332號2F","phone":""},{"name":"艾秀eSports網路電競館_興大店","address":"402台湾台中市南區學府路21號","phone":""},{"name":"电竞客栈台中馆","address":"40044台湾台中市中區綠川西街115號2樓","phone":""},{"name":"k-bar网际网路美食馆","address":"台湾省台中市丰原区南村路26号","phone":""},{"name":"呈威國際資訊|台中水冷電腦專門/開放式水冷電競改裝/全新二手筆電桌機/電腦維修/客製化電腦/監視器/弱電工程/網路工程/手機3C周邊","address":"406台湾台中市北屯區松義街148號","phone":""},{"name":"巧迪兒童成長書桌椅-人體工學椅-電競桌椅【台中門市】","address":"407台湾台中市西屯區臺灣大道三段216號1樓","phone":""},{"name":"DCT 夢想成真 電競醫院 ( 台中旗艦展示會館 ) - 家用/商用/筆電/主機 電腦重灌 電腦維修 DIY客製化電腦主機 電腦保險與售後NO.1","address":"407台湾台中市西屯區青海路二段242-11號1F","phone":""},{"name":"推薦MIT辦公椅/電競椅製造商/皇騰家具有限公司#歡迎直接來廠體驗試坐選購/假日可來電預約試坐時間","address":"420077台湾台中市豐原區社皮路123巷5弄136-2號","phone":""},{"name":"三井3C-台中NOVA店（B1-B06櫃-電競、遊戲、印表機專賣店）","address":"403台湾台中市西區英才路510號B1樓","phone":""},{"name":"台中五巷電競 — 電動滑板車、平衡車、電腦 專賣店","address":"434台湾台中市龍井區新興路5巷9號","phone":""},{"name":"推薦MIT辦公椅/電競椅製造商/皇騰家具有限公司#歡迎直接來廠體驗試坐選購/假日可來電預約試坐時間","address":"42748台湾台中市潭子區大富路三段197巷1號","phone":"电话:+886-4-25353277"},{"name":"樂學兒童成長書桌椅｜人體工學書桌椅｜電競桌椅 - 台中南屯工廠直營(預約制)𓆽@chair8698","address":"408台湾台中市南屯區向心路105 -2號停車方便","phone":""},{"name":"樂學兒童成長書桌椅｜人體工學書桌椅｜電競桌椅 - 台中南屯工廠直營(預約制) @chair8698","address":"408台湾台中市南屯區向心路105 -2號停車方便","phone":""},{"name":"巧迪兒童成長書桌椅-人體工學椅-電競桌椅【后里門市】","address":"421台湾台中市后里區復興街36巷27號","phone":""},{"name":"巧迪兒童成長書桌椅｜台灣製造 工廠直營｜人體工學椅｜電競桌｜電腦桌｜- 台中北屯門市","address":"406台湾台中市北屯區東山路一段146-20號","phone":""},{"name":"logitech 羅技電競專館 台中OUTLET_三井3C（61900櫃）","address":"435台湾台中市梧棲區臺灣大道十段168號1樓號61900櫃","phone":""},{"name":"逢甲GiGi電競館 x 樓下 LouXia (餐廳)","address":"407台湾台中市西屯區逢甲路20巷37號B1","phone":""},{"name":"逢甲GiGi電競館 x 樓下 LouXia (餐廳)","address":"407台湾台中市西屯區逢甲路20巷37號B1","phone":""},{"name":"ASUS Zenfone大甲專賣店 Zenfone10 Rog7 Rog7ultimate Asus ZF10 續約攜碼 電競手機 舊換新","address":"437台湾台中市大甲區順天路180號","phone":""},{"name":"欣亚电脑 台中NOVA店(202柜位)","address":"台湾省台中市西区英才路508号","phone":"电话:+886-4-23290159"}]