[{"name":"壹号电竞网咖(广百联众店)","address":"广西壮族自治区贺州市钟山县步行街农业银行二楼","phone":"电话:18677475867"},{"name":"田阳网吧","address":"G241七彩虹幼儿园(清塘镇人民政府西北)西南侧约170米","phone":""},{"name":"宇宙元电竞馆(上海街店)","address":"星光路56号","phone":"电话:18070206580"},{"name":"宇宙元电竞(爱莲府店)","address":"凤鹅塘路贺州碧桂园爱莲南苑商业A栋106号(嘉年濠庭对面)","phone":"电话:19997985799"},{"name":"极速网咖(富川商业步行街店)","address":"凤凰路79号","phone":"电话:18778475731"},{"name":"新大陆网咖","address":"西宁北路64号二楼","phone":""},{"name":"宜博电竞馆(钟山店)","address":"贺州市钟山县钟山中路41号农村信用社楼上","phone":"电话:13148804929"},{"name":"爱尚电竞·棋牌(南百店)","address":"灵峰南路8号南百四楼爱尚网咖内","phone":"电话:0774-5273000"},{"name":"玩家国度电竞馆(盛隆店)","address":"鞍山西路3-16号","phone":"电话:18078082255"},{"name":"爱尚电竞(新旺角店)","address":"建设中路219号A-1地块彰泰新旺角8栋201-204,218-221号商铺","phone":""},{"name":"莱客电竞网咖","address":"贺州市八步区凤鹅塘路贺州碧桂园·爱莲府(南园)","phone":""},{"name":"阿辞电竞工作室","address":"广西壮族自治区贺州市八步区八步街道灵峰街203号","phone":""},{"name":"黑白电玩游戏馆","address":"灵峰街灵峰商业步行街6号3楼","phone":"电话:13377031730/13557344040"},{"name":"玩者荣耀动漫馆(贺州地下商业街店)","address":"向阳路地下商业街C区102-132号","phone":""},{"name":"骑趣乐园电玩城(缤纷店)","address":"贺州市鞍山西路66号缤纷环球城6栋4层035号商铺","phone":""},{"name":"爱尚电竞(缤纷店)","address":"贺州市鞍山西路66号缤纷城环球城4楼","phone":""},{"name":"次时代主题电玩","address":"贺州市建设中路219号8栋214-216号商铺","phone":""},{"name":"云逸宝游戏厅(天立国际影城香港城店)","address":"贺州市日月街39号香港城3楼天立国际影城内大厅前台旁","phone":""}]