[{"name":"电竞狐网咖(延平店)","address":"府前路36-5号3楼","phone":"电话:19905995971"},{"name":"HIGH森私家电玩体验馆","address":"马坑路40号世纪星城一期4栋303室","phone":"电话:18659982122"},{"name":"电竞蜂网咖(政和店)","address":"福地步行街A1幢6层","phone":""},{"name":"圣域网咖","address":"南浦北路558号(御景华府)6幢1层107室","phone":"电话:19959905082"},{"name":"悟宇电竞(建瓯时代广场)","address":"福建省南平市建瓯市中山路278号","phone":"电话:18050260960"},{"name":"电竞魔网咖(万商红店)","address":"嘉禾北路558号万商红商贸城1幢221室","phone":"电话:0599-5563888"},{"name":"奥游电竞馆","address":"瓯龙广场4楼","phone":""},{"name":"橙子电玩ps5 switch体验馆(建发悦城中心店)","address":"人民西路建发悦城女神街95、96号3楼","phone":"电话:13313797891"},{"name":"网娱电竞馆","address":"嘉禾北路2798号(万晟星城)4幢1-2层9号10号11号","phone":"电话:0599-5676788"},{"name":"卓越网吧(崇安街店)","address":"崇安街104-5号2层","phone":"电话:13509544165"},{"name":"艾酷电玩城","address":"延平区创世纪A区马坑路7号","phone":""},{"name":"星辰游戏体验馆","address":"南平市朝阳路口24号店3幢1号店","phone":""}]