[{"name":"凌越电竞","address":"河南省郑州市新郑市航空港区凌越街锦绣荷园社区商铺135号","phone":"电话:19138199141"},{"name":"龙之吻电竞(郑州网吧店)","address":"纺织街方圆经纬花园一号楼一层119号商铺","phone":"电话:13298188080/15378795595"},{"name":"征途电竞(永威店)","address":"河南省郑州市中牟县航空港区相州街永威南樾瑞苑1号楼105号","phone":"电话:15346578343"},{"name":"爱在电竞馆","address":"文化路三全路86号1号楼2层","phone":"电话:13733851925"},{"name":"菲兹电竞(欢乐金街店)","address":"嘉韵公园里10号楼m29","phone":"电话:13071025692"},{"name":"深蓝电竞(大学路店)","address":"大学路与陇海路北100米路西康桥华城三楼（德克士北侧）","phone":"电话:0371-55382566"},{"name":"小虎牙电竞馆(齐礼阎小区店)","address":"航海路七里生活汇三楼","phone":"电话:0371-68902222"},{"name":"瀚悦电竞","address":"恒兴嘉苑23-75号","phone":"电话:0371-66310766/13014581377"},{"name":"二号电竞","address":"航空港区航南新城60号楼七号商铺二楼","phone":"电话:17538146333"},{"name":"聚友电竞","address":"陇海东路66-48号","phone":"电话:15515800987/19522333934"},{"name":"聚友电竞","address":"陇海东路66-48号","phone":"电话:15515800987/19522333934"},{"name":"AI电竞(东风路店)","address":"东风路与信息学院路交叉口东南40米","phone":"电话:19337880901"},{"name":"扬名电竞馆(二七万达店)","address":"汉江路与人和路交叉口西南角万千世纪城3号楼3楼","phone":"电话:0371-63437737"},{"name":"灼光电竞","address":"中原中路171号院","phone":"电话:15639721173"},{"name":"凤凰电竞(博览路店)","address":"未来路669号院10号楼4号商铺","phone":"电话:17803827040"},{"name":"青橙电竞网吧","address":"河南郑州市中牟县文通路宏达车业广场3号楼2层201室","phone":"电话:15838000345"},{"name":"博宇电竞网吧","address":"凤台西街升龙凤凰城C区4号楼11号","phone":"电话:13137761227"},{"name":"鲲鹏电竞(国基路店)","address":"西史赵小区三期（普罗旺世西南）","phone":""},{"name":"长城电竞","address":"桐柏路与西十里铺路交叉口西200米路南","phone":"电话:18703650365"},{"name":"深蓝电竞(顺城店)","address":"西大街与南顺城街交叉口向南200米路西2楼","phone":"电话:0371-61700222"},{"name":"彼岸网咖(商都路生活广场店)","address":"商都路街道商都路36号综合楼2层附114号","phone":"电话:13521927755"},{"name":"101电竞","address":"双湖大道与环西路交叉口北400米","phone":"电话:18135775868"},{"name":"七号电竞网吧(电力学院店)","address":"商都大道祥和商都名家清水湾洗浴对面","phone":"电话:13523492333"},{"name":"艾尚电竞","address":"航空港区凌霜街与大航路交叉口西南40米","phone":""},{"name":"星语电竞","address":"金龙路与通惠路交叉口东180米","phone":"电话:18137127902"},{"name":"E·时空电竞","address":"朗悦公园府秦庄玺园东门旁","phone":"电话:13014644679"},{"name":"Hello电竞","address":"汇美路与明月路交叉口向东200米路南","phone":"电话:18538162209"},{"name":"乌托邦电竞","address":"经开第五大街45号南90米","phone":"电话:0371-65016608"},{"name":"泰熊电竞","address":"农科路与经三路交叉口南行100米路西绿洲银郡综合楼3楼7号","phone":""},{"name":"海豚电竞(冯庄店)","address":"航海中路与祥云路交叉口正商航海广场B栋2楼（近东侧入口、冯庄地铁站A口）","phone":"电话:0371-55912356"},{"name":"海豚电竞(华强广场店)","address":"电厂路与漳河路交叉口西南角华强城市广场2楼（建设银行南侧）","phone":"电话:037155912396"},{"name":"网甲","address":"大学北路与康复前街交叉口东南角金源大厦3楼","phone":"电话:0371-60900838"},{"name":"M电竞(升龙国际店)","address":"升龙国际中心B区5号楼二楼","phone":"电话:15794199885"},{"name":"狂飙电竞","address":"潮河街道十三大街与经南五路交叉口向南100米瑞锦小区芙蓉园1栋2楼1号商铺","phone":"电话:15936277988/15981862518"},{"name":"刀锋电竞馆","address":"河南省郑州市二七区曙光路1号","phone":"电话:18939269762"},{"name":"海洋电竞馆","address":"沙口路摩尔时代","phone":"电话:13213191577"},{"name":"飞石电竞(西大街店)","address":"河南省郑州市管城回族区西大街与南顺城街交叉口西南角2楼","phone":"电话:15225138572"},{"name":"网鱼网咖·电竞(郑州金水正弘城店)","address":"河南省郑州市金水区东风路28号院21号楼1层商1号","phone":"电话:19043819605"},{"name":"蓝景网咖·电竞","address":"建设东路49号院2号楼2层商业7号","phone":"电话:0371-56683577"},{"name":"斯坦森电竞网吧","address":"河南省郑州市郑东新区圃田乡圃田嘉园南院31号楼商业广场3楼c-006号","phone":"电话:15565078877"},{"name":"大嘴电竞","address":"郑州市二七区京广南路江泰天宇国际","phone":"电话:18638682216"},{"name":"鱼悦电竞","address":"河南省郑州市中牟县经开区祥云办事处郑尉路福盈门生鲜二楼鱼悦电竞","phone":"电话:13460295346"},{"name":"九盟电竞","address":"河南省郑州市二七区学院路商业街郑州科技学院东侧约40米","phone":""},{"name":"夜风电竞生活馆(银莺路店)","address":"郑州市银莺路75号院2号楼1单元2层3室","phone":"电话:17638369186"},{"name":"+86电竞(马寨店)","address":"郑州市学院路与同兴街交叉口桃李茂商业中心3楼","phone":""},{"name":"晨飞电竞","address":"河南省郑州市管城回族区经开第三大街与南三环交叉口西北角美景芳华","phone":""},{"name":"狂飙电竞","address":"腾达路34号1号楼3楼","phone":""},{"name":"都市电竞","address":"郑州市荥阳市桃贾路","phone":""},{"name":"昊天电竞","address":"郭村C区","phone":"电话:13838576047"},{"name":"贝博电竞","address":"东明路顺河路交叉口西南角老朱烧烤旁步梯上二楼","phone":"电话:19603881531"},{"name":"青柠电竞","address":"郑州市荥阳市汜河路荥阳市豫龙镇第一中心幼儿园西侧约200米","phone":""},{"name":"鲲鹏电竞","address":"金成时代2号楼2楼","phone":"电话:18137111190"},{"name":"网鱼网咖·电竞(管城未来路店)","address":"商城东路9号一层","phone":"电话:13213143297"},{"name":"外星人电竞(上东里店)","address":"芦医庙大街与郑开大道交叉口上东里1号楼3楼","phone":"电话:16603858856"},{"name":"星悦电竞·台球·棋牌·网吧上网(陇海路店)","address":"陇海西路与伏牛路交叉口东北角中国银行2楼","phone":"电话:0371-89962090"},{"name":"大洋网咖电竞馆","address":"河南省郑州市中牟县凌霜西路宇通和谐家园5号院门口s4商铺3楼","phone":"电话:15713692165"},{"name":"网鱼网咖·电竞(郑州郑东商业中心店)","address":"康平路80号13号楼2层201","phone":"电话:16668153084"},{"name":"小不点电竞(晨旭路店)","address":"晨旭路5号绿洲云顶4号楼商12号（近北门）","phone":""},{"name":"大嘴电竞","address":"郑州市二七区京广南路江泰天宇国际","phone":"电话:18638682216"},{"name":"小铁拳电竞","address":"贺江路78号","phone":""},{"name":"小铁拳电竞","address":"贺江路78号","phone":""},{"name":"中青电竞·台球·棋牌club(南三环店)","address":"南三环与冯庄东路交叉口向北100米路西","phone":"电话:13938204486"},{"name":"网鱼网咖·电竞(郑州二七大上海店)","address":"东太康路28号大上海城A区4层02号（观光电梯直达）","phone":"电话:15324740711"},{"name":"网飞电竞","address":"睿海中心四楼","phone":""},{"name":"外星人电竞(豫兴店)","address":"河南省郑州市郑东新区豫兴办事处中山路与吉瑞路交叉口西北角3楼","phone":"电话:19138033561"},{"name":"九龙电竞","address":"郑州市中牟县锦瑞路宇通公寓东北侧约40米","phone":""},{"name":"新景点电竞","address":"农科路58号金成国际商务2层201号","phone":"电话:18903842668"},{"name":"极速电竞","address":"河南省郑州市管城回族区南关街268号金领寓公寓2层","phone":""},{"name":"四合电竞","address":"河南省郑州市金水区天明路70号院4号楼负一楼东侧","phone":"电话:13939036424/19137900041"},{"name":"吉谷电竞","address":"昌达路1号附近","phone":""},{"name":"四合电竞","address":"河南省郑州市金水区天明路70号院4号楼负一楼东侧","phone":"电话:13939036424/19137900041"},{"name":"网鱼网咖·电竞(郑州金成时代广场店)","address":"姚砦路133号金成时代广场11号楼三层303","phone":"电话:17335704944"},{"name":"虎姬电竞","address":"文化路与北三环交叉口恒通北环茶城南门西侧2楼","phone":""},{"name":"九半电竞","address":"长盛广场6号楼北侧112","phone":"电话:15517569222"},{"name":"青苹果电竞","address":"中兴路与西环城路交叉口东20米","phone":"电话:18624923131"},{"name":"一号电竞网咖","address":"山顶·福都时代广场南105-38号","phone":"电话:15639272332"},{"name":"康佰电竞","address":"朝阳街金明路交叉口","phone":"电话:15093258182"},{"name":"+86电竞(富田太阳城店)","address":"航海东路2号富田太阳29号楼302号铺","phone":"电话:15303713770"},{"name":"星轨电竞","address":"河南省郑州市管城回族区康平路云悦公馆D栋1721号","phone":"电话:19536865881"},{"name":"中青电竞(相州街店)","address":"航空港区豫康新城(南区)133-10号","phone":""},{"name":"中青电竞(相州街店)","address":"航空港区豫康新城(南区)133-10号","phone":""},{"name":"追光者电竞","address":"康平路与永平路交叉口向西100米路北3楼（商业中心B区15号楼2单元）","phone":"电话:15617978582"},{"name":"HR电竞","address":"商都路与西环路交叉口路北20米","phone":"电话:15838368520"},{"name":"逗鱼电竞","address":"航海路瑞之绣农贸市场三楼","phone":"电话:15515571208"},{"name":"电竞馆","address":"河南郑州市中牟县滨河街道南二环东路金山新村南区底商1","phone":""},{"name":"中青电竞(铁英街店)","address":"铁英街3号3层","phone":"电话:0371-63399272"},{"name":"电竞馆","address":"河南郑州市中牟县青年东路8号","phone":"电话:18236768584"},{"name":"神话电竞(国基路店)","address":"国基路2号西区3层商业4号","phone":"电话:19937878948"},{"name":"艾木电竞","address":"管城回族区未来路与青年路交叉口路西中国移动旁","phone":""},{"name":"SWEET电竞","address":"河南省郑州市二七区建设东路48号","phone":"电话:15638905782"},{"name":"巅峰网络(二里岗南街店)","address":"二里岗南街475号","phone":"电话:15603911937"},{"name":"M电竞(升龙国际店)","address":"升龙国际中心B区5号楼二楼","phone":"电话:15794199885"},{"name":"EG电竞馆·卓威体验店(汜河路店)","address":"汜河路与荥泽大道交叉口东南角二楼","phone":"电话:16692159777"},{"name":"珠峰互联网吧(西元店)","address":"建设西路西元广场东塔E309号","phone":"电话:15890026520"},{"name":"华讯网咖","address":"第七大街与经南二路交汇处向南20米路西2层","phone":"电话:15737104507"},{"name":"大山楂网络俱乐部(国贸360店)","address":"丰产路新世纪大厦2号楼3楼(国贸360)","phone":"电话:0371-56726188"},{"name":"云渡网咖","address":"农科路33号嘉辰时代公寓三层","phone":""},{"name":"锦绣电竞","address":"河南省郑州市中原区林山寨街道百花路郑州锦绣华庭B座六楼","phone":""},{"name":"网神电竞","address":"巡航路与凌风街交叉口向西中央金地美食街二楼","phone":"电话:15617768188"},{"name":"麦吉鸟电竞","address":"高新技术产业开发区玉兰西街16号楼5-2层附39号","phone":""},{"name":"黑蚁电竞","address":"财富广场","phone":""},{"name":"德华电竞","address":"河南省郑州市管城回族区陇海东路322号","phone":"电话:15136220222"},{"name":"大风车电竞(城东路店)","address":"城东路110号","phone":"电话:18625778684"},{"name":"CK电竞","address":"河南省郑州市管城回族区东大街116号","phone":"电话:19138124408"},{"name":"顶峰电竞","address":"山顶公寓5栋B区二楼5-15-18号商铺","phone":"电话:18749613456"},{"name":"元森电竞","address":"河南省郑州市中牟县","phone":""},{"name":"芒果电竞","address":"郑州市中牟县宝峰街蓝爵世家","phone":""},{"name":"云顶电竞","address":"经开第一大街10号","phone":"电话:16696225784"},{"name":"外星人网咖(象湖店)","address":"永顺路与郑开大道交叉口向南100米路东","phone":"电话:13253553719"},{"name":"熊猫电竞","address":"郑州市中牟县乐城街绿博2号安置区(南区)","phone":"电话:15093333584"},{"name":"熊猫电竞","address":"郑州市中牟县乐城街绿博2号安置区(南区)","phone":"电话:15093333584"},{"name":"优客电竞(金岱路店)","address":"金岱路18号宏鑫家园1号楼8号","phone":""},{"name":"鲸云电竞馆","address":"贺江路与蓝珮路交叉口西南角铭汇广场1号门2楼","phone":"电话:0371-55200099/15837135454"},{"name":"壹8电竞(政七街店)","address":"丰产路政七街交叉口向南30米路东","phone":"电话:0371-66351312/15937145712"},{"name":"海岸线电竞","address":"郑州市中牟县建设南路永华小区","phone":""},{"name":"慕巷网吧","address":"丰庆路宏康路向北100路西（米瀚宇新城东门）","phone":""},{"name":"白杨树电竞","address":"白沙镇锦绣路富康嘉苑一期","phone":""},{"name":"凯瑞电竞","address":"科学大道石楠路向北100米、渤海银行西50米","phone":"电话:15803898467"},{"name":"N电竞","address":"自由撞击台球会所往西50米","phone":""},{"name":"幻影电竞(凌空街)","address":"河南省郑州市航空港区郑港六街豫康新城南区17栋36号","phone":"电话:15093833133"},{"name":"电竞生活馆","address":"郑州市管城回族区紫辰路紫楠花园","phone":""},{"name":"竞技者电竞","address":"郑州市中牟县凌空街豫康新城-A区","phone":""},{"name":"LD电竞","address":"郑州市荥阳市广武路奥特花园东北侧","phone":""},{"name":"斯脉特电竞","address":"郑州市二七区建设东路中投汇金城金旺角","phone":""},{"name":"匹电竞","address":"郑州市中原区汝河路和昌湾景公寓","phone":""},{"name":"玩嘉电竞","address":"郑州市中牟县商都路白沙卫生院西南侧约30米","phone":""},{"name":"吉客电竞(中原福塔店)","address":"尚义路3-26号","phone":""},{"name":"黑蚁电竞(中原区秦岭店)","address":"秦岭路与建设西路交叉口南80米云尚二楼","phone":"电话:19396481515"},{"name":"遇上三毛电竞馆(南三环店)","address":"开发路37号","phone":"电话:15093232562"},{"name":"青青电竞","address":"郑州市中牟县相州街豫康新城(南区)","phone":""},{"name":"青青电竞","address":"郑州市中牟县相州街豫康新城(南区)","phone":""},{"name":"小虞牙电竞","address":"郑州市管城回族区德成街锦荣商贸城C座","phone":""}]