[{"name":"灵妖电竞网咖","address":"长江路城市之光小区5幢105-2号","phone":"电话:13865265560"},{"name":"熊猫电竞网咖·梦浪店","address":"北一环路澳澜宝邸B座底商（新亚汽车站斜对面）","phone":"电话:18355818182/19159004231"},{"name":"顶峰电竞网咖(北城店)","address":"金宁路金大地翡翠公馆","phone":"电话:17375392064"},{"name":"无尽电竞","address":"大鹏怡和华庭18幢商103号、商102号、商101号","phone":"电话:18917195295"},{"name":"V+电竞馆","address":"胜利路胜利广场负一楼（近3号门）","phone":""},{"name":"九十村电竞网咖棋牌","address":"安徽省合肥市肥东县撮镇镇循环经济示范园商务中心及人才公寓商业楼2楼","phone":"电话:15385962119"},{"name":"桔子电竞网咖","address":"临湖苑B区9栋121号","phone":"电话:18555018782"},{"name":"糯米电竞(海棠店)","address":"合肥市海棠街道蒙城北路与茨河路交口海棠花园邻里坊商101室","phone":""},{"name":"顶峰电竞网咖","address":"太湖东路省直机关住宅小区西1号西2号商住楼地下室第001号","phone":"电话:15755101441"},{"name":"顶峰电竞网咖(包河店)","address":"马鞍山路1515号和地广场和地公寓三楼","phone":"电话:15005660811"},{"name":"海贝网咖","address":"汤卞山庄二期商业楼三楼","phone":""},{"name":"56789电竞馆","address":"合肥市巢湖市天河路天湖商城西南侧","phone":""},{"name":"星界电竞","address":"巢湖学院对面","phone":"电话:15357709016"},{"name":"黑白电竞网咖","address":"半汤大道与学府路交叉口西南60米","phone":""},{"name":"可达鸭电竞馆","address":"长江中路111号","phone":""},{"name":"追逐电竞俱乐部(新华御府店)","address":"新华御府锦鲤街E10-11-12-13号","phone":"电话:17333267386"},{"name":"85度连锁网咖(天湖商城店)","address":"合肥市巢湖市天河路天湖商城南侧","phone":"电话:13865219565"},{"name":"SALA电竞酒店(居安店)","address":"安徽省合肥市巢湖市东塘路世纪新都A区S1-114","phone":""},{"name":"青创电竞酒店(万达店)","address":"安徽省合肥市巢湖市太湖山路31-2号","phone":""},{"name":"柘石电竞酒店","address":"合肥市城市之光小区A6栋101室","phone":""},{"name":"柘石电竞酒店","address":"合肥市城市之光小区A6栋101室","phone":""},{"name":"天鹅湖电竞","address":"合肥市巢湖市振兴巷中国石油加油站(水上公园路)北侧约100米","phone":""},{"name":"歪歪潮玩(万尚城时尚广场店)","address":"万尚城时尚广场(人民路店)二楼电梯口","phone":""},{"name":"云逸宝摇杆游戏机(中影国际影城巢湖店)","address":"人民路28号3号楼6楼中影影城内大厅前台旁","phone":""},{"name":"电玩城","address":"合肥市巢湖市东塘路汇豪天下","phone":""},{"name":"大玩家(巢湖万达店)","address":"东塘路与太湖山路交口万达广场二楼2F-A","phone":"电话:0551-82606859"},{"name":"未来主机(合肥巢湖万达广场店)","address":"东塘路80号万达广场合肥巢湖店F4层","phone":""},{"name":"云逸宝摇杆游戏机(万达广场店)","address":"东塘路巢湖万达广场3层店内大厅前台边上","phone":""},{"name":"逃跑计划","address":"汤卞山商业广场3楼309室","phone":""}]