[{"name":"蓝吧电竞","address":"孔祖大道北段夏邑县人民医院西南侧约180米","phone":"电话:15238500227"},{"name":"极限电竞(工农路)","address":"商丘市民权县工农路绿洲石油(加油站)东北侧约120米","phone":"电话:15560036610"},{"name":"森林电竞","address":"商丘市宁陵县珠江路第一城(珠江路)东侧约40米","phone":""},{"name":"创新电竞","address":"中州路与民主路交叉口东北100米","phone":""},{"name":"猎人电竞","address":"X009商丘市梁园区谢集镇政府东南侧约260米","phone":"电话:15333706030"},{"name":"神州电竞","address":"黄河路与华山路交叉口南120米","phone":"电话:15660786000"},{"name":"千寻电竞网咖","address":"睢县中心大街龙庭水岸东门北30米","phone":"电话:15518691375"},{"name":"蓝海亿度电竞(十四直营店)","address":"睢阳大道与长江路交叉口南100米路东","phone":"电话:19339610605"},{"name":"未来电竞巨久网吧","address":"中州路与胜利路交叉口200米路北","phone":"电话:13937037511"},{"name":"金沙电竞","address":"商丘市柘城县G220柘城县审计局","phone":""},{"name":"蓝海电竞","address":"凯旋路与香君路交叉口蓝海广场二楼","phone":"电话:17737048222"},{"name":"月轩电竞旗舰店(中环广场店)","address":"民主路与凯旋路交叉口中环广场4楼","phone":"电话:19137012829"},{"name":"月轩电竞馆(文化店)","address":"文化中路南侧润丰小区楼下","phone":"电话:13837053144"},{"name":"酷玩网吧(神火大道店)","address":"神火大道与宇航西路交叉口西350米路北","phone":"电话:13137037911"},{"name":"未来电竞(文化东路店)","address":"文化路与归德路交叉口东500米丁字路口","phone":"电话:19937063295"},{"name":"蓝海电竞(新师范店)","address":"团结路与平原路交叉口往东100米路北","phone":"电话:15037013623"},{"name":"月轩电竞馆(应天店)","address":"神火大道与应天路交叉口西南角二楼","phone":"电话:17749481781"},{"name":"39°电竞馆(应天路店)","address":"归德路应天路交叉口往西50米路南","phone":"电话:15037091361"},{"name":"X月轩电竞(职业学院店)","address":"宋城路与归德路交叉口向西200米路南","phone":"电话:15503822893"},{"name":"月轩电竞(商字店)","address":"神火大道新城国际小区东大门北100米路西","phone":"电话:13569353077/17716387726"},{"name":"月轩电竞(宇航路店)","address":"平安街道宇航路东段南侧天明第一城商铺37号（中州路与宇航路交叉口西50米路南）","phone":"电话:16613876199"},{"name":"漫时空电竞","address":"神火大道与株洲路交叉口西20米路南","phone":"电话:15537078068"},{"name":"西厂电竞","address":"长江路与归德路交叉口向东二百米路南","phone":"电话:13103600055"},{"name":"蓝海电竞·舒雅店","address":"宋城路与归德路交叉口西行300米路北","phone":"电话:18272624176"},{"name":"她世纪网吧","address":"三明路东粮校综合楼变压器旁","phone":"电话:17337061155"},{"name":"福泰电竞(南京路店)","address":"南京路商丘南站天泰福地小区","phone":"电话:18103709993"},{"name":"月轩网咖(归德南店)","address":"归德中路金鼎花园(归德路)北侧约30米（珠江路与归德路交叉口南150米）","phone":"电话:15037000066"},{"name":"未来电竞品尚网吧","address":"长江路与华夏路交叉口南200米路东","phone":"电话:13937037511"},{"name":"驰乐电竞","address":"星林路与方域路交叉口西侧50米路南","phone":"电话:17337002332"},{"name":"月轩网咖(北海店)","address":"神火大道与北海路交叉口20米路南","phone":"电话:18503706160"},{"name":"桔子电竞(商曹路店)","address":"河南省商丘市梁园区商曹路口往西","phone":""},{"name":"月轩网咖(八一路店)","address":"河南省商丘市梁园区八一路与酒厂路交叉口东南角商住楼南数3-6室","phone":"电话:13598309285"},{"name":"高科电竞","address":"神火大道与北海路交叉口西100米路南","phone":"电话:13837009181"},{"name":"蓝海电竞(古宋店)","address":"归德路与应天路交叉口西100米路南","phone":"电话:18336029400"},{"name":"39°电竞馆(长征路店)","address":"文化中路与长征路交叉口西北60米","phone":""},{"name":"鑫悦电竞桔子店","address":"平原路与团结西路交口团结小区商住楼1-2层","phone":""},{"name":"科幻网吧(商丘师范学院第五家属区南)","address":"商丘师范学院第五家属区西门南80米","phone":"电话:15836885556"},{"name":"爱尚电竞(雪苑路店)","address":"归德南路与雪苑路交叉口西行300米路南（哆唻儿童楼上）","phone":"电话:15037080222/18937090222"},{"name":"蓝海至臻电竞","address":"神火大道与北海路交叉口西200米路南","phone":"电话:15090659205/16627003331"},{"name":"杰克网络玩家(北关店)","address":"凯旋路与香君路交叉口向北50米路西","phone":"电话:19139118310"},{"name":"蓝海电竞外星人授权店","address":"民主中路商百步行街西侧二楼（上海舒安精品酒店249号）","phone":"电话:13323706690"},{"name":"杰克网络玩家(民主路店)","address":"民主中路与平原中路交叉口西南角","phone":"电话:15090533030"},{"name":"酷玩电竞(哈森路店)","address":"哈森路与八一东路交叉口南80米","phone":""},{"name":"乐华电竞","address":"木兰大道商丘学院南门对面","phone":""},{"name":"森咖电竞","address":"商丘市梁园区合欢路金帝苑(合欢路)","phone":""},{"name":"羿网情缘网吧","address":"商丘市梁园区木兰大道尚锦华城东南侧约50米","phone":""},{"name":"牵手电竞(中州世贸店)","address":"商丘市梁园区黄河西路中州世贸","phone":"电话:16650795005"},{"name":"半糖网咖(红珊瑚店)","address":"凯旋南路157号东北方向10米","phone":""},{"name":"新时空电竞(货场路店)","address":"商丘市梁园区凯旋商城17号楼1单元1楼","phone":"电话:13937018346"},{"name":"尚优网咖","address":"河南省商丘市梁园区北海东路12号","phone":"电话:15136018639"},{"name":"蓝海电竞(小城故事店)","address":"归德路与珠江路交叉口南200米路西","phone":"电话:18037087881"},{"name":"新轩电竞网络俱乐部","address":"河南省商丘市睢阳区007乡道与207省道交叉口西200米","phone":""},{"name":"月轩网咖(市委店)","address":"归德路长江路往北30米路西","phone":"电话:17716387726"},{"name":"光速电竞(曹庄社区卫生服务站东北)","address":"河南省商丘市梁园区曹庄社区托老院(商曹路北)","phone":"电话:15938395788"},{"name":"果林电竞","address":"商丘市梁园区锦绣路怡和新天地","phone":"电话:15660773619"},{"name":"潮玩电竞(商丘港汇万达广场店)","address":"河南省商丘市梁园区长征街道凯旋中路与陇海路交叉口西北侧商丘港汇万达广场F4","phone":""},{"name":"杰克网络玩家(金银路店)","address":"文化路与华夏路交叉口向东150米路南","phone":"电话:15903827845"},{"name":"闯关族游戏体验馆","address":"团结路绿苑新村门面房16号（白云游乐园西50米）","phone":"电话:13643706971"},{"name":"月升电竞馆","address":"商丘市睢阳区北海西路在水一方","phone":""},{"name":"蓝海电竞(悦菱店)","address":"商丘市睢阳区开元路锦江四季洋房","phone":""},{"name":"大玩家(港汇万达店)","address":"凯旋路万达广场3楼3F-B号商铺（近万达广场2号门）","phone":"电话:17731047316"},{"name":"果林电竞","address":"商丘市梁园区平原中路东华锦城(平原路)东北侧约40米","phone":""},{"name":"电子竞技","address":"商丘市梁园区长江东路融和新城","phone":""}]