[{"name":"","address":"","phone":""},{"name":"","address":"","phone":""},{"name":"","address":"","phone":""},{"name":"","address":"","phone":""},{"name":"","address":"","phone":""},{"name":"","address":"","phone":""},{"name":"","address":"","phone":""},{"name":"","address":"","phone":""},{"name":"","address":"","phone":""},{"name":"","address":"","phone":""},{"name":"紫荆在线网吧(荷花南街店)","address":"荷花南街207号","phone":"电话:13550659885"},{"name":"拾光电竞网咖(银川路店)","address":"四川省德阳市广汉市北外乡银川路129号2楼3号","phone":""},{"name":"三星电竞馆","address":"大南路284-288号人民医院5号门附近","phone":"电话:0838-6217626"},{"name":"大春电竞","address":"四川省德阳市中江县凯江镇伍城中路德泰商务楼二楼","phone":"电话:19981078881"},{"name":"鑫星网吧(宏正店)","address":"春唏横路宏正市场1栋16-19号","phone":"电话:18117945208"},{"name":"星弈电竞","address":"龑江水街5-3-3-2号","phone":"电话:13730806327"},{"name":"漫步者电竞馆·城市猎人网吧","address":"五显庙巷29号","phone":""},{"name":"拾光电竞(文庙店)","address":"南城根街80号(4幢3楼2号)","phone":"电话:0838-2319686"},{"name":"熊猫人电竞馆","address":"泰山南路与柳河街交汇处泰安楼B幢","phone":"电话:0838-2220692/17313325759"},{"name":"熊猫人电竞(国贸店)","address":"长江西路一段195号","phone":"电话:0838-2362666"},{"name":"银河电竞网咖茶楼","address":"亭江东路社区永正东街238号盛世豪庭1期17幢2","phone":"电话:0838-8285777"},{"name":"斑马电竞","address":"鹅三鲜火锅超市","phone":"电话:13550627353"},{"name":"鼎尚电竞馆","address":"广汉站东南顺德路二段凯越春天一楼","phone":"电话:17311599888"},{"name":"熊猫人电竞(湖景湾店)","address":"天山北路656号湖景湾1栋1-4-2、2-2号","phone":"电话:0838-2276333"},{"name":"联邦在线竞技·天天网吧","address":"仿古街87号","phone":""},{"name":"宜博电竞馆(时代都汇店)","address":"时代都汇3楼302室","phone":"电话:18117945208"},{"name":"金洲网咖","address":"深圳路东一段82号","phone":""},{"name":"极速电竞","address":"德阳市旌阳区天山南路三段乐福西苑","phone":""},{"name":"酷熊电竞(铜锣湾店)","address":"德阳市绵竹市南京大道一段盛世华章北侧约40米","phone":"电话:18161300368"},{"name":"星耀电竞","address":"剑南街道马尾河南段西侧星坤铜锣湾5幢2层201号","phone":"电话:15983806527"},{"name":"熊猫人电竞(维京店)","address":"绵远街一段102生活广场三楼","phone":"电话:0838-2206002"},{"name":"糖潮竞技网咖(纵横店)","address":"下南商业街32号","phone":"电话:13550659885"},{"name":"西航电竞网咖","address":"四川省德阳市罗江区成德大道","phone":"电话:18683127858"},{"name":"熊猫人电竞(园缘店)","address":"四川省德阳市旌阳区城南街道旌城花园酒店(德阳泰山路店)","phone":""},{"name":"2000网吧","address":"月圆巷与永正西街交叉口东南40米","phone":"电话:13981051335"},{"name":"酷熊电竞(雍城华庭店)","address":"四川省德阳市什邡市金河南路261号","phone":"电话:17781369305"},{"name":"尚趣网咖(向阳店)","address":"湘潭路十段幸福小区4期2楼（近大门口）","phone":""},{"name":"零点网吧二店","address":"宝兴佳苑西2号门","phone":"电话:13658150122"},{"name":"零下一度网咖","address":"绵远街167号二楼","phone":"电话:15883652326"},{"name":"德玛西亚网吧(南华大道店)","address":"南华大道一段紫金阳光城二期售楼处对面","phone":""},{"name":"渔夫电竞","address":"四川省德阳市绵竹市四川天一学院(绵竹校区)东","phone":"电话:13527553141"},{"name":"奕星网咖","address":"金雁社区B区086号","phone":"电话:13730806327"},{"name":"拾光网咖(凯北明珠店)","address":"凯江镇凯丰北路167号附1号","phone":""},{"name":"怪兽电竞(德阳吾悦广场店)","address":"岷山路三段5号德阳吾悦广场","phone":"电话:13684016162"},{"name":"飞越电竞","address":"岷江路2段72附5号","phone":"电话:0838-2207174"},{"name":"星空联盟电竞主题网咖","address":"acc飞街3楼","phone":"电话:15390157777"},{"name":"杰威网咖","address":"嘉铭悦城（张任路一段北)","phone":"电话:13508022273"},{"name":"摩菲电竞网咖","address":"四川省德阳市广汉市九江路三段卓越君城2幢2楼5~6号","phone":"电话:15708200725"},{"name":"拾光电竞网咖(英伦豪庭店)","address":"张仁路一段73号","phone":"电话:0838-5230707"},{"name":"大半城龙宇电竞","address":"德阳市罗江区西街西街廊坊C幢2-5号","phone":"电话:0838-3902222"},{"name":"拾光电竞网咖(英伦豪庭店)","address":"张仁路一段73号","phone":"电话:0838-5230707"},{"name":"大半城龙宇电竞","address":"德阳市罗江区西街西街廊坊C幢2-5号","phone":"电话:0838-3902222"},{"name":"光影电竞网咖","address":"四川省德阳市旌阳区蒙山街108号","phone":"电话:0838-2518851"},{"name":"龙洋电竞","address":"德阳市旌阳区华山北路荣升小区(牛王庙巷)西侧约60米","phone":""},{"name":"酷熊电竞(百川店)","address":"四川省德阳市什邡市盛世豪庭二期1-2-1号","phone":""},{"name":"酷熊电竞·鲨娱人店(鲨娱人店)","address":"四川省德阳市什邡市雍城东路368号","phone":"电话:19981646641"},{"name":"时代电竞(湖南路二段店)","address":"四川省德阳市广汉市湖南路2段37号","phone":""},{"name":"中江海豚电竞","address":"四川省德阳市中江县朝阳中路176号","phone":"电话:13350597737"},{"name":"明典电竞馆","address":"四川德阳市什邡市竹园北路42号","phone":""},{"name":"德胜电竞(五显庙巷店)","address":"四川省德阳市中江县五显庙巷19号","phone":"电话:13550659885"},{"name":"诺娃电竞","address":"鞍山路9号枕水小镇三期商业6号楼3层1号","phone":""},{"name":"拾光电竞网咖(米市街店)","address":"四川省德阳市广汉市米市街5号附5号","phone":"电话:0838-5259899"},{"name":"吉宏网吧","address":"城皇庙街68号3楼","phone":"电话:15308273317"},{"name":"金鼎电竞馆(广场店)","address":"剑南街道回澜大道西段中心广场东B1栋3楼","phone":"电话:18090726999"},{"name":"尚趣网咖(新丰店)","address":"三亚路三段7072号2层","phone":"电话:15828192779"},{"name":"后来网咖(广东路店)","address":"广东路东一段57-59号","phone":"电话:15281452542"},{"name":"奇迹网咖(沃尔玛店)","address":"沂河街106号","phone":"电话:15884280555"},{"name":"明智网咖","address":"千山街三段155号石桥新村","phone":"电话:13547063039"},{"name":"流星雨网咖","address":"茶花巷9号(七星台)","phone":"电话:0838-2220260"},{"name":"红地标","address":"泰山北路308号","phone":"电话:18011060663"},{"name":"零距离网咖(南泉路店)","address":"佛山街2段97号","phone":"电话:13658105016/18881005065"},{"name":"飞翎竞技网吧","address":"龙泉山北路61号","phone":"电话:18990260692"},{"name":"科立杰网络","address":"岷山路二段985号","phone":"电话:13881014855"},{"name":"剑桥电竞馆","address":"德阳市绵竹市希岸酒店(绵竹剑桥城店)西北侧约60米","phone":""},{"name":"风云网络会所(回澜大道西段)","address":"德阳市绵竹市回澜大道西段绵竹中心广场东南侧约130米","phone":"电话:0838-6910228"},{"name":"电竞网咖","address":"德阳市旌阳区嘉陵江西路建大家园","phone":""},{"name":"西成网吧","address":"四川省德阳市什邡市雍城西路236号","phone":"电话:19981014792"},{"name":"原冰动力网咖","address":"开发区文兴路66号","phone":"电话:17780381535"},{"name":"王者电竞(天祥店)","address":"泰山南路2段777号","phone":""},{"name":"泰坦电竞俱乐部","address":"东湖街道廷河路8号(万达广场旁)","phone":"电话:0838-2404088"}]