[{"name":"朱雀电竞","address":"玉溪市通海县朝阳路乡村客运站北侧约80米","phone":"电话:13308893910"},{"name":"易趣电竞","address":"龙旺湖城15幢三层3-25室","phone":""},{"name":"电竞网咖","address":"云南省玉溪市华宁县宁州街道泉乡新城5栋4号商铺","phone":"电话:13312648511"},{"name":"天意电竞馆","address":"李棋街道太极路万裕生态城24幢2楼","phone":"电话:15877951314/19387707936"},{"name":"艾尚电竞","address":"万裕生态城11栋1层商铺","phone":"电话:0877-2777077"},{"name":"新天地电竞","address":"云南省玉溪市通海县S304","phone":""},{"name":"网鱼网咖·电竞(玉溪红塔三千城店)","address":"三千城购物公园二期二楼2078(华为楼上)","phone":"电话:18187764740"},{"name":"小雨网吧(元江财富广场店)","address":"元江财富广场8幢","phone":"电话:18087711959"},{"name":"米莱电竞","address":"玉溪市峨山彝族自治县X304化念镇卫生院东北侧约280米","phone":""},{"name":"天意电竞(夕晨分店)","address":"凤凰路73号","phone":"电话:19387707788"},{"name":"花海电竞馆(斗渔店)","address":"右所十一组金鑫综合楼三楼","phone":""},{"name":"自投络网网吧","address":"富春街16-1号","phone":"电话:13887713428"},{"name":"玉溪魔杰电竞","address":"桂山路28号城市旺角3楼2号","phone":"电话:2058558"},{"name":"小象电竞","address":"云南省玉溪市红塔区珊瑚路87-1号","phone":"电话:13388775251/13577779154"},{"name":"新兴电竞(尚晨街美食街店)","address":"明珠路7号","phone":"电话:17787713119/18608778960"},{"name":"天意电竞(夕晨分店)","address":"凤凰路73号","phone":"电话:19387707788"},{"name":"花狸电竞(玉溪万达店)","address":"玉兴街道聂耳社区聂耳路66号玉溪万达广场4楼4F-D","phone":"电话:15758178272"},{"name":"酷洛伊电玩PS5·Switch·Xbox","address":"玉兴街道上村街上村2幢8号4楼","phone":"电话:17787713425"},{"name":"大冒险家(万达广场云南玉溪店)","address":"棋阳路玉溪万达广场负1层","phone":""},{"name":"即刻电竞","address":"玉兴街道","phone":"电话:13308776902"},{"name":"即刻电竞","address":"玉兴街道","phone":"电话:13308776902"},{"name":"金虎电竞","address":"玉溪市江川区江通公路","phone":""},{"name":"皓悦网咖","address":"秀山路11号","phone":"电话:13888873961"},{"name":"瑞航电竞","address":"玉溪市红塔区山水路瑞恒大厦","phone":""},{"name":"超级星座(玉溪店)","address":"河滨路与玉江大道交叉口东南侧","phone":""},{"name":"啡鱼电竞酒店(三千城购物公园店)","address":"云南省玉溪市红塔区临岸三千城购物公园河滨路1号5层","phone":""},{"name":"芒果乐园","address":"红塔大道95号青花街小广场旁","phone":"电话:0877-2080055"},{"name":"动力星空儿童体验中心","address":"万达广场(聂耳路店)5楼","phone":""},{"name":"大玩家(新天地万达广场)","address":"万达广场3F-A","phone":"电话:15198981519"},{"name":"Haha游戏体验馆","address":"小庙街三组团65号二楼","phone":""},{"name":"Haha游戏体验馆","address":"小庙街三组团65号二楼","phone":""},{"name":"斗渔电竞馆","address":"玉溪市红塔区右所小学路玉溪第一小学(山水校区)北侧约100米","phone":""},{"name":"无限斗(玉溪店)","address":"文化路84-5号","phone":"电话:15187752659/18908778232"},{"name":"萌乐空间","address":"玉兴街道办事处珊瑚社区居委会人民路9号沃美影城一楼","phone":"电话:18122250395"},{"name":"快乐星球(幸福小镇)","address":"大营街幸福小镇塘堰路46号","phone":"电话:15108776588"},{"name":"云逸宝摇杆游戏机(大地院线印象影城东风路店)","address":"东风中路一号美佳华商业广场4楼印象影城内大厅前台旁","phone":""},{"name":"时尚潮玩新地标","address":"右所五幢一号","phone":""}]