[{"name":"巅峰电竞(汕头店)","address":"庐山南路42号风凰花园12幢103、104、203、204号房","phone":"电话:18296415548"},{"name":"天翼网络新干线(金墩园店)","address":"华山北路80号附近","phone":"电话:0754-88173001"},{"name":"硅谷网咖连锁(乐星店)","address":"外马路179号1-2层","phone":"电话:18923989727"},{"name":"聚缘网吧(莱美路店)","address":"莱唱休闲吧(336省道北)","phone":"电话:13546826692"},{"name":"硅谷网咖连锁·深度店","address":"鮀新路鮀都路8号1幢1-2层","phone":"电话:18923989719"},{"name":"吉星电竞网咖","address":"新和惠路下寨段52号吉星大楼（K王KTV往胪岗方向50米）","phone":"电话:0754-82132886"},{"name":"天羽电竞网咖","address":"广东省汕头市潮阳区城南街道锦华花园A1栋首层2号临河东街商铺天羽电竞俱乐部","phone":"电话:19047708206"},{"name":"光星网吧","address":"沙陇东波乡里十四路","phone":"电话:0754-82229556"},{"name":"乐迅网吧","address":"沙田中路7号","phone":"电话:13676103738"},{"name":"酷猫联盟·OK网咖(文豪店)","address":"华南四街15-18号","phone":"电话:17376657052"},{"name":"鼠鼠电竞(卓威540Hz店)","address":"新厦路5号品牌街中铺面（汽车检测站旁复检通道）","phone":"电话:13265969997"},{"name":"硅谷网咖连锁(尚巧店)","address":"金泰北街金泰庄37栋102室（近宏光大厦）","phone":"电话:18923989195"},{"name":"良知网吧(深源金紫天街店)","address":"金湖路106号","phone":"电话:0754-88251163"},{"name":"网鱼电竞(泰安合胜广场店)","address":"黄河路51号江南星语花园第10栋5层01卡","phone":"电话:13560728908"},{"name":"网鱼电竞(汕头万象城店)","address":"长平东路95号万象城第三层L371号商铺（喜茶正上方铺）","phone":"电话:17728844611"},{"name":"勤网网吧","address":"文光居委兴归(官厅林)归厚住宅区二区11幛6-9号","phone":"电话:13536934884"},{"name":"动感时空网吧","address":"中鞍园4幢201室","phone":""},{"name":"鼠鼠·逢生电竞(卓威240Hz店)","address":"龙眼西四巷11号","phone":"电话:13265969997"},{"name":"星空网盟(桂华路店)","address":"桂安路36号","phone":"电话:13715947742"},{"name":"新潮网吧(红桥路店)","address":"红桥路康和园7栋","phone":""},{"name":"新战狼电竞馆(大悦海纳天地店)","address":"广东省汕头市龙湖区嵩山南路98号大悦花园9幢204-1~207-1号","phone":""},{"name":"缘份网咖","address":"宁和街金和十三巷2号一楼","phone":""},{"name":"蓝苑网吧(中山中路店)","address":"文光平东南和园住宅区1栋12-14号","phone":"电话:15989725902"},{"name":"乐派网咖(长平店)","address":"珠池街道长平东路翡翠花园2幢110号房","phone":"电话:18029559552/18902737668"},{"name":"广讯网吧","address":"蛇针路与金凤东路交叉路口西南侧(汕头职业技术学院东墩校区北侧)","phone":""},{"name":"聚友电玩·PS5·Switch·网咖(万象城店)","address":"长江路26号碧湖园2栋一层聚友","phone":"电话:18923483801"},{"name":"硅谷网咖连锁(欢聚店)","address":"广东省汕头市龙湖区安和街佳和十二巷5号","phone":"电话:13302736031"},{"name":"泡泡网吧(轩博网络有限公司)","address":"凤新一路2号","phone":""},{"name":"硅谷网咖连锁(悠游店)","address":"长平路41号","phone":"电话:18923989721"},{"name":"乐派网咖(星缘店)","address":"龙湖街76号楼下铺面之三及2层","phone":"电话:18902737668"},{"name":"硅谷网咖连锁·启明星(华侨新村路1号店)","address":"汕樟路43号04号","phone":"电话:18923989717"},{"name":"紫云网咖","address":"鸥汀街道龟桥南路256号二楼","phone":"电话:13660337663"},{"name":"天域网吧","address":"华泰五路一号二楼","phone":"电话:13556352866"},{"name":"伊派网吧","address":"桂华路46号","phone":""},{"name":"畅娱电竞(汕头万象城店)","address":"广东省汕头市龙湖区金环南路与长平东路交汇处东北侧汕头万象城B1","phone":"电话:15556552155"},{"name":"电玩东东休闲吧","address":"中山中路阜阳园9栋12号铺面","phone":"电话:13553368141"},{"name":"西城网咖(城西二路)","address":"旷园工业路","phone":"电话:13682899099"},{"name":"单纯网咖(金厦商业广场店)","address":"金园路13号1-2层","phone":""},{"name":"网鱼电竞(泰安合胜广场店)","address":"广东省汕头市龙湖区黄河路与庐山路交叉口西北角泰安合胜广场F1","phone":""},{"name":"乐派网咖(长江店)","address":"长江路泰业大厦","phone":"电话:18902737668"},{"name":"乐派网咖(星城店)","address":"金侨花园7栋底层商铺珠江路侧","phone":"电话:18902737668"},{"name":"松果包厢·电玩·私影","address":"丰泽庄西区逸仕大厦804房","phone":"电话:13229627198"},{"name":"猩派玩家(新河湾店)","address":"新河湾花园第8幢首层A06-A07商铺","phone":"电话:13682979553"},{"name":"卡乐潮漫(新一城店)","address":"金霞街道长江路新一城4栋2楼","phone":""},{"name":"智沃电玩·Ps4·Ps5·switch","address":"新厦路5号之61-62铺面","phone":"电话:13288002299/13924767843"},{"name":"Tw桐玩电竞公寓(时代东二街分店)","address":"广东省汕头市龙湖区金霞街道长平路94号","phone":""},{"name":"星辰网吧(东湖街店)","address":"广东省汕头市龙湖区东湖街1号之130室","phone":"电话:15989821114"},{"name":"卡乐潮漫夹机站(小公园店)","address":"升平路60号之一（即小公园旁）","phone":"电话:0754-87267165"},{"name":"硅谷网咖连锁(学友店)","address":"新美路4号金美花园1栋103号","phone":"电话:17796208719"},{"name":"玩宅(汕头商厦店)","address":"外马路151号汕头商厦F14层","phone":"电话:13246081201"},{"name":"WINKAA玩咖PS5·switch·电玩(金龙店)","address":"金砂东路金龙大厦B座9a","phone":"电话:18929669359"},{"name":"WINSUN云上电玩屋PS5·switch(万象城店)","address":"长平路93号华乾大厦6楼（万象城正门对面亚鸿水果旁大门 左转电梯上6楼）","phone":"电话:13049045050/13318060540"},{"name":"Paki电玩屋(万象城店)","address":"丹苑南街丹霞庄西区38幢121号中之天2楼A3","phone":"电话:13536862476"},{"name":"元宇宙·东方数码电竞社","address":"汕头市丹霞庄西区38栋121号2楼B3","phone":""},{"name":"酷奇电玩城(海纳天地店)","address":"嵩山路98号大悦花园12栋226、227号商铺","phone":""},{"name":"星际传奇(汕头万象城店)","address":"金环南路华润万象城5楼L5A08、L5A16号商铺","phone":"电话:18576092952"},{"name":"monkey综合式包厢(华山店)","address":"金砂东路金龙大厦A栋18层1804","phone":"电话:13202100034"},{"name":"天盈网吧","address":"培智幼儿园西北100米(侨兴路西)","phone":""},{"name":"Blackcat黑猫电竞·Ps5·Ps4","address":"龙华街与金环街交叉口东南140米","phone":"电话:15992257212"},{"name":"乐派电竞公寓(新一城店)","address":"广东省汕头市龙湖区金霞街道长江路17号","phone":""},{"name":"晴空乐园(泰安合胜广场店)","address":"黄河路泰安合胜广场三楼","phone":"电话:17725769965"},{"name":"FUN Sips游饮小屋电玩·Ps5·Switch·咖啡果饮","address":"衡山路13号世贸花园112铺面（蟹皇叔隔壁）","phone":"电话:18603071702"},{"name":"晴空超乐场(长江合胜店)","address":"长江路23号新一城商业中心1-5幢地下一层01号第07-08卡商铺","phone":""}]