[{"name":"木叶电竞(阜南名邦栖街店)","address":"名邦运河印象S13栋底商","phone":"电话:15755809307"},{"name":"新天下网吧","address":"人民东路23号","phone":"电话:15551329288"},{"name":"极速电竞网咖(临泉店)","address":"杨桥镇新城茗苑105号铺","phone":"电话:19942586380"},{"name":"头号玩家电竞馆","address":"阜阳市阜南县致富路阜南县苗集镇卫生院东南侧约270米","phone":""},{"name":"树呆熊网咖(清河东路店)","address":"清河东路新大陆16号商住楼1幢114-115、213-215室","phone":"电话:13955809707"},{"name":"传奇网吧","address":"光明路人民路2楼白金汉爵2楼","phone":"电话:0558-6202666"},{"name":"蜂巢网咖电竞·棋牌","address":"安徽省阜阳市颍州区摩玛世界A区1号楼2层","phone":"电话:19955811413"},{"name":"ET电竞网咖","address":"颍南路333号(颍州府清涟苑正对面)","phone":""},{"name":"火猫电竞","address":"润发家乐城4楼","phone":"电话:15955802222"},{"name":"天外天电竞馆(网吧)","address":"安徽省阜阳市颍上县慎城镇四维路苏州庄园23栋106号商铺","phone":""},{"name":"星澳电竞网咖","address":"五道河路双清湾水街B-06座201室","phone":""},{"name":"尚林网咖(吾悦店)","address":"吾悦广场金街二楼S276-S279","phone":"电话:13514924269"},{"name":"峰鸟网咖(丽丰一品店)","address":"一品街与西湖大道交叉口北160米","phone":"电话:15256886667"},{"name":"战豆网咖(叁号店)","address":"淮河路天瑞名城B区微悦医美西10米","phone":""},{"name":"superparty超级派对·电玩·电竞·潮流运动(天英里·潮玩城店)","address":"天英里·潮玩城4楼","phone":"电话:18856893291"},{"name":"树呆熊网咖(阜阳商厦店)","address":"颍河西路86号木材公司综合楼","phone":"电话:19956810893"},{"name":"小鸭网吧","address":"北京东路火车站莫泰168酒店2层","phone":""},{"name":"鲸喜电竞生活馆","address":"安徽省阜阳市颍州区清河街道双清湾水街广场C1栋三楼301号、312号室","phone":""},{"name":"新盛觉网吧","address":"袁寨镇老加油站","phone":"电话:17705687688"},{"name":"理想网咖","address":"清河西路西苑小区春江苑2幢","phone":"电话:18158823476"},{"name":"树呆熊网咖(开发区店)","address":"裕安路368号","phone":"电话:15398163628"},{"name":"左岸电竞网咖","address":"阜骏二手车市场","phone":""},{"name":"休闲阁网咖(紫薇街店)","address":"中泰名城26号楼","phone":"电话:13705588281"},{"name":"鑫奥网咖(丽丰一品店)","address":"丽丰一品西北门东90米","phone":"电话:18133157348"},{"name":"金豆网咖(海亮悦府店)","address":"阜合产业园海亮悦府商业楼104室","phone":"电话:13855838315"},{"name":"亿人网咖","address":"颍州南路399号万霖花苑2号楼113商铺","phone":"电话:13705586765"},{"name":"鑫奥网咖(勿忘店)","address":"新华城东郡北区徽商银行二楼","phone":""},{"name":"锦程之星网咖(南站店)","address":"一道河东路新天地小区4号楼","phone":"电话:18755806711"},{"name":"青橙网咖(颖东发到家店)","address":"河东街道幸福东路266号幸福家园西区4号楼2层109室","phone":""},{"name":"鲸囍电竞","address":"阜阳市颍州区颍淮大道鸿港花苑西侧约120米","phone":""},{"name":"宇立网咖(蓝天商业街店)","address":"清河路蓝天商业街南头2楼","phone":"电话:19156837887"},{"name":"网鱼网咖·电竞(颍州万达华府店)","address":"淮河路789号万达广场A-4区10号112室","phone":"电话:19165885731"},{"name":"天空之城电玩城(阜阳吾悦店)","address":"清河街道淮河路与阜南路交叉口吾悦广场三楼Z6","phone":"电话:13525285015"},{"name":"TIME电竞网咖","address":"颍河西路6号东方第一城御景苑S1号1号2号S2号楼SB03室","phone":""},{"name":"鑫奥网咖(幸福家园店)","address":"安徽省阜阳市颍东区幸福东路幸福家园东区16号商业楼101室","phone":"电话:17733356372"},{"name":"傲风电竞影音酒店(丽丰一品店)","address":"西湖大道丽丰一品写字楼C1栋11楼(近阜阳师范大学、阜阳市第十五中学)","phone":"电话:19956818008"},{"name":"梧桐雨网咖(白衣桥安居苑店)","address":"白衣桥社区安置3号楼104室","phone":"电话:18756888989"},{"name":"新纪元网吧(西苑北)","address":"清河西路66号西苑小区","phone":""},{"name":"树呆熊网咖(阜阳师范大学店)","address":"清河西路66号","phone":""},{"name":"城市族电竞网咖(易景国际花园店)","address":"阜王路666号易景国际花园n6号商住楼商6室","phone":""},{"name":"九洲电竞网咖","address":"阜阳市颍泉区兰山路临沂商贸城","phone":"电话:17719433456"},{"name":"青春飞扬网咖(碧水雅苑店)","address":"柳林路999号碧水雅苑S1号A2号A3号商住楼S101室","phone":""},{"name":"星河网咖(爱琴海购物广场店)","address":"爱情海购物广场2号门对面","phone":""},{"name":"玖桃里网咖(汽运大厦店)","address":"颍河西路汽运大厦1楼","phone":""},{"name":"傲风电竞酒店(万达店)","address":"安徽阜阳市颍州区万达广场2号公寓5楼522室","phone":""},{"name":"祥雨·ALOHA电竞艺术酒店(阜阳师范大学商厦时代广场店)","address":"安徽省阜阳市颍州区汇鑫摩玛世界A区15楼","phone":""},{"name":"鑫奥网咖(漫城店)","address":"颍上南路阜阳特色小吃街28号","phone":"电话:17733536372"},{"name":"十三网咖·棋牌(丽丰一品店)","address":"丽丰一品","phone":"电话:15609653333/17755860308"},{"name":"电竞茶室","address":"阜阳市颍州区颍州中路阜阳电业局西苑生活区东侧约40米","phone":""},{"name":"遇见网咖(嘉和精品酒店店)","address":"奎星路216号","phone":"电话:18298180030"},{"name":"电竞茶室","address":"阜阳市颍州区颍州中路阜阳电业局西苑生活区东侧约40米","phone":""},{"name":"傲风电竞酒店(火车站店)","address":"安徽阜阳市颍东区向阳北路华纺新天地a栋34楼","phone":""},{"name":"名爵网咖(阜阳·临沂商城A区店)","address":"·临沂商城东4门东南390米","phone":"电话:15855834883"},{"name":"树呆熊网咖(花样年华店)","address":"颍南路景泰大酒店东50米","phone":"电话:18134629804"},{"name":"ET电竞","address":"阜阳市颍州区双清路丽丰一品","phone":""},{"name":"轻住大头猫电竞(二中店)","address":"安徽省阜阳市颍州区文峰路二中南门东150米路南(近外滩)","phone":""},{"name":"快乐街区(东方恒隆店)","address":"香港路东方恒隆广场四楼","phone":"电话:18511366688"}]