[{"name":"摩豹电竞网吧(永盛大街店)","address":"永盛大街都市祥苑西门底商78号门店二楼","phone":"电话:13333182765"},{"name":"影院电竞网吧","address":"衡水市景县景新大街烟草小区西北侧约70米","phone":""},{"name":"E时代台球电竞","address":"腾飞压力机东","phone":""},{"name":"极速网吧(宏达路店)","address":"宏达路181号","phone":"电话:18832818248"},{"name":"智嘉喵宅电竞","address":"金泰之星12,13号底商","phone":"电话:13292282478"},{"name":"彩虹电竞台球棋牌网吧","address":"和平东路162号","phone":""},{"name":"拓天网吧","address":"周亚夫路与景新大街交叉口南150米","phone":""},{"name":"冰林网吧","address":"为民西街256号","phone":"电话:13315819910"},{"name":"星河网络中心(新盈街店)","address":"新盈东街327号","phone":"电话:13303388811"},{"name":"极目电竞","address":"永兴东路丽景名郡1号楼2号店（兴农嘉园东南侧约160米）","phone":""},{"name":"任君游网吧(衡水市中心街店)","address":"中心大街与站前西路交叉口东南角","phone":"电话:15512295116"},{"name":"天天网咖(和平西路店)","address":"和平西路1065号2幢1-2层衡水学院公寓楼下","phone":"电话:13363303388"},{"name":"讯捷网吧(中心大街店)","address":"机械公司住宅楼北","phone":"电话:15632871960"},{"name":"飘逸网吧(中心大街店)","address":"中心大街吉美超市南613号门店","phone":""},{"name":"玩家国度电竞馆(爱特店)","address":"和平西路151号1幢2-3层（工会对面）","phone":"电话:17632828207"},{"name":"幻彩网吧","address":"世纪名城沿中心北大街671号","phone":""},{"name":"冲浪网吧","address":"红旗大街2236号滨湖万象城旁","phone":"电话:13333181110"},{"name":"猫爪电竞(新华路店)","address":"河北省衡水市桃城区新华东路2-3号","phone":"电话:16633851551"},{"name":"鲨鱼网咖(中华南大街店)","address":"中华南大街与胜利西路交叉口西南60米","phone":""},{"name":"世嘉电竞酒店","address":"衡水市庆丰南街北斗星城8区八号公寓2号楼243室(近衡水学院)","phone":""},{"name":"裕丰网城","address":"人民西路818号新大陆商业广场A区2层","phone":"电话:15369910702"},{"name":"讯捷网吧(新华东路)","address":"人民中路56号大陆世家华府4号楼25号","phone":""},{"name":"酷客领域游戏体验中心(衡水店)","address":"红旗大街西汇中C-F3-01号人民路北","phone":"电话:19131889923"},{"name":"蓝梦日记(爱琴海店)","address":"南环西路爱琴海购物公园3层","phone":"电话:0318-6810500"},{"name":"宅男日记(衡水万达店)","address":"万达广场3楼3053号门店","phone":""},{"name":"54工场潮玩动漫城(怡然城店)","address":"大庆路怡然城4F","phone":"电话:0318-2635585"},{"name":"云逸宝摇杆游戏机(保利影城汇中广场店)","address":"人民路与红旗大街交叉口汇中广场5楼保利影城内大厅前台旁","phone":""},{"name":"不二家欢乐世界电玩城(衡水万达广场店)","address":"育才街与胜利路交叉口万达广场二楼","phone":"电话:17600756911"},{"name":"54运动工场(爱琴海店)","address":"何家庄乡育才南大街爱琴海购物公园楼L7-12","phone":"电话:0318-6810681"}]