[{"name":"国王电竞(万达店)","address":"祥光路万达广场8号门","phone":""},{"name":"大可乐电竞","address":"黑龙江省鸡西市密山市平安路189号","phone":"电话:13214676661"},{"name":"桔子网咖","address":"永固路新开街旺达员工宿舍楼一号楼一层","phone":"电话:18904870789"},{"name":"乐旗网咖(密山店)","address":"密山镇东安街东方大厦综合楼0-201(鸿星尔克楼上)","phone":"电话:0467-8888999"},{"name":"引力奇点电玩社·PS5·Switch手柄主机游戏馆(万达店)","address":"祥光路万达金街6座（万达6号门对面）","phone":"电话:17666666169"},{"name":"电竞酒店(鸿雁街店)","address":"黑龙江省鸡西市中心大街万达公寓D栋十四楼二十一号","phone":""},{"name":"乐旗网咖(红军路商业风情街店)","address":"红军路街道祥光路141号(原梅多克西餐)","phone":"电话:0467-8933333"},{"name":"犀利熊电竞馆","address":"黑龙江省鸡西市虎林市虎林镇健晟星期天火锅对面","phone":"电话:18404670234"},{"name":"外星人电竞馆(团开发店)","address":"双胜集团开发二号楼0-203室","phone":""},{"name":"玉恒网咖(红军路商业风情街店)","address":"红军路步行街中北10-3号（1-2门市）","phone":"电话:18546717758"},{"name":"祥源电竞馆网吧","address":"鸡西市恒山区安全街鸡西市第四中学北侧约220米","phone":""},{"name":"自由电竞会馆","address":"鸡西市城子河区政清路荣华家园西北侧约210米","phone":""},{"name":"暴雪电竞(祥光路店)","address":"黑龙江省鸡西市鸡冠区祥光路清真寺对面","phone":""},{"name":"游新电玩馆","address":"黑龙江省鸡西市城子河区城子河街道兴城小区C10号楼16号门市","phone":"电话:18945840966"},{"name":"青衣电玩社(大商新玛特中心店)","address":"中心大街中心塔小区57号","phone":""},{"name":"引力奇点手柄主机电玩(丁香公园店)","address":"丁香汇广场二楼","phone":""},{"name":"哈喽·小方块游艺厅","address":"鸡西市鸡冠区中心大街57号大商新玛特F2","phone":""},{"name":"夏钰电玩店(万达广场中心大街店)","address":"万达广场F1层","phone":"电话:18904877330"},{"name":"鸡西RJ707电竞酒店","address":"跃进花园综合住宅楼3-门市-2","phone":""},{"name":"汤马熊动漫世界","address":"新玛特（中心店）负一楼","phone":""},{"name":"云逸宝摇杆游戏机(万达影城万达店)","address":"鸡冠区中心大街路8号万达广场4楼万达影城内大厅前台旁","phone":""}]