[{"name":"外星人网咖(红星路店)","address":"青达拉街道万象汇D区二楼","phone":""},{"name":"魔杰电竞(精河县交通路店)","address":"新疆维吾尔自治区博尔塔拉蒙古自治州精河县交通路2号","phone":"电话:13999776262"},{"name":"风云网络工作室(友好店)","address":"新华路中央广场6号楼3楼","phone":"电话:15699098800"},{"name":"环游嘉年华(博乐友好店)","address":"北京路友好时尚购物中心五楼","phone":"电话:18997768651"},{"name":"天鹿电竞俱乐部(卓威官方授权店)","address":"博尔塔拉蒙古自治州博乐市泰山巷博乐农商银行(青得里支行)西侧约110米","phone":"电话:15352684000/18136871383"},{"name":"喵星电竞","address":"博尔塔拉蒙古自治州精河县文化路云展都汇国际","phone":""},{"name":"电竞","address":"博尔塔拉蒙古自治州博乐市团结北路锦绣花苑西南侧约120米","phone":""}]