[{"name":"快乐E-sport电竞网路馆","address":"台湾省新竹县竹东镇中兴路四段1003号","phone":""},{"name":"网壹电竞(竹北店)","address":"台湾省新竹县竹北市三民路95号","phone":""},{"name":"电竞学院 新兴店","address":"30444台湾新竹縣新豐鄉新興路13號","phone":""},{"name":"快乐E-SPORT电竞馆","address":"310台湾新竹縣竹東鎮新民路9號","phone":""},{"name":"巧迪兒童成長書桌椅-人體工學椅-電競桌椅【竹北門市】","address":"302台湾新竹縣竹北市成功三路21號","phone":"电话:+886-3-6675869"}]