[{"name":"炫蓝电竞","address":"资阳市雁江区车城大道三段世纪花园(车城大道三段东一巷)","phone":"电话:18140494035"},{"name":"欧克电竞","address":"资阳市雁江区禾邦商业广场步行街禾邦商业广场","phone":"电话:028-26800333"},{"name":"宙斯盾电竞馆(网咖)","address":"岳阳镇柠都大道42号(成都银行对面)(七天优品酒店二楼)","phone":"电话:18228273618"},{"name":"星月网咖","address":"皇龙路连界羊肉汤旁","phone":"电话:18628809833"},{"name":"非凡电竞(网吧台球)","address":"资阳市雁江区仁德东路96号","phone":"电话:19386267602"},{"name":"创世纪电竞馆","address":"资阳市乐至县仲弘街乐至县幼儿园西南侧约60米","phone":""},{"name":"蚂蚁电竞(滨江大道二段店)","address":"东福小区4区二期-12号","phone":"电话:13219590222"},{"name":"SECRET电竞馆·LOL超凡特权","address":"蜀乡大道298号佳家圣高商业广场5号楼2楼2-2号","phone":"电话:18180521426"},{"name":"网游天下电竞馆","address":"四川省资阳市乐至县飞帆路61号","phone":"电话:028-23080338"},{"name":"盛唐网咖(王家坝店)","address":"四川省资阳市安岳县东大街43号","phone":"电话:13541538974"},{"name":"非凡电竞(网吧台球)","address":"资阳市雁江区仁德东路96号","phone":"电话:19386267602"},{"name":"沐光电竞(原浅深梅西店)","address":"建设西路86号3-2室","phone":"电话:18108111955"},{"name":"电竞熊猫网咖","address":"滨江路景观工程7号楼东门大桥下","phone":"电话:15983230777"},{"name":"海豚姑娘电竞馆","address":"资阳市雁江区康乐北路置地城","phone":"电话:18181363222"},{"name":"Hi乐游电玩城","address":"希望城1025号","phone":"电话:19132067639"},{"name":"SECRET电竞馆·LOL超凡特权","address":"蜀乡大道298号佳家圣高商业广场5号楼2楼2-2号","phone":"电话:18180521426"},{"name":"蚂蚁电竞(滨江大道二段店)","address":"东福小区4区二期-12号","phone":"电话:13219590222"},{"name":"赛伯顿电竞馆","address":"仁德西路2、4号","phone":"电话:18080558614"},{"name":"靓典电竞","address":"资阳市雁江区正兴街上东国际","phone":"电话:19028225602"},{"name":"前沿电玩","address":"四川省资阳市雁江区陈家巷53号","phone":"电话:13982982515"},{"name":"魔方主题量贩式KTV(公园路店)","address":"凤岭路世纪城芙蓉苑3-1幢（F）1-8、9、10号","phone":"电话:028-26659908"},{"name":"伊娃电竞生活馆","address":"资阳市雁江区雁北路中铁滨江国际一期","phone":""},{"name":"可爱童年儿童游乐场大海豚动漫电玩","address":"资阳市建设北路二段达高国际商业广场2-2C(成都银行2楼)","phone":""},{"name":"润宝梦想潮玩娱乐(万达店)","address":"万达广场三楼","phone":""},{"name":"电竞游戏工作室","address":"资阳市雁江区九曲路南方小区西侧","phone":""},{"name":"拳头电竞俱乐部","address":"资阳市雁江区禾邦商业广场步行街禾邦商业广场","phone":""},{"name":"云逸宝摇杆游戏机(万达影城资阳万达广场IMAX店)","address":"娇子大道12号资阳万达广场4楼万达影城内大厅前台旁","phone":""}]