[{"name":"狂飙电竞","address":"湖北省恩施土家族苗族自治州恩施市学院路39号","phone":"电话:13507166833"},{"name":"辛辛木网吧连锁","address":"施州大道246号施州富苑2-3号楼二层2F-A-04商铺","phone":"电话:13317263259/18986849310"},{"name":"追风电竞网咖","address":"湖北省恩施土家族苗族自治州恩施市金桂大道8号武陵国际1期b07栋","phone":""},{"name":"宏尚电竞","address":"清江大道101号","phone":"电话:17371810533"},{"name":"萍聚电竞·忆楚管理","address":"湖北省恩施土家族苗族自治州恩施市土桥大道125号","phone":"电话:18672061573"},{"name":"萍聚电竞综合体(巴山春晓店)","address":"舞阳坝街道三孔桥社区巴山春晓5幢102-103号商铺","phone":"电话:19071155049"},{"name":"恩施·疯巢电竞馆(火车站)","address":"国际商贸城路边1楼","phone":""},{"name":"辛辛木网吧","address":"学院路43号","phone":"电话:18872790158/19172400989"},{"name":"傲翔电竞俱乐部网吧","address":"恩施土家族苗族自治州恩施市民族路慕登熙苑","phone":"电话:18602798485"},{"name":"花苑网吧","address":"航空路192号","phone":""},{"name":"酷猫潮玩社","address":"新天地四栋201-206号","phone":"电话:17728437921"},{"name":"爱陌电竞馆(清江凤凰城店)","address":"凤天路清江凤凰城天怡园7栋201","phone":"电话:18007209925"},{"name":"悦汇亲子乐园(大学城店)","address":"土桥大道158号恩施大学城广场3楼","phone":"电话:13477948159"},{"name":"亲密电竞(星汇广场店)","address":"金山大道10号恩商星汇广场F4层","phone":"电话:0718-8431599"},{"name":"火狐电竞网咖","address":"航空大道157号博雅商城院内","phone":"电话:15347158808"},{"name":"湖北天益网城爱攻电竞","address":"崇文广场三楼3005号门面","phone":"电话:13886722327"},{"name":"摩尔电竞(武陵国际装饰城店)","address":"湖北省恩施土家族苗族自治州恩施市金子坝街道金桂大道武陵国际装饰城1期4楼B01-254号","phone":"电话:15071887333"},{"name":"西瓜电竞馆","address":"金桂大道8号B02幢301室瑞轩酒店三楼","phone":"电话:19986744939"},{"name":"亲密电竞(学院路店)","address":"湖北省恩施土家族苗族自治州恩施市学院路93号","phone":""},{"name":"贾克斯电竞","address":"恩施土家族苗族自治州恩施市民族路九尊上苑","phone":"电话:13177119996"},{"name":"恩施·耀欣电竞","address":"黄泥坝施州府苑1期1栋","phone":""},{"name":"巅峰电竞(硒都茶城店)","address":"中国硒都茶城15栋","phone":"电话:19972784523"},{"name":"云奕电竞酒店","address":"湖北省恩施土家族苗族自治州恩施市土桥大道147号","phone":""},{"name":"头号玩家Ps4 ps5 Switch主机游戏体验店","address":"新天地广场二楼3-217","phone":"电话:18672447727"},{"name":"梦云电竞民宿(湖北民族大学店)","address":"恩施土家族苗族自治州土桥大道182号大学城1栋2单元15楼1504房","phone":""},{"name":"顽徒Ps4 Ps5 Switch手柄游戏体验室","address":"学院路25号","phone":""},{"name":"亲密电竞","address":"恩施土家族苗族自治州恩施市金龙大道","phone":""},{"name":"摩尔电竞(书香家园店)","address":"职业技术学院(南校区)-男生宿舍-1号楼","phone":"电话:15071887333"},{"name":"潮人汇电竞","address":"湖北省恩施土家族苗族自治州恩施市工农路149号","phone":"电话:19172405650"},{"name":"湖北天益网城(金海岸电竞馆)","address":"清江凤凰城天怡园7栋201号","phone":""},{"name":"展兴电竞酒店(湖北民族大学店)","address":"恩施土家族苗族自治州学院路大学城广场1栋1单元1301室(近三孔桥、湖北民院)","phone":""},{"name":"JS电竞金速店(金山店)","address":"恩施市金山壹号4楼","phone":"电话:17771669656"},{"name":"赛扬网吧(住宿一条街店)","address":"湖北省恩施土家族苗族自治州恩施市学院路66号","phone":"电话:0718-8432381"},{"name":"魔逗卡尔家庭娱乐中心","address":"施州大道和润城A区3楼L3-003号","phone":"电话:18727678731"},{"name":"皮咖丘电竞(腾骏网络科技)","address":"恩施土家族苗族自治州恩施市金山大道民族花园西侧","phone":""},{"name":"动漫部落潮玩店","address":"七里坪街道马鞍山路41号(土家女儿城)","phone":""},{"name":"闪电电竞民宿(恩施湖北民族大学店)","address":"恩施土家族苗族自治州舞阳坝街道办事处土桥坝土桥大道158号大学城广场1栋2单元24楼2402室","phone":""},{"name":"不二潮玩","address":"金桂大道新天地广场7栋102室","phone":"电话:15997770750"},{"name":"星耀电竞酒店(恩施民族学院店)","address":"恩施土家族苗族自治州学院路大学城广场1栋1单元1301室(近三孔桥、湖北民院)","phone":""},{"name":"虫虫电玩城(锦联华百货店)","address":"湖北省恩施土家族苗族自治州恩施市土桥大道锦年华商场5楼","phone":"电话:15587587878/18071920555"},{"name":"唤游world潮玩社(星汇广场店)","address":"星汇广场3楼","phone":"电话:18772644532"},{"name":"悦汇电玩城(大学城店)","address":"土桥大道158号（近大学城广场）","phone":"电话:13477948159/19186160911"},{"name":"红太阳渔乐城","address":"工农路恩施市颐锦天城","phone":"电话:18871824106"}]