[{"name":"网鱼网咖·电竞(成都成华动物园熙悦广场店)","address":"昭觉寺南路华润熙悦广场1栋2楼214、215（近动物园地铁站A出口）","phone":"电话:18780004491"},{"name":"梦幻电竞(光华西二路店)","address":"光华北五路与光华西二路交叉口东南50米","phone":"电话:13699409691/18008258520"},{"name":"新兴星电竞网吧(玉洁巷店)","address":"玉林南路玉洁巷6号","phone":"电话:028-85425825"},{"name":"名门网吧","address":"柳城大道西段111号附5-6号","phone":"电话:15902869806"},{"name":"沙漏网咖","address":"四川省成都市青羊区青龙街51号3楼","phone":"电话:028-85562826"},{"name":"沐禾网咖(世豪店)","address":"天府三街1166号（诗艺电竞酒店三楼）","phone":"电话:17711093370"},{"name":"艾派电竞(乐活店)","address":"蓝光·金悦派北门旁（观东地铁站A口步行230米）","phone":"电话:18113123248"},{"name":"红牛电竞","address":"四川省成都市成华区五桂路10号附1-10号2楼","phone":"电话:19915549019"},{"name":"青木电竞(朝阳东巷店)","address":"朝阳东巷38号附201号2层","phone":"电话:19138491635"},{"name":"龙辰电竞(华润店)","address":"关东一街666号华润时光里5栋302号商铺","phone":"电话:15102887994"},{"name":"兴城电竞特权网吧","address":"白衣上街117号香榭美邻三期","phone":"电话:15882350871"},{"name":"金麟电竞馆(双桂路店)","address":"双桂路145号3楼","phone":"电话:18080192875"},{"name":"太平洋网吧(益州大道北段店)","address":"天益街78号附24号2层(高新地铁站B口步行290米)","phone":"电话:13308063189"},{"name":"世友电竞(骑圣店)","address":"二环路东五段1号11号","phone":"电话:15390010592"},{"name":"卡卡电竞(蜀汉路店)","address":"蜀通街29号附5号二楼","phone":"电话:13541256820"},{"name":"云朵电竞·网吧·网咖","address":"兴象街西博城广汇雪莲天府CBD中心2号楼3楼316、318室","phone":"电话:13558729899"},{"name":"彩虹电竞","address":"西航港街道川大路三段229号7栋1层108-111号","phone":"电话:17721952814"},{"name":"龙滕电竞网咖","address":"车城东七路733号","phone":"电话:13880683369"},{"name":"雷霆电竞(家天下旗舰店)","address":"天府五街花样年·家天下","phone":"电话:18880401475"},{"name":"汉唐战车电竞","address":"蓉北商贸大道二段199号附16号","phone":"电话:028-83136037"},{"name":"锦云欣电竞(网吧)","address":"东部新区贾家街道顺城路199号","phone":"电话:18981801044"},{"name":"名将电竞","address":"四川省成都市武侯区成科路2号附30号","phone":"电话:028-85243785"},{"name":"星澜电竞(大丰店)","address":"利民路617号","phone":"电话:17302823175"},{"name":"核米电竞(中海店)","address":"祥鹤三街552号附215","phone":"电话:028-60666133"},{"name":"鼎泰电竞网吧","address":"科兴路东段与前进路交叉口东120米","phone":"电话:19150062879"},{"name":"世友电竞(大源店)","address":"剑南大道中段1566号四楼（紫渊酒店楼上）","phone":"电话:028-67190700"},{"name":"世友电竞(钰双店)","address":"四川省成都市成华区玉双路9号4栋3层1号附2号","phone":"电话:02887325436"},{"name":"太平洋网吧(益州大道北段店)","address":"天益街78号附24号2层(高新地铁站B口步行290米)","phone":"电话:13308063189"},{"name":"无界电竞","address":"天久南巷123号2楼202（麒麟茶府上2楼）","phone":"电话:19150383405"},{"name":"摩豹电竞(鑫双店)","address":"永盛南街2号附15号","phone":""},{"name":"","address":"","phone":""},{"name":"","address":"","phone":""},{"name":"","address":"","phone":""},{"name":"","address":"","phone":""},{"name":"","address":"","phone":""},{"name":"","address":"","phone":""},{"name":"","address":"","phone":""},{"name":"","address":"","phone":""},{"name":"","address":"","phone":""},{"name":"","address":"","phone":""},{"name":"世友电竞(大源店)","address":"剑南大道中段1566号四楼（紫渊酒店楼上）","phone":"电话:028-67190700"},{"name":"兴城电竞特权网吧","address":"白衣上街117号香榭美邻三期","phone":"电话:15882350871"},{"name":"摩豹电竞(鑫双店)","address":"永盛南街2号附15号","phone":""},{"name":"太平洋网吧(益州大道北段店)","address":"天益街78号附24号2层(高新地铁站B口步行290米)","phone":"电话:13308063189"},{"name":"无界电竞","address":"天久南巷123号2楼202（麒麟茶府上2楼）","phone":"电话:19150383405"},{"name":"彩虹电竞","address":"西航港街道川大路三段229号7栋1层108-111号","phone":"电话:17721952814"},{"name":"追龙电竞(成都东站店)","address":"锦绣大道4599号荣盛香榭兰庭5栋2楼","phone":"电话:18280269758"},{"name":"汉唐战车电竞","address":"蓉北商贸大道二段199号附16号","phone":"电话:028-83136037"},{"name":"T3电竞网咖","address":"星空路二段499号","phone":"电话:17318980198"},{"name":"名将电竞","address":"四川省成都市武侯区成科路2号附30号","phone":"电话:028-85243785"},{"name":"世友电竞(骑圣店)","address":"二环路东五段1号11号","phone":"电话:15390010592"},{"name":"世友电竞(钰双店)","address":"四川省成都市成华区玉双路9号4栋3层1号附2号","phone":"电话:02887325436"},{"name":"卡卡电竞(蜀汉路店)","address":"蜀通街29号附5号二楼","phone":"电话:13541256820"},{"name":"飓风电竞","address":"观庄村一社（井泉街81号）","phone":"电话:13136479910"},{"name":"宇宙熊电竞馆","address":"丽都路511号3栋2层附209-216号","phone":"电话:17323042928"},{"name":"一木夕电竞","address":"湖秀二路8号附288二楼","phone":"电话:18180819488"},{"name":"云游电竞(华润店)","address":"双福一路59号附98号3楼","phone":"电话:19113148704"},{"name":"摩豹电竞(福意店)","address":"梨花街城市理想3楼（音乐里餐吧大门内电梯3楼）","phone":"电话:19382068494"},{"name":"不夜电竞网吧","address":"万景二路155号1栋附128号","phone":""},{"name":"搏缘电竞","address":"北港新城南苑北门旁","phone":"电话:17775524046"},{"name":"云游电竞(华润店)","address":"双福一路59号附98号3楼","phone":"电话:19113148704"},{"name":"世友电竞(金雁店)","address":"金雁路143号附8号","phone":"电话:028-87433815"},{"name":"不夜电竞网吧","address":"万景二路155号1栋附128号","phone":""},{"name":"世友电竞(光华店)","address":"四川省成都市青羊区光华村街66号附7","phone":"电话:028-87337145"},{"name":"摩豹电竞(福意店)","address":"梨花街城市理想3楼（音乐里餐吧大门内电梯3楼）","phone":"电话:19382068494"},{"name":"动幻电竞(太古里店)","address":"慈惠堂街7号附12号2楼","phone":"电话:17748042412"},{"name":"GT电竞(光华店)","address":"成都市青羊区光华南三路88号1栋3层1号","phone":"电话:02861313789"},{"name":"大树电竞馆","address":"太升北路3号1栋2层","phone":"电话:18271105036"},{"name":"光速电竞(予鹿店)","address":"琉璃路1233号1栋2层","phone":"电话:13683471731"},{"name":"图灵电竞海豚店","address":"九江街道张家碾路135号","phone":"电话:028-64555773"},{"name":"金圣雨电竞馆","address":"文昌路2号福来斯特购物中心1层","phone":"电话:13880293809"},{"name":"TEEMO·提莫网咖(神仙树·缤纷店)","address":"高新区新义西街96号5栋3层1、2号","phone":"电话:028-83357838/028-83396696"},{"name":"世友电竞(银纱店)","address":"银沙路23号2层201号","phone":"电话:028-83190252/028-86390728"},{"name":"云游电竞(福锦店)","address":"福锦路一段693号兰庭集商业生活广场2楼202号","phone":"电话:18280133086/19180583016"},{"name":"GT电竞(旗舰店)","address":"兆景路520号11栋2楼附202号","phone":""},{"name":"银鑫河网咖(大石南路店)","address":"大石南路10号附3号二楼","phone":"电话:028-85078176"},{"name":"网鱼网咖·电竞(成都凯德天府店)","address":"天仁路388号凯德天府商场4楼2-4号（近地铁火车南站H1口）","phone":"电话:17313160975"},{"name":"瑞兽电竞主题网吧(乐活广场店)","address":"四川省成都市温江区永宁街道八一路南段99号16栋2楼附203号","phone":"电话:13550382182"},{"name":"世友电竞(前沿店)","address":"万年场街道双庆路45号(近联合小区)","phone":"电话:028-63851080/19980775854"},{"name":"大愚电竞","address":"四川省成都市武侯区智星二路928号2栋1单元2楼208号","phone":"电话:19141279507"},{"name":"无畏电竞网咖(高攀路店)","address":"四川省成都市武侯区高攀东路57号","phone":"电话:18030546076"},{"name":"世友电竞(辉宏店)","address":"四川省成都市武侯区肖家河街38号附1号二楼","phone":"电话:028-86031569"},{"name":"鑫隆网吧","address":"友谊路4号","phone":"电话:18902872089"},{"name":"魔方电竞(体院店)","address":"一环路西一段88号3楼商铺","phone":"电话:17360274575"},{"name":"网鱼网咖·电竞(成都成华万宇路店)","address":"万宇路1号（天府坝子火锅楼上3楼）","phone":"电话:18224099343"},{"name":"网络先锋电竞","address":"四川省成都市双流区兴业一街16号","phone":"电话:17713608753"},{"name":"网鱼网咖·电竞(成都青羊新城市广场店)","address":"西大街19号d栋3楼","phone":"电话:17316445227"},{"name":"绿树电竞馆(阳光新业店)","address":"一环路东五段阳光新业中心1号楼5楼橙天嘉禾电影院旁","phone":"电话:17323129740"},{"name":"绿树电竞馆(百脑汇店)","address":"新南路123号百脑汇电脑城4楼","phone":"电话:13572501768"},{"name":"网鱼电竞(成都成华建设路店)","address":"建设路29号","phone":"电话:19182219952"},{"name":"网络先锋电竞","address":"四川省成都市双流区兴业一街16号","phone":"电话:17713608753"},{"name":"熊拾四电竞","address":"成都市成华区仁义路金科·星耀天都","phone":""},{"name":"世友电竞(金雁店)","address":"金雁路143号附8号","phone":"电话:028-87433815"},{"name":"玩家国度电竞(云锦天地mu PLAZA店)","address":"四川省成都市双流区川齿路南二街53号","phone":"电话:15388123889"},{"name":"友耀电竞","address":"成都市青羊区光华东一路万和中心","phone":"电话:18628091541"},{"name":"自由联盟电竞馆","address":"朝阳路248号2层","phone":"电话:028-86761311/028-86762208"},{"name":"世友电竞(府岚店)","address":"战旗东路4号附1号","phone":"电话:13980883703"},{"name":"天骄电竞(沙湾交大店)","address":"银沙路40号二楼","phone":""},{"name":"飞速电竞(交通巷)","address":"花牌坊社区交通巷38号附7号二楼","phone":"电话:028-87669328/18081190057"},{"name":"峰尚网咖快乐八(双建路店)","address":"双建路81号2层","phone":"电话:028-83506982"},{"name":"峰尚网咖快乐八(双建路店)","address":"双建路81号2层","phone":"电话:028-83506982"},{"name":"金智塔电竞","address":"四川省成都市双流区东升街道棠湖东路二段26号1楼、28号1楼、30号1楼、32号1楼、34号1楼、36号1楼","phone":"电话:16602804177"},{"name":"黑火电竞网咖","address":"西货站路365号附201号","phone":""},{"name":"路尚网吧(洪河中路店)","address":"洪河中路705号(洪河谷生活广场内)","phone":"电话:18682650573"},{"name":"吒男电竞","address":"四川省成都市武侯区浆洗街街道浆洗街4-3号","phone":""},{"name":"艾派电竞(蝌漫店)","address":"四川省成都市双流区公济桥路117号","phone":"电话:15328080603/19181983253"},{"name":"绿树电竞馆(米瑞广场店)","address":"青石桥北街米瑞广场4楼(靠近太古里、春熙路)","phone":"电话:18161014981"},{"name":"光刃电竞","address":"成都市龙泉驿区车城西一路经开区职工之家","phone":"电话:13541130015"},{"name":"星和电竞","address":"和顺西一路27号附8号","phone":"电话:15882054447"},{"name":"网鱼网咖·电竞(四川成都龙江路店)","address":"致民路24号","phone":"电话:13541107905"},{"name":"追龙电竞(成都东站店)","address":"锦绣大道4599号荣盛香榭兰庭5栋2楼","phone":"电话:18280269758"},{"name":"酷鱼电竞","address":"成都市成华区-八里桥路269号","phone":"电话:18502848538"},{"name":"恒隆网吧","address":"建设北路三段289-29号","phone":"电话:028-84304796"},{"name":"奇域电竞","address":"水杉街567号","phone":"电话:13699017528"},{"name":"宜博电竞馆(恒创店)","address":"郫筒街道东大街693号3A-1","phone":"电话:18081899787"},{"name":"光年网咖(新感觉店)","address":"红星路一段46号","phone":"电话:028-62092991"},{"name":"魔方电竞(青龙广场店)","address":"龙绵街1666号附3001-3008号","phone":""},{"name":"云天逸网络电竞","address":"安宁河路38号附34号","phone":""},{"name":"网鱼网咖·电竞(成都银泰城店)","address":"益州大道1999号14栋2层6、8、9、10号","phone":"电话:18117865984"},{"name":"火星猫网咖(缘份天空店)","address":"马鞍北路6号附4附3","phone":"电话:13419341011"},{"name":"沄洲网咖(天久北巷店)","address":"天久北巷139号附29号2层天府长城·南熙里","phone":"电话:19141326013"},{"name":"煋崆网咖(铂仕店)","address":"双化桥街19号附1号2楼","phone":"电话:18788942300"},{"name":"上指选网络生活馆(金沙店)","address":"双新北路1号附5-6","phone":"电话:028-62652673"},{"name":"梦想网咖(藕塘新街店)","address":"藕塘新街16号","phone":"电话:028-64568785"},{"name":"电竞生活馆","address":"四川省成都市锦江区大业路39号宜必思酒店大厅电梯二楼","phone":"电话:13990020131"},{"name":"龙之飞腾网吧(实鑫大厦店)","address":"枣子巷15号附30号实鑫大厦2层","phone":"电话:18280331016"},{"name":"星空扣扣网吧(龙阳街店)","address":"大华街10号3栋1层附21-23号","phone":"电话:18008258520"},{"name":"怪漫网咖","address":"广福路87、89号二楼","phone":"电话:028-68764335"},{"name":"壹号玩家电竞馆(金河苑店)","address":"牧鱼二路264号（金荷苑小区1门旁）","phone":"电话:18123394110"},{"name":"宇宙熊电竞馆","address":"丽都路511号3栋2层附209-216号","phone":"电话:17323042928"},{"name":"光年网咖(添糖店)","address":"双桥子街道一环路东三段60号玉双路口建川商夏2楼","phone":"电话:028-64860789/13982125228"},{"name":"煋崆网咖(铂仕店)","address":"双化桥街19号附1号2楼","phone":"电话:18788942300"},{"name":"i7电竞馆(太升南路店)","address":"太升南路铁通大厦三楼（太升南路地铁站B口步行140米）","phone":"电话:17019855556"},{"name":"蓝猫电竞(铁建店)","address":"华林三路8号附201号2层","phone":"电话:19180961293"},{"name":"讯联电竞(金花店)","address":"金凤街93号","phone":"电话:15108274384"},{"name":"电先生竞小姐电竞馆(清凤店)","address":"剑南大道中段清凤时代城商业4栋2楼216-218号","phone":"电话:18108194449"},{"name":"乐派电竞","address":"四川省成都市双流区双华路三段188号邦泰华府公馆8栋1层5号","phone":"电话:18030895855"},{"name":"源五维电竞(大源店)","address":"大源北中街18号2楼1号","phone":"电话:028-85054728/15680518221"},{"name":"米格电竞(中德店)","address":"中德·英伦联邦CD区","phone":"电话:17713633690"},{"name":"米速电竞(咄咄店)","address":"双华路1号1-2单元1-2层","phone":"电话:028-62503529"},{"name":"米格电竞(中德店)","address":"中德·英伦联邦CD区","phone":"电话:17713633690"},{"name":"米速电竞(咄咄店)","address":"双华路1号1-2单元1-2层","phone":"电话:028-62503529"},{"name":"南极光电竞网咖","address":"学府路一段311号","phone":"电话:18583270953"},{"name":"三千雷动电竞馆","address":"椿树街470号附219号,220号2层,扶梯上2楼直达","phone":"电话:028-67878258"},{"name":"竞技星空技嘉电竞","address":"四川省成都市武侯区人民南路4段1号时代数码大厦二楼C5~C6号","phone":"电话:18086855805"},{"name":"自由联盟电竞馆","address":"朝阳路248号2层","phone":"电话:028-86761311/028-86762208"},{"name":"逐梦电竞训练营","address":"四川省成都市龙泉驿区大面街道四川城市职业学院(成都校区)图书馆5楼","phone":"电话:13194979664"},{"name":"客家电竞","address":"华盛路69号","phone":"电话:15802860546"},{"name":"绿树电竞馆(成都印象城店)","address":"建设北路133号成都印象城4楼04-01a号","phone":"电话:19938025426"},{"name":"电竞平台","address":"成都市金牛区白马寺街和朝新居","phone":""},{"name":"魅影网咖(小南街店)","address":"小南街101号附9-11号","phone":"电话:028-87336335"},{"name":"芒果电竞","address":"华裕路9号附6号","phone":""},{"name":"云之尚电竞(云之尚店)","address":"金槐街258号9栋218号附201号","phone":""},{"name":"蓝猫电竞(航空港店)","address":"航港街道锦华路三段10号12号","phone":"电话:15608062523"},{"name":"联微电竞(先锋店)","address":"四川省成都市双流区南二街23号","phone":"电话:18982232009"},{"name":"风逍电竞(三国店)","address":"藏卫路二段699号时代锦城1-1-103","phone":"电话:18080192875"},{"name":"星空蜘蛛网咖(天九广场店)","address":"火神庙路63号附53","phone":"电话:13488969941"},{"name":"宾果电竞俱乐部","address":"四川省成都市武侯区南站街道鲜味水果高阳路38号万科商业广场F1","phone":"电话:18328432063"},{"name":"寒雨轩网吧(二仙桥店)","address":"二仙桥北二路8-7号","phone":"电话:13541002800"},{"name":"鑫隆网吧","address":"友谊路4号","phone":"电话:18902872089"},{"name":"陆麒柒电竞","address":"康阳路1111号8栋附207-213号","phone":"电话:17612845679"},{"name":"睿峰电竞","address":"四川省成都市双流区丹石南二路551号2楼2号","phone":"电话:14708120798"},{"name":"盼达电竞","address":"银润北一路62号附四号3层（龙品茶楼旁）","phone":"电话:15388255995"},{"name":"宾果电竞俱乐部","address":"四川省成都市武侯区南站街道鲜味水果高阳路38号万科商业广场F1","phone":"电话:18328432063"},{"name":"CYJZ创意今朝网吧","address":"华甸路5号附2-3号","phone":""},{"name":"门电竞","address":"成都市温江区柳河南路棕庭苑","phone":""},{"name":"纽亿电竞(光华店)","address":"光华北三路98号15栋3层附304号","phone":"电话:02886125602/17360290295"},{"name":"众联电竞(领航店)","address":"成都市锦江区莲桂西路南府锦","phone":""},{"name":"玩家国度电竞(云锦天地mu PLAZA店)","address":"四川省成都市双流区川齿路南二街53号","phone":"电话:15388123889"},{"name":"羽电竞","address":"成都市金牛区赛云台北支路龙湖北城天街","phone":""},{"name":"壹电竞","address":"成都市柏合镇车城东七路733号三盛都会城南区32栋3层","phone":"电话:19950259773"},{"name":"吒男电竞","address":"四川省成都市武侯区浆洗街街道浆洗街4-3号","phone":""},{"name":"时空引擎连锁电竞店(长安路店)","address":"长安路132-2号附近","phone":""}]