[{"name":"米格网吧电竞","address":"天一广场西","phone":"电话:13315932262"},{"name":"艾尚电竞网吧","address":"河北省邢台市宁晋县吉祥路290号","phone":"电话:18231965758"},{"name":"荣耀电竞","address":"邢台市威县开放路大都会汇金广场","phone":"电话:18330992863"},{"name":"可乐电竞","address":"邢台市平乡县丰州街河北平乡县第二中学东侧约180米","phone":"电话:19331987611"},{"name":"威县传奇电竞主题生活馆","address":"河北省邢台市威县交通北大街大都汇小区","phone":"电话:0319-6368868"},{"name":"森林电竞","address":"守敬南路与建设大街交叉口南220米路东（尚客优酒店东临）","phone":"电话:0319-5251234"},{"name":"摩绯电竞","address":"河北省邢台市信都区兴达路三奕润城A区1号楼101-102商铺","phone":"电话:15131911285"},{"name":"平乡电竞","address":"邢台市平乡县昌平街泽馨园小区东南侧约70米","phone":""},{"name":"5号电竞","address":"邢台市任泽区宁鸡线与平任线交叉路口往东约240米","phone":""},{"name":"竞界连锁电竞馆(暴雪店)","address":"钢铁路与中华大街交叉口东行140米路北（供销合作社东侧）","phone":"电话:15690397395"},{"name":"外星人电竞俱乐部(天一城店)","address":"天一城梧桐街","phone":"电话:17631966667"},{"name":"广美网吧","address":"新兴路商住楼3-7号门市（检察院家属院1号楼底商）","phone":"电话:15227362233"},{"name":"K1电竞馆(开元生活广场店)","address":"开元北路开元生活广场D座4层","phone":"电话:18132931975"},{"name":"至竞连锁电竞馆·星辉(中兴西大街店)","address":"中兴西大街597号（中兴西大街与太行路交叉口西北50米）","phone":"电话:15631909058"},{"name":"竞界连锁电竞馆·恋网","address":"顺德路与泉南东大街交叉口北60米2楼","phone":""},{"name":"魔石电竞(邢台颐高双创城店)","address":"中兴东大街166号银座商城1层","phone":"电话:18631970707"},{"name":"可心网吧","address":"钢铁北路永康街787号","phone":"电话:13931931193"},{"name":"鑫宏网吧","address":"新华南路489号二楼","phone":"电话:13393195667"},{"name":"竞界连锁电竞馆(主题店)","address":"开元北路315号","phone":"电话:15690397395"},{"name":"朗逸竞速电竞","address":"任城镇东方路30号","phone":""},{"name":"竞界连锁电竞馆(艾唯店)","address":"建设路未来广场4号楼二层（沧州银行东侧）","phone":"电话:15690397395"},{"name":"竞界连锁电竞馆(正大店)","address":"中心大街与顺德路交叉口东北角","phone":"电话:0319-2297999"},{"name":"宋潮网咖","address":"国际新城金街39号楼118号-2层","phone":"电话:0319-3678900"},{"name":"朗易电竞生活馆","address":"河北省邢台市南和区和阳大街255号","phone":""},{"name":"竞界连锁电竞馆(易家店)","address":"育英街31号","phone":"电话:15690397395"},{"name":"熊猫电竞","address":"玉都快捷酒店369号","phone":"电话:15097972666"},{"name":"自由飞翔网吧","address":"转运街99号（中心汽车站西）","phone":"电话:13383399696"},{"name":"竞界连锁电竞馆(水云间店)","address":"河北省邢台市信都区公园西街89号","phone":"电话:15690397395"},{"name":"君来电竞馆","address":"龙泉大街与南羊市道交叉口路南","phone":"电话:14730590022"},{"name":"星速灵动电竞馆","address":"书香园小区西门南180米","phone":"电话:15369977635"},{"name":"速巢竞技(云巢店)","address":"建设大街与守敬南路交叉口东行200米路北","phone":"电话:15131322235"},{"name":"九色虹电竞(言川店)","address":"河北省邢台市信都区中兴路街道物兴商业广场-3号楼","phone":"电话:18632165249"},{"name":"至竞连锁电竞馆·绿茵(北国商城店)","address":"冶金南路1-8号（冶金南路与中兴西大街交叉口南100米路东)","phone":"电话:15631909068"},{"name":"柒号电竞(新天地店)","address":"河北省邢台市南和区祥和路196号","phone":""},{"name":"兴腾网吧","address":"东门里街与府前南街交叉口东80米","phone":"电话:0319-5232002"},{"name":"飓风网络(开元北路店)","address":"豫东市场邢州北路68号","phone":"电话:18631970707"},{"name":"朗逸网咖","address":"东方花园小区北口","phone":""},{"name":"乐巢网吧","address":"公园西街邢台医学高等专科学校","phone":""},{"name":"汉潮网咖","address":"邢东市场农业银行南侧","phone":"电话:0319-3978019"},{"name":"D+电竞ANTGAMER(南和店)","address":"河北省邢台市南和区和阳镇澳林城市之窗","phone":""},{"name":"唐潮网络","address":"东门里27号","phone":"电话:0319-3057988"},{"name":"网虫缘网络","address":"八一大街20号","phone":""},{"name":"北极星电竞","address":"和阳大街和西路3号","phone":""},{"name":"东兴电竞馆(财满街区店)","address":"财满街1号","phone":"电话:18830944000"},{"name":"竞界连锁电竞馆(朗悦店)","address":"河北邢台市泉北西大街538号(中国农业银行旁)","phone":"电话:15690397395"},{"name":"星悦网咖(筑旗大厦店)","address":"顺德路33号筑旗大厦F2层","phone":"电话:13131928218"},{"name":"朗通网咖(新兴街店)","address":"新兴西街","phone":"电话:17733917386"},{"name":"竞界体育电竞训练馆(网缘店)","address":"河北省邢台市襄都区新华北路32","phone":"电话:0319-2297999"},{"name":"VS电竞酒店(邢台泉南东大街邢台学院店)","address":"泉南东大街永康中心20号楼","phone":""},{"name":"堂口电竞(新兴街店)","address":"河北省邢台市任泽区新兴街286号","phone":"电话:16631972739"},{"name":"快鱼网咖","address":"尚品国际2号楼底商2号商铺负1层","phone":"电话:17732955666"},{"name":"电竞影咖","address":"邢台市襄都区中兴东大街兰亭酒店","phone":""},{"name":"王者之风游乐体验中心(逗号立方店)","address":"中兴西大街逗号立方6F-04号","phone":"电话:15630951066"},{"name":"柄游社·ps5·switch主机游戏体验店(中北世纪城店)","address":"成长街F-33号（中兴西大街中北世纪城曹演庄南侧小街往里走）","phone":"电话:13293131805/19943558023"},{"name":"乐图网咖(车站南路)","address":"车站南路389号香榭公寓2号楼商铺北03号","phone":"电话:15227320162"},{"name":"玩一会ps5体验馆","address":"河北省邢台市襄都区左岸春天南区底商23-106号","phone":"电话:18231936087"},{"name":"佐威尔电竞网咖","address":"邢台市信都区太行路月晟天玺台","phone":""},{"name":"至竟网咖(中北世纪城购物中心店)","address":"邢台市信都区中兴西大街中北世纪城","phone":""},{"name":"谁的电竞(邢台晨光店)","address":"河北省邢台市信都区钢铁路88-9号","phone":"电话:19933228918"},{"name":"朗悦网咖","address":"泉北西大街与兴发路交叉口东100米","phone":""},{"name":"辛巴达网络(邢州南路店)","address":"邢州南路373号","phone":""},{"name":"鲸游PS5·Switch电玩私人影院","address":"达活泉南门东天颐广场（天宇医药旁边往里走）","phone":"电话:16632977176"},{"name":"智胜电竞","address":"医专北生活区37号公寓楼一层4号","phone":""},{"name":"王者之风游乐体验中心(邢台万达店)","address":"泉南东大街213号万达广场二层2F-A1","phone":"电话:17303399229"},{"name":"栖林后电竞影音酒店(8311)","address":"邢台市中兴路亿德隆北头世贸天街东临","phone":"电话:17692698317"},{"name":"自由飞翔·大地店","address":"中兴东大街新建棉纺厂1号楼","phone":""}]