[{"name":"清风电竞","address":"深圳市龙岗区环城路和成金竹家园2栋三层","phone":"电话:14737498959"},{"name":"追梦电竞(福田店)","address":"八卦二路旭飞花园A栋二层西","phone":"电话:13360078619"},{"name":"星情电竞","address":"松岗街道居乐路11号201室","phone":"电话:19806589203"},{"name":"网鱼网咖·电竞(深圳宝安石岩主场店)","address":"宝石南路97号宏发大世界一期307（麦当劳楼上）","phone":"电话:13312972983"},{"name":"星域电竞","address":"清泉路5号2楼","phone":""},{"name":"PLAY电竞西乡店","address":"广东省深圳市宝安区西乡街道径贝社区万盛居商务中心3号门2楼","phone":"电话:19068052698"},{"name":"彼岸网咖(蛇口店)","address":"米兰第2季","phone":"电话:13276094896"},{"name":"华英雄电竞","address":"福永街道裕华路1号二楼201室","phone":"电话:13148804929"},{"name":"极速电竞网吧","address":"民治街道横岭一区58栋一楼","phone":"电话:13538004852"},{"name":"追梦电竞(向西店)","address":"向西路78号向西综合楼1a","phone":""},{"name":"后瑞电竞","address":"后瑞社区后瑞村南一巷132号101福祥楼公寓1楼","phone":"电话:18680155083"},{"name":"DR电竞(万丰店)","address":"万丰中路471-13号2楼","phone":"电话:18924602726"},{"name":"飞跃电竞(和平店)","address":"和平路南一巷2-1号","phone":"电话:18926511059"},{"name":"网鱼网咖·电竞(深圳龙华上芬店)","address":"民治街道上芬社区融创汇2号门2楼（奈雪楼上）","phone":"电话:19924469026"},{"name":"恒宇电竞棋牌网吧(联兴路店)","address":"联兴街1号格塘综合楼","phone":"电话:0755-28274228"},{"name":"星光电竞","address":"金鹏路15号二楼","phone":"电话:18824656279"},{"name":"龙达电竞网吧网咖","address":"上屋田心新村十九巷三号","phone":""},{"name":"AE电竞网咖(甲岸路店)","address":"海乐社区41区甲岸西路10栋尔体产业园201","phone":"电话:18138449576"},{"name":"相约棋牌电竞网吧(固戍一路店)","address":"深圳市西乡街道固戍一路137号2、3层","phone":"电话:18123921289"},{"name":"卡尔电竞","address":"新沙路276号附近","phone":"电话:13113962385"},{"name":"超音速电竞","address":"深圳市光明区玉昌东路欢乐精品酒店(玉律店)西南侧约40米","phone":""},{"name":"顺平网咖(顺平商业中心店)","address":"平龙西路75号顺平大厦二层214-223号","phone":""},{"name":"CP电竞","address":"中康北路福贸花园1-3裙楼","phone":"电话:18127996424"},{"name":"巅峰电竞(新安店)","address":"广东省深圳市宝安区新安街道上川社区31区水口花园东十二巷1-1号","phone":"电话:15361438616"},{"name":"英雄电竞(寻知音十分店)","address":"福海街道和平路南1巷789号2楼","phone":"电话:13530785399"},{"name":"星河时尚电竞(景龙新村店)","address":"宝华路山咀头商业楼1栋二楼潮汕大排档旁","phone":"电话:13602634943"},{"name":"飞龙电竞","address":"上川村三片58号","phone":"电话:19938769985"},{"name":"酷尚网咖","address":"金州路229-2三楼","phone":"电话:13421398113"},{"name":"天下电竞(弓村店)","address":"三联路华园道293号2层","phone":"电话:18926078513"},{"name":"乐兴电竞网吧(乐兴百货鹏达店)","address":"鹏达路91-1号","phone":""},{"name":"威尔电竞(福永店)","address":"白石厦福永大道3号三楼","phone":"电话:13088898507"},{"name":"追梦电竞(南山村店)","address":"广东省深圳市南山区南山街道美家福购物广场(南山店)","phone":"电话:13217098202"},{"name":"星空电竞","address":"深圳市坪山区金丰路财富城东南侧约90米","phone":""},{"name":"炉石网咖(南联分店)","address":"银翠路宏济医院斜对面","phone":"电话:15692091658"},{"name":"白菜电竞","address":"红湾三区七巷10号","phone":""},{"name":"三新电竞网吧","address":"石龙仔路82号102室","phone":"电话:13510321785"},{"name":"飞帆电竞","address":"怡丰路30号(龙城广场地铁站B口步行420米)","phone":"电话:18926424505"},{"name":"鲸鲨电竞","address":"白石厦社区石厦路05号万福龙洲广场F1","phone":""},{"name":"追梦电竞(沙井店)","address":"沙井街道华盛新沙荟名庭(一期)1栋L1-34、35、36号","phone":"电话:19926473418"},{"name":"泡泡电竟(前进二路店)","address":"恒明珠工业园b栋20号","phone":"电话:15099935077"},{"name":"彼岸网咖(科技园店)","address":"艺园路汇金家园B栋二层商铺","phone":""},{"name":"泡泡电竞(和平店)","address":"福园一路高新科技园8栋二楼","phone":"电话:19166356706"},{"name":"尊尚电竞网咖(联和商业步行街店)","address":"南同大道6-4号2层","phone":"电话:15889467981"},{"name":"园美电竞","address":"凯盟公寓二楼","phone":"电话:17620379220"},{"name":"彼岸网咖(大新店)","address":"南头街道南新东侧桃园路南侧(田厦商业大厦)第二层","phone":"电话:18159155370"},{"name":"飞跃电竞(龙岗禾花店)","address":"广东省深圳市龙岗区平新北路166号","phone":"电话:19129904677"},{"name":"月光宝盒网吧(南极路)","address":"向西路86-3号向西综合楼","phone":"电话:19874331680"},{"name":"追梦电竞(塘尾店)","address":"深圳市宝安区果粒城商业街果粒城社区商业中心百盛佳时代广场F3","phone":"电话:19068033721"},{"name":"飞鱼电竞西丽店","address":"深圳市南山区留仙村路华润置地有巢公寓(留仙洞店)","phone":""},{"name":"战神电竞","address":"深圳市龙岗区鸿基路金龙幼儿园(同富路)东侧约60米","phone":""},{"name":"星光电竞","address":"同胜社区1978龙海国际B座303","phone":"电话:13342927392"},{"name":"网鱼网咖·电竞(深圳会展中心店)","address":"广东省深圳市福田区金田路2160号大中华HUA广场GF层BitCity008号商铺","phone":"电话:13005489072"},{"name":"网鱼网咖·电竞(深圳光明凤凰城店)","address":"凤凰城地铁D出口右转直行约280米乐府广场二楼","phone":"电话:19928852065"},{"name":"壹号电竞馆(沙头三路店)","address":"沙头三路25号-6","phone":"电话:13928435116"},{"name":"豪杰电竞(宝安)","address":"深圳市宝安区凤凰岗五街凤岗老村","phone":""},{"name":"宝三丰电竞","address":"广东省深圳市龙岗区宝龙一路28号","phone":"电话:15259198998"},{"name":"英雄电竞","address":"龙华街道东环一路油园新村北3巷123栋101","phone":"电话:13714042153"},{"name":"蘑菇电竞(创业店)","address":"创业路南海城中心5栋2楼","phone":"电话:0755-86568537"},{"name":"零零柒网咖","address":"东环二路东埔龙新村4-3号","phone":""},{"name":"星光电竞","address":"五和大道(南)全天兴便利店往里走","phone":""},{"name":"飞梦网咖","address":"下十围东福围东街35号","phone":"电话:13530427356"},{"name":"EA电竞","address":"深圳市龙华区华荣路澳华商务大厦","phone":""},{"name":"轩辕电竞(智海店)","address":"蚝业路10号B201室","phone":"电话:13554817947"},{"name":"穿云箭电竞","address":"广东省深圳市宝安区沙井街道新宝盈大厦附近29米","phone":""},{"name":"网鱼网咖·电竞(深圳龙华观澜店)","address":"观城社区大和路288号302室","phone":"电话:13028865010"},{"name":"欧阳网吧","address":"南联社区平南路21号101(一楼)","phone":"电话:13714043059"},{"name":"红色领域电竞(乐福购物广场店)","address":"竹子林七路乐福购物广场3楼（竹子林地铁站B2出口北行100米路东）","phone":""},{"name":"追梦电竞(水湾店)","address":"招商街道蛇口海昌街海湾广场丰华阁、丰盛阁裙楼203","phone":""},{"name":"闯世界电竞馆(沙井店)","address":"西环路2112号附近","phone":"电话:13712555288/13751065457"},{"name":"五联电竞","address":"广东省深圳市龙岗区龙城街道龙岗街道五联社区同心工业区五联综合市场市场4栋2楼","phone":""},{"name":"无双电竞(坪环店)","address":"马峦街道坪环市场一楼E栋101","phone":"电话:18617027077"},{"name":"追梦电竞(福田村店)","address":"福星路126号三楼","phone":"电话:19874503878"},{"name":"兄弟网咖(下冲路店)","address":"下冲路66号","phone":"电话:18018711075"},{"name":"共赢电竞","address":"永和路骏丰工业区C2栋宿舍楼112号二楼","phone":"电话:13886518572"},{"name":"星芒电竞","address":"龙光玖龙台一期1栋A单元145房-147房","phone":""},{"name":"和顺电竞网咖","address":"龙华街道清秀路伍屋村工业区3栋201室","phone":"电话:19924504586"},{"name":"拓展电竞","address":"东环二路东源阁A区1栋A座105-108室","phone":"电话:18002556270"},{"name":"超神电竞","address":"龙华街道清湖西路四巷1号楼","phone":"电话:13631607369"},{"name":"起源电竞","address":"平湖街道上木古社区宝富路2号宝来工业区综合楼2楼201（B面第一间）","phone":"电话:18820460146"},{"name":"金凤凰电竞","address":"岭下路192号金凤凰购物广场四楼","phone":"电话:18020723631"},{"name":"鼎峰网咖(龙华)","address":"广东省深圳市龙华区民旺路一区46栋","phone":"电话:15818597199"},{"name":"巨人电竞网咖","address":"龙华街道伍屋村五巷伍屋工业区2栋2楼","phone":""},{"name":"时代电竞","address":"保安社区永湖联合路43号","phone":"电话:17328355498"},{"name":"军辉电竞(南联分店)","address":"龙岗街道南联社区银株路80号101","phone":"电话:13043428654"},{"name":"蘑菇电竞(东门店)","address":"广东省深圳市罗湖区东门中路2010号信和东门不夜天3楼","phone":"电话:13502759667"},{"name":"二师兄休闲电竞(瑞盛百货店)","address":"后瑞社区新瑞路12-23号","phone":"电话:18138446083"},{"name":"龙骑士电竞网咖","address":"保安社区简龙街3号201室","phone":"电话:17827988413"},{"name":"绿色电竞","address":"重庆路11-5号","phone":""},{"name":"长隆网吧","address":"新龙路28号","phone":"电话:13691957378"},{"name":"清水居网吧(民心路店)","address":"樟坑一区136栋1楼C035栋","phone":"电话:15012745047"},{"name":"先锋电竞(珍玉一路店)","address":"广东省深圳市光明区珍玉一路一区238号","phone":"电话:18102844033"},{"name":"极速电竞(龙华店)","address":"龙园七巷与龙观大道交叉口西北140米","phone":"电话:13528892980"},{"name":"梦竞网咖(新沙路店)","address":"新沙路107号","phone":"电话:13640907015"},{"name":"威尔电竞(新安优城店)","address":"宝安上合优城店3楼","phone":"电话:19166362367"},{"name":"网鱼网咖·电竞(碧海湾店)","address":"西乡街道悦和路7-58(碧海湾地铁站b口步行470米)（近碧海湾地铁站B口）","phone":"电话:19925428957"},{"name":"BE电竞(布吉南岭店)","address":"开放街14号万家乐百货商场301层","phone":"电话:18898767172"},{"name":"网鱼网咖·电竞(深圳龙华大浪店)","address":"广东省深圳市龙华区横朗社区同富裕工业园第6栋第4层6403室","phone":"电话:18938685214"},{"name":"巨商电竞","address":"深圳市光明区长升路勤诚达·正大城西侧约70米","phone":""},{"name":"AJ电竞馆","address":"香蜜湖街道红荔西路8089号深业中城7号楼4层401-407室","phone":""},{"name":"互动地带网咖·网吧","address":"塘家大道喜多来生活超市旁","phone":"电话:13647042613"},{"name":"普惠电竞网咖","address":"上沙社区上沙椰树村16巷3号C惠发花园301室","phone":""},{"name":"八爪鱼网咖(新安路店)","address":"新安路1号","phone":"电话:13265593810"},{"name":"八戒电竞网咖(平湖店)","address":"平园路9号301","phone":"电话:18124078182"},{"name":"百美电竞(固戍店)","address":"南昌路16-17号一、二楼","phone":"电话:13380675356"},{"name":"理想电竞(皇岗店)","address":"益田路华润万家4楼404室理想电竞","phone":"电话:18124132908"},{"name":"万盛网咖","address":"田盛路与环田路交叉口西南角","phone":"电话:13138322597"},{"name":"19电竞","address":"广东省深圳市龙华区联围街1号","phone":"电话:15818566671"},{"name":"海洋网络","address":"观澜丹坑西区225号","phone":"电话:18824625533"},{"name":"海洋舰电竞(坂田店)","address":"坂磡巷14-3号","phone":"电话:19926537626"},{"name":"酷玩电竞(民治店)","address":"新牛社区民治大道牛栏前大厦1F020室","phone":"电话:15815592674"},{"name":"文乐网咖(高科利大厦店)","address":"皇岗路高科利大厦4楼B座","phone":"电话:18124596335"},{"name":"英雄汇网咖","address":"华悦路18-1大浪九区158栋3楼","phone":"电话:17875167015"},{"name":"星耀电竞","address":"广东省深圳市龙岗区坪地街道同心南路46号","phone":""},{"name":"时代网咖(民兴街店)","address":"广东省深圳市龙华区民兴街东泉新村39栋1楼","phone":"电话:15889515177"},{"name":"极速网咖(石岩罗租中新村店)","address":"广东省深圳市宝安区石岩街道罗租中新村13巷4号一楼","phone":"电话:18926066920"},{"name":"速之缘电竞(南联店)","address":"南联社区刘屋村(瑞记路2号)","phone":"电话:4008845966"},{"name":"趣尚电竞(村前路店)","address":"坣岗社区一区村前路十一巷1号","phone":"电话:13602560372"},{"name":"光速电竞(福永店)","address":"马山一巷36-2号","phone":"电话:18129957975"},{"name":"飞宇电竞(观澜店)","address":"章阁社区桂月路志扬广场1楼","phone":"电话:18098990272"},{"name":"头条电竞(布心店)","address":"73区新安四路176号二楼","phone":"电话:18126206237"},{"name":"华丽网咖电竞(大水坑店)","address":"观水南街3-2（家家兴超市大水坑店二楼）","phone":"电话:13265184647"},{"name":"哈雷网咖(联和商业步行街店)","address":"南同大道西段11号1号楼","phone":"电话:15692091658"},{"name":"光速电竞(红湾店)","address":"西乡街道红湾新村三区三巷13号201","phone":"电话:18924621247"},{"name":"蘑菇电竞(万利港店)","address":"福民路共和世家首层4号商铺南侧","phone":""},{"name":"畅游电竞(金工一路店)","address":"观澜大水坑3村198栋","phone":"电话:15818664851"},{"name":"满天下网咖电竞","address":"和一二路15号","phone":"电话:13580292128"},{"name":"风云电竞网咖(黄田店)","address":"航城街道黄田路1号","phone":"电话:13049833535"},{"name":"怡乐电竞(学府路店)","address":"学府路荔馨村综合楼一楼","phone":"电话:18566268565"},{"name":"时代网咖(长新街店)","address":"深圳市光明区长新街长圳综合市场(长圳路)南侧约40米","phone":""},{"name":"电竞网咖","address":"深圳市龙华区观光路天惠多商务大厦西北侧","phone":""},{"name":"元气电竞(横岗店)","address":"广东省深圳市龙岗区横岗街道松柏路83号2楼","phone":"电话:18929396560"},{"name":"星河电竞(西丽店)","address":"留新大道同沙路9栋1号楼","phone":"电话:18300169645"},{"name":"猎人电竞(后亭店)","address":"广东省深圳市宝安区大埔北路46号","phone":"电话:18588413498"},{"name":"飞鱼电竞(大浪店)","address":"大浪南路煌上煌旁","phone":"电话:13078888713"},{"name":"无极限电竞","address":"深圳市宝安区沙井街道大王山社区大王山新村西二巷1号","phone":"电话:15889380181"},{"name":"百美电竞(福永店)","address":"深圳市宝安区福永街道福永社区一队十三巷18号201号","phone":"电话:18002563970"},{"name":"星空电竞","address":"深圳市龙华区樟亿路隆添利科技工业园","phone":""},{"name":"电竞馆","address":"深圳市龙华区石清大道龙华·花半里西南侧约160米","phone":""},{"name":"紫汇电竞","address":"章阁社区塘前西区23号-6","phone":"电话:18718699745"},{"name":"CC电竞","address":"深圳市龙华区浪荣路新围新村","phone":""},{"name":"蘑菇电竞(景田店)","address":"广东省深圳市福田区景田路81号碧景园E栋3楼","phone":"电话:17811512453"},{"name":"FY电竞","address":"深圳市宝安区东富路楼岗南区综合住宅小区","phone":""},{"name":"皇情电竞","address":"深圳市宝安区居乐路山美新区南侧","phone":""}]