[{"name":"心情电竞","address":"纯阳宫路110号","phone":""},{"name":"奇梦缘网吧","address":"迎新南二巷3号","phone":"电话:15135805528"},{"name":"阿米加电竞","address":"山西大医院西门美特好楼下","phone":"电话:13353417680"},{"name":"联新电竞馆","address":"寇庄西路62-5号","phone":"电话:15386999628"},{"name":"乐游电竞·玩乐汇(晋阳紫城店)","address":"山西太原市小店区小店街道富康街南泥湾对面","phone":"电话:19945996500"},{"name":"天音电竞","address":"东岗路243-1号","phone":"电话:18635191369"},{"name":"熊弟电竞","address":"万科城路","phone":"电话:18003512346"},{"name":"乐游电竞(钟楼街店)","address":"钟楼街9号柏林精选酒店隔壁","phone":"电话:18234087843"},{"name":"非界电竞馆(千峰路店)","address":"山西省太原市万柏林区千峰南路99号纺织苑C区北商铺3层","phone":"电话:13073518398"},{"name":"北极星电竞","address":"山西省太原市迎泽区柳巷南路凯煜大厦86号圣美精品酒店三层","phone":"电话:18635807775"},{"name":"绿洲电竞","address":"柳南外贸码头大厦三楼","phone":"电话:18135477771"},{"name":"第四空间网吧","address":"兴隆街5号楼一层南段(宽银幕电影院背后)","phone":"电话:15536584617"},{"name":"漫时空电竞(锐锋店)","address":"晋阳街27号晋瑞苑","phone":"电话:18020030870"},{"name":"金日网吧","address":"前进路15号","phone":"电话:17735186333"},{"name":"博宇通电竞网吧","address":"黄陵路北营小区","phone":"电话:13835465707"},{"name":"红蚂蚁电竞(亲贤店)","address":"寇庄西路109号欣中苑二层底商东2号（玛利快捷酒店隔壁二楼）","phone":"电话:18533179587"},{"name":"皓轩电竞馆·酷姿店","address":"荣军北街臻观苑1号楼104号商铺","phone":"电话:15534035620"},{"name":"星海电竞(南中环店)","address":"山西省太原市小店区南中环体育路口锦绣苑23号楼地下负一商铺","phone":""},{"name":"科隆电竞","address":"西华苑三期北区","phone":"电话:13623678943"},{"name":"你来我网竞技网吧(义井店)","address":"义井街15号第二幢商铺你来我网义井店","phone":""},{"name":"漫时空电竞·唯缘店","address":"桥东街33号中正银苑商铺1009号","phone":"电话:18020030870"},{"name":"魔杰电竞馆(南站店)","address":"许坦东街20号（金东中环城4号楼附近）","phone":""},{"name":"乐游电竞(鼎胜店)","address":"前北屯路文兴苑47号","phone":"电话:15582884176"},{"name":"瑞风电竞网咖","address":"敦化南路65号锦绣苑2楼","phone":"电话:15234892905"},{"name":"红蚂蚁电竞馆(大马店)","address":"大马新村滨河商业街28号（大马新村东门正对面）","phone":"电话:13994162017"},{"name":"凡尘电竞馆(万达店)","address":"职工新街街道解放路243号景泽睿苑小区商业4、5号楼3层","phone":"电话:15388513551"},{"name":"魔头电竞馆(亲贤店)","address":"平阳路街道亲贤北街金泽大厦二层c区","phone":""},{"name":"地球村网吧(迎春街店)","address":"迎春街12号万民药房赛马场店2层","phone":"电话:13546367004"},{"name":"追忆电竞馆(工商学院店)","address":"坞城南路海棠罗马花园东门","phone":"电话:18234145741"},{"name":"RuXi如熹电竞","address":"山西省太原市小店区北营北路58号","phone":"电话:13233627921"},{"name":"雅饰达网吧","address":"白龙庙小区商铺2层","phone":""},{"name":"新宇网吧(中北店)","address":"上兰村长征街1排3号","phone":"电话:15303418932"},{"name":"鲲鹏电竞","address":"山西省太原市尖草坪区新建北街14号","phone":"电话:15303418932"},{"name":"杏花岭区蓝色电竞敦化南路64号","address":"敦化南路东侧","phone":""},{"name":"红蚂蚁电竞棋牌(康乐街店)","address":"康乐街18号杨家村旁三楼","phone":"电话:18535160495"},{"name":"万天红网咖","address":"和平北路361号辰兴优山美郡B区44幢刘一锅二层008号商铺","phone":"电话:13403462006"},{"name":"乐游电竞·酷艺店(酷艺店)","address":"铁道大厦与华清巷交叉口","phone":"电话:16613547476"},{"name":"逍遥电竞网吧","address":"沙沟中街香悦澜溪南门向东50米二层","phone":"电话:17636641058"},{"name":"大富豪电竞","address":"长治路130号(世贸中心斜对面)龙船人海鲜城","phone":"电话:18636636262"},{"name":"豪锋电竞(南中环店)","address":"山西省太原市晋源区南中环西街圣湖观澜国际43号商铺","phone":"电话:13613468896"},{"name":"吉姆电竞(天宇店)","address":"山西省太原市尖草坪区龙康街龙康新苑住宅小区13号楼2楼","phone":"电话:15513469065"},{"name":"传说电竞","address":"大昌路太原日月馨快捷酒店东南侧约240米","phone":""},{"name":"灵捷电竞","address":"大马村平阳路与高新街交叉路口往西南约100米(宝乐幼儿园东北侧约50米)","phone":"电话:18634340220"},{"name":"三人行绿色动力连锁网吧","address":"东曲街道前进路18号(东曲矿工人村附近)","phone":""},{"name":"太原贾克斯电竞酒店","address":"龙城南街龙城天悦小区3期北门东行50米","phone":""},{"name":"灵风电竞·捌零玖零店(新建路店)","address":"鑫磊大厦2号商铺2层","phone":"电话:18735176319"},{"name":"艾乐电竞网咖","address":"朝阳街同歌一首旁边星名流会所三层","phone":"电话:15525058321"},{"name":"悟空电竞网咖(北肖墙店)","address":"北肖墙海友酒店2楼","phone":"电话:18603456899"},{"name":"灵风电竞(鼎胜店)","address":"山西省太原市万柏林区前北屯路6号","phone":"电话:18335420009"},{"name":"天天乐电竞馆","address":"山西省太原市晋源区义井东街南二巷南一条","phone":"电话:19934969877"},{"name":"大相约电竞","address":"山西省太原市小店区昌盛街西加州小镇对面","phone":"电话:13027006333"},{"name":"云起电竞","address":"太原市小店区东峰路与南中环东街交叉路口往北约130米","phone":""},{"name":"互娱电竞(阳光时尚广场店)","address":"柳溪街与金刚堰路交叉口阳光时尚购物中心2层","phone":"电话:17696066661"},{"name":"星潮电竞","address":"南畔村正街南巷133号3户","phone":""},{"name":"乐游电竞网咖(鑫驰店)","address":"新矿院路B座北二楼","phone":"电话:15582884276"},{"name":"顺风电竞人","address":"太原市小店区人民北路OYO四季海悦酒店(小店街道人民北路店)","phone":""},{"name":"鑫彪网络416·竞主题","address":"山西省太原市小店区太原经济技术开发区坤泽十里城南区S13商铺一座","phone":"电话:13835145011"},{"name":"蜗牛快跑网咖(新义街店)","address":"太原市万柏林区新义街万科蓝山6期","phone":""},{"name":"益都网络会所","address":"山西省太原市万柏林区建筑西巷9号楼","phone":""},{"name":"电竞","address":"太原市万柏林区气化街山西省财政税务专科学校北侧","phone":""},{"name":"乐游电竞(智创店)","address":"太原市晋源区和平南路兰亭御湖城","phone":"电话:18234055864"},{"name":"章鱼电竞","address":"大马新区449-457号","phone":"电话:13653646483"},{"name":"影院电竞","address":"山西省太原市万柏林区南内环西街万水澜庭","phone":"电话:0351-5252626"},{"name":"酷熊电竞(黄陵店)","address":"山西省太原市小店区黄陵路27号","phone":"电话:17735134666"},{"name":"耐特嘉电竞","address":"平阳路大马村北正街28号","phone":"电话:13111049777"},{"name":"龙骑士电竞","address":"南吴街与晋祠路东北角","phone":""},{"name":"台球网吧","address":"北营街道北营街办南坪头村西街西二巷2号","phone":""},{"name":"天旺电竞网咖(旺客隆购物中心店)","address":"许西北街109号二楼（太榆路蜜雪冰城西100米有个长寿房大药房旁边上二楼……）","phone":"电话:13934152484"},{"name":"蜻蜓电竞网咖","address":"并州南路与航苑北街交叉口","phone":"电话:13027003131"},{"name":"吉姆电竞·棋牌(五龙口店)","address":"五龙口街113号底商3层","phone":"电话:15534461318"},{"name":"艾乐电竞网咖(绿洲店)","address":"山西省太原市迎泽区柳巷街道柳巷商圈柳巷南路30号","phone":"电话:15513836321"},{"name":"月鑫网吧","address":"古城街11号","phone":""},{"name":"山西曼睿科技大楼","address":"平阳路街道南内环街302号青龙停车场院内","phone":"电话:15698401755/18035123142"},{"name":"星际电竞(南黑窑村店)","address":"南黑窑村东三街1号","phone":"电话:14797156536"},{"name":"尚客电竞","address":"山西省太原市古交市东曲街道中国邮政集团有限公司山西省古交市分公司西44米","phone":""},{"name":"彤彤·网吧","address":"太原经济技术开发区唐槐工商所富士康南3门对面","phone":"电话:13935187242"},{"name":"网缘电竞网咖(红叶店)","address":"康宁街中段晋港苑小区3栋2楼","phone":"电话:15513516615"},{"name":"亿时空电竞·棋牌·台球","address":"综合改革示拖区店魂产业迅庆云街南黑窑社区东1街1号三层","phone":"电话:13935385723"},{"name":"新易网咖(桥东新街店)","address":"桥东街26号","phone":"电话:13293789173"},{"name":"蚁群电竞·文雳店","address":"综改示范区唐槐园区南黑窑村东二街7号","phone":"电话:13015401964"},{"name":"十八号电竞馆","address":"山西省太原市迎泽区小铁匠巷云路街18号","phone":""},{"name":"逗牛电竞","address":"晨光东街三丑旅馆西侧","phone":""},{"name":"燕滨网吧","address":"前进北路太重商贸广场11号","phone":"电话:13513640857"},{"name":"八度电竞","address":"太原市小店区山西转型综合改革示范区唐槐产业园庆云街南黑窑社区东一街14号","phone":"电话:15011197767"},{"name":"顶佳电竞(迎泽西大街新西客站店)","address":"太原市西机南路南寒圣都2号楼1楼1005号商铺","phone":"电话:15340708678"},{"name":"锦鑫电竞馆","address":"沙沟村西部丽景北区B10号楼底商","phone":"电话:15513466663"},{"name":"吉姆电竞(开化寺店)","address":"开化寺街87号华宇购物中心6层","phone":"电话:19303510476"},{"name":"魔杰电竞(老街坊店)","address":"亲贤北街77号北60米","phone":"电话:13233668036"},{"name":"网缘网咖(寇庄西路店)","address":"长治西路西巷7号2幢1002号","phone":"电话:13903414678"},{"name":"金翅网吧","address":"九院住宅小区东区12号楼","phone":""},{"name":"潘洛斯电竞馆(长治路店)","address":"长治路155号4层","phone":"电话:18100346824"},{"name":"天昊网咖","address":"双塔北路99号二层201室","phone":"电话:19103441999"},{"name":"涵度电竞·科成店(胜利1号东南)","address":"山西省太原市小店区新北街74号","phone":""},{"name":"摩尔网咖(吾悦广场店)","address":"漪汾街86号（过街天桥下南侧）","phone":"电话:0351-2161757"},{"name":"杰拉网咖(桥东街店)","address":"桥东街桥东小区K1区临街底商","phone":"电话:17735149580"},{"name":"易世东网咖","address":"汾东大街太原学院西南侧约110米","phone":"电话:15929696542"},{"name":"光耀电竞·棋牌(长风店)","address":"长风街145号万厦苑8号楼北侧长风东巷以东以北东干渠","phone":"电话:13233514011"},{"name":"伍佰速电竞(千峰南路店)","address":"千峰南路140号2幢1006号","phone":"电话:13734007349"},{"name":"吉姆电竞(双塔街店)","address":"双塔东街东港嘉园","phone":"电话:18603453214/19035121138"},{"name":"吉姆电竞(经园路店)","address":"经园路370号","phone":"电话:19035102984"},{"name":"四合网苑(胜利街店)","address":"胜利东街25号","phone":"电话:0351-2597845"},{"name":"潘洛斯电竞馆","address":"南中环街与军民路交叉口东330米路南","phone":"电话:13613440659"},{"name":"凡尘电竞馆(千峰南路店)","address":"千峰南路84号海唐星光广场1幢3层","phone":"电话:17735195601"},{"name":"吉姆电竞(尖草坪店)","address":"龙城花园小区","phone":"电话:15525066995"},{"name":"你来我网亨通店","address":"南屯苑南区西侧1号商铺","phone":"电话:15110341969"},{"name":"浩奕天下网络(千峰北路店)","address":"兴华街289号","phone":"电话:13834655542/18135473185"},{"name":"蓝山网咖·棋牌","address":"小水巷与柳巷交叉口西南角","phone":"电话:18636102663/18636888487"},{"name":"桌球电竞","address":"上马街光华苑","phone":"电话:13233607080"},{"name":"灵风电竞·朝阳店(义井西路店)","address":"和平南路221号义井西街东巷","phone":"电话:18135477771"},{"name":"塔姆电竞","address":"太原市迎泽区双塔南路宝佳万科紫台","phone":""},{"name":"君悦网咖(贵通C座店)","address":"菜园西街5号贵通C座负一层","phone":"电话:18035142460/18535174448"},{"name":"网缘网咖(许西店)","address":"许西西街55号二楼","phone":"电话:18003418118"},{"name":"熊猫电竞(阳泉店)","address":"大川西路幸福主题公园东侧约70米","phone":"电话:15340684234"},{"name":"天创网络(太榆路店)","address":"太榆路77号","phone":"电话:13623472594"},{"name":"蜗牛网咖(国际能源中心店)","address":"迎泽西大街国际能源中心A座负一层（汽车入口下地下停车场）","phone":"电话:16603511480/18636643001"},{"name":"依咪网咖(锦绣苑店)","address":"山西省太原市小店区体育路千禧锦绣苑底商21幢5号商铺","phone":"电话:13133012959"},{"name":"你来我网(偶寓店)","address":"真武路小店四组便民中心南50米","phone":"电话:0351-5241666"},{"name":"梦幻空间网咖","address":"并州东街95号山西艺术职业学院旁","phone":"电话:4000351594"},{"name":"宜博电竞馆(超视店)","address":"山西省太原市小店区太原经济技术开发区庆云街与唐槐路交叉路口往东约150米富世康园东侧","phone":""},{"name":"你来我网(通达店)","address":"通达街中段与真武路交汇处东南角辛福天街商业楼外铺1003号","phone":"电话:18534630555"},{"name":"涵度电竞·搜狐店","address":"综改示范区太原唐槐园区南黑窑村庆云街52号","phone":"电话:18335418924"},{"name":"良友网络会所","address":"东岗路258-23号","phone":""},{"name":"华荣网咖","address":"上兰村西后街46号","phone":"电话:13068089833/15003464390"},{"name":"蜗牛快跑网咖(太航店)","address":"航苑北街亲贤北街22号","phone":""},{"name":"灵风电竞(天昊店)","address":"山西省太原市迎泽区双塔北路95号","phone":"电话:18135476667"},{"name":"惠中网吧","address":"许西南街143号","phone":"电话:13007095937"},{"name":"电竞联盟","address":"山西省太原市小店区南内环街302号青龙停车场院内","phone":"电话:18636667000"},{"name":"涵度电竞·旗舰店","address":"南黑窑村东五街13号1户","phone":"电话:13623419002"},{"name":"熊猫电竞","address":"太原市小店区体育路亲贤苑","phone":""},{"name":"摩非电竞","address":"太原市小店区大马中路大马新村东侧","phone":""},{"name":"魔头电竞(许西店)","address":"许西西街33号2层","phone":"电话:19934919545"},{"name":"耐特电竞","address":"山西省太原市小店区昌盛东街文昌南路1号","phone":""},{"name":"竞自由网络娱乐休闲馆(汤如意汤泉店)","address":"龙城大街75号汤如意2楼","phone":""},{"name":"恒升电竞","address":"太榆路38号许坦东街许西村","phone":""},{"name":"疯蛙电竞","address":"五一路大孩龙虾二楼","phone":""},{"name":"网咖电竞外设","address":"太原市小店区南内环街青龙耗材市场","phone":""},{"name":"皓轩网咖","address":"和平南路113号太药和平苑小区1号楼3层","phone":"电话:13653410590"},{"name":"鑫利网吧","address":"唐槐路南黑窑综合市场","phone":""},{"name":"布思狸电竞馆","address":"太原市万柏林区迎泽西大街100号","phone":""},{"name":"太原浮游电竞酒店","address":"山西省太原市万柏林区迎泽西大街119号公元时代城B座2812号","phone":""}]