[{"name":"玩时代网咖","address":"神奇西路18号（七天优品酒店对面)","phone":"电话:17785978592"},{"name":"雷霆电竞","address":"天马城3楼","phone":"电话:18932077528"},{"name":"黑曼巴电竞馆(兴仁店)","address":"贵州省黔西南布依族苗族自治州兴仁市锦绣都会(民安路西)","phone":"电话:0859-6588789"},{"name":"尚喜电竞(网咖)","address":"黔西南布依族苗族自治州兴义市兴义路顶效客运站西侧约130米","phone":""},{"name":"漫步电竞馆","address":"黔西南布依族苗族自治州兴义市金水北路金桔苑小区","phone":"电话:13314491587/13314491591"},{"name":"时代电竞","address":"黔西南布依族苗族自治州兴义市神奇西路神奇路花园西侧约90米","phone":""},{"name":"佐伊网咖","address":"印象兴义6栋三楼","phone":"电话:18083259507"},{"name":"极镜电竞","address":"黔西南布依族苗族自治州兴义大道印象兴义5栋6楼","phone":"电话:15885983492"},{"name":"AG电竞","address":"梦乐城购物中心","phone":"电话:18083446069"},{"name":"哇塞电竞馆(欢乐橙店)","address":"欢乐橙购物中心4楼","phone":""},{"name":"烽巢电竞馆(枫林店)","address":"星月路花月综合楼","phone":"电话:18985999805"},{"name":"尚机堂网咖","address":"财富中心9栋二楼","phone":"电话:19186904558"},{"name":"占星电竞","address":"黔西南布依族苗族自治州兴仁市兴仁大道锦绣都会","phone":""},{"name":"摩尔电竞网咖(里仁广场店)","address":"黔西南布依族苗族自治州兴仁市长兴路里仁·广场","phone":"电话:18907457262"},{"name":"鸿旺电竞","address":"黔西南布依族苗族自治州兴义市-万湖汇16栋2楼","phone":""},{"name":"炫彩电竞馆","address":"黔西南布依族苗族自治州安龙县安坡路龙御花园北侧约250米","phone":""},{"name":"宏瑞达电竞馆","address":"华联城2期2-7-101号","phone":""},{"name":"烽巢电竞","address":"永乐动路47号2层富兴猫猫城","phone":"电话:18985999805"},{"name":"花菲璐电竞(万湖汇店)","address":"黔西南布依族苗族自治州兴义市桔泰路兴义市万湖汇小区","phone":"电话:18985399077"},{"name":"W电竞社","address":"桔康路天辰一品1层1-1-1号商铺","phone":""},{"name":"掌趣电竞馆","address":"黔西南布依族苗族自治州兴义市桔华路广发鼎尚城小区西南侧约120米","phone":"电话:18386892898"},{"name":"燃羽电竞","address":"翡翠台3栋一楼","phone":"电话:18985951853"},{"name":"明悦电竞","address":"丰都街道新建村八组祥隆单身公寓隔壁","phone":"电话:18785917777"},{"name":"初魂壹号电竞馆","address":"碧云路公园首府1栋2单元2楼","phone":""},{"name":"峡谷电竞俱乐部","address":"黔西南布依族苗族自治州兴义市峡谷大道布谷鸟北侧约260米","phone":""},{"name":"888网咖连锁","address":"兴仁市师范路31号烟草公司旁边","phone":""},{"name":"不见不散网咖(闽东店)","address":"云南街66号博汇广场F1层","phone":""},{"name":"义和网咖","address":"桔山街道神奇东路康居广场三楼地标酒店对面商场1号门乘观光电梯上三楼","phone":"电话:18084290011"},{"name":"超凡部落动漫娱乐","address":"梦乐城1区3楼","phone":""},{"name":"星年华动漫城(汇金购物中心金笔路店)","address":"汇金中心负一楼","phone":""},{"name":"星年华动漫城(汇金购物中心金笔路店)","address":"汇金中心负一楼","phone":""},{"name":"叁拾贰号电竞馆","address":"黔西南布依族苗族自治州兴义市碧云路兴义市万湖汇小区东南侧约140米","phone":""},{"name":"星年华动漫城(兴仁店)","address":"黄金社区长兴路长兴花园25号楼1层(久龙酒店隔壁)","phone":"电话:17585557899"},{"name":"杰拉网咖(兴义店)","address":"神奇东路96-134号2楼","phone":"电话:17684234465"},{"name":"乐漫天动漫城","address":"市府中路与人民路交叉口东南140米佳惠超市里面","phone":"电话:19873947651"},{"name":"金州电竞(百汇广场店)","address":"黔西南布依族苗族自治州兴义市永定街花月小区南侧约80米","phone":""},{"name":"遇见网咖(康禾街店)","address":"康禾街128号","phone":"电话:17785977664"},{"name":"兴义小怪兽电竞酒店","address":"黔西南布依族苗族自治州瑞金大道45号(盲聋哑学校南20米)","phone":""},{"name":"樂翻天动漫","address":"神奇东路一格滚石一楼大厅内","phone":""},{"name":"战霆娱乐生态(兴义梦乐城店)","address":"桔山街道梦乐城3区3楼(泰巧椰式大排档对面)","phone":""}]