[{"name":"灵妖电竞网咖","address":"长江路城市之光小区5幢105-2号","phone":"电话:13865265560"},{"name":"熊猫电竞网咖·梦浪店","address":"北一环路澳澜宝邸B座底商（新亚汽车站斜对面）","phone":"电话:18355818182/19159004231"},{"name":"顶峰电竞网咖(北城店)","address":"金宁路金大地翡翠公馆","phone":"电话:17375392064"},{"name":"半糖电竞网咖(兴园店)","address":"科学大道与银杏路交口兴园小区西门","phone":"电话:18956012345"},{"name":"回归网吧(临湖店)","address":"云谷路与玉屏路交口新第元商场110商5楼","phone":"电话:19159108561"},{"name":"V+电竞馆","address":"胜利路胜利广场负一楼（近3号门）","phone":""},{"name":"九十村电竞网咖棋牌","address":"安徽省合肥市肥东县撮镇镇循环经济示范园商务中心及人才公寓商业楼2楼","phone":"电话:15385962119"},{"name":"桔子电竞网咖","address":"临湖苑B区9栋121号","phone":"电话:18555018782"},{"name":"糯米电竞(海棠店)","address":"合肥市海棠街道蒙城北路与茨河路交口海棠花园邻里坊商101室","phone":""},{"name":"K-ONE电竞(三里庵店)","address":"长江西路278号","phone":"电话:18214887178"},{"name":"易印电竞网咖","address":"铜陵北路京商商贸城G-1-2幢商305室","phone":"电话:19523682226"},{"name":"顶峰电竞网咖(包河店)","address":"马鞍山路1515号和地广场和地公寓三楼","phone":"电话:15005660811"},{"name":"伽罗电竞(自由人店)","address":"站前路与站西路交叉口西南角宝文国际装饰广场","phone":""},{"name":"亚朵电竞网咖","address":"紫荆广场3楼","phone":"电话:13605604004"},{"name":"网鱼网咖·电竞(蜀西商业广场店)","address":"蜀西商业广场二楼","phone":"电话:13635514380"},{"name":"光辉网咖","address":"站前路金兴苑小区1幢二层","phone":"电话:15556528528"},{"name":"酷电竞网吧(水晶城店)","address":"中街·水晶城C区A6幢401室","phone":"电话:19165525269"},{"name":"酷电竞(大宁缤购店)","address":"九华山路大宁缤购商业广场负一层","phone":"电话:15955135604"},{"name":"超龙电竞网咖","address":"合肥市长丰县金宁路阿奎利亚四组团S1幢104室","phone":"电话:15205691213"},{"name":"酷电竞网咖(神六店)","address":"桃花工业区合派路19-21号","phone":"电话:17856516671"},{"name":"檬时代综合电竞馆","address":"恒大中央广场B区-43号楼101商铺","phone":"电话:17201737932"},{"name":"糯米电竞(绿地蓝海店)","address":"潜山路绿地蓝海国际大厦B座（太子山庄旁电梯四楼）","phone":"电话:18298014792"},{"name":"凯旋电竞","address":"三河路与上派路交口伟星公园都荟S2栋318.319","phone":"电话:13339141615"},{"name":"酷电竞网吧(乐客来店)","address":"长江西路与蜀峰路交叉口向北50米乐客来生活馆西门4层","phone":"电话:18356540353"},{"name":"海浪电竞(贵州路店)","address":"合肥市四川路与杭州路交口滨湖欣园商业用房1号202号","phone":"电话:13865511999/18855109992"},{"name":"战豆网咖(西海店)","address":"上派镇华地翡翠翡翠蓝湾和园小区22号309、409商铺","phone":""},{"name":"无尽电竞","address":"大鹏怡和华庭18幢商103号、商102号、商101号","phone":"电话:18917195295"},{"name":"糯米电竞(乐活街店)","address":"祁门路与宿松路交口天御广场信达乐活街一期2楼（必胜客旁手扶楼梯2楼）","phone":""},{"name":"巅峰电竞(滨湖前城店)","address":"清潭路与紫蓬路交口南艳碧湖花园D2号楼106室","phone":"电话:15155912683"},{"name":"红树叶电竞(新华学院店)","address":"望江西路539号鲲鹏国际广场7幢109室","phone":"电话:18130018028"},{"name":"暴熊电竞","address":"合肥市包河区万年埠路美居酒店(融创店)西南侧约70米","phone":"电话:19055105801"},{"name":"糖豆电竞","address":"金都嘉园","phone":"电话:15256003771"},{"name":"树呆熊网咖(大唐国际店)","address":"望江西路198号信旺华府骏苑2A2B幢商业215室","phone":"电话:17355186182"},{"name":"树呆熊网咖(香江名郡店)","address":"瑶海社区服务中心龙门岭路与新海大道交叉口香江生态名郡1、2号126-128","phone":"电话:15665401029"},{"name":"树呆熊网咖(大摩广场店)","address":"庐州大道58号吉瑞泰盛广场2幢格林豪泰商务酒店3楼301号商铺","phone":"电话:18715069194"},{"name":"糯米电竞(信地店)","address":"合肥市瑶海区全椒路信地城市广场","phone":""},{"name":"石头岛电竞","address":"新蚌埠路1999号花香美地小区23A幢商107号","phone":""},{"name":"提莫电竞(豚鲸店)","address":"安徽省合肥市包河区杭州路与贵州路交口滨湖桂园商业楼2幢4楼一整层","phone":"电话:18158953821"},{"name":"萌虎电竞馆·网上人间店(爱不释手店)","address":"安徽省合肥市肥西县紫石路滨河小区北门商业街1号门","phone":"电话:0551-68328801"},{"name":"纵享电竞","address":"望江西路198号华府骏苑大唐国际商业广场二楼商铺0216-0288号","phone":""},{"name":"建飞网吧棋牌电竞(三联店)","address":"金寨南路与紫云路交口向北100米慕泰酒店二楼","phone":"电话:15375455719"},{"name":"魔豆网咖(中环城店)","address":"繁华大道12629号经典华城7幢1楼","phone":"电话:0551-65865878"},{"name":"指南针网咖(滨湖前城店)","address":"紫蓬路与习友路交叉口滨湖前城东门向北100米","phone":"电话:15375496080"},{"name":"红树叶电竞(奧林阁店)","address":"合肥市奥林阁大厦5-203-207室","phone":""},{"name":"朋凯电竞网咖","address":"新型家园菜市场三层303室","phone":"电话:18788888456"},{"name":"树呆熊网咖(科大西区店)","address":"肥西路文馨园门面B17号、B18号、B19号及B20号二层","phone":"电话:18856949762"},{"name":"天狼星网络","address":"葛大店社居委大店新村1栋106-111号","phone":"电话:13225897328"},{"name":"战豆网咖(天珑广场店)","address":"潜山路588号天珑广场项目第4号楼B1层B1-01-1号","phone":"电话:13856057518"},{"name":"战豆网咖(石头店)","address":"金寨路香街项目5-3-1","phone":"电话:18990033081"},{"name":"树呆熊电竞(肥东文博城店)","address":"安徽省合肥市肥东县撮镇镇腾辉华东文博城","phone":"电话:18326051492"},{"name":"战豆网咖(新海西苑店)","address":"安徽省合肥市瑶海区七里站街道采石路新海家园新合作邻里中心","phone":""},{"name":"回归电竞网咖(马鞍山路店)","address":"安徽省合肥市包河区马鞍山路200号和地蓝湾13幢商业301室","phone":"电话:13339153480"},{"name":"凛风电竞","address":"合肥市蜀山区旺兴商业街江南美林苑","phone":""},{"name":"战豆网咖(陶冲湖城市广场店)","address":"东淝河路与淮海大道交叉口北80米","phone":"电话:17354133330"},{"name":"战豆网咖(绿地蓝海店)","address":"潜山路绿地蓝海A座下层广场商106","phone":"电话:18256592696"},{"name":"谜咔网咖(猛犸象店)","address":"兴园小区公建C-213、214","phone":""},{"name":"提莫网咖(精英店)","address":"店埠镇聚龙阳光都市花园31幢110-111号","phone":"电话:13329048988"},{"name":"熊猫电竞网咖嗨森店","address":"甘泉路西城山水居西侧商铺","phone":"电话:15256980385"},{"name":"魔豆网咖(欣塘家园店)","address":"望江西路474号欣塘家园,战豆棋牌二楼前台","phone":"电话:13773913651"},{"name":"战豆网咖(三古店)","address":"文一百年街S2栋三楼","phone":"电话:15156511199/18196535117"},{"name":"伽罗电竞","address":"和平路229号宝业·城市绿苑西区","phone":"电话:15156508727"},{"name":"首漫电竞(龙湖光年店)","address":"长宁社区服务中心皖水路388号光年世纪城","phone":"电话:13156538851"},{"name":"投源网吧","address":"明珠路与翠竹路交口新华阳光国际10栋110室","phone":"电话:13225753867"},{"name":"乐途电竞网咖","address":"安徽省合肥市长丰县蒙城北路润地星城b1座4楼","phone":"电话:0551-62876689"},{"name":"GOSOLO电竞茂","address":"长江东路1137号圣大国际商贸中心SPACE隔壁电梯3楼","phone":"电话:0551-64284824/13966771400"},{"name":"大神电竞(天门路店)","address":"天门路155号（天门路165-1号附近）","phone":"电话:18155157667"},{"name":"半糖电竞网咖(大咖店)","address":"安徽省合肥市蜀山区九龙路九龙商业街356号5幢","phone":"电话:18956012345"},{"name":"BOS电竞(综保区店)","address":"皖投·新悦里南100米（东方大道北）","phone":"电话:19956506640"},{"name":"提莫网咖·台球·棋牌(星悦广场店)","address":"伟星星悦广场2号201室","phone":"电话:18019949715"},{"name":"简木网吧","address":"双岗老街三支巷双岗二期9号楼","phone":"电话:18205519011"},{"name":"战豆网咖(天云店)","address":"金辉悦府1楼","phone":"电话:15555149356"},{"name":"战豆网咖(长江路店)","address":"长江东路和定远路交叉口楚天电竞","phone":"电话:13085520821"},{"name":"锐翔电竞网咖(黉街2店)","address":"安徽省合肥市瑶海区新站区学府路与梦溪路交口黉街6号楼301-302室","phone":"电话:18055188699"},{"name":"战豆电竞3.0网吧西二环店","address":"安徽省合肥市蜀山区西二环路辅路","phone":""},{"name":"摩非电竞茶室(新亚店)","address":"安徽省合肥市瑶海区凤阳路98号澳澜宝邸B座二楼","phone":"电话:17775048592"},{"name":"众神电竞(京冠·御园华府店)","address":"蒙城北路京冠御园华府菜鸟驿站旁","phone":"电话:17333066665"},{"name":"BOS电竞(大学城北店)","address":"丹霞路458号大学城商业中心1层F1、F2号商铺","phone":"电话:19005699646"},{"name":"火之星网咖·无烟网咖(步行街太阳城店)","address":"宿州路60号枫林大厦扩建工程负一层121室","phone":"电话:18096650385"},{"name":"林心雨网咖","address":"金盛家园100号(快乐购超市旁)","phone":""},{"name":"树呆熊网咖(大摩广场店)","address":"庐州大道58号吉瑞泰盛广场2幢格林豪泰商务酒店3楼301号商铺","phone":"电话:18715069194"},{"name":"红树叶电竞(霍山路店)","address":"合肥市蜀山区霍山路翡翠园西南侧","phone":""},{"name":"电竞房会议厅","address":"合肥市长丰县合淮路中国石化(银河加油站)西北侧约50米","phone":""},{"name":"华昆网咖(明光路金大塘站牌店)","address":"填海巷二期8号楼","phone":"电话:18956053511"},{"name":"熊猫电竞网咖(潜山路店)","address":"潜山北路499号城市经典小区商铺131","phone":"电话:15375208831"},{"name":"树呆熊网咖(湖畔景苑店)","address":"包河大道159号湖畔景苑商业106房商业用房","phone":"电话:18133656875"},{"name":"树呆熊网咖(三里庵店)","address":"长江西路306号","phone":"电话:15255163621"},{"name":"树呆熊网咖(安百苑店)","address":"北京路与祁门路交口东北角安百苑B地沿街商铺综合体三楼北边","phone":""},{"name":"夜明猪网咖(壹之恒店)","address":"新蚌埠路38号时代之光小区6幢商201室","phone":"电话:17730171323"},{"name":"树呆熊网咖(海恒社区店)","address":"繁华大道与习友路交口东南角海恒农贸三楼","phone":"电话:15156571918"},{"name":"邀月网咖(景荣花园店)","address":"站前路景荣花园10栋3楼","phone":"电话:0551-64691007"},{"name":"邀月网咖(景荣花园店)","address":"站前路景荣花园10栋3楼","phone":"电话:0551-64691007"},{"name":"夜蝠电竞","address":"合肥市包河区军民路宝利丰广场-智慧公馆","phone":""},{"name":"熊猫电竞网咖(阿奎利亚店)","address":"阿奎利亚四组团S3栋106-111号（109入口楼上）","phone":"电话:19032736582"},{"name":"杰拉电竞·网咖·精选(中环城店)","address":"繁华大道中环购物中心西区商场三层1号","phone":"电话:19965191359"},{"name":"树呆熊网咖(中环城店)","address":"经济技术开发区石门路与翡翠路交叉口银都香水郡4栋201-210","phone":"电话:18788885297"},{"name":"海之天网咖(琅琊山路店)","address":"琅琊山路23号(三里街地铁站D口步行150米)","phone":"电话:13399696909"},{"name":"新鑫网咖(金宁路店)","address":"恒泰阿奎利亚城果商S1号101室","phone":"电话:13855185600"},{"name":"普瑞猫网咖·阿韦网咖","address":"十里庙路11号正创西景苑3幢负1楼","phone":"电话:13163221451"},{"name":"萌小虎网咖(希维尔店)","address":"明光路10号","phone":"电话:14792569090"},{"name":"四合网苑(东湖山庄店)","address":"天柱山路东湖山庄碧云阁1-2号204.205-206商铺","phone":"电话:19965072502"},{"name":"三只熊网咖","address":"安百苑B区唐模路与祁门路交口232商铺","phone":""},{"name":"鱼籽电竞(九龙路店)","address":"九龙路与九龙美食街交叉口东北440米","phone":"电话:17856565160/18955570811"},{"name":"西林网咖(怀旧店)","address":"丁香家园1期8幢1层","phone":"电话:15156073785"},{"name":"乐娱网咖(武里山天街店)","address":"扶疏路武里山天街南门二楼","phone":"电话:19719218093"},{"name":"志峰网咖·棋牌(义辉店)","address":"铜陵路与合裕路交口隆庭佳苑商住楼门面房17幢103、104号、105号室","phone":"电话:13063330223"},{"name":"诚信网咖(海恒步行街店)","address":"海恒社区商贸楼3号楼","phone":"电话:0551-63811687"},{"name":"石头人网咖","address":"临泉东路277号瑶海万达广场6幢112-113","phone":"电话:13965440100"},{"name":"魔树网咖(绿地瀛海店)","address":"马鞍山路660号绿地瀛海b栋","phone":"电话:19523699458"},{"name":"四合网苑(新都会环球购物广场店)","address":"马鞍山路新都会环球购物广场2层1170号（近地铁1号线合工大南区站B口）","phone":"电话:15375208562"},{"name":"树呆能电竞","address":"合肥市包河区乌鲁木齐路湖畔景苑","phone":""},{"name":"魔树网咖(绿地瀛海店)","address":"马鞍山路660号绿地瀛海b栋","phone":"电话:19523699458"},{"name":"魔树网咖(蓝剑店)","address":"公园道1号","phone":"电话:18096653916"},{"name":"四合网苑(新都会环球购物广场店)","address":"马鞍山路新都会环球购物广场2层1170号（近地铁1号线合工大南区站B口）","phone":"电话:15375208562"},{"name":"树呆能电竞","address":"合肥市包河区乌鲁木齐路湖畔景苑","phone":""},{"name":"滨菓网咖(艺园店)","address":"安徽省合肥市蜀山区海恒社区管理委员会经济技术开发区海恒社区福禄园143幢101~104室","phone":"电话:19050166076"},{"name":"胜祥网咖(皇马馫街美食一条街店)","address":"明皇路与顺祥路交叉口皇马馫街A座二楼","phone":"电话:13865969682"},{"name":"战马网咖(绿地海德公馆店)","address":"长古路与恒山路交口绿地海德公馆S4商铺301-305","phone":"电话:17709697850"},{"name":"巴布豆网咖·棋牌","address":"庐州大道与扬子江路交口万科时代之光和街42栋三楼","phone":"电话:18055152039"},{"name":"西林网咖(金大地店)","address":"黄山路与怀宁路交口金大地公馆6号106门面","phone":"电话:18855952380"},{"name":"五里网吧","address":"北二环路金都华庭","phone":""},{"name":"万猫网咖","address":"城市经典499号","phone":"电话:15056967199"},{"name":"番茄电竞(月界店)","address":"长江西路天地人科文苑小区5号商办楼3楼","phone":"电话:15256990139"},{"name":"温情网咖(旗舰店)","address":"经济技术开发区紫云路与清潭路交口观澜华庭17-18号楼201室","phone":"电话:18019595929"},{"name":"龙鱼电竞网咖","address":"合肥市庐阳区藕塘路都市清华东南侧","phone":""},{"name":"伽罗电竞(滨城店)","address":"合肥市包河区振徽苑24栋106室采蝶轩隔壁楼上","phone":""},{"name":"无尽电竞(喀旺店)","address":"合肥市庐阳区亳州路盛世花园","phone":""},{"name":"K-ONE电竞","address":"合肥市包河区南一环路世纪云顶西北侧","phone":""},{"name":"朗庭电竞网咖","address":"合肥市蜀山区长江西路加侨悦山国际-西区","phone":""},{"name":"黑白网咖(优购邻里购物中心店)","address":"合肥市蜀山区青阳路优购邻里购物中心","phone":"电话:13865805456/15256565262"},{"name":"战略高手网咖(连锁网络创智广场店)","address":"望江路和马鞍山路交叉口创智广场3号楼3层","phone":"电话:13605510731"},{"name":"","address":"","phone":""},{"name":"","address":"","phone":""},{"name":"","address":"","phone":""},{"name":"","address":"","phone":""},{"name":"","address":"","phone":""},{"name":"","address":"","phone":""},{"name":"","address":"","phone":""},{"name":"","address":"","phone":""},{"name":"","address":"","phone":""},{"name":"","address":"","phone":""},{"name":"酷电竞网咖(绿地赢海店)","address":"珠光花园二期B栋30-35室","phone":"电话:18715177813"},{"name":"酷电竞网咖·棋牌(新都会店)","address":"淝河路凤巢园34幢109、209、212","phone":""},{"name":"GOSOLO电竞茂","address":"长江东路1137号圣大国际商贸中心SPACE隔壁电梯3楼","phone":"电话:0551-64284824/13966771400"},{"name":"糯米电竞(大唐国际店)","address":"信旺·华府骏苑2A2B商业楼3楼302-309商铺","phone":""},{"name":"糯米电竞酒店·网咖","address":"九狮桥街团结新村","phone":"电话:19955163582"},{"name":"心动电竞(宁国南路店)","address":"宁国南路777号拓佳中心F2层","phone":"电话:18226192683"},{"name":"竞暴电竞(地矿家园店)","address":"合肥市包河区至德路和昌·都汇华府","phone":"电话:15656065007"},{"name":"纵享电竞","address":"望江西路198号华府骏苑大唐国际商业广场二楼商铺0216-0288号","phone":""},{"name":"P-ONE电竞馆","address":"长江西路88号环球金融广场A2座601号","phone":""},{"name":"橡树河畔电竞酒店","address":"安徽省合肥市庐阳区阜阳路2号","phone":""},{"name":"独角兽电竞网咖(北京路店)","address":"合肥市包河区北京路与繁华大道交口义兴地铁D口水丽坊西区商业中心3楼","phone":"电话:18656999258"},{"name":"糯米电竞(信地店)","address":"合肥市瑶海区全椒路信地城市广场","phone":""},{"name":"四合网苑(东湖山庄店)","address":"天柱山路东湖山庄碧云阁1-2号204.205-206商铺","phone":"电话:19965072502"},{"name":"心动电竞(宁国南路店)","address":"宁国南路777号拓佳中心F2层","phone":"电话:18226192683"},{"name":"自由人网咖(站前路店)","address":"站前路留芳大酒店旁","phone":"电话:15375340425"},{"name":"树呆熊网咖(大摩广场店)","address":"庐州大道58号吉瑞泰盛广场2幢格林豪泰商务酒店3楼301号商铺","phone":"电话:18715069194"},{"name":"纵享电竞","address":"望江西路198号华府骏苑大唐国际商业广场二楼商铺0216-0288号","phone":""},{"name":"红树叶电竞(奧林阁店)","address":"合肥市奥林阁大厦5-203-207室","phone":""},{"name":"华昆网咖(明光路金大塘站牌店)","address":"填海巷二期8号楼","phone":"电话:18956053511"},{"name":"树呆熊网咖(三里庵店)","address":"长江西路306号","phone":"电话:15255163621"},{"name":"四合网苑(上城国际店)","address":"上城国际新界20号楼","phone":"电话:19955171769"},{"name":"番茄电竞(大唐国际店)","address":"望江路与潜山路交叉口信旺华府骏苑A区商场负一楼A045-046","phone":""},{"name":"GOSOLO电竞茂","address":"长江东路1137号圣大国际商贸中心SPACE隔壁电梯3楼","phone":"电话:0551-64284824/13966771400"},{"name":"天狼星网络","address":"葛大店社居委大店新村1栋106-111号","phone":"电话:13225897328"},{"name":"树呆熊网咖(科大西区店)","address":"肥西路文馨园门面B17号、B18号、B19号及B20号二层","phone":"电话:18856949762"},{"name":"西林网咖(怀旧店)","address":"丁香家园1期8幢1层","phone":"电话:15156073785"},{"name":"战豆网咖(天珑广场店)","address":"潜山路588号天珑广场项目第4号楼B1层B1-01-1号","phone":"电话:13856057518"},{"name":"战豆网咖(石头店)","address":"金寨路香街项目5-3-1","phone":"电话:18990033081"},{"name":"魔树网咖(绿地瀛海店)","address":"马鞍山路660号绿地瀛海b栋","phone":"电话:19523699458"},{"name":"萌小虎网咖(希维尔店)","address":"明光路10号","phone":"电话:14792569090"},{"name":"战豆网咖(恒润花园店)","address":"安徽省合肥市蜀山区聚云路30号恒润花园综合楼101室","phone":"电话:18756036579"},{"name":"邀月网咖(景荣花园店)","address":"站前路景荣花园10栋3楼","phone":"电话:0551-64691007"},{"name":"四合网苑(博澳丽苑店)","address":"望江西路与西二环交口欣塘家园G楼","phone":"电话:0551-62240086"},{"name":"火之星网咖·无烟网咖(步行街太阳城店)","address":"宿州路60号枫林大厦扩建工程负一层121室","phone":"电话:18096650385"},{"name":"西林网咖(金大地店)","address":"黄山路与怀宁路交口金大地公馆6号106门面","phone":"电话:18855952380"},{"name":"回归电竞网咖(马鞍山路店)","address":"安徽省合肥市包河区马鞍山路200号和地蓝湾13幢商业301室","phone":"电话:13339153480"},{"name":"四合网苑(枞阳路店)","address":"枞阳路兴业商住楼10号门面二层","phone":"电话:18119616968"},{"name":"战豆网咖(新海西苑店)","address":"安徽省合肥市瑶海区七里站街道采石路新海家园新合作邻里中心","phone":""},{"name":"四合网苑(之心城店)","address":"安徽省合肥市蜀山区南一环路屯溪路段梅园公寓商铺111B号","phone":""},{"name":"四合网苑(太宁花园店)","address":"宁国南路太宁花园物业楼3号2楼","phone":"电话:15968930341"},{"name":"树呆熊网咖(禹州天玺店)","address":"繁华大道禹州天玺三期S51楼111-114商铺","phone":""},{"name":"战豆网咖(陶冲湖城市广场店)","address":"东淝河路与淮海大道交叉口北80米","phone":"电话:17354133330"},{"name":"四合网苑(太宁花园店)","address":"宁国南路太宁花园物业楼3号2楼","phone":"电话:15968930341"},{"name":"战豆网咖(新海西苑店)","address":"安徽省合肥市瑶海区七里站街道采石路新海家园新合作邻里中心","phone":""},{"name":"战豆网咖(绿地蓝海店)","address":"潜山路绿地蓝海A座下层广场商106","phone":"电话:18256592696"},{"name":"谜咔网咖(猛犸象店)","address":"兴园小区公建C-213、214","phone":""},{"name":"熊猫电竞网咖嗨森店","address":"甘泉路西城山水居西侧商铺","phone":"电话:15256980385"},{"name":"魔豆网咖(欣塘家园店)","address":"望江西路474号欣塘家园,战豆棋牌二楼前台","phone":"电话:13773913651"},{"name":"战豆网咖(三古店)","address":"文一百年街S2栋三楼","phone":"电话:15156511199/18196535117"},{"name":"自由人网咖(站前路店)","address":"站前路留芳大酒店旁","phone":"电话:15375340425"},{"name":"伽罗电竞","address":"和平路229号宝业·城市绿苑西区","phone":"电话:15156508727"},{"name":"未来网咖(京商国际商贸城J区店)","address":"京商商贸城J6-3a-402室","phone":"电话:17730021044"},{"name":"投源网吧","address":"明珠路与翠竹路交口新华阳光国际10栋110室","phone":"电话:13225753867"},{"name":"GOSOLO电竞茂","address":"长江东路1137号圣大国际商贸中心SPACE隔壁电梯3楼","phone":"电话:0551-64284824/13966771400"},{"name":"半糖电竞网咖(大咖店)","address":"安徽省合肥市蜀山区九龙路九龙商业街356号5幢","phone":"电话:18956012345"},{"name":"BOS电竞(综保区店)","address":"皖投·新悦里南100米（东方大道北）","phone":"电话:19956506640"},{"name":"简木网吧","address":"双岗老街三支巷双岗二期9号楼","phone":"电话:18205519011"},{"name":"战豆网咖(天云店)","address":"金辉悦府1楼","phone":"电话:15555149356"},{"name":"战豆网咖(长江路店)","address":"长江东路和定远路交叉口楚天电竞","phone":"电话:13085520821"},{"name":"滨菓网咖(艺园店)","address":"安徽省合肥市蜀山区海恒社区管理委员会经济技术开发区海恒社区福禄园143幢101~104室","phone":"电话:19050166076"},{"name":"锐翔电竞网咖(黉街2店)","address":"安徽省合肥市瑶海区新站区学府路与梦溪路交口黉街6号楼301-302室","phone":"电话:18055188699"},{"name":"战豆电竞3.0网吧西二环店","address":"安徽省合肥市蜀山区西二环路辅路","phone":""},{"name":"魔树网咖(蓝剑店)","address":"公园道1号","phone":"电话:18096653916"},{"name":"摩非电竞茶室(新亚店)","address":"安徽省合肥市瑶海区凤阳路98号澳澜宝邸B座二楼","phone":"电话:17775048592"},{"name":"摩非电竞茶室(科大店)","address":"洪岗路明星苑1号楼新金山宾馆二层","phone":""},{"name":"BOS电竞(大学城北店)","address":"丹霞路458号大学城商业中心1层F1、F2号商铺","phone":"电话:19005699646"},{"name":"冉亮网吧(冉亮店)","address":"铜陵路274号","phone":"电话:15856398431"},{"name":"火之星网咖·无烟网咖(步行街太阳城店)","address":"宿州路60号枫林大厦扩建工程负一层121室","phone":"电话:18096650385"},{"name":"林心雨网咖","address":"金盛家园100号(快乐购超市旁)","phone":""},{"name":"树呆熊网咖(淮河路步行街店)","address":"寿春路59号(步行街入教寺东边巷子内,寿春路入逍遥津西向东站牌后面）","phone":"电话:15555189190"},{"name":"树呆熊网咖(胜利广场店)","address":"临泉路万豪花园6BC栋312铺","phone":"电话:17333077356"},{"name":"启帆网咖","address":"凤阳东路31号","phone":"电话:18109690988"},{"name":"卓威电竞馆(汉嘉广场店)","address":"潜山路399号汉嘉广场商业楼一层北侧(近长江西路)","phone":"电话:15305690017"},{"name":"红树叶电竞(霍山路店)","address":"合肥市蜀山区霍山路翡翠园西南侧","phone":""},{"name":"华昆网咖(明光路金大塘站牌店)","address":"填海巷二期8号楼","phone":"电话:18956053511"},{"name":"熊猫电竞网咖(潜山路店)","address":"潜山北路499号城市经典小区商铺131","phone":"电话:15375208831"},{"name":"树呆熊网咖(湖畔景苑店)","address":"包河大道159号湖畔景苑商业106房商业用房","phone":"电话:18133656875"},{"name":"树呆熊网咖(三里庵店)","address":"长江西路306号","phone":"电话:15255163621"},{"name":"树呆熊网咖(安百苑店)","address":"北京路与祁门路交口东北角安百苑B地沿街商铺综合体三楼北边","phone":""},{"name":"夜明猪网咖(壹之恒店)","address":"新蚌埠路38号时代之光小区6幢商201室","phone":"电话:17730171323"},{"name":"顶峰电竞网咖(紫荆广场店)","address":"合肥市蜀山区史河路紫荆广场","phone":"电话:15656083813"},{"name":"壹家网咖","address":"当涂路208号二楼壹家网咖","phone":""},{"name":"星河网咖(站塘路店)","address":"站塘路景辉家园5幢202-207","phone":"电话:18709850012"},{"name":"糯米电竞(闽商国贸店)","address":"长江东大街277号闽商国贸中心商业大堂4楼（长江东大街与肥东路交叉口东南角）","phone":"电话:13156502560"},{"name":"新语网咖(长春街店)","address":"长春街包河苑E区1号楼底商","phone":"电话:15256052620"},{"name":"四合网苑(大唐国际店)","address":"望江西路与潜山路交叉口大唐国际购物中心负一楼（地铁3号线洪岗站C口出）","phone":""},{"name":"树呆熊网咖(温莎店)","address":"凤阳路温莎杰座3楼","phone":"电话:19719855131"},{"name":"熊猫电竞网咖(三里街店)","address":"临淮路御珑公馆1幢商103/商103上、商104/商104上","phone":""},{"name":"大国网咖","address":"佛子岭路与石台路交口郁金苑16号楼商铺","phone":"电话:18956532325"},{"name":"树呆能电竞","address":"合肥市包河区乌鲁木齐路湖畔景苑","phone":""},{"name":"四合网苑(合肥龙居山庄店)","address":"青阳路与高刘路交口优购邻里购物中心三楼(金逸影城)","phone":"电话:15375362701"},{"name":"凌点网友俱乐部(和平路店)","address":"和平路110号商办楼2层(唐桥地铁站D口旁)","phone":"电话:13965086875"},{"name":"万猫网咖","address":"城市经典499号","phone":"电话:15056967199"},{"name":"战豆网咖(新光采店)","address":"蜀鑫路新文采大酒店北楼1楼","phone":"电话:13696769553/18297919667"},{"name":"P-ONE电竞馆","address":"长江西路88号环球金融广场A2座601号","phone":""},{"name":"斯贝斯电竞馆","address":"淮河路步行街风云再起二楼","phone":""},{"name":"魔豆网咖(战豆网咖·棋牌·风尚店)","address":"北一环与站西路交口惠康大厦2楼","phone":"电话:17681171219"},{"name":"网咖之家(地矿家园店)","address":"至德路皖江路交口","phone":"电话:15605607632"},{"name":"豆丁网咖(未来家园店)","address":"新蚌埠路24号未来家园1商业中心","phone":"电话:15555136555"},{"name":"卡莎网咖·绝地店","address":"临淮路伟星御珑公馆1栋104号","phone":"电话:17368875119"},{"name":"树呆能电竞","address":"合肥市包河区乌鲁木齐路湖畔景苑","phone":""},{"name":"胜祥网咖(皇马馫街美食一条街店)","address":"明皇路与顺祥路交叉口皇马馫街A座二楼","phone":"电话:13865969682"},{"name":"战马网咖(绿地海德公馆店)","address":"长古路与恒山路交口绿地海德公馆S4商铺301-305","phone":"电话:17709697850"},{"name":"艾米网苑(天佑店)","address":"半岛路广济大药房2楼","phone":"电话:13856992660"},{"name":"五里网吧","address":"北二环路金都华庭","phone":""},{"name":"万猫网咖","address":"城市经典499号","phone":"电话:15056967199"},{"name":"魔豆网咖(香舍店)","address":"博威香山丽舍东门南180米","phone":"电话:15255629697"},{"name":"P-ONE电竞馆","address":"长江西路88号环球金融广场A2座601号","phone":""},{"name":"斯贝斯电竞馆","address":"淮河路步行街风云再起二楼","phone":""},{"name":"四合网咖(安然绿洲花园店)","address":"四里河路66号安然绿洲花园南园14幢shang102/103","phone":"电话:17368866149"},{"name":"番茄电竞(月界店)","address":"长江西路天地人科文苑小区5号商办楼3楼","phone":"电话:15256990139"},{"name":"龙鱼电竞网咖","address":"合肥市庐阳区藕塘路都市清华东南侧","phone":""},{"name":"无尽电竞(喀旺店)","address":"合肥市庐阳区亳州路盛世花园","phone":""},{"name":"K-ONE电竞","address":"合肥市包河区南一环路世纪云顶西北侧","phone":""},{"name":"朗庭电竞网咖","address":"合肥市蜀山区长江西路加侨悦山国际-西区","phone":""},{"name":"黑白网咖(优购邻里购物中心店)","address":"合肥市蜀山区青阳路优购邻里购物中心","phone":"电话:13865805456/15256565262"},{"name":"战略高手网咖(连锁网络创智广场店)","address":"望江路和马鞍山路交叉口创智广场3号楼3层","phone":"电话:13605510731"},{"name":"皓辰电竞网咖","address":"合肥市长丰县金宁路恒泰城果","phone":""},{"name":"橡树河畔电竞酒店","address":"安徽省合肥市庐阳区阜阳路2号","phone":""},{"name":"萌犸象电竞酒店(老报馆店)","address":"安徽省合肥市包河区金寨路276-2号","phone":""}]