[{"name":"007电竞·曼陀罗网咖(新牌坊店)","address":"星辰路96号","phone":"电话:023-63051230"},{"name":"名众电竞馆","address":"大坪正街160号万锦汇2栋3-3号商铺（中国民生银行楼上）","phone":"电话:17708348689"},{"name":"嘉年华电竞网吧","address":"滨河中路49号3-1","phone":"电话:023-46797172"},{"name":"月橙电竞","address":"凤鸣山307号附492-1345","phone":"电话:15320618050"},{"name":"云锦电竞网吧","address":"重庆市荣昌区城南大道600号","phone":"电话:19922989774"},{"name":"海豚电竞·网罗天下·网吧·茶楼(科园四路店)","address":"科园四路32号附5-14号","phone":"电话:13368155191"},{"name":"酷安电竞网吧","address":"重庆市江津区珞璜镇工业园区四期还房21栋3号门市","phone":"电话:18375659564"},{"name":"亿人空间网咖(北城店)","address":"北城路75号二楼","phone":"电话:18008381032"},{"name":"星河电竞(陈家桥店)","address":"重庆市沙坪坝区陈家桥街道盛德路15号","phone":"电话:17748510026"},{"name":"灵动电竞(西咖店)","address":"亚太路1号楼1-32室","phone":"电话:19923713487"},{"name":"天狼星电竞·RTX3080","address":"同景路11号附1号2-4","phone":"电话:15334520028"},{"name":"新概念·光影电竞","address":"四公里街306号负1-1号","phone":"电话:17723041480"},{"name":"星空电竞","address":"秋成大道与锦熙街交叉口东200米","phone":"电话:15320355032"},{"name":"雾都电竞(旭辉店)","address":"旭辉乐活城26A2楼","phone":"电话:18983225207"},{"name":"灵度电竞网咖","address":"双凤桥街道港汇路23号聚盛家居1幢2-2","phone":"电话:17783563281/18375785155"},{"name":"7号电竞网咖","address":"瑞福路5号4-6室","phone":"电话:19123047721"},{"name":"彭孙网吧","address":"金桥路上桥张家湾53号","phone":""},{"name":"极驰电竞网咖(双福店)","address":"双福新区A2还房25幢（交职院公交站、祥福路610号）","phone":""},{"name":"艾厘电竞(万象城店)","address":"谢家湾正街55号19幢负2-1号","phone":"电话:17702340299"},{"name":"冲上云霄电竞·棋牌(金茂店)","address":"重庆市九龙坡区谢小路金茂珑悦-北区","phone":"电话:16623386888"},{"name":"启铭星电竞","address":"重庆市渝北区同茂大道369号吾悦广场A馆LG层(吾悦广场A馆6号门下楼梯)","phone":"电话:19908390940"},{"name":"网鸿电竞馆","address":"科城路129号附6号甲（翠庭苑正对面）","phone":"电话:13982731059"},{"name":"星耀电竞","address":"天澜大道5号驸2号","phone":"电话:15723254905"},{"name":"怒火电竞俱乐部","address":"万寿福居A区","phone":""},{"name":"华丰电竞","address":"铁山路20号附14号","phone":"电话:15923249337"},{"name":"金牌电竞","address":"茂余花园","phone":"电话:17358453957"},{"name":"陆贰玖网吧","address":"鱼嘴镇74号附14号金鑫花园","phone":"电话:18602388629"},{"name":"致壹电竞","address":"融创·国博天地","phone":"电话:17725003531"},{"name":"印铁电竞","address":"金开大道2083号","phone":"电话:17725001705"},{"name":"飞帝电竞","address":"观音桥家乐福对面(观音桥地铁站1号口步行430米)","phone":"电话:15023637217"},{"name":"小妖电竞馆·棋牌(塞尚束河店)","address":"南坪街道南城大道198号","phone":"电话:13883292442/18723206527"},{"name":"星时空电竞","address":"华唐路与嘉华路交叉口东北60米","phone":""},{"name":"锋尚电竞","address":"杨柳坝路3号2楼5-8号","phone":"电话:17625473773"},{"name":"网途网咖(龙湖新壹街店)","address":"建新北路龙湖新壹街A馆1号楼底商L2层（K3K4电梯）","phone":"电话:023-86787823"},{"name":"梦竞·电竞馆(北环店)","address":"新南路353号","phone":"电话:023-63120618"},{"name":"怒风电竞馆","address":"重庆市渝北区龙溪街道松牌路113号-附16号","phone":""},{"name":"嘉悦电竞(汽博店)","address":"栖霞路16号6幢一单元电梯2楼（渝大狮毛肚老火锅斜对面）","phone":"电话:023-63050305"},{"name":"鲸鲨电竞(大渡口店)","address":"重庆市大渡口区松青路1028号3层","phone":"电话:18623227600"},{"name":"虚线·未来电竞(龙头寺店)","address":"玉兰路201号(狮子坪地铁站1号口步行250米)","phone":"电话:17300242624"},{"name":"妮佳电竞","address":"石桥一村38号","phone":"电话:18008382202"},{"name":"虚线·未来电竞(龙头寺店)","address":"玉兰路201号(狮子坪地铁站1号口步行250米)","phone":"电话:17300242624"},{"name":"皇室电竞(四分店)","address":"金源路62号附19号","phone":"电话:18908363002"},{"name":"鲸鲨电竞(大渡口店)","address":"重庆市大渡口区松青路1028号3层","phone":"电话:18623227600"},{"name":"虚灵电竞","address":"重庆市江津区福星大道(双福交通大学南门斜对面牛津大道2幢顶楼)","phone":"电话:13629751795"},{"name":"15V电竞馆(网吧)","address":"半山一村69号附386号","phone":""},{"name":"艾厘电竞(弹子石店)","address":"重庆市南岸区腾龙大道蓝光COCO时代-A区","phone":"电话:18166579764"},{"name":"菲比电竞·网咖(美力·com店)","address":"民生路5号美力大厦平街一楼","phone":"电话:023-89102707"},{"name":"云朵电竞馆","address":"丰盛路95号金悦乐方商场1层1026号","phone":""},{"name":"灵犀电竞俱乐部","address":"金开大道1120号附24号二楼","phone":"电话:15703042417"},{"name":"蜘蛛网吧·全游电竞(石小路店)","address":"石小路185号附6号右侧10米","phone":"电话:13075417356/18983350883"},{"name":"新迅电竞(方圆LIVE店)","address":"观音桥方圆LIVELG层LG049号商铺","phone":"电话:17365235526"},{"name":"NuTs电竞(璧山店)","address":"机电三路与壁青北路交叉口东80米","phone":"电话:17823231418"},{"name":"米熊电竞","address":"重庆市南岸区南湖路15号19栋1层门面5号","phone":"电话:19122047687"},{"name":"博超电竞(青杠店)","address":"缙云路白云大道23号","phone":""},{"name":"新概念·花园电竞·机麻·茶楼","address":"解放碑街道沧白路大厦2楼（近小什字地铁站9号出口,瓜西西火锅小什店楼上）","phone":"电话:19112942753"},{"name":"西米网咖·网吧·电竞(保利林语溪·锦街店)","address":"重庆市巴南区渝南大道9号附6号自主承诺","phone":"电话:15310276488"},{"name":"华庭电竞","address":"大渡口区福塘路21号","phone":"电话:17708339375"},{"name":"曙云电竞(琦星店)","address":"重庆市渝中区中山一路罗宾森广场商场内2楼(星巴克楼上)","phone":"电话:13983916761"},{"name":"曙云电竞(诺丁店)","address":"重庆市沙坪坝区天陈路7-10号","phone":"电话:17723558321"},{"name":"曙云电竞(威尔店)","address":"重庆市渝北区栖霞路18号融创金贸时代南区1栋2层","phone":"电话:15683916539"},{"name":"印铁电竞","address":"金开大道2083号","phone":"电话:17725001705"},{"name":"妮佳电竞","address":"石桥一村38号","phone":"电话:18008382202"},{"name":"锐晁网吧(汽博店)","address":"汽博中心机场路融创金贸时代北区八栋3层3-4室","phone":"电话:13101064940"},{"name":"水瓶电竞","address":"重庆市渝北区五童街80号","phone":""},{"name":"飞帝电竞","address":"观音桥家乐福对面(观音桥地铁站1号口步行430米)","phone":"电话:15023637217"},{"name":"芝麻电竞俱乐部(瀛嘉店)","address":"东山路4号附74号2-2室","phone":""},{"name":"小妖电竞馆·棋牌(塞尚束河店)","address":"南坪街道南城大道198号","phone":"电话:13883292442/18723206527"},{"name":"欢游电竞","address":"重庆市九龙坡区谢家湾街道黄杨路1号","phone":""},{"name":"齐齐电竞网咖","address":"涂山路576号附48号2层(涂山地铁站1号口步行80米)","phone":"电话:023-62787522"},{"name":"U-2电竞(白马凼店)","address":"白马凼107（白马凼支路）","phone":"电话:17702388603"},{"name":"天晟电竞馆","address":"石坪桥正街115号3号楼3-商业1-8室","phone":"电话:17388234001"},{"name":"色调网咖棋牌茶楼","address":"洋河二村20号附6号","phone":"电话:13996036827"},{"name":"速盟电竞","address":"天梨路198号附1-4号","phone":"电话:13167955575"},{"name":"星耀电竞(精品旗舰)","address":"博琅澜庭","phone":"电话:15334520028"},{"name":"鑫焱电竞","address":"井源路与井双路交叉口东80米","phone":""},{"name":"尖锋网咖(金龙路店)","address":"红石路尖浲网咖128号附3号","phone":"电话:19923976055"},{"name":"兰道网咖","address":"江南大道7号2栋1-61-7、1-8、1-9号","phone":"电话:15320547183"},{"name":"金色电竞","address":"重庆市渝北区龙塔街道渝鲁大道660号鲁能星城九街区A区12幢2层2-商5号","phone":"电话:18983645956"},{"name":"木子电竞网咖","address":"双凤路水岸花都对面","phone":"电话:18080115296"},{"name":"海豚电竞·闲人店(科园二街店)","address":"石杨路17号万昌商住楼三楼（新世纪超市楼上）","phone":"电话:18623509580"},{"name":"曙云电竞(龙魂店)","address":"重庆市渝北区泰山大道东段60号附55号2楼(巴江水火锅楼上、天怡美装饰楼上)","phone":"电话:19123176905"},{"name":"三拍电竞","address":"重庆市渝中区大坪正街19号1号楼34楼","phone":""},{"name":"AIM电竞域(创纪元店)","address":"兴科大道293号半山名都1幢2-2电","phone":"电话:19922821501"},{"name":"大迷猫电竞","address":"恒大优活城（西盛路南）","phone":"电话:13370700763"},{"name":"卡斯特咯电竞·漫聚网咖","address":"解放东路融创白象街258号4-（10-15）","phone":"电话:023-63519239"},{"name":"喜连缘电竞","address":"曾泰路西永微电园英业达生活区一栋A-28-2号","phone":""},{"name":"恒天电竞·功成店·网咖·棋牌","address":"重庆市南岸区南坪东路15号附10号","phone":"电话:023-62818373"},{"name":"欧罗巴网咖NOOK创意店(龙头寺店)","address":"泰山大道116号","phone":"电话:13637920616"},{"name":"海豚电竞·爱特店·茶楼·棋牌","address":"长江二路88号负一层","phone":"电话:17784739976"},{"name":"库来克电竞网咖·棋牌(悦城店)","address":"新南路445号附3号祈年悦城1幢1-商铺3","phone":"电话:023-67388061"},{"name":"双生花电竞","address":"308缙华新村16-6号","phone":""},{"name":"铁拳电竞","address":"吉盛路15号2-1室","phone":"电话:15215117846"},{"name":"攸莯电竞","address":"重庆市璧山区东山路瀛嘉·帝逸城","phone":""},{"name":"乐途网吧(永兴街店)","address":"永兴街22号附1号","phone":"电话:023-65011344"},{"name":"风青吟电竞馆","address":"创智路305号2-1室","phone":"电话:18883560200"},{"name":"重庆北玄电竞","address":"景灿路与益胜路交汇处东南角","phone":""},{"name":"007电竞·元通电竞(加州店)","address":"金龙路加州城市花园2、3幢2-10、2-11、2-15号","phone":"电话:023-60360938"},{"name":"电竞馆","address":"重庆市璧山区红碑二街云湖西城西侧约70米","phone":""},{"name":"元通电竞馆","address":"天陈路16号（金沙天街A馆出门左走30m）","phone":""},{"name":"85.电竞","address":"重庆市璧山区大字街工贸嘉苑西南侧约120米","phone":"电话:19112377915"},{"name":"逍遥乐网咖","address":"谢家湾正街98号1幢附6号2层","phone":"电话:18875233257"},{"name":"比心电竞馆(紫荆店)","address":"紫荆州路300号新城丽园3栋商2-1（黄泥磅派出所对面）","phone":"电话:023-67141898"},{"name":"陆捌捌电竞·网咖·棋牌(海棠晓月店)","address":"南坪东路581号海棠晓月海星阁1栋2楼","phone":"电话:023-62300119"},{"name":"松石网咖","address":"松桥路119-2-3","phone":"电话:15736269214"},{"name":"腾云电竞","address":"跳磴镇福华路42号附2号、6号、8号","phone":""},{"name":"缤果电竞·茶楼·荔枝店","address":"人和万年路169号4幢203","phone":""},{"name":"一井电竞","address":"朝阳路3号附29号(2楼)","phone":"电话:13983209720"},{"name":"洛彼托电竞(金科空港店)","address":"观月大道502号附21号4-5金科空巷城4楼","phone":"电话:18725920593"},{"name":"南风电竞·网咖","address":"香礼路2号附62-63号","phone":""},{"name":"静靓网吧(业成花园店)","address":"民生路318号朵兰达V酒店对面","phone":"电话:18580093166"},{"name":"天天电竞","address":"重庆市南岸区珊瑚路贝迪新城-一期西北侧","phone":""},{"name":"零号电竞生活馆","address":"重庆市九龙坡区西郊路36号","phone":"电话:18523848503"},{"name":"豆豆网咖(双凤路店)","address":"双凤路69号B1层（渝北广场地铁站1A口步行370米）","phone":"电话:023-67829018"},{"name":"虚线未来电竞馆(观音桥店)","address":"观音桥建新北路二支路19号附10号2-2","phone":"电话:15223982999"},{"name":"电竞生活馆","address":"重庆市渝北区龙溪街道佳园路53号北城阳光今典1幢2-商业1室","phone":"电话:19122089501"},{"name":"天狼星电竞·RTX3080","address":"同景路11号附1号2-4","phone":"电话:15334520028"},{"name":"八度电竞","address":"璧青北路1001号附28号","phone":"电话:15923023228"},{"name":"极驰电竞网咖(双福店)","address":"双福新区A2还房25幢（交职院公交站、祥福路610号）","phone":""},{"name":"进屋电竞店(观音桥小苑店)","address":"重庆市渝澳大道70号招商锦星汇1栋9楼","phone":"电话:18983965869"},{"name":"新迅电竞(方圆LIVE店)","address":"观音桥方圆LIVELG层LG049号商铺","phone":"电话:17365235526"},{"name":"腾云电竞","address":"重庆市沙坪坝区天陈路三峡广场","phone":""},{"name":"睿赛电竞(陈家桥店)","address":"陈青路216号附17、18号","phone":"电话:023-65631388"},{"name":"新概念电竞(雪嘉店)","address":"华宇渝洲新都大坪正街140号5幢1-3号（斗碗面下行10米）","phone":"电话:13983581652"},{"name":"007电竞·网咖旗舰店(武陵路店)","address":"武陵路201号","phone":"电话:023-67214246"},{"name":"海豚电竞·虎鲸店·茶楼·棋牌","address":"石新路1号雨林商都2层","phone":"电话:15825963240"},{"name":"派客电竞","address":"重庆市渝北区红金路41号","phone":"电话:18725754611"},{"name":"原动力电竞(锦龙路店)","address":"杨家坪西郊路98号(动物园地铁站1号口步行460米)","phone":"电话:13320201900"},{"name":"雨季网吧","address":"飞湖路117号3楼","phone":"电话:023-67831091"},{"name":"嘉悦电竞(盛世店)","address":"重庆市渝北区百灵路兴茂·盛世银座","phone":""},{"name":"虚线未来电竞馆(融景城店)","address":"北城四路110号附7号2-1室","phone":"电话:18183183945"},{"name":"新概念·AG电竞·酒店","address":"景苑路8号附983号2层","phone":"电话:17783038697"},{"name":"斯普迈电竞·99电竞店(九街店)","address":"观音桥东和城北城天街33号附37号","phone":"电话:18875266606"},{"name":"星控电竞","address":"重庆市江北区嘉华路隆达嘉苑西北侧约40米","phone":""},{"name":"卡曼电竞(摩登时代广场店)","address":"重庆市璧山区金剑路496号摩登时代广场F2","phone":"电话:15696175163"},{"name":"八零电竞·哆啦店·卓威包厢","address":"湖霞街17号附2号2-27","phone":""},{"name":"云锦电竞","address":"重庆市江津区祥福大道福城家园-B区","phone":""},{"name":"芝麻电竞俱乐部(瀛嘉店)","address":"东山路4号附74号2-2室","phone":""},{"name":"鲸奇电竞","address":"重庆市巴南区道角街江尚怡景西北侧约260米","phone":""},{"name":"御灵电竞","address":"文兴大道与西桂路交叉口西140米","phone":"电话:19112315238"},{"name":"大狼星电竞","address":"重庆市南岸区同景路金科世界城洋房区","phone":""},{"name":"御灵电竞","address":"文兴大道与西桂路交叉口西140米","phone":"电话:19112315238"},{"name":"大狼星电竞","address":"重庆市南岸区同景路金科世界城洋房区","phone":""},{"name":"启铭星电竞","address":"重庆市渝北区秋成大道158号龙湖公园天街购物中心底商F1","phone":""},{"name":"荣耀电竞馆","address":"重庆市巴南区巴滨路浩立碧海湾","phone":""},{"name":"电竞网咖","address":"重庆市大渡口区钢花路金融广场","phone":""}]