[{"name":"King电竞网吧(双港店)","address":"双港中路122号","phone":"电话:17363581032"},{"name":"king电竞(荷花西路店)","address":"浙江省衢州市柯城区荷花西路225号","phone":"电话:18373930028"},{"name":"开化龙锋电竞网吧","address":"望湖路南湖花园","phone":""},{"name":"晓平电竞","address":"浙江省衢州市江山市鹿溪南路97-1号","phone":"电话:18205706777"},{"name":"熊蜂电竞馆","address":"三衢路190-A08室","phone":"电话:18957011117"},{"name":"龙舟电竞","address":"浙江省衢州市龙游县龙洲街道东门尚街1-12","phone":"电话:13600504949"},{"name":"跃华电竞","address":"新二路12号","phone":"电话:18969499488"},{"name":"江山市魔王电竞馆网吧","address":"解放路173号二层","phone":""},{"name":"杰拉电竞·网咖(天宁巷店)","address":"天宁巷45号","phone":"电话:13251011795"},{"name":"新宇飞网吧","address":"通浦路7号","phone":"电话:13857010119"},{"name":"星瀚电竞","address":"府山街道新桥街18号301室","phone":""},{"name":"开豪电竞(南湖东方店)","address":"府山街道上街96-1号102-1室","phone":""},{"name":"鼎胜网咖","address":"北泉街39-14号","phone":"电话:18367071118"},{"name":"开豪电竞(西区吾悦店)","address":"吾悦广场1楼北2-129号","phone":""},{"name":"天湖网吧","address":"天湖南路85号","phone":"电话:15057016489"},{"name":"熊猫电竞(广成路店)","address":"浙江省衢州市衢江区广成路30号","phone":"电话:18868089186"},{"name":"杰拉电竞·网咖(万达广场衢州柯城店)","address":"柯城万达广场店三楼杰拉电竞","phone":"电话:17357096629"},{"name":"梦乐网吧","address":"东港开发区东滨路43号","phone":""},{"name":"开豪电竞(斗潭店)","address":"西安路53-11号","phone":""},{"name":"友好电竞馆","address":"浙江省衢州市衢江区通江路86号","phone":""},{"name":"温馨网吧(龙化路店)","address":"柯龙化路39号","phone":"电话:13957032148"},{"name":"网友网吧(亚美路店)","address":"荷五路790-794号","phone":"电话:15700000857"},{"name":"杰拉电竞·网咖(吾悦广场衢州店)","address":"衢州市柯城区花园中大道吾悦广场","phone":"电话:19703675261"},{"name":"星禾电竞体验馆(龙化路店)","address":"龙化路169号","phone":""},{"name":"蓝精灵网吧(荷花中路)","address":"荷花中路496号","phone":"电话:13106064060"},{"name":"新雨网吧","address":"振兴西路192号","phone":"电话:18057008009"},{"name":"飞驰电竞网咖","address":"浙江省衢州市柯城区新新街道百汇路499、501、503号","phone":"电话:13857038282"},{"name":"巅峰电竞(致远广场店)","address":"坊门街49号2层","phone":""},{"name":"梦幻网吧(百汇路)","address":"百汇路466-472号","phone":"电话:13306705571"},{"name":"牛B玩家(国金中心店)","address":"府山街道后街巷3号(国金中心)","phone":"电话:0570-3359935"},{"name":"雀小云·24h自助棋牌俱乐部(荷三路店)","address":"双港街道五湖村白凉亭34-3号","phone":"电话:17707706851"},{"name":"闲鱼电竞","address":"太平西路428号","phone":"电话:13575672299"},{"name":"新衢门网咖","address":"北一道82号","phone":"电话:13735099019"},{"name":"宜博电竞馆(江源路店)","address":"江源路1-3号","phone":"电话:17757095332"},{"name":"江山市星烁网吧有限公司(江城北路店)","address":"江城北路凤和苑6-11号","phone":"电话:13857003518"},{"name":"雷霆网吧·电竞(马站底店)","address":"狮桥街66号二楼","phone":""},{"name":"开豪电竞(衢州银泰城店)","address":"银泰城F4层","phone":""},{"name":"金苹果电竞(致远广场店)","address":"狮子巷52号（致远停车场内）","phone":"电话:13587007298"},{"name":"虚拟网咖","address":"双港中路112号","phone":""},{"name":"新天网吧(凤起路店)","address":"柯凤起路15-17号","phone":"电话:15906705858"},{"name":"星迪网咖","address":"鹿溪南路29、31号","phone":"电话:13857003518"},{"name":"新蛋电脑PS5·XBOX","address":"建乙巷12号","phone":"电话:0570-8607221"},{"name":"聚友网咖(江城北路店)","address":"凤和苑1-8号","phone":"电话:13587013747"},{"name":"星雅电竞酒店","address":"衢州市柯城区通衢街火宏凯泰国际汽车城","phone":""},{"name":"像素网咖","address":"浙江省衢州市衢江区廿里镇蛇泉路33号","phone":"电话:15857080688"},{"name":"开豪电竞(双港路店)","address":"衢州市柯城区双港路锦绣家园","phone":""},{"name":"B(F国际电竞馆)","address":"浙江省衢州市柯城区三桥街6号","phone":"电话:13587882919"},{"name":"半糖电竞酒店(衢州高铁站店)","address":"浙江省衢州市柯城区徽州街1号","phone":""},{"name":"电竞锋(南湖恒太城店)","address":"南湖恒太城二楼","phone":""},{"name":"PANDA电竞酒店","address":"衢州市虎山街道城中路18号","phone":""},{"name":"POP BEAR衢州吾悦广场店","address":"吾悦广场3F","phone":"电话:17306781107"}]