[{"name":"君临电竞","address":"安徽省滁州市全椒县庄曹路888号","phone":"电话:15385055454"},{"name":"云顶电竞网咖","address":"府城镇中都大道东侧路广和坊S3幢33号室","phone":"电话:15255061886"},{"name":"魔幻电竞","address":"安徽省滁州市全椒县十字镇韦四路49号、53号202号","phone":""},{"name":"巅峰电竞(南苑店)","address":"安徽省滁州市全椒县晴霄路99号106-109号华泰南苑北门附近","phone":""},{"name":"大圣电竞","address":"天一阳光城西北门北130米","phone":"电话:13965955000"},{"name":"梦幻电竞网咖","address":"安徽省滁州市南谯区大王街道中新大道900号40幢207~209号二楼","phone":"电话:18119809905"},{"name":"玩家国度电竞馆(幸福网吧店)","address":"安徽省滁州市明光市池河大道222号","phone":"电话:15005508713"},{"name":"悍将电竞网咖","address":"安徽滁州市来安县泗阳路977号","phone":""},{"name":"E族网络·EZ电竞馆","address":"凤西路延伸段凤凰湖畔2栋153号","phone":"电话:13855001342"},{"name":"熊猫网咖(蚝门烧烤盛唐步行街店)","address":"体育路99-58号附近","phone":""},{"name":"悦电竞","address":"滁州市南谯区龙蟠大道12号","phone":""},{"name":"蓝色之恋网吧(一店)","address":"紫薇北路1261号","phone":"电话:13965990993"},{"name":"松鼠电竞网咖","address":"丰乐大道81-8、81-208号","phone":"电话:0550-3017878/13865832192"},{"name":"乐派电竞","address":"中都大道1555号凯迪置地广场3楼320室","phone":"电话:19155250221"},{"name":"鑫鑫网吧(凤阳北路店)","address":"凤阳北路188号","phone":"电话:17505501188"},{"name":"乐橙网咖","address":"东坡西路777号凯迪·塞纳河畔商业B段209-210室","phone":"电话:15655006060"},{"name":"菱溪苑网吧","address":"菱溪北路西50米","phone":""},{"name":"逸网风情电竞馆网咖","address":"永乐北路194-301号、186-302号","phone":"电话:13355507727"},{"name":"蓝色电竞网咖","address":"印象菱溪国际广场","phone":"电话:13855008787"},{"name":"东升网咖","address":"常州路与清流路交叉口北200米商业街商A-151室","phone":"电话:18009608080"},{"name":"星域电竞网咖","address":"金鹏山河境南门西50米","phone":"电话:18555103620"},{"name":"老猫电竞网咖","address":"银山路288号(鸿坤理想城二期)S1号商业207号杨子派出所正对面二楼","phone":"电话:18055017299"},{"name":"EZ电竞馆","address":"滁州市琅琊区凤凰西路凤凰湖畔东南1门东北侧约60米","phone":""},{"name":"火力电竞(山河筑店)","address":"安徽省滁州市琅琊区扬子街道滁州市扬子花园南237米","phone":"电话:13851741458"},{"name":"星驰网咖","address":"安徽省滁州市琅琊区金山路与池河路交叉口鸿坤理想城南门1号街3楼317~320室","phone":"电话:13615503793"},{"name":"九溟网吧","address":"南谯中路1223号1225号","phone":"电话:15255086969"},{"name":"蛮部落网咖(东坡西路店)","address":"龙蟠南苑北门口","phone":"电话:15055011010"},{"name":"蓝域网吧(西大街店)","address":"双拥西路198号","phone":""},{"name":"芮奇网咖","address":"鸿坤·理想城","phone":"电话:13805501992"},{"name":"滁州宏途电竞酒店","address":"中都大道1577号（世贸大厦A座27楼）","phone":""},{"name":"新建网吧蓝域连锁(湖心西路店)","address":"南谯中路1464号","phone":""},{"name":"海豚电竞","address":"滁州市琅琊区丰乐大道茂业长江商贸城","phone":""},{"name":"春雷网咖(龙蟠西苑店)","address":"滁州职业技术学院新校区对门东坡路","phone":"电话:15385083720"},{"name":"摩野电竞酒店网咖","address":"滁州市琅琊区创新路滁州菱溪花园-北区西北侧约180米","phone":"电话:18019875503"},{"name":"一苑电竞馆","address":"滁州市南谯区常州路林楼小区","phone":""},{"name":"清风网咖(滁州万达广场店)","address":"南谯路与湖心路交叉口万达广场2楼2003、2005、2006B号","phone":"电话:18949718151"},{"name":"致青春网咖(丰全巷店)","address":"丰乐大道汇丰雅苑5幢1493-6至10号","phone":"电话:13305500319"},{"name":"星驰电竞网咖","address":"安徽省滁州市南谯区东升花园商业街B区217室","phone":"电话:17754246777"},{"name":"御尚网咖","address":"龙山路401号、403号商业（卓耕天御门面房）","phone":"电话:18255058968"},{"name":"联众网络初心网咖(银花西区南苑店)","address":"湖心西路38-6号","phone":"电话:13355507727"},{"name":"博科网咖","address":"安徽省滁州市南谯区常州路东升花园","phone":"电话:18905500739"},{"name":"电竞研习社(乐彩城购物中心滁州店)","address":"安徽省滁州市琅琊区南谯北路860号(与琅琊路交叉口)乐彩城(滁州店)乐彩城购物中心F1","phone":""},{"name":"联众网络(中州店)","address":"上海北路689号15幢105","phone":"电话:13805507225"},{"name":"小怪兽电玩(吾悦广场店)","address":"敬梓东路678号吾悦广场亭城印巷2楼S216-224室","phone":""},{"name":"六道电竞工作室","address":"滁州市琅琊区长乐路永鑫金色春天","phone":""},{"name":"火力网咖(骇客店)","address":"仁和路恒大绿洲商铺2号128室","phone":"电话:18155019955"},{"name":"火力网咖(金域豪庭店)","address":"滁州市琅琊区菱溪路555号金域豪庭6栋2单元","phone":"电话:18055079911"},{"name":"STRATEGY电子竞技馆","address":"滁州市琅琊区丰乐大道汇丰雅苑小区","phone":""},{"name":"联众电竞(金鹏琅琊玖玖广场店)","address":"金山路与扬子大道交叉口东北100米","phone":"电话:18949783771"},{"name":"城小蜗无人电竞酒店(滁州职业技术学院店)","address":"琅琊区安徽省滁州市丰乐南路281号(滁州长江商贸城皖东国际车城B区)4幢4层","phone":""},{"name":"大玩家(滁州万达店)","address":"南谯北路万达广场二楼大玩家","phone":"电话:0550-3926292/15008399471"},{"name":"慢车道(滁州金鹏玖玖店)","address":"龙蟠大道55号金鹏99城市广场3楼","phone":""},{"name":"华云网络会所","address":"永乐南路403号发能国际城商业403室","phone":"电话:15375020688"},{"name":"滁州北斗电竞宾馆","address":"安徽省滁州市琅琊区琅琊街道天长东路192-1号","phone":""},{"name":"可拉斯电竞网咖","address":"安徽省滁州市南谯区儒林北路1348号","phone":"电话:18955082875"}]