[{"name":"风云电竞","address":"菜市街汉源一中西侧约200米","phone":"电话:13404059211"},{"name":"天堂电竞(步行街)","address":"四川省雅安市石棉县文化路14号","phone":"电话:0835-8868399"},{"name":"网络电竞","address":"四川省雅安市荥经县荥兴路东一段与同心街下街交叉口西北40米","phone":""},{"name":"魔方电竞(思源路店)","address":"金花路13号","phone":"电话:0835-6528188"},{"name":"名点电竞","address":"四川省雅安市雨城区大兴街道中央学府穆家西街1号","phone":""},{"name":"星辰电竞馆(芦山店)","address":"四川省雅安市芦山县平安路207号","phone":"电话:0835-6777166/15984507827"},{"name":"时光海电竞(正黄·金域首府店)","address":"和平南路49号青年正黄金域首府正黄1期1号门旁","phone":"电话:18783572150"},{"name":"时光海网咖(榕诚广场店)","address":"蒙山大道58号","phone":"电话:18782964910"},{"name":"沃尔电竞(萝卜岗店)","address":"江汉大道四段60号汉源县财富商业中心三楼","phone":"电话:0835-4481976"},{"name":"天下无双电竞","address":"梨城北路20号","phone":"电话:17738311900"},{"name":"6号网咖","address":"和平南路25号","phone":"电话:13658025724"},{"name":"夏尔网咖电子竞技训练馆(兴贸街店)","address":"雅安市雨城区兴贸街沙湾川航小区东侧约30米","phone":""},{"name":"星辰电竞馆","address":"绿岛路十里原湾一期三栋二楼一号","phone":"电话:19138686888"},{"name":"PK BOY电竞(回忆店)","address":"四川省雅安市名山区西大街112号","phone":""},{"name":"风云电竞(挺进路店)","address":"魅力印象3楼","phone":""},{"name":"雅安岚海酒店X主场电竞","address":"雅安市滨江西路6号蜀天雨城汇1号楼7楼2号","phone":"电话:17738291807"},{"name":"23电竞酒店(时代天街店)","address":"和平中路2号正黄时代天街1幢1单元15层","phone":""},{"name":"魔方电竞(东大街店)","address":"朝阳街24号3层","phone":"电话:18508355456"},{"name":"尚酷玩家(深达超市店)","address":"青年街正黄时代天街负一楼(深达超市入口处)","phone":"电话:0835-2882815"},{"name":"沐恩电竞(幻城店)","address":"茶都大道(教育小区)3幢6.7号","phone":""},{"name":"时光·速腾网吧","address":"草坝中学西侧约230米","phone":"电话:18283583093"},{"name":"极光网咖(德坤商业广场店)","address":"德坤商业广场(德坤新里城店)","phone":""},{"name":"玩嗨电玩城","address":"雅安市雨城区和平南路正黄金域首府东北2门南侧约40米","phone":"电话:18283541377"},{"name":"绿舟电竞","address":"雅安市雨城区和平中路正黄金域首府","phone":""},{"name":"NO.3电竞网咖","address":"四川省雅安市雨城区草坝镇G351(龙洲路)","phone":"电话:17778415797"},{"name":"23电竞酒店(时代天街店)","address":"和平中路2号正黄时代天街1幢1单元15层","phone":""},{"name":"暴风电竞(时代天街店)","address":"四川省雅安市雨城区和平中路2号正黄时代天街1栋2层40号L2-01-1号","phone":""},{"name":"游乐橙","address":"雅安市雨城区汉阙路拓海第一江岸-1期","phone":""},{"name":"酷力酷电玩城","address":"和平中路2号正黄时代天街2层L2楼梯口","phone":"电话:13214264770"},{"name":"太空传奇(雅安店)","address":"熊猫大道66号万达广场4楼","phone":""},{"name":"酷力酷电玩城","address":"和平中路2号正黄时代天街2层L2楼梯口","phone":"电话:13214264770"},{"name":"太空传奇(雅安店)","address":"熊猫大道66号万达广场4楼","phone":""},{"name":"梦中乐园","address":"雅安市卓达广场1楼10号","phone":""}]