[{"name":"云游桌球棋牌电竞城","address":"班超大道与海青路交叉口东南180米","phone":"电话:19309976656"},{"name":"城市英雄网苑","address":"新井子南路西50米","phone":""},{"name":"阿拉尔市凛冬电竞酒店","address":"阿拉尔市金银川路铧阳鑫城小区门口旁","phone":""},{"name":"怪兽电竞网咖(阿拉尔店)","address":"南泥湾大道1号","phone":""},{"name":"赤金鲤电竞馆","address":"阿拉尔市海融悦汇天街商业5号楼226","phone":"电话:18714629445"},{"name":"阿拉尔市极速巅峰电竞酒店","address":"新疆维吾尔自治区阿拉尔市S215","phone":""},{"name":"阿拉尔乐派电竞网咖","address":"阿拉尔市金银川路与秋收大道交叉路口往东约150米","phone":""},{"name":"霏鱼电竞网咖","address":"阿拉尔市天山路","phone":"电话:15199207111"},{"name":"摩尔电竞网咖","address":"新疆维吾尔自治区阿拉尔市九团创业大道","phone":"电话:16609979888"},{"name":"酷乐电玩厅(不夜城)","address":"阿拉尔市金银川路与秋收大道交叉路口往东约100米","phone":"电话:18999663838"},{"name":"","address":"","phone":""},{"name":"","address":"","phone":""},{"name":"","address":"","phone":""},{"name":"","address":"","phone":""},{"name":"","address":"","phone":""},{"name":"","address":"","phone":""}]