[{"name":"一号电竞网吧(天能路分店)","address":"宜宾市长宁县安宁路一段竹海大酒店(竹海路一段店)东北侧约90米","phone":""},{"name":"桌球上网电竞","address":"宜宾市翠屏区西环线塞纳国际","phone":""},{"name":"2008电竞","address":"四川省宜宾市高县翰笙路129号2008室","phone":""},{"name":"星辰电竞生活馆","address":"四川省宜宾市屏山县金沙江大道西段2号鸿正国际6号楼2层","phone":"电话:18384161819"},{"name":"麦芽电竞","address":"郑家坡街7号溢香谷小区2号楼1层15号","phone":"电话:0831-5691984/19380872880"},{"name":"超凡电竞","address":"临港经开区港园路西段5号西部食品城商贸城6幢12-28号2楼","phone":"电话:08318080688"},{"name":"海鱼电竞(华夏路店)","address":"华夏春路125号","phone":"电话:0831-2636999"},{"name":"爱攻电竞馆","address":"德公路91号9栋附10号1单元2楼1号","phone":"电话:13350171772"},{"name":"A8电竞馆","address":"四川省宜宾市屏山县屏山镇君山大道(A17-4地块)财富广场2幢2层02号","phone":"电话:0831-5886888"},{"name":"1+电竞宜佳店","address":"敬业路绿源购物广场对面","phone":"电话:0831-3558845"},{"name":"自由鸟休闲网咖(中心市场店)","address":"叙府路西段37号1单元门市中心市场","phone":""},{"name":"OG电竞(临港店)","address":"港临街商铺2楼","phone":"电话:19908100500"},{"name":"滨和网咖","address":"翠屏东街120号2层","phone":"电话:13340667330"},{"name":"箭鱼网咖","address":"吉祥名都","phone":"电话:0831-2334539"},{"name":"唐人网咖","address":"临港经济开发区化工路265号永竟临港中央3幢2层12-1号","phone":"电话:15775970054"},{"name":"鑫座网咖","address":"恒旭银座第一栋三层","phone":"电话:19382352316"},{"name":"稻田电竞","address":"叙府中路25-1号莱茵河畔小区2层","phone":"电话:0831-8087779/19183105106"},{"name":"涡沦电竞馆(城区店)","address":"民主路58号","phone":""},{"name":"1+电竞宜佳店","address":"敬业路绿源购物广场对面","phone":"电话:0831-3558845"},{"name":"UPG电竞俱乐部","address":"临港经济开发区大学路龙观嘉园14幢2层1号","phone":"电话:18582912222"},{"name":"天空之城电竞(公元π店)","address":"临港经开区科教公园兀7幢3层1号","phone":"电话:0831-8212317"},{"name":"GYG电竞","address":"长翠路竹里香街18栋","phone":"电话:18181657088"},{"name":"G港电竞","address":"望江路153号附8号(丽雅上城旁)","phone":"电话:15883103885"},{"name":"天空之城潘朵拉电竞(护国路店)","address":"临港经开区护国路2号白沙翡翠城41幢2层10-室","phone":"电话:18684007026"},{"name":"浮石电竞网咖","address":"丘陵支路与洋坪二路交叉口东南80米","phone":""},{"name":"领航网咖","address":"清华街49号","phone":""},{"name":"宇宙网咖(万达店)","address":"南岸街道航天路南段14号附1号","phone":"电话:19908100500"},{"name":"电竞馆","address":"宜宾市叙州区金沙江北路西段天福北苑东侧","phone":""},{"name":"e世纪网吧(丝丽雅生活小区店)","address":"中渡口街2号附2号","phone":""},{"name":"红豆电竞","address":"四川省宜宾市叙州区金沙路14号","phone":""},{"name":"老地方电竞馆","address":"四川省宜宾市翠屏区仁和街30号","phone":"电话:13118009600"},{"name":"千喜网咖(华擎三分店)","address":"江北葡萄园小区红丰西路10号","phone":"电话:0831-3557100"},{"name":"一网情深网咖","address":"康宁路西段71号正南方向10米","phone":"电话:13440097281"},{"name":"卡尔玛电竞(鸿通·白沙翡翠城店)","address":"翡翠城39栋2楼","phone":"电话:18990920167"},{"name":"seven7电竞体验中心","address":"G85宜水高速","phone":""},{"name":"风向网咖(中娱)","address":"西部食品商贸城临港园路四段5号","phone":"电话:19162798947"},{"name":"微笑网咖(唐人财富中心店)","address":"鑫空间商铺五栋1","phone":"电话:0831-2208922"},{"name":"峡谷之巅网吧","address":"红坝路与纵四路交叉口西南260米","phone":"电话:15082601234"},{"name":"狮子座电竞馆","address":"天池路昌谊天池花园","phone":"电话:18909097210"},{"name":"A元素电竞(雷霆网吧店)","address":"四川省宜宾市翠屏区鲁家园58号附14号","phone":"电话:17738177265"},{"name":"A元素电竞(雷霆网吧店)","address":"四川省宜宾市翠屏区鲁家园58号附14号","phone":"电话:17738177265"},{"name":"W&L电竞馆(宇宙网咖城区店)","address":"宜宾市翠屏区蜀南大道中林家巷96号小区西南侧约40米","phone":""},{"name":"朋克电竞馆(大观楼旗舰店)","address":"宜宾市翠屏区西街115号2层1-9号","phone":"电话:13990922977/17390510111"},{"name":"石头人电竞","address":"佑之路鹭湖宫二期12栋2楼","phone":""},{"name":"原著网咖","address":"山水原著溢香谷商业2号楼2层26号","phone":"电话:0831-2201600"},{"name":"零度网咖(城中央店)","address":"康宁路中央步行街28号门市","phone":"电话:0831-6886788"},{"name":"奈斯电竞酒店(宜宾学院店)","address":"宜宾市酒圣路143号1幢6层","phone":""},{"name":"雷霆网咖(鲁家园店)","address":"合江门街道鲁家园54附14号(基督教右侧20米处)","phone":"电话:0831-2222293"},{"name":"都邦网咖","address":"长江大道西段14号","phone":""},{"name":"宜博电竞馆(艾欧尼亚店)","address":"僰侯路2段86号长江国际青年城2幢2层70号","phone":"电话:0831-2201103"},{"name":"地球村网咖(西街店)","address":"西街200号","phone":""},{"name":"大玩家(宜宾万达店)","address":"航天路南段7号万达广场内购物中心2楼","phone":"电话:0831-2220099"},{"name":"佐伊俱乐部(宜宾柏溪店)","address":"柏溪街道城北新区城中央(青年公社)34幢3层2号","phone":"电话:0831-6168889"},{"name":"电竞俱乐部(唐人财富中心店)","address":"宜宾市叙州区南岸西区金沙江大道118号唐人财富中心","phone":""},{"name":"三人行电竞馆(众生商业广场店)","address":"黄桷坪路220号滨城尚都B区8幢7号8号众生商业广场F1","phone":""}]