[{"name":"巅峰电竞(高新店)","address":"高新五路方圆荟麦当劳西侧二楼","phone":"电话:19946559285"},{"name":"蓝月电竞桌球(中山路店)","address":"中山东路176号-5","phone":""},{"name":"巅峰电竞(文化里店)","address":"文化路文化里街区三楼（开元商城对面）","phone":"电话:15389338095"},{"name":"白鲨电竞馆","address":"陕西省宝鸡市凤翔区城关镇时代广场(东大街店)西147米","phone":"电话:19992206434"},{"name":"星月电竞桌球","address":"高新大道高新名门商铺3层","phone":""},{"name":"魅力网咖","address":"权家巷上致小区西侧约210米","phone":"电话:18091753663"},{"name":"Z1网咖","address":"大庆路67号东区CLASS号","phone":"电话:18091729747"},{"name":"新世纪网吧","address":"蔡家坡西三路兴建美食城二楼","phone":"电话:15389659508"},{"name":"欢乐网吧(跃进路店)","address":"跃进路三号小区","phone":""},{"name":"超凡电竞馆","address":"陕西省宝鸡市陈仓区虢镇街道虢镇西关北街阳光广场西侧","phone":"电话:13892729623"},{"name":"Z1网咖","address":"大庆路67号东区CLASS号","phone":"电话:18091729747"},{"name":"欢乐网吧(跃进路店)","address":"跃进路三号小区","phone":""},{"name":"超凡电竞馆","address":"陕西省宝鸡市陈仓区虢镇街道虢镇西关北街阳光广场西侧","phone":"电话:13892729623"},{"name":"经典网吧(党陈路)","address":"宝光路党家村市场","phone":""},{"name":"明乐电竞网咖(陈仓步行街店)","address":"西大街240号","phone":"电话:0917-6228111"},{"name":"IM头号玩家·FPS主题电竞馆(天玺东郡店)","address":"宝鸡市高新区创新路3号楼3层4号","phone":"电话:19946571592"},{"name":"au电竞","address":"陕西省宝鸡市金台区陈仓大道45号","phone":""},{"name":"SWEET / TP电竞馆(方圆荟·华厦MALL店)","address":"高新五路华夏悦世界A座壹空间6楼","phone":"电话:15116221916"},{"name":"鑫都网吧(都市新天地店)","address":"高新大道城市新天地","phone":""},{"name":"枫叶电竞(创业路店)","address":"创业路（多宝桌球创业路店1层）","phone":"电话:17729377650"},{"name":"老朋友网吧","address":"中山东路198附7号","phone":"电话:0917-3857236"},{"name":"灰鲸网咖(三迪加州店)","address":"宝虢路8号院153幢1层2号","phone":"电话:18690000034"},{"name":"8号电竞","address":"陕西省宝鸡市陈仓区西大街7号","phone":"电话:18991280864"},{"name":"WESTINN电竞(英达路店)","address":"宝鸡市英达路西西里精选酒店二楼","phone":""},{"name":"DG电竞酒店","address":"城关镇东关街84号","phone":""},{"name":"巨龙网络(经一路步行街店)","address":"新开路1号楼","phone":"电话:15107000163"},{"name":"网博士网咖(千渭二分店)","address":"陈仓大道千谓时代广场三楼","phone":"电话:17729586456"},{"name":"德玛西亚电竞馆(时代广场店)","address":"东大街1号大十字东南角时代广场","phone":""},{"name":"皮皮虾电竞酒店(宝鸡南站店)","address":"陕西宝鸡市渭滨区高新大道46号永泰茗苑东区21号楼6层611室","phone":""},{"name":"竞筑梦想电竞馆(经一路店)","address":"经一路1号楼百富商城4层01号","phone":"电话:0917-8857777"},{"name":"竞筑梦想电竞馆(经一路店)","address":"经一路1号楼百富商城4层01号","phone":"电话:0917-8857777"},{"name":"皮皮虾电竞酒店(宝鸡南站店)","address":"陕西宝鸡市渭滨区高新大道46号永泰茗苑东区21号楼6层611室","phone":""},{"name":"上网电竞","address":"宝鸡市凤翔区文化路盛世秦都幼儿园东北侧约40米","phone":""},{"name":"D2网络休闲会所(名汇购物商城店)","address":"汉中路93号名汇购物商城F5层","phone":""},{"name":"YOKI网咖(米兰广场店)","address":"宏文路米兰广场3楼","phone":"电话:13399275999"},{"name":"宝鸡首宿电竞酒店","address":"渭滨大道八鱼镇淡家村六方商贸城二层","phone":""},{"name":"米修网络","address":"姜谭路三合居门面4号","phone":"电话:18091729747"},{"name":"G-PARK电竞公园(星钻·PARK店)","address":"陕西省宝鸡市渭滨区广场东路与高新大道交叉口西北侧星钻·PARKF1","phone":""},{"name":"电竞网咖(宝光路店)","address":"陕西省宝鸡市渭滨区宝光路与党陈路交叉口东北方向20米","phone":""},{"name":"Ky主机电玩咖(高新天下汇店)","address":"万润国际广场B座1单元2508室","phone":"电话:17829770511"},{"name":"","address":"","phone":""},{"name":"","address":"","phone":""},{"name":"","address":"","phone":""},{"name":"","address":"","phone":""},{"name":"","address":"","phone":""},{"name":"","address":"","phone":""},{"name":"","address":"","phone":""},{"name":"","address":"","phone":""},{"name":"","address":"","phone":""},{"name":"","address":"","phone":""},{"name":"Z1网咖","address":"大庆路67号东区CLASS号","phone":"电话:18091729747"},{"name":"欢乐网吧(跃进路店)","address":"跃进路三号小区","phone":""},{"name":"经典网吧(党陈路)","address":"宝光路党家村市场","phone":""},{"name":"灰鲸网咖(三迪加州店)","address":"宝虢路8号院153幢1层2号","phone":"电话:18690000034"},{"name":"IM头号玩家·FPS主题电竞馆(天玺东郡店)","address":"宝鸡市高新区创新路3号楼3层4号","phone":"电话:19946571592"},{"name":"au电竞","address":"陕西省宝鸡市金台区陈仓大道45号","phone":""},{"name":"鑫都网吧(都市新天地店)","address":"高新大道城市新天地","phone":""},{"name":"SWEET / TP电竞馆(方圆荟·华厦MALL店)","address":"高新五路华夏悦世界A座壹空间6楼","phone":"电话:15116221916"},{"name":"老朋友网吧","address":"中山东路198附7号","phone":"电话:0917-3857236"},{"name":"枫叶电竞(创业路店)","address":"创业路（多宝桌球创业路店1层）","phone":"电话:17729377650"},{"name":"WESTINN电竞(英达路店)","address":"宝鸡市英达路西西里精选酒店二楼","phone":""},{"name":"巨龙网络(经一路步行街店)","address":"新开路1号楼","phone":"电话:15107000163"},{"name":"竞筑梦想电竞馆(经一路店)","address":"经一路1号楼百富商城4层01号","phone":"电话:0917-8857777"},{"name":"YOKI网咖(米兰广场店)","address":"宏文路米兰广场3楼","phone":"电话:13399275999"},{"name":"D2网络休闲会所(名汇购物商城店)","address":"汉中路93号名汇购物商城F5层","phone":""},{"name":"G-PARK电竞公园(星钻·PARK店)","address":"陕西省宝鸡市渭滨区广场东路与高新大道交叉口西北侧星钻·PARKF1","phone":""},{"name":"电竞网咖(宝光路店)","address":"陕西省宝鸡市渭滨区宝光路与党陈路交叉口东北方向20米","phone":""},{"name":"池上网咖","address":"广元路8号","phone":""},{"name":"网鱼网咖·电竞(宝光路店)","address":"西宝路51号","phone":""},{"name":"E+动漫城(陈仓老街店)","address":"滨河大道陈仓老街4号院5栋1层3号商铺","phone":"电话:0917-3435678"},{"name":"池上网咖","address":"广元路8号","phone":""},{"name":"E+动漫城(陈仓老街店)","address":"滨河大道陈仓老街4号院5栋1层3号商铺","phone":"电话:0917-3435678"},{"name":"欢享屋主机电玩","address":"经二路天同国际A座10楼1010室","phone":"电话:16609176631"},{"name":"浩享互娱·PS5·Switch·电玩体验(天下汇店)","address":"万润国际广场B座1单元701","phone":"电话:17391549799"},{"name":"绿巨人电竞酒店","address":"政西路北口盛世广场20号楼1单元轩苑公寓1008","phone":""},{"name":"纸盒电玩","address":"陈仓园市民中心西楼1单元1101室","phone":"电话:0917-3256669/15319178578"},{"name":"焕游星际家庭娱乐中心(宝鸡开元商城店)","address":"经二路开元商城4楼西南角商铺","phone":"电话:0917-3903989"},{"name":"潮玩地带家庭娱乐城","address":"石鼓镇滨河大道88号太阳市B座1单元202号","phone":""}]