[{"name":"新城电竞中心","address":"古州镇城北新区321国道三水榕城4栋二","phone":"电话:18685706976"},{"name":"电竞网咖(飞云路店)","address":"贵州省黔东南苗族侗族自治州黄平县飞云路汇龙湾商业广场2楼","phone":""},{"name":"宜博电竞馆(三穗分店)","address":"贵州省黔东南苗族侗族自治州三穗县东门南路8号","phone":"电话:13765527766"},{"name":"湘华电竞(凯里万达广场店)","address":"环城东路1265号万达广场F2层","phone":""},{"name":"金克丝电竞","address":"龙泉大道269号","phone":"电话:13027398450"},{"name":"星辰电竞","address":"黔东南苗族侗族自治州天柱县中山路东方明珠西南侧约40米","phone":""},{"name":"盘龙电竞馆","address":"盘龙街58号大菜园广场旁边","phone":"电话:13985283616/13985286907"},{"name":"振华网吧(文化街店)","address":"云峰大厦西南门旁","phone":""},{"name":"新百汇电竞","address":"市府东路6号","phone":"电话:13751348913"},{"name":"佳利网咖","address":"文化南路2号文研所门面","phone":"电话:15185576288"},{"name":"NICE电竞馆(琉森堡·万国城店)","address":"凯里经济开发区春晖东大道2号1栋1层1-1号","phone":"电话:17685256972"},{"name":"沐舟电竞网咖","address":"凯棉路24号","phone":"电话:18485474694"},{"name":"网游世界网咖","address":"320国道捷讯网络会楼下","phone":"电话:18084328361"},{"name":"超音速网吧(儛源路)","address":"北门街与康平路交叉口南80米","phone":""},{"name":"启点电竞","address":"黔东南苗族侗族自治州台江县苗疆东大道苗疆商贸城东侧约60米","phone":""},{"name":"梦时代电玩城(凯里国贸店)","address":"永乐路永乐国贸3楼","phone":"电话:18485464546"},{"name":"柒游电玩社·PS5·Switch·赛车模拟(凯里方圆荟购物广场店)","address":"贵州省黔东南苗族侗族自治州凯里市大十字方圆荟公寓楼7楼731号","phone":"电话:19885389527"},{"name":"独流电竞馆(药材综合大楼店)","address":"北京西路大十字街道8号药材综合大楼B1层","phone":"电话:0855-3553222"},{"name":"虎贲电竞","address":"州建公司苹果山花园一楼","phone":"电话:13688559808"},{"name":"9号电竞","address":"博南路5号荷香居3号楼-1层9、10号门面","phone":"电话:13595598855"},{"name":"时空猎人(凯里东方爱琴海购物中心店)","address":"东方爱琴海购物中心L3层L312、L313、L315号铺","phone":"电话:15308545388"},{"name":"三棵树劲松网吧(电竞室)","address":"贵州省黔东南苗族侗族自治州凯里市X892(南花街)","phone":"电话:18085554992"},{"name":"昕懿网咖","address":"宁波路33号正","phone":"电话:18386772066"},{"name":"天源网吧(北京西路店)","address":"北京西路41号","phone":"电话:13195158877"},{"name":"玖捌电竞","address":"黔东南苗族侗族自治州凯里市北京东路6号二楼","phone":"电话:08558252192"},{"name":"ET—House(外星人电竞)","address":"贵州省黔东南苗族侗族自治州凯里市大十字街道莲花巷31号","phone":""},{"name":"大玩家(丹寨旅游小镇店)","address":"苗年广场商铺s-01","phone":"电话:0855-3698345"},{"name":"恒天网络旗舰店(韶山北路店)","address":"贵州省黔东南苗族侗族自治州凯里市韶山北路8号凯旋公馆3楼","phone":"电话:15329559922"},{"name":"星际壹号电竞酒店(凯里九方购物中心店)","address":"黔东南苗族侗族自治州东方广场2幢1单元8层","phone":""},{"name":"沙糖桔电玩·ps5·switch","address":"北京西路8号药材综合大楼7楼718室","phone":"电话:18984498190"},{"name":"卓漫潮玩(万达广场店)","address":"环城东路1265号万达广场三楼3005铺(万达广场内三楼中间扶梯旁)","phone":"电话:18078799668"}]