[{"name":"无极电竞","address":"诚信路17-20号（十碗头隔壁）","phone":"电话:17306851786"},{"name":"龙猫电竞网吧(华南路店)","address":"双佳路7号悦朗新天地","phone":"电话:15957044440"},{"name":"怪兽电竞网咖","address":"蓝天市心广场5号楼2楼","phone":"电话:17706546608"},{"name":"星皇网咖","address":"耶溪路297号","phone":"电话:0575-85678108"},{"name":"大碗茶电竞(店口店)","address":"浙江省绍兴市诸暨市振兴路42-3号","phone":"电话:13357599808"},{"name":"银河电竞","address":"绍兴市浙江省嵊州市浦口街道浦金商务楼2幢2楼","phone":"电话:17757577954"},{"name":"悟空电竞","address":"浙江省绍兴市越城区滨海新城沥海镇海东大道西路71号","phone":"电话:0575-82695590"},{"name":"忆妹电竞馆","address":"盾安南路35号","phone":"电话:13429565840"},{"name":"阿林可木电竞(金都店)","address":"暨东路35号2层","phone":"电话:13758573188"},{"name":"绍兴城南前辰电竞","address":"解放南路1361号铭康大厦2楼","phone":"电话:13175250315"},{"name":"星球电竞","address":"胜利东路345号江南世家浦发银行3楼","phone":"电话:13175250315"},{"name":"网鱼网咖·电竞(绍兴越城袍江大润发店)","address":"绍兴市越城区绍兴国际财富中心东门南150米","phone":"电话:14704009433"},{"name":"魔杰电竞(世纪东街店)","address":"世纪东街80号205室","phone":"电话:17757502250"},{"name":"宏徽电竞(滨河商业中心店)","address":"世纪街280号滨河商业步行街中心4号楼2楼","phone":"电话:0575-88065851"},{"name":"TT·电竞(龙湖绍兴镜湖天街店)","address":"镜湖龙湖天街5楼TT电竞","phone":""},{"name":"杰拉电竞.网咖(绍兴越城区银泰城店)","address":"惠风路10号201-2室","phone":"电话:18058671076"},{"name":"竞燃电竞","address":"迪荡湖路73号","phone":""},{"name":"星耀电竞(金帝·银泰城店)","address":"金帝银泰城3幢202室","phone":"电话:17758193116"},{"name":"宏徽电竞(鲁迅电影院店)","address":"县前街45号鲁迅电影院四楼东侧","phone":"电话:13357596409"},{"name":"海王电竞馆","address":"滨海新城沥海镇海东大道西路71号","phone":"电话:0575-82695590"},{"name":"白熊电竞网咖","address":"绍兴市越城区畅和路","phone":"电话:18157572369"},{"name":"国大网吧(越华大厦店)","address":"港越路悦来客栈2层","phone":"电话:0575-84113128"},{"name":"千寻电竞(万达广场店)","address":"湖东路万达广场10幢122、123、124","phone":"电话:19957522566"},{"name":"森林网吧(教育路店)","address":"教育路30号","phone":"电话:0575-88035919"},{"name":"英盖网咖(摩尔城店)","address":"摩尔城颐景园15号","phone":"电话:15336867979"},{"name":"忆味电竞馆","address":"绍兴市诸暨市盾安南路茶亭小区西侧约190米","phone":""},{"name":"杰拉电竞·网咖(绍兴越城店)","address":"胜利东路255号","phone":"电话:057585121100"},{"name":"神兵弈电竞(点赞店)","address":"万达中心名宅南门14幢114-118","phone":""},{"name":"浪森电竞·天尊店","address":"独山路鉴湖旅游度假区","phone":"电话:18657574510"},{"name":"柒度电竞馆(镜湖后墅路店)","address":"灵芝街道后墅路界树坊4号","phone":"电话:15695536789"},{"name":"杰拉电竞·网咖(绍兴利佰家商业广场店)","address":"鉴湖路959号","phone":"电话:18006660199"},{"name":"网鱼网咖·电竞(绍兴天地店)","address":"浙江省绍兴市越城区马臻南路28号C厂L2层S217层","phone":"电话:18057570592"},{"name":"小蜗电竞","address":"浙江省绍兴市越城区斗门街道昌明街49号","phone":"电话:18057559590"},{"name":"乌托邦网咖(江红路店)","address":"人民大道西段1688号3楼","phone":"电话:17769712800"},{"name":"轻松网吧(会稽路店)","address":"会稽路370号","phone":"电话:18057586710"},{"name":"ACE电竞馆(东森商业广场店)","address":"沥海镇延德路东森商业广场F3","phone":""},{"name":"杰拉电竞·网咖(金帝星隆城店)","address":"钱门大道181号一幢203","phone":"电话:13058984205"},{"name":"万沅网咖(万城店)","address":"华宇路天工大厦一楼","phone":""},{"name":"MG电竞娱乐综合馆(东关大厦店)","address":"永兴路东关中学西南侧约160米","phone":"电话:18072207722"},{"name":"爱慕电竞(东森商业广场店)","address":"沥海街道延德路379号东森商业广场A幢206-214号、218-221号","phone":""},{"name":"蓝色飞碟网吧(笛扬路步行街店)","address":"步行街新华书店对面迪扬宾馆2层","phone":"电话:13867568668"},{"name":"甲辰电竞(绍兴世茂广场店)","address":"胜利东路347号浦发银行3楼","phone":"电话:13175250315"},{"name":"电竞酒店(鲁迅故里店)","address":"浙江省绍兴市越城区小禅法弄2号","phone":""},{"name":"逗乐电玩游戏体验室PS5·SWITCH·体感(越城店)","address":"惠风路10号501-3室（炸鸡翁入口进门右手边）","phone":"电话:15325211523"},{"name":"宏徽电竞(鲸银城店)","address":"皋埠街道三湖路127号鲸银城2楼12-18号","phone":"电话:0575-88063068/18458506695"},{"name":"星辰电竞(颐高广场店)","address":"浙江省绍兴市越城区二环北路329号颐高广场F3","phone":"电话:13175250315"},{"name":"浪森网咖","address":"柯桥街道第一百货商店东楼底层11-12号","phone":"电话:13675741146/17706565191"},{"name":"杰拉电竞·网咖(八佰伴店)","address":"府山街道解放北路199号八佰伴商场2楼213-214","phone":"电话:13336821809"},{"name":"相马馆","address":"仓桥直街与前观巷交叉口北40米","phone":"电话:13017710019"},{"name":"魔羯座电竞小站(联兴店)","address":"浙江省绍兴市柯桥区钱清街道联兴村渔后农贸市场356号","phone":""},{"name":"杰拉电竞·网咖(天悦城店)","address":"长业天悦城北三楼","phone":"电话:13600633666"},{"name":"心愿电竞(钱清店)","address":"浙江省绍兴市柯桥区钱门大道梅盛阳光园","phone":"电话:18258087551"},{"name":"之江网咖(一帆店)","address":"兴工路鉴湖旅游度假区柯桥供水有限公司城区分公司东北门旁","phone":""},{"name":"奇焕电竞网咖","address":"浙江省绍兴市柯桥区远瞻路251号2楼","phone":"电话:13123815083"},{"name":"酷玩空间(大悦城店)","address":"国金大悦城购物中心L3-15.16","phone":""},{"name":"大玩家(绍兴柯桥万达店)","address":"钱陶公路万达广场3楼","phone":"电话:0575-85681096"},{"name":"天空之城游乐体验世界(银泰店)","address":"金帝银泰城1幢3层020","phone":"电话:13085686345"},{"name":"逗乐游戏体验室PS5·SWITCH·体感(柯桥万达金街店)","address":"柯桥街道万达广场10幢116室二楼（万达金街沿河边浏阳蒸菜二楼）","phone":"电话:13456770600"},{"name":"美丽电竞","address":"绍兴市柯桥区兴华路华舍公交客运站南侧约220米","phone":""},{"name":"绍兴极嘉电竞酒店","address":"城南街道高立花园11幢B区5-6楼","phone":""},{"name":"伊芙电竞","address":"绍兴市越城区迪荡湖路北辰广场","phone":""},{"name":"白猫电竞民宿","address":"柯桥区钱陶公路柯桥万达广场1号楼6楼610室","phone":""},{"name":"超佳电竞酒店","address":"浙江省绍兴市柯桥区华舍街道柯华路277-～291号","phone":""},{"name":"蓝飞电竞馆","address":"绍兴市柯桥区笛扬路鉴湖新村鉴港园","phone":""}]