[{"name":"星际电竞","address":"阿拉善盟阿拉善右旗新建路阿拉善右旗汽车站","phone":""},{"name":"盼达熊猫电竞","address":"阿拉善盟阿拉善左旗贺兰路长城小区南侧约110米","phone":"电话:13190610011"},{"name":"北斗电竞馆","address":"阿拉善盟阿拉善左旗旭辰海岸商业广场B102室","phone":"电话:18947439199"},{"name":"辐射电竞馆","address":"内蒙古自治区阿拉善盟阿拉善左旗和硕特路235-5号","phone":"电话:15561188000"},{"name":"凯蒂网咖","address":"额鲁特西路21号东南120米","phone":"电话:18604835400"},{"name":"格瓦拉网咖","address":"阿拉善盟阿拉善左旗巴彦浩特镇西大地西花园小区","phone":""},{"name":"BUFF电竞","address":"绿色之光小区3号商服楼B标段3层","phone":"电话:15204836670"},{"name":"暴风电竞俱乐部","address":"阿拉善盟阿拉善左旗中华路玛拉沁新村西南侧约120米","phone":"电话:15048311314"},{"name":"瓦罗兰电竞","address":"阿拉善盟阿拉善右旗新建路世纪家园南侧约30米","phone":""},{"name":"速腾电竞","address":"阿拉善盟阿拉善左旗中华路玛拉沁新村西侧约80米","phone":""},{"name":"","address":"","phone":""},{"name":"","address":"","phone":""},{"name":"","address":"","phone":""},{"name":"","address":"","phone":""},{"name":"","address":"","phone":""},{"name":"","address":"","phone":""},{"name":"","address":"","phone":""},{"name":"","address":"","phone":""},{"name":"","address":"","phone":""},{"name":"","address":"","phone":""},{"name":"","address":"","phone":""},{"name":"","address":"","phone":""}]