[{"name":"电竞网咖(城西店)","address":"广西壮族自治区玉林市玉州区一环北路929号2楼","phone":"电话:0775-2092399"},{"name":"尖锋电竞网咖","address":"广场东路400-1号","phone":"电话:19148022551"},{"name":"超音速电竞","address":"城站路143-3号","phone":""},{"name":"好特电玩(玉林店)","address":"玉州路130号名流商城2楼","phone":""},{"name":"尖锋网咖(盛业店)","address":"教育中路386号盛业家园A5-201室","phone":"电话:19148038629"},{"name":"好特电玩(北流店)","address":"城南路新天地商业中心一号楼二楼（歌比利量贩KTV旁）","phone":"电话:0775-6216788"},{"name":"鼎鼎网咖(运通大厦店)","address":"人民东路110号美宜佳旁","phone":""},{"name":"明星网吧(龙泉东街店)","address":"国中路与龙泉街交叉口东北150米","phone":""},{"name":"亚美网吧(峨嵋街店)","address":"新兴街1号2楼","phone":"电话:13788750785"},{"name":"阿木木电竞馆","address":"教育中路里程精品酒店1楼","phone":""},{"name":"玩玩乐小熊屋(玉林万达店)","address":"万达广场","phone":""},{"name":"电竞网咖(苗园店)","address":"广西壮族自治区玉林市玉州区苗园路386号","phone":"电话:0775-2091699"},{"name":"奇迹网吧(常乐路)","address":"民主南路69-1号","phone":""},{"name":"酷友潮玩","address":"人民东路840号一楼","phone":""},{"name":"电竞网咖(东郊店)","address":"广西壮族自治区玉林市玉州区人民东路120号","phone":"电话:0775-2082033"},{"name":"创网咖电竞店","address":"民主中路128号居百惠2层","phone":"电话:18077592191"},{"name":"电竞网咖(美林店)","address":"美林街328号金谷大厦二楼","phone":"电话:0775-2660068"},{"name":"66电竞网咖棋牌(盘石店)","address":"二环北路1299号中鼎·公园假日国际商贸城2层267号","phone":""},{"name":"星梦网咖","address":"广西壮族自治区玉林市玉州区人民中路348号","phone":"电话:13877529513"},{"name":"新点网咖台球店","address":"城站路与江南里交叉口东50米","phone":"电话:18802554885"},{"name":"神秘之境","address":"玉东大道奥园广场三楼L31-32-33","phone":"电话:17777550909"},{"name":"开拓者网咖(南兴广场店)","address":"站前路南兴广场5楼","phone":"电话:18077592191"},{"name":"G-NET CAFE极网咖(玉林国际购物中心店)","address":"人民中路国际购物中心4楼英伦雅阁内","phone":""},{"name":"九九电竞技网游有限公司","address":"广西壮族自治区玉林市玉州区民主南路328-6号","phone":""},{"name":"大玩家(玉林万达店)","address":"金玉路与胜利路交叉口万达广场2楼","phone":"电话:18600509023"},{"name":"柏加电竞酒店(象州人民政府店)","address":"广西壮族自治区玉林市玉州区人民东路549号","phone":""},{"name":"玩玩乐(金城中心店)","address":"金城中心B馆三层3001号商铺","phone":""},{"name":"爱巴爱麻(玉林店)","address":"站前路南兴广场三楼","phone":"电话:0775-2094180"},{"name":"穿越网咖(人民中路店)","address":"人民中路411号七路车终点站","phone":"电话:0775-2116311"},{"name":"电竞网咖(万良路店)","address":"玉林市玉州区万良路香港城","phone":""},{"name":"云逸宝摇杆游戏机(万达影城万达广场店)","address":"玉州区金玉路与胜利路交叉路口万达广场4楼万达影城内大厅前台旁","phone":""},{"name":"七彩天空夹机站(玉林万达店)","address":"金玉路万达广场三楼","phone":"电话:18878101013"},{"name":"好将电玩","address":"玉林市玉州区玉州路大世界商住大厦西北侧约100米","phone":""},{"name":"相遇网咖电竞馆(百花汇购物广场店)","address":"一环东路48号花园国际大酒店隔离百花汇购物广场F1","phone":""},{"name":"人行电竞馆(百花汇购物广场店)","address":"一环东路48号花园国际大酒店隔离百花汇购物广场F1","phone":""},{"name":"时幻大圣驾到","address":"站前路150号玉林南兴广场F3","phone":""},{"name":"趣玩电竞无人自助游戏馆","address":"新民路185-1号","phone":""}]