[{"name":"自由人网吧(君竹路店)","address":"君竹路1号","phone":"电话:0591-83986716"},{"name":"JINGBA竞霸·欢乐网吧(长安路店)","address":"长安路24-3号","phone":"电话:15983014108"},{"name":"电竞蜂网咖(城光店)","address":"西二环中路602-606号长汀综合楼2层","phone":"电话:0591-83757032"},{"name":"电竞狐网咖(东泰禾店)","address":"化工路198号东二环泰禾城市广场东区负一层B137、B138层","phone":"电话:18120931175"},{"name":"电竞蜂网咖(方圆店)","address":"建新镇东岭路17号全季酒店5层(全季酒店直梯上5层)","phone":"电话:15394526089"},{"name":"电竞蜂网咖(永嘉店)","address":"国宾大道东百城永嘉天地商场3号门直梯4F（灵魂超市旁）","phone":"电话:0591-87320903/16605906037"},{"name":"电竞蜂网咖(树兜店)","address":"鼓东街道五四路258号嘉键大厦3楼电竞蜂网咖（树兜店）","phone":"电话:17750250031"},{"name":"JINGBA竞霸·龙翔网吧(建新南路店)","address":"建新南路26号红江村高集楼4座2层","phone":"电话:15505911035"},{"name":"熊电竞(懒熊网吧)","address":"福建省福州市晋安区秀峰路188号闽台广告创意产业园沿秀峰路1-3号铺2层-1室","phone":"电话:18900279887"},{"name":"铠甲电竞·网咖(三盛i33城市广场店)","address":"福州市晋安区福峰路68号三盛i33城市广场1号楼301(苏宁易购旁边)","phone":"电话:18105016616"},{"name":"唯家电竞网吧","address":"八一六北路97号华星苑二层01店","phone":""},{"name":"JINGBA竞霸·欢乐网吧(长安路店)","address":"长安路24-3号","phone":"电话:15983014108"},{"name":"电竞蜂网咖(城光店)","address":"西二环中路602-606号长汀综合楼2层","phone":"电话:0591-83757032"},{"name":"电竞狐网咖(东泰禾店)","address":"化工路198号东二环泰禾城市广场东区负一层B137、B138层","phone":"电话:18120931175"},{"name":"电竞蜂网咖(方圆店)","address":"建新镇东岭路17号全季酒店5层(全季酒店直梯上5层)","phone":"电话:15394526089"},{"name":"电竞蜂网咖(永嘉店)","address":"国宾大道东百城永嘉天地商场3号门直梯4F（灵魂超市旁）","phone":"电话:0591-87320903/16605906037"},{"name":"电竞蜂网咖(树兜店)","address":"鼓东街道五四路258号嘉键大厦3楼电竞蜂网咖（树兜店）","phone":"电话:17750250031"},{"name":"JINGBA竞霸·龙翔网吧(建新南路店)","address":"建新南路26号红江村高集楼4座2层","phone":"电话:15505911035"},{"name":"熊电竞(懒熊网吧)","address":"福建省福州市晋安区秀峰路188号闽台广告创意产业园沿秀峰路1-3号铺2层-1室","phone":"电话:18900279887"},{"name":"铠甲电竞·网咖(三盛i33城市广场店)","address":"福州市晋安区福峰路68号三盛i33城市广场1号楼301(苏宁易购旁边)","phone":"电话:18105016616"},{"name":"电竞蜂网咖(梅园店)","address":"上街国宾大道350号梅园上街广场负一层(上街地铁A出口麦当劳旁)","phone":"电话:16605901921"},{"name":"皇霆网咖·巍巍网吧","address":"交通路福州电子大厦2层","phone":"电话:4009977787"},{"name":"电竞蜂网咖(井大路店)","address":"井大路218-1号","phone":"电话:19906925883"},{"name":"奇逸电竞","address":"福建省福州市长乐区永安路90号","phone":"电话:0591-28987722"},{"name":"名人网吧","address":"胪峰社区胪东三路6号","phone":"电话:17305003731"},{"name":"鑫电竞·鑫典网吧","address":"西园路1号西园新苑一期34号一层西侧店面第8间","phone":""},{"name":"冲浪网吧(宝山路店)","address":"宝山路冯宅村1层26号","phone":"电话:18120791716"},{"name":"7号电竞(星鑫店)","address":"鼓山镇玉井路86号联发嘉悦府3号二层01、02号店面","phone":"电话:18059177868"},{"name":"世纪梦网吧(福新路店)","address":"福新路建华支巷49号万寿桥煎包二楼（华威大饭店前面红绿灯旁边）","phone":"电话:13763888687"},{"name":"电竞熊飓风网吧(飓风店)","address":"盖山镇南二环路南侧,则徐大道西侧大东海瑞景园(二区)(B地块)B-13号楼","phone":"电话:13959107907"},{"name":"7号电竞(星鑫店)","address":"鼓山镇玉井路86号联发嘉悦府3号二层01、02号店面","phone":"电话:18059177868"},{"name":"电竞熊飓风网吧(飓风店)","address":"盖山镇南二环路南侧,则徐大道西侧大东海瑞景园(二区)(B地块)B-13号楼","phone":"电话:13959107907"},{"name":"电竞蜂网咖(岳峰店)","address":"岳峰路22号二楼","phone":"电话:0591-83650759"},{"name":"JINGBA竞霸·龙翔网吧(建新南路店)","address":"建新南路26号红江村高集楼4座2层","phone":"电话:15505911035"},{"name":"原野网吧","address":"融侨路27号-2","phone":"电话:13328257088"},{"name":"蘑菇电竞","address":"福建省福州市长乐区古槐镇中街村新宁路富丽华府17、18、1920-楼店面","phone":"电话:15959085190"},{"name":"电竞蜂网咖(城光店)","address":"西二环中路602-606号长汀综合楼2层","phone":"电话:0591-83757032"},{"name":"阳光部落电竞网咖(荆溪大道店)","address":"荆溪中大道2号中铁城吉第一期A-1号楼A-S2商业3层商铺301号","phone":"电话:15880075823"},{"name":"电竞蜂网咖(中防万宝城店)","address":"工业路宝龙广场1号门对面蘑菇云大树下星巴克旁","phone":"电话:15396057693"},{"name":"深海网吧","address":"快安路13号","phone":"电话:18950285308"},{"name":"电竞蜂网咖(达道店)","address":"达道路达道一号华兴广场二楼","phone":"电话:18065069878"},{"name":"电竞狐网咖(东街口店)","address":"八一七北路133号国际商厦5楼L5-04室","phone":"电话:19359317578"},{"name":"电竞蜂网咖(名城中心店)","address":"江滨东大道68-8号福州名城城市广场8号楼3楼电竞蜂网咖名城中心店","phone":"电话:13328250112"},{"name":"网鱼网咖·电竞(福州台江万达店)","address":"曙光路129号万达广场金街2楼","phone":""},{"name":"月亮网吧(鼓山店)","address":"连福路118号","phone":"电话:18106007788"},{"name":"电竞蜂网咖(世纪金源店)","address":"林浦路世纪金源购物中心1号门3楼","phone":"电话:0591-86253323"},{"name":"电竞狐网咖(五四北泰禾店)","address":"秀峰路423号五四北泰禾广场6号楼4层01室","phone":"电话:18005016167"},{"name":"时代游侠网吧(上三路店)","address":"上三路19-5号","phone":""},{"name":"网鱼电竞(福州仓山万达广场店)","address":"福州市仓山区浦上大道万达广场(福州仓山浦上店)5F","phone":"电话:18959122665"},{"name":"电竞熊网咖(大榕树店)","address":"金达路130号大榕树创意园3号楼2楼","phone":"电话:18120977179"},{"name":"旗号电竞(六一路店)","address":"福建省福州市鼓楼区六一北路559号","phone":"电话:15659196509/15949105215"},{"name":"电竞蜂网咖(爱琴海店)","address":"浦上大道福州爱琴海购物公园玫瑰天街二楼海狸口腔旁","phone":"电话:18965906239"},{"name":"悟宇电竞(旭辉公园大观店)","address":"福建省福州市晋安区鼓山镇长春路55号旭辉美好花庭C4号楼2层03商业","phone":"电话:18050260960"},{"name":"好开心网吧(长春路店)","address":"福马公路征管所宿舍1座附近","phone":"电话:0591-83653246/13310273918"},{"name":"皇霆网咖·双丰网吧","address":"下杭路金马花园C座二楼","phone":"电话:15359151232"},{"name":"天界网咖(后浦路店)","address":"后浦路236号二层","phone":"电话:0591-87593302"},{"name":"太阳城网咖","address":"秀山路198号源达小区2期3号楼1层","phone":"电话:18106017999"},{"name":"电竞熊网吧(啪啪啪店)","address":"福建省福州市晋安区新店镇金银城广场4-5号楼连接体1层18~19店面","phone":""},{"name":"探索者电竞馆(安德大厦店)","address":"大浦路2-17号","phone":"电话:18960807578"},{"name":"网鱼网咖(福州晋安王庄店)","address":"王庄街道王庄街118号二楼(世欧广场1号门附近)","phone":"电话:0591-83652993"},{"name":"电竞蜂网咖(世欧广场店)","address":"世欧广场北区负一楼（1号门扶梯旁,近UR安全通道）","phone":"电话:18050262289"},{"name":"电竞蜂网咖(群升店)","address":"学军路1号群升国际A地块4楼2层02店面","phone":"电话:16505903092"},{"name":"电竞蜂网咖(雄飞网咖店)","address":"金洲南路550-23号金建小区二期1层13号店面","phone":""},{"name":"飞翔网咖(老药洲街店)","address":"竹排埕光明城AB座1号2楼","phone":"电话:13850158809"},{"name":"盛金网吧","address":"港南路91号","phone":"电话:18965052390"},{"name":"鑫星网吧","address":"鼓山镇化工路998号阳光愉景花园6号楼2层11商铺","phone":"电话:18065014888"},{"name":"由益网吧(光华店)","address":"金山工业区福湾园11楼","phone":""},{"name":"啪啪啪网咖(福飞北路店)","address":"福飞北路80号","phone":"电话:18106008789"},{"name":"旗号电竞","address":"福州市闽侯县新上街阳光理想城花语海西北侧约70米","phone":""},{"name":"风云堂网吧","address":"义洲街道长寿路10号","phone":"电话:18150771812"},{"name":"战狼电竞(则徐大道店)","address":"则徐大道319号中兴商厦4号楼1层01、04、05店","phone":""},{"name":"欧捌网咖(新华商场店)","address":"福新中路90号","phone":"电话:18906935351"},{"name":"尊品网吧(南站·阳光天地购物中心店)","address":"福建省福州市仓山区城门镇胪雷路16号南站阳光新天地商场B1层B1001-4-1B,B1001-4-2号","phone":""},{"name":"金桥网吧(新上街店)","address":"新上街与工贸路交叉口东南160米","phone":"电话:0591-22287280"},{"name":"远久网吧(丞相坊店)","address":"福建省福州市鼓楼区五凤街道丞相路丞相坊小区1号2号(连接体一层蓝天超市旁)","phone":"电话:13600895508"},{"name":"理想网吧","address":"高湖桥南新村185-2号店面","phone":"电话:13459191622"},{"name":"电竞蜂网咖(白湖亭店)","address":"则徐大道白湖亭万达广场3楼电竞蜂网咖（必胜客楼上）","phone":""},{"name":"福州市马尾区悟宇电竞馆","address":"马尾镇日昌路5号建坂新苑1号楼2层10店面","phone":""},{"name":"天福网吧台球茶艺居","address":"鼓东街道贤南路36号贤南公寓2楼（近聚春园酒店后门）","phone":""},{"name":"空时网咖(明腾广场店)","address":"明腾广场3楼（上藤地铁站C东南口步行480米）","phone":"电话:15959302111"},{"name":"金城网咖(福飞北路)","address":"福飞北路80号汉庭酒店(旁边入口二楼锐哲口腔)","phone":"电话:18106017999"},{"name":"天籁网吧(新天宇城市购物广场店)","address":"三角埕新天宇城市广场二层2号商铺","phone":"电话:18006931810"},{"name":"金桥网吧(新上街店)","address":"新上街与工贸路交叉口东南160米","phone":"电话:0591-22287280"},{"name":"超速网吧","address":"G324(福峡路)城门村城楼300号","phone":"电话:18106916708"},{"name":"乐炫风(东百中心店)","address":"八一七北路东百中心C馆负一楼","phone":""},{"name":"熊电竞","address":"福州市仓山区港南路临江新天地福江苑","phone":""},{"name":"德盛休闲网吧","address":"员工公寓18号楼D18-08室","phone":"电话:15880075823/18759155089"},{"name":"在线一方网吧","address":"金榕南路553-1号","phone":"电话:18050150073"},{"name":"IPSTAR·潮玩星球(东百中心店)","address":"杨桥东路8号东方百货西塔楼(福州东方百货店)B1","phone":"电话:13305921530"},{"name":"电竞蜂网咖(浪漫语林店)","address":"温泉支路8号2楼温泉木苑（京门火锅正对面）","phone":"电话:0591-87513310"},{"name":"天眼电竞","address":"万家城市广场斜对面","phone":"电话:13615007290"},{"name":"PK电竞酒店(福州台江万达金融街店)","address":"光明路11号","phone":""},{"name":"开心网吧(长安路店)","address":"郑安村32号村委二楼","phone":""},{"name":"JINGBA竞霸·鑫成网吧","address":"西亭3号2层(黄山地铁站C东南口步行490米)","phone":""},{"name":"电竞熊网咖","address":"福建省福州市仓山区盖山镇齐安路756号","phone":""},{"name":"蓝克网络(大利嘉城店)","address":"五一中路169号大利嘉城A区综合1层A1-19号","phone":"电话:13860677114"},{"name":"新奇网吧","address":"盖山镇义序中亭村中亭路148号","phone":"电话:15159649192"},{"name":"熊开心家庭娱乐电玩城(万象九宜店)","address":"交通西路万象九宜城2楼","phone":""},{"name":"Double Juice电玩派对(上下杭店)","address":"洋中路双杭城mini墅2号楼2906室","phone":"电话:18006923028"},{"name":"网鱼网咖·电竞(福州仓山台屿地铁站店)","address":"台屿路198号华威商贸中心二期1号2层01商业205室","phone":"电话:13313785587"},{"name":"Double Juice电玩派对(上下杭店)","address":"洋中路双杭城mini墅2号楼2906室","phone":"电话:18006923028"},{"name":"网鱼网咖·电竞(福州仓山台屿地铁站店)","address":"台屿路198号华威商贸中心二期1号2层01商业205室","phone":"电话:13313785587"},{"name":"太空球乐园(福州荟聚店)","address":"福马路788号宜家家居商业广场L1层01A41号","phone":"电话:17750298128"},{"name":"鑫星网吧","address":"加工厂集资楼一层","phone":""},{"name":"宝龙乐园(宝龙城市广场店)","address":"工业路193号宝龙城市广场1层底商","phone":"电话:0591-83822551"},{"name":"星海电竞","address":"福州市仓山区凤冈路融信大卫城-B区北侧约50米","phone":""},{"name":"竞霸联盟零点网吧(顺达大厦店)","address":"华林路373号顺达大厦2楼201室","phone":"电话:18567916703"},{"name":"飞越网咖(儒江西路店)","address":"东方·名城62号楼1层-29店","phone":"电话:18050276879"},{"name":"JINGBA竞霸亨特电竞馆(兰埔店)","address":"福建省福州市仓山区城门镇领秀新城3号楼","phone":""},{"name":"电竞蜂网咖(祥禾天地店)","address":"乌龙江南大道69号祥禾天地室内步行街4F层4032号商铺","phone":"电话:0591-83691595"},{"name":"电竞熊网咖·滨丰店(南屿店)","address":"117县道南井村路口北300米","phone":"电话:18959169608"},{"name":"悠夜电竞酒店(世欧王庄店)","address":"福建省福州市晋安区连江中路190号","phone":""},{"name":"电竞蜂网咖(元洪城店)","address":"台江路107号元洪锦江二期第1、2、3楼连体一层1层04店面","phone":"电话:15105081691"},{"name":"聚点网吧(东岭路店)","address":"齐安路756号福湾财贸服装城","phone":"电话:18959166719"},{"name":"老佛爷·网络人生网吧(杨桥店)","address":"杨桥西路241-15号","phone":"电话:18060709662"},{"name":"竞霸联盟·情网网吧店(金环路店)","address":"金环路傲梅苑中区6座2层","phone":"电话:18060612266"},{"name":"时尚网咖网吧(则徐大道店)","address":"则徐大道65号(三叉街地铁站D1口步行110米)","phone":"电话:18850367322"},{"name":"海浪网吧(连江北路店)","address":"连江北路80-84号联福花园3号楼综合二层2003号商铺","phone":"电话:15750817503"},{"name":"等你来电竞网咖(金洲南路店)","address":"金洲南路833号福晟钱隆尚品花园2号楼1层","phone":"电话:13809556005"},{"name":"电竞狐网咖(百思特店)","address":"西洋路163号西洋公寓2号楼02-03店面","phone":"电话:13665050900"},{"name":"电竞馆","address":"福建省福州市马尾区马尾镇铁板支路13","phone":""},{"name":"乐游网吧(长乐北路店)","address":"岳峰镇长乐北路紫金苑38号","phone":"电话:18305976613"},{"name":"金泰网吧","address":"树汤路康光温泉1号楼18号","phone":"电话:0591-87843968"},{"name":"杜园网吧","address":"郭宅田埔头68号","phone":"电话:13665013239"},{"name":"奔腾网吧·棋牌(闽都嘉源店)","address":"六一中路66号闽都嘉源2层","phone":"电话:17759188852"},{"name":"康特网吧(樟林路店)","address":"福兴大道20号","phone":""},{"name":"东方星网吧台球(盘屿路店)","address":"福湾工业区照屿路20号2层","phone":"电话:0591-83514614"},{"name":"超音速网吧(黄山福牛城市购物广场店)","address":"龙泉路1号福牛城市购物广场2楼07铺","phone":"电话:13509332567"},{"name":"东新网吧(福新中路店)","address":"福新中路228-11号","phone":"电话:0591-83820030/13015767816"},{"name":"新起点网吧(铁板支路店)","address":"快安路50号江滨锦城秋实苑","phone":"电话:18559954319"},{"name":"电竞蜂网咖(起航店)","address":"桔园一路120号龙苑A组团4号楼1层店面","phone":"电话:0591-83059655"},{"name":"7号电竞(大学城店)","address":"国宾大道233号博仕后购物广场2号楼西北2门口","phone":"电话:18106058127"},{"name":"7号电竞(高新店)","address":"上街镇海西高新技术产业园一期安置房C区51号楼H3-H4店面","phone":"电话:18120881609"},{"name":"熊电竞(站点店)","address":"福建省福州市鼓楼区五凤街道屏西路30号华大综合办公楼2楼","phone":"电话:18059056238"},{"name":"电竞蜂网咖(汇达店)","address":"仓前街道汇达广场三楼（雷克斯篮球训练营旁）","phone":"电话:18960962653"},{"name":"微星电竞主板","address":"福州市台江区五一新村前街大利嘉城","phone":""},{"name":"电竞蜂网咖(儒江西路店)","address":"福州市马尾区儒江西路泊悦府","phone":""}]