[{"name":"狐狸电竞网咖(县前街店)","address":"县前北小区24号楼楼2-1室","phone":"电话:15942538118"},{"name":"畅通电竞网吧","address":"龙源路聚宝小区6号楼","phone":""},{"name":"时代电竞网咖(经山街店)","address":"经山街143-1-16号","phone":"电话:15141545509"},{"name":"红火电竞","address":"辽宁省丹东市凤城市邓铁梅路54-3-1号","phone":""},{"name":"乐芙兰电竞","address":"江城大街174-5号","phone":"电话:15604155822"},{"name":"A嘉电竞酒店","address":"状元府小区十号楼","phone":""},{"name":"艾特电竞馆(福民店)","address":"青年大街15号楼","phone":"电话:0415-3980787"},{"name":"青亚电竞馆","address":"福春街与春五路交叉口东北100米","phone":"电话:0415-6170051"},{"name":"铭洋网吧旗舰店(四道桥店)","address":"站前街道10经街25-3号(蓬莱阁二部旁)","phone":"电话:18841535123"},{"name":"狐狸网咖二部(韩国城店)","address":"青年大街143-3号","phone":"电话:15942538118"},{"name":"天成网吧(前阳中路店)","address":"前阳中路友谊大药房旁(馨洪小区西南)","phone":"电话:13390451088"},{"name":"新视界电竞馆(东港店)","address":"丹东市东港市新华街新华小区-南区东北侧","phone":"电话:13314159995"},{"name":"初心电竞馆","address":"辽宁省丹东市东港市新兴街道人民大街65号东港电商总部基地旁边","phone":""},{"name":"亚舟网吧(特莱维店)","address":"向阳街特莱维小区西门3w-50","phone":"电话:13314159995"},{"name":"素心阁网咖","address":"文庆路35号楼-9号","phone":"电话:0415-2805997/18704151186"},{"name":"七彩时光电玩城(黄海大市场店)","address":"东港路黄海大市场4楼横店电影城隔壁","phone":"电话:15041578065"},{"name":"大玩家(丹东万达店)","address":"花园路与锦山大街交汇处万达广场2楼","phone":"电话:0415-3826333"},{"name":"高兴电玩城","address":"春一路与锦山大街交叉口东南80米","phone":"电话:15842594444"},{"name":"嗨翻乐园(嗨翻乐园动漫(丹东市)有限公司)","address":"丹东天赐未来城","phone":"电话:0415-2128566/18642599669"},{"name":"发现电竞网咖","address":"辽宁省丹东市东港市黄海大街164号红泰商店","phone":"电话:15941555577"},{"name":"铭洋电竞馆","address":"丹东市元宝区十经街九六六医院东侧约70米","phone":""},{"name":"天博网吧","address":"辽宁省丹东市东港市新兴街道黄海大街268号","phone":""},{"name":"铭洋网吧(宝山店)","address":"锦山大街5-7号","phone":"电话:18841535123"},{"name":"鸭绿江网络","address":"青年大街36-2号","phone":"电话:0415-3124567"},{"name":"淘气堡电玩城","address":"大东街道迎宾东大街1号(近东港客运站)千盛百货(东港北路店)底商F1","phone":""},{"name":"联通网苑连锁","address":"甲午大街","phone":"电话:13941501878"},{"name":"云逸宝摇杆游戏机(万达影城万达广场店)","address":"丹东市锦山大街298号万达广场4层万达影城休息区前台旁","phone":""}]