[{"name":"星际电竞","address":"吾悦平阳里步行街S5-2-21号","phone":"电话:15588575576"},{"name":"独角兽电竞(财源大街店)","address":"茂盛街中国工商银行(泰安分行营业部)西南侧约70米","phone":"电话:16522798888"},{"name":"蓝海电竞(五矿泰安·LIVE购物中心店)","address":"五矿万境水岸商业街","phone":"电话:18753820063"},{"name":"雯宇网吧","address":"正阳门大街大安书香世家（北门西侧）","phone":""},{"name":"蓝鲸电竞(吾悦广场店)","address":"吾悦广场4楼4046商铺（商场内4楼南首）","phone":"电话:15169882297"},{"name":"情天电竞","address":"财源街道长城路96号天龙国际大厦A座205室","phone":"电话:19153805118"},{"name":"小城电竞馆","address":"财源街道南湖大街与旧镇路交叉口往北10米路东(颐心园南10米)","phone":"电话:13583832923"},{"name":"星奕电竞(吾悦广场店)","address":"东岳大街吾悦广场欢喜街二楼S1-203","phone":"电话:15550886999"},{"name":"电竞猫网咖(泰安泰山万达广场店)","address":"万达广场金街B248","phone":"电话:17805381555"},{"name":"W电竞网咖(泰安宝龙广场店)","address":"温泉路777号宝龙城市广场F1层","phone":""},{"name":"W电竞网咖(泰安宝龙广场店)","address":"温泉路777号宝龙城市广场F1层","phone":""},{"name":"海豚网吧","address":"岱道庵路137号","phone":"电话:13853805109"},{"name":"深水蓝网咖","address":"岱宗大街6号院内二楼","phone":""},{"name":"宜佳电竞网咖棋牌室(泰安店)","address":"山东省泰安市岱岳区旅游经济开发区粥店街道办事处滨湖街董家庄社区北门旁董家庄社区鼓山家园商业楼20号1-4楼","phone":"电话:0538-8666889"},{"name":"云端电竞(银座城市广场店)","address":"泰安市泰山区东岳大街318号银座商城F1","phone":""},{"name":"绿洲网吧(南关大街)","address":"灵山大街与南关大街十字路口向南20米路西2楼","phone":"电话:15725832585"},{"name":"星奕电竞(盘古精品店)","address":"盘古天地104-105室","phone":"电话:18853810773"},{"name":"印象电竞","address":"泮河大街与温泉路交叉口西南10米","phone":"电话:15588565567"},{"name":"云端电竞(老街店)","address":"天平湖路泰安老街2号楼2楼201-205室（超意兴二楼）","phone":""},{"name":"178电竞俱乐部","address":"北集坡街道办事处海普凤凰城商业楼C1号楼1-102二层","phone":"电话:17852081827"},{"name":"玖奕电竞(泰安泰山万达广场店)","address":"望岳东路万达广场金街A区235号","phone":"电话:17753899831"},{"name":"奔腾电竞","address":"泰前街道","phone":"电话:16665607666"},{"name":"创e网吧(时代佳苑店)","address":"泰山大街时代佳苑底商","phone":"电话:13562891000"},{"name":"驰宇网吧(德亨商务宾馆西北)","address":"龙潭路119号(德亨商务宾馆西北80米)","phone":""},{"name":"猛犸象电竞","address":"泰山科技学院1号活动中心","phone":"电话:13581141567"},{"name":"e网情深网咖","address":"中七里0118号","phone":""},{"name":"独角兽电竞(吾悦广场店)","address":"山东省泰安市泰山区天烛峰路388号泰安吾悦广场F2","phone":"电话:16522798888"},{"name":"梦幻国电竞网咖(泰安老街店)","address":"泰安市岱岳区天平湖路泰安爱琴海购物公园(天平湖路店)","phone":""},{"name":"泰山区易部落网吧","address":"泰山大街路阳街19号","phone":"电话:0538-7178000"},{"name":"头号玩家","address":"高铁站望岳广场A1003号","phone":""},{"name":"玖奕电竞(万达二店)","address":"万达广场金街C区2层C261室","phone":"电话:05386529888"},{"name":"萌虎电竞","address":"泰安市龙潭路137号三层","phone":"电话:15610380222"},{"name":"焦点网吧(泰山大街店)","address":"山东省泰安市岱岳区泰山大街金龙大厦106号2楼","phone":"电话:18953821158"},{"name":"新思维网吧(岱庙街道市场社区卫生服务站东北)","address":"市场街金桥小区4号营业楼","phone":"电话:17705482307"},{"name":"蚂蚁电竞","address":"村南街213号悦庭宾馆旁","phone":"电话:13581141567"},{"name":"海棠网咖(府前街店)","address":"岱岳南街5-3号","phone":""},{"name":"假日网吧(时代佳苑西区店)","address":"时代佳苑西区泰山大街2899-24号","phone":"电话:13954883331"},{"name":"叮咚电玩馆·Ps5·Switch·麻将(泰安泰山万达广场店)","address":"望岳西路万达广场D区商业街217户（一岛火锅楼上）","phone":""},{"name":"独角兽网咖(泰安泰山万达广场店)","address":"泰山大街566号万达广场E区207-210号","phone":""},{"name":"梦想网咖(财源街道人力资源和社会保障服务所东)","address":"中七村4-53号","phone":"电话:13793812650"},{"name":"星际网咖","address":"农大南校宁家结庄家具园","phone":"电话:15065814811"},{"name":"泡泡电玩·PS5·Switch·Xbox(泰安泰山万达广场店)","address":"万达金街南头2层路东A219","phone":"电话:18953890218"},{"name":"皇上快点","address":"天烛峰路388号吾悦广场楼Z302号商铺","phone":"电话:18971528855"},{"name":"大玩家(泰安泰山万达广场店)","address":"泰山大街万达广场东门三楼","phone":"电话:15563819126"},{"name":"易通网咖","address":"山东省泰安市泰山区望岳东路22号","phone":""},{"name":"魔杰电竞影院","address":"财源街道万达广场6号楼721室","phone":"电话:14753840215"}]