[{"name":"熊猫电竞(欢乐海岸店)","address":"欢乐海岸2号楼4楼","phone":"电话:0996-2188686/17349966666"},{"name":"联畅网吧(民生路店)","address":"延安路南侧佳德花园3栋8号门面","phone":"电话:13709961327"},{"name":"拾光网咖(康都时代花园店)","address":"索克巴格路康都时代花园38号楼负一楼","phone":"电话:13119048888"},{"name":"AC电竞馆","address":"京龙美湖6栋2楼02号","phone":"电话:18139063727"},{"name":"熊猫电竞(七星广场店)","address":"萨依巴格辖区人民东路21号鼎荣商务中心1栋4层1号-02室","phone":"电话:0996-2622111"},{"name":"爱尚网络(慧眼店)","address":"人民东路慧眼电脑城负一楼","phone":"电话:09962620369"},{"name":"爱尚网咖(退水渠路店)","address":"人民西路80-44号金鹭广场","phone":"电话:15001595511"},{"name":"鑫鑫网络会所","address":"新华路新城花园对面","phone":"电话:15099493710"},{"name":"网星网咖(天山东路店)","address":"天山西路恒居物流园B1层","phone":"电话:19915111531"},{"name":"龙腾网吧","address":"恰尔巴格乡","phone":"电话:0996-2278777"},{"name":"鑫鑫网络会所","address":"新华路新城花园对面","phone":"电话:15099493710"},{"name":"亿界网咖","address":"石化大道圣马润泽园1号A座地下室","phone":"电话:0996-2952732"},{"name":"网星网咖(天山东路店)","address":"天山西路恒居物流园B1层","phone":"电话:19915111531"},{"name":"龙腾网吧","address":"恰尔巴格乡","phone":"电话:0996-2278777"},{"name":"网星电竞","address":"新疆维吾尔自治区巴音郭楞蒙古自治州库尔勒市经济技术开发开发区开发大道黄金海岸小区3栋3层01-2","phone":"电话:13379762222"},{"name":"四季无忧电竞馆","address":"新疆维吾尔自治区巴音郭楞蒙古自治州库尔勒市经济技术开发区纪元路68号四季城26栋2楼","phone":""},{"name":"泰坦电竞(中华路店)","address":"新疆维吾尔自治区巴音郭楞蒙古自治州博湖县中华南路2号","phone":"电话:13779337266"},{"name":"同创网咖","address":"和平路249号附近","phone":"电话:13565038818"},{"name":"库尔勒辰铭电竞酒店","address":"新疆维吾尔自治区巴音郭楞蒙古自治州库尔勒市花园街27-1号靖祥大厦3楼","phone":""},{"name":"pl电竞馆","address":"朝阳路17号晨阳华府1栋2层144号","phone":""}]