[{"name":"极速网咖","address":"山东枣庄市滕州市学院中路2956号","phone":""},{"name":"镭石电竞","address":"玄武路与运河路交叉口西10米路北","phone":"电话:15725689187"},{"name":"摩非电竞(薛城站前商业街店)","address":"山东省枣庄市薛城区站前鑫苑小区","phone":""},{"name":"求知网吧","address":"鲁南化肥厂农工商大院内2层","phone":""},{"name":"网咖先生(燕山国际店)","address":"燕山国际A区南12-5号","phone":"电话:15154085307"},{"name":"极光电竞(青檀北路店)","address":"青檀北路102号","phone":"电话:17863229227"},{"name":"云端电竞(滕州旗舰店)","address":"荆河东路涵翠苑项目部5号营业房（桔子酒店东20米）","phone":"电话:18063221831"},{"name":"蓝海电竞","address":"汇龙和谐康城B区7号楼6号营业房（东南2门西数第一间门面房）","phone":"电话:13562222559"},{"name":"摩非电竞茶室(香山路店)","address":"长江东路与香山路交叉口南70米","phone":""},{"name":"熊猫电竞(临山路店)","address":"山东省枣庄市薛城区站前鑫苑10号楼门市10-112号","phone":"电话:13173063333"},{"name":"摩非电竞茶室(永兴路店)","address":"永兴路419号附近","phone":"电话:13375656195"},{"name":"云端电竞(薛城店)","address":"广泰花苑B区8号楼1002号门市房","phone":"电话:13361120761"},{"name":"摩卡电竞","address":"兴仁街道长白山路新城世纪凤凰城北门10号楼底商","phone":"电话:13963296069"},{"name":"魔蝎电竞","address":"山东省枣庄市市中区文化西路富翔庄园一号楼2号门市","phone":"电话:18963289070"},{"name":"极客电竞","address":"枣庄市薛城区滨河路左岸春天京福花苑西北门西南侧约90米","phone":""},{"name":"你好电竞","address":"祁连山路附近","phone":""},{"name":"嘉年华电竞(泰山北路店)","address":"泰山中路交警大队北法院对过","phone":"电话:13371433944"},{"name":"聚客隆电竞(道南里店)","address":"南里居委会楼最南侧1、2、3间门市","phone":"电话:17863272388"},{"name":"极光电竞(商城店)","address":"中心街22号","phone":"电话:13561198177"},{"name":"斑马电竞","address":"枣庄市市中区振兴中路华府豪庭","phone":""},{"name":"SOLO电竞社","address":"青檀北路89号","phone":"电话:13001598577"},{"name":"千川电竞","address":"泰山路60号西小社区一期20号楼101门市","phone":""},{"name":"极光电竞(商城店)","address":"中心街22号","phone":"电话:13561198177"},{"name":"旭东网吧(百纳国际东北)","address":"永福南路128号(九都国际对面)","phone":"电话:13561154866"},{"name":"宏泰电竞","address":"临山路689号站前广场13号楼110商业","phone":"电话:13455066455"},{"name":"创翔网吧","address":"泰山南路与钱江路十字路口东（姚山村社区大门西侧）","phone":"电话:13806328873"},{"name":"风云电竞(万佳网络海滨店)","address":"兴华西路23号","phone":""},{"name":"宏涛网吧(龙泉路店)","address":"陶庄镇龙泉广场南200米","phone":""},{"name":"漫步者电竞馆","address":"龙头中路45号（体育馆南门正对面）","phone":""},{"name":"星晨电竞","address":"黄河路新华街9号楼121门市","phone":"电话:13361103930"},{"name":"新城电竞馆","address":"枣庄市薛城区神工路松江花园西侧","phone":""},{"name":"蛋壳电玩游戏体验社","address":"君山中路中天步行街南首10-2号","phone":"电话:17186785078"},{"name":"糖果电竞(兴华路店)","address":"枣庄市市中区马庄市场永安司法所对过","phone":"电话:15589289789"},{"name":"壹禾电竞","address":"枣庄市薛城区复兴路枣庄市薛城区张范镇中心幼儿园北侧约110米","phone":""},{"name":"新鑫网咖","address":"山东省枣庄市薛城区钱江路中兴世纪城西区商铺18-S-13室","phone":"电话:13356377317"},{"name":"九客电竞馆","address":"枣庄市万洲浙商城9号楼","phone":"电话:18266001116"},{"name":"星星电竞","address":"山东省枣庄市市中区青檀北路76号","phone":""},{"name":"零式电玩店","address":"山东省枣庄市薛城区常庄街道燕山公馆3号楼1-112号","phone":"电话:13371117887"},{"name":"宏阳电竞","address":"临山路与永福中路交汇处西北角","phone":"电话:18866691881"},{"name":"炫酷电玩","address":"鑫昌路新昌商贸创业园2号门东侧（贝壳酒店斜对面）","phone":"电话:15588247777"},{"name":"宏阳电竞","address":"临山路与永福中路交汇处西北角","phone":"电话:18866691881"},{"name":"炫酷电玩","address":"鑫昌路新昌商贸创业园2号门东侧（贝壳酒店斜对面）","phone":"电话:15588247777"},{"name":"开心网络(中天店)","address":"山东省枣庄市市中区中天步行街11~12号","phone":"电话:0632-6126123"},{"name":"万达星河电玩城","address":"枣庄市薛城区永兴路126号枣庄万达广场(薛城店)F1","phone":""},{"name":"酷炫电玩潮玩店","address":"振兴路109号大润发枣庄店商业中心20035-1062号商铺","phone":"电话:13127210123"},{"name":"酷乐库潮玩街区(万达广场枣庄薛城店)","address":"永兴路126号万达广场F3层","phone":"电话:19906325788"},{"name":"胡闹电玩主机游戏体验馆","address":"永福路与临山路交叉口北100米路西","phone":"电话:16606321320"},{"name":"大玩家(枣庄万达店)","address":"永兴路126号万达广场三楼","phone":"电话:0632-5785559"},{"name":"一起玩家年华1-7PLAY(枣庄双子星恒太城店)","address":"黄河路双子星恒太城3楼051","phone":"电话:18596329432"},{"name":"极星电竞","address":"枣庄市薛城区黄河西路朝阳小区西北侧约70米","phone":""},{"name":"新世纪电竞","address":"枣庄市薛城区兴盛路大风车幼儿园北侧约110米","phone":""},{"name":"未来娱乐空间(枣庄双子星恒太城店)","address":"枣庄市薛城区黄河路东方1号枣庄双子星恒太城B1","phone":""},{"name":"新动潮玩(枣庄双子星恒太城店)","address":"黄河路双子星恒太城3F052号商铺","phone":""}]