[{"name":"网络电竞","address":"荆门市掇刀区白石坡大道鸿盛家园","phone":""},{"name":"电竞吧","address":"荆门市掇刀区南京路银旭小区","phone":""},{"name":"透明度电竞·网咖(毓秀路店)","address":"湖北省荆门市京山市毓秀商业街18号","phone":"电话:15872972006"},{"name":"云中电竞","address":"果园一路云中仙居10栋1号门面","phone":""},{"name":"乐迪电竞","address":"忠勇路8号君诚酒店一、二楼门面","phone":"电话:18608635982"},{"name":"博文网吧(掇刀店)","address":"银旭小区2号","phone":"电话:19007232067"},{"name":"MO-AN墨安电竞生活馆","address":"湖北省荆门市钟祥市郢中街道安陆府东路143号不夜城16号楼二楼201-209,218-223号","phone":"电话:18672612213"},{"name":"多米网咖(月亮湖路店)","address":"水产路和月亮湖路交汇处建设银行楼上","phone":"电话:0724-2217188"},{"name":"凌度电竞","address":"白石坡大道鸿盛家园","phone":"电话:13477395497"},{"name":"博文网吧(东宝店)","address":"长宁大道39号","phone":"电话:13032752506"},{"name":"趣网咖(迎春大道店)","address":"迎春大道8号","phone":""},{"name":"浪漫电竞","address":"湖北省荆门市东宝区白云大道101号现代花园4栋2层","phone":"电话:13986995678"},{"name":"嗨皮网咖","address":"长宁大道58号(金宁小区对面)","phone":"电话:18608635998"},{"name":"俊晨网咖(湖北省荆门市中天街步行街店)","address":"白云大道41号(汽车站对面)","phone":""},{"name":"百川电竞(欢乐港网咖)","address":"深圳大道百川酒店2楼整层","phone":"电话:19072584070"},{"name":"太空兔电竞网咖","address":"龙井大道89号(凯旋城营销中心旁)","phone":"电话:0724-6064866"},{"name":"NB电竞(万达广场掇刀店)","address":"湖北省荆门市掇刀区虎牙关大道5号万达广场","phone":""},{"name":"玖号电竞(长龙中央公园店)","address":"长龙中央公园四期101号门面","phone":""},{"name":"红侠网吧","address":"泉口一路18号19栋","phone":"电话:19086927937"},{"name":"冰河世纪网咖","address":"金龙泉大道北辰花苑南大门二楼","phone":"电话:13797966123"},{"name":"新晨智慧电竞酒店(理工大学店)","address":"荆门市象山大道新晨御苑(稻香鸡旁)","phone":""},{"name":"拾光网咖(锦绣江南小区店)","address":"白云大道93号锦绣江南小区7号楼201号","phone":"电话:15926364992"},{"name":"乐活网咖伊妹佳店(商城东路店)","address":"商城东路银归大厦1层","phone":"电话:13971849112"},{"name":"莱客网络休闲会所","address":"金虾路88号楚星宾馆楼上","phone":""},{"name":"酷客网咖(长宁大道店)","address":"长宁大道3号附近","phone":"电话:18707267206"},{"name":"大玩家(荆门万达店)","address":"象山大道万达广场三楼","phone":"电话:0724-8686816/18561891113"},{"name":"都市玩家(荆门掇刀万达店)","address":"白云大道5号掇刀万达广场4楼","phone":"电话:18502754678"},{"name":"荆门佳苗电竞酒店(荆楚理工学院店)","address":"湖北省荆门市东宝区泉口路28号","phone":""},{"name":"幻兽部落ps5·switch·Xbox(东宝店)","address":"金虾路46号荆楚文化广场5楼","phone":"电话:19371719001"},{"name":"星际空间电玩(雅斯店)","address":"中天街雅斯购物广场三楼","phone":"电话:19313718327"},{"name":"博览网咖(虎牙关大道店)","address":"湖北省荆门市掇刀区虎牙关大道91号","phone":"电话:13886945234"},{"name":"梦想Dream家庭动漫体验中心","address":"中天街16号月新广场观光电梯斜对面","phone":"电话:17362611943"},{"name":"ALL IN SPORT动玩界(荆门店)","address":"长宁大道57号摩尔城三楼","phone":"电话:15072383439"},{"name":"真快活Coohoo Max(荆门银泰店)","address":"象山一路6号银泰城F7层","phone":"电话:15572628662"},{"name":"番茄柄游社·PS5·SWITCH·XBOX(华铭广场店)","address":"象山大道华铭广场4栋1楼4号门面","phone":"电话:19971560723"}]