[{"name":"倚天电竞","address":"五岭大道城市花园77-19号","phone":""},{"name":"GM电竞(苏园翰庭店)","address":"郴州市苏仙区青年大道东岭桂园东侧约60米","phone":""},{"name":"智威ZG电竞馆(幸福城店)","address":"文明南路幸福城A栋2区3栋201室","phone":"电话:0735-3722789"},{"name":"九天电竞馆(人民西路店)","address":"人民西路21号","phone":""},{"name":"心悦电竞网咖(五岭大道店)","address":"五岭大道238号三元酒店管理有限公司五岭分店2楼","phone":"电话:17711651288"},{"name":"电竞网络","address":"郴州市桂阳县向阳路桂阳城南完小东北侧约160米","phone":""},{"name":"忆楚管理·摩尔电竞(翡翠路店)","address":"湖南省郴州市桂阳县龙潭路与翡翠路交汇处(玉景翡翠湾)16栋101号铺","phone":"电话:13973526111"},{"name":"泰普电竞·卓威电竞馆(爱莲湖店)","address":"王仙岭街道爱莲路79号中珠爱莲湖畔1栋207、208、209","phone":"电话:18075503113"},{"name":"茶语网吧","address":"火车站升平路5号","phone":"电话:0735-2894010"},{"name":"超世纪网吧","address":"石榴湾小区南门西60米","phone":"电话:0735-2880419"},{"name":"守护者网咖","address":"国庆南路22号","phone":"电话:13617352035"},{"name":"KK网吧","address":"东塔路映月居2-47号门面","phone":"电话:17773508690"},{"name":"城市先锋电竞馆","address":"五岭花园2栋201号","phone":"电话:17711651388"},{"name":"郴州泰普一号电竞酒店","address":"王仙岭街道欢乐海岸(缤纷世界)23A栋201号","phone":""},{"name":"七剑电竞馆(骆仙路店)","address":"骆仙路2-7号","phone":"电话:17688867962"},{"name":"骏龙网咖(人民西路店)","address":"人民西路1号","phone":""},{"name":"靓仔电竞(北苑路店)","address":"北苑路3-8号","phone":""},{"name":"多米电竞馆达尔优形象店","address":"龙泉路41-23号","phone":"电话:18975552510"},{"name":"圣火电竞馆","address":"郴江街道梨树山路99号恒隆华府16、17栋109-118","phone":"电话:15675785969"},{"name":"达人电竞馆(白露塘店)","address":"白露塘镇林邑路板桥村委综合楼","phone":""},{"name":"城市电竞(文化路店)","address":"文化路17-15号附近","phone":""},{"name":"听雨轩电竞","address":"青年大道333号阳光瑞城4栋2楼268-272号280-284号","phone":"电话:17773511061"},{"name":"壹号电竞","address":"郴州市苏仙区中山东街兴旺楼小区西南侧约30米","phone":""},{"name":"心悦电竞网咖(龙泉路店)","address":"郴州市-北湖区-龙泉路龙泉名邸1期(近十字路口、郁香包子楼上)","phone":"电话:17707350509"},{"name":"宜博电竞馆(恒泰店)","address":"燕泉北路154号附近","phone":"电话:0735-2172138"},{"name":"金纪元电竞馆","address":"下湄桥金桥大厦6号","phone":"电话:18973527787"},{"name":"皮城网咖·忆楚管理(爱莲湖店)","address":"欢乐海岸风情街10号201房（欢乐海岸戴永红楼上）","phone":"电话:18670579121"},{"name":"BOYa冰世界网吧","address":"沿江路8号尚尔酒店对面","phone":""},{"name":"风速电竞馆","address":"郴江花园沿街商铺罗记鱼粉楼上","phone":"电话:18907352755"},{"name":"奋斗者网络会所","address":"上白水村6组郴州职业技术学院后街","phone":"电话:17375183390"},{"name":"城市猎人电竞(国庆北路店)","address":"国庆北路58号","phone":""},{"name":"云顶网咖","address":"万华路8号紫云山庄G栋20D2号","phone":"电话:0735-2180750"},{"name":"里古电竞馆","address":"南岭大道401号2栋附101号里","phone":"电话:13975731017"},{"name":"星城电竞馆","address":"湖南省郴州市北湖区新贵华城二期D栋","phone":"电话:19918787733"},{"name":"熊猫电竞馆(香花路店)","address":"燕泉街道香花路57号龙溪湾小区1栋202","phone":"电话:13873550157"},{"name":"天缘网咖(万华路店)","address":"万华路5号","phone":"电话:15273513333"},{"name":"云梦网吧","address":"涌泉街道七里洞村万华路赵家组（乐仙小镇西南侧约120米）","phone":"电话:18073561266"},{"name":"海岛船网咖","address":"国庆南路48-12号北湖区地税局旁边","phone":"电话:0735-2188165"},{"name":"天马行空网络会所(北湖商业城店)","address":"国庆北路30号附近","phone":"电话:0735-8886263/0735-8886280"},{"name":"赤焰先锋网咖(文化路店)","address":"影宾路与文化路交叉口东50米","phone":"电话:0735-2170820"},{"name":"华城网咖","address":"香雪路天润天城2栋2楼","phone":"电话:19165625927"},{"name":"恒泰网吧(燕泉北路店)","address":"燕泉路日月大酒店2楼","phone":"电话:0735-2172138"},{"name":"泰普电竞·壹诚电竞馆(五岭国际店)","address":"民权路五岭湾小区芙蓉园地下室-3028号、-3029号","phone":"电话:13054006652"},{"name":"快乐街区(郴州生源店)","address":"八一北路生源时代广场5楼","phone":"电话:0735-2176117/19528995434"},{"name":"宜博电竞馆(博源总店)","address":"北湖街道国庆北路11号","phone":"电话:18175726001"},{"name":"宜博电竞馆(南岭大道店)","address":"南岭大道968号大华天都F3层","phone":"电话:13607350716"},{"name":"花园网咖(金桥商贸名邸店)","address":"金桥商贸名邸","phone":""},{"name":"宜博电竞馆(冰世界店)","address":"苏园路零点生活超市旁","phone":"电话:0735-8881919/18670292287"},{"name":"皮城电竞","address":"郴州市北湖区南湖路万宝国际城","phone":""},{"name":"宜博电竞馆(新好景店)","address":"国庆北路29附1号","phone":"电话:0735-2266278"},{"name":"潮玩动漫游戏(五岭新天地二期新天地名汇城店)","address":"五岭新天地29-117号","phone":"电话:16625117968/18073597222"},{"name":"玩未莱潮玩运动街区(友阿店)","address":"北湖街道国庆北路17号友阿国际商业广场天幕街4楼（4、8号电梯可直达）","phone":""},{"name":"博悦电竞","address":"郴州市北湖区国庆北路北湖新世界西北侧约50米","phone":""}]