[{"name":"网游电竞(中百店)","address":"江汉路特8号中百仓储F3层","phone":"电话:15925829567"},{"name":"星网咖(北门店)","address":"湖北省潜江市章华中路101号","phone":""},{"name":"网游电竞(金桥广场店)","address":"金桥广场4楼","phone":""},{"name":"都市网吧(三江路店)","address":"三江路3号","phone":"电话:13094297676"},{"name":"ZG电竞馆(阳光店)","address":"潜阳中路水牛城C座2楼","phone":""},{"name":"天空之城电竞馆(潜江中心城店)","address":"潜江中心城","phone":""},{"name":"梦幻网咖(张金街店)","address":"张金街170号","phone":""},{"name":"环宇网吧(潜阳西路店)","address":"潜阳西路2-15号","phone":""},{"name":"轻松网吧(东风路店)","address":"东方路与东风路交叉口北100米","phone":"电话:18672875926"},{"name":"心梦网咖","address":"环保巷12号","phone":""},{"name":"旷达电竞","address":"湖北省潜江市继红路8号二楼","phone":"电话:18627261430"},{"name":"圣光之域电竞馆","address":"湖北省潜江市园林街道潜阳中路1号","phone":""},{"name":"宇宙电竞馆","address":"潜江市友谊巷江汉艺术职业学院东南侧约130米","phone":""},{"name":"圣光之域电竞馆(园林南路店)","address":"潜江市园林南路4号","phone":""},{"name":"城市联盟电玩公社(中心城店)","address":"园林北路11号中心城2楼2-017铺","phone":"电话:17307298808"},{"name":"奇奇乐园(潜江中心城店)","address":"园林北路中心城三楼","phone":"电话:15971461066"},{"name":"小玩家(湖北潜江万达店)","address":"潜江万达广场3F","phone":""},{"name":"阿尔法家庭娱乐中心(万达店)","address":"兴盛路与紫光大道交叉口西220米万达广场二楼","phone":""},{"name":"九号电玩社·ps5·switch主机游戏馆","address":"环保巷4号（粮机小区7号楼商铺,良咔瘦身旁,七欣天斜对面）","phone":""},{"name":"尖峰电竞馆","address":"潜江市东风路除尘小区东南侧约70米","phone":""},{"name":"思维网吧(车站巷)","address":"城南居委会1组75号","phone":""},{"name":"天空之城电竞馆(城市壹号店)","address":"城市一号二楼","phone":""},{"name":"天空之城电竞馆(水牛城购物中心店)","address":"章华中路9号水牛城购物中心F1层","phone":"电话:13593942403"},{"name":"Zx电玩小屋","address":"中心城马德里美食街35-1（张亮麻辣烫对面2楼）","phone":"电话:13647287074"},{"name":"云逸宝摇杆游戏机(潜江银兴国际影城金桥广场店)","address":"园林北路12号金桥广场4楼银兴国际影城休息区前台旁","phone":""},{"name":"动感光波电玩城(星云广场店)","address":"湖北省潜江市园林街道横堤路35号星云广场F3","phone":"电话:19371663191"}]