[{"name":"星空电竞","address":"荆州市石首市明珠大道石首市人民医院南侧约140米","phone":"电话:15171181107"},{"name":"星电竞网吧","address":"玉岭北路北苑家园107-108号","phone":"电话:18727425595"},{"name":"E+电竞(宜嘉店)","address":"荆州市监利市华容路忆美国际公馆西南侧约100米","phone":""},{"name":"极速电竞","address":"湖北省荆州市松滋市刘家场镇在水一方极速电竞","phone":"电话:13829949994"},{"name":"黑鲨电竞","address":"湖北省荆州市沙市区北京东路170号","phone":"电话:13538205585"},{"name":"畅游电竞","address":"荆州市石首市笔架山路新天地西南侧约60米","phone":"电话:18274073956"},{"name":"银河电竞","address":"荆州市沙市区沙岑路中国石油(沙岑路店)东北侧约210米","phone":"电话:13972124888"},{"name":"无限电竞","address":"湖北省荆州市洪湖市爱国路54号西南方向10米","phone":"电话:13872384833"},{"name":"咸鱼电竞(雅仕家园店)","address":"湖北省荆州市洪湖市州陵大道72号","phone":""},{"name":"姐妹网咖","address":"建峰路凤凰阁(盛昌住宅附近)","phone":""},{"name":"齐乐电竞·齐凤店","address":"凤凰路荆城御景B2-106、107","phone":"电话:16671601628"},{"name":"网鱼网咖·电竞(荆州火车站绿地店)","address":"庄王大道绿地之窗二期C3商业二层152-2","phone":"电话:13986672209"},{"name":"蓝色网吧","address":"新风一路魔方KTV西50米（近汉科十巷、长江大学西侧）","phone":""},{"name":"齐乐电竞(三湾路店)","address":"经济技术开发区江津东路枫华居小区20号门面","phone":"电话:13797547076/15629866660"},{"name":"星狐电竞","address":"金龙路16号金龙馨城（杜家鸡对面）","phone":"电话:13797459664"},{"name":"复兴电竞","address":"明珠大道楚天都市佳园3栋101-2室","phone":"电话:17386423119"},{"name":"摩非电竞","address":"湖北省荆州市沙市区便河西路8-7号","phone":"电话:15671359083"},{"name":"卓悦电竞馆","address":"纳海翡丽营销中心三楼","phone":"电话:18696465379"},{"name":"齐乐电竞(万达店)","address":"万达路万达华府C区大门旁1029","phone":"电话:16671601673"},{"name":"胖虎电竞","address":"学苑路15号","phone":"电话:18872954007"},{"name":"世缘电竞","address":"立新乡金龙路42号","phone":"电话:15926552837"},{"name":"齐乐电竞(荆中路花台店)","address":"楚星欣选酒店(花台店)5楼","phone":"电话:16671601698"},{"name":"蚂蚁电竞(长港路店)","address":"长港路39号善和苑B201","phone":"电话:15007211680"},{"name":"非常电竞","address":"新风二路与学苑路交叉口东南260米","phone":"电话:18071880044"},{"name":"星期8电竞(城南春天店)","address":"城南春天北门旁","phone":"电话:13040909308"},{"name":"酷乐电竞(雷霆店)","address":"红房子2期西北门旁","phone":""},{"name":"齐乐电竞(和悦店)","address":"长港路(玉桥和悦家园)1栋1层1号2层1号","phone":""},{"name":"星期8电竞(中央华府店)","address":"荆州市沙市区长港路中央华府61号","phone":"电话:15571464166"},{"name":"酷乐网咖(黄金堂路店)","address":"黄金堂路2号","phone":"电话:13986678628"},{"name":"网鱼网咖·电竞(荆州沙市三湾路店)","address":"江津中路尚风尚水4号楼2层202室","phone":"电话:17764231523"},{"name":"亦家电竞(美佳华商场店)","address":"北京中路298号美佳华F4","phone":""},{"name":"网鱼网咖(荆州沙市新天地店)","address":"塔桥路东新天地上街9号楼B区201202-1室","phone":"电话:17771785373/19164008013"},{"name":"摩非电竞茶室(荆州店)","address":"人信汇凤台坊15栋笨姐居民火锅旁","phone":""},{"name":"亿酷电竞","address":"金龙路8-5号","phone":"电话:15171125777"},{"name":"旺仔电竞馆","address":"湖北省荆州市沙市区北京东路113-17号","phone":"电话:13507251134"},{"name":"书雅电竞","address":"荆州市荆州区新风一路汉科学苑南侧约190米","phone":""},{"name":"树呆熊网咖(常湾逸居店)","address":"常湾逸居三期c6","phone":"电话:15571658273"},{"name":"109网咖","address":"江汉路58号新时代大厦F1层","phone":"电话:13897539485"},{"name":"8090网咖(金源店)","address":"新华路金源世纪城3区22栋203s-206s","phone":"电话:15927898788"},{"name":"e派网咖","address":"沪聂线观音鑫城西北侧约60米","phone":""},{"name":"极峰网咖","address":"沙岑路跃进市场西侧约70米","phone":"电话:13121196884"},{"name":"大拇指网咖(红门路店)","address":"红门路23号飞腾数码广场B1楼（红门路车站东大门正对面）","phone":"电话:0716-4189757"},{"name":"漫时空电竞(剁椒店)","address":"金凤苑小区1栋2楼","phone":""},{"name":"莓玫瑰园网吧","address":"东方大道东方玫瑰园小区2栋205号","phone":"电话:18674163032"},{"name":"轻松电竞","address":"荆州市沙市区北京东路和逸居","phone":""},{"name":"酷乐电竞(龙腾店)","address":"荆江家缘东北门旁","phone":"电话:13986678628"},{"name":"飞驰网咖","address":"长港路88号","phone":"电话:18071282060"},{"name":"心途网络生活馆","address":"荆州中路文化广场名品街201号（文化广场旁）","phone":"电话:0716-3188137/13972372921"},{"name":"万俐电竞","address":"荆州市荆州区四机路兰州苑小区东南侧约100米","phone":""},{"name":"星期8电竞(岑河店)","address":"荆州市岑河镇民主街岑沙路16号二楼","phone":""},{"name":"杰拉电竞·网咖·台球(沙市便河东路店)","address":"湖北省荆州市沙市区崇文街道中山路街道华城商业广场杰拉网咖","phone":"电话:15927799998"},{"name":"豆乐园潮玩基地(沙北海洋世界店)","address":"海洋世界一期C6栋（妈咪心愿隔壁）","phone":"电话:0716-8388798"},{"name":"星期8电竞(长江大学南门店)","address":"湖北省荆州市荆州区曲江路4号书香雅苑1栋201号","phone":""},{"name":"洪垸网城(幸福园店)","address":"人信阳光青年城商网1-1室","phone":"电话:18972394189/18972397797"},{"name":"蒲公英电竞(亮都店)","address":"湖北省荆州市沙市区金龙路27号","phone":""},{"name":"杰拉网咖(糖巢店)","address":"北京中路161-14号恒生国际小区","phone":"电话:18995858111"},{"name":"舒语电子竞技俱乐部","address":"湖北省荆州市荆州区屈原南路a区37号","phone":""},{"name":"齐乐网络(楚风店)","address":"湖北省荆州市荆州区荆州中路86号","phone":"电话:15827798643"},{"name":"T5电竞中心","address":"北京中路与便河东路交汇一隆广场2楼","phone":""},{"name":"天外天电竞(长大店)","address":"新苑B区58号楼","phone":""},{"name":"玩聚电竞","address":"湖北省荆州市荆州区东城街道万达华府","phone":"电话:15572141261"},{"name":"欢悦天堂(美佳华店)","address":"北京中路美佳华商业广场三楼C6、C7商铺","phone":"电话:15972953771"},{"name":"佳杰网络(演武路店)","address":"湖北省荆州市荆州区演武路137号","phone":""},{"name":"电竞综合馆","address":"荆州市沙市区北京路望江国际","phone":""},{"name":"斯雅电竞","address":"荆州市荆州区学苑路茉莉花开连锁酒店(学苑路店)","phone":""},{"name":"龙霸网吧(中山路店)","address":"江汉南路民主街文楚小区向内100米","phone":"电话:13797359515"},{"name":"紫月电竞(郢都路店)","address":"郢都路西林湾一巷24号","phone":"电话:18272221220"},{"name":"巨力网络会所","address":"西林湾一巷64号","phone":""},{"name":"新腾飞网吧(西林湾店)","address":"郢都路76号","phone":"电话:15027018233"},{"name":"格里芬电玩休闲吧(美佳华店)","address":"湖北省荆州市沙市区园林路美佳华背后文化坊蓝天平台上方","phone":"电话:13886583047"},{"name":"AU电竞","address":"东方大道荆开广场2楼","phone":""},{"name":"三只熊电竞(昌龙公寓店)","address":"宿驾昌龙公寓","phone":""},{"name":"MVP电竞(齐乐万达齐盟店)","address":"荆州市荆州区七号路万达华府","phone":""},{"name":"齐乐电竞酒店(荆州职业学院店)","address":"荆州市屈原南路新苑A区99号楼","phone":""}]