[{"name":"锦城网咖电竞馆","address":"广西壮族自治区河池市都安瑶族自治县安阳大道242-246号","phone":"电话:18977875228"},{"name":"黑曼巴电竞馆","address":"金城西路与前进路交叉口东40米","phone":"电话:19127138597"},{"name":"蚂蚁电竞","address":"白马街运达商场二楼周六福珠宝楼上","phone":"电话:15519999192"},{"name":"佐伊电竞馆","address":"广西壮族自治区河池市罗城仫佬族自治县解放路57号","phone":"电话:0778-8286099/19978843396"},{"name":"玖游电竞馆","address":"广西壮族自治区河池市金城江区新建路81-2号","phone":"电话:07782270999"},{"name":"黑白网咖(宜州店)","address":"城中中路2号（宜州宾馆边上10米）","phone":"电话:0778-3181918"},{"name":"黑白网咖(白马步行街店)","address":"金城江区朝阳路20号金汇影视商贸城一楼","phone":"电话:0778-2298833"},{"name":"环江天星电竞网咖馆","address":"毛南民族酒店对面","phone":"电话:13877837580"},{"name":"喵星人电竞网咖","address":"广西壮族自治区河池市宜州区庆远镇塘中路1-18号","phone":"电话:18070803688"},{"name":"浪漫电竞","address":"广西壮族自治区河池市都安瑶族自治县新兴街107号","phone":"电话:0778-5226061"},{"name":"抓机星球(双星商贸城店)","address":"工农路107号广金商场伯乐街自编入口街1号","phone":""}]