[{"name":"壁虎电竞·乐酷店","address":"新桥街道平天路云泰锦园2幢老婆大人楼上","phone":"电话:0577-86096096"},{"name":"壁虎电竞(娄东店)","address":"娄桥街道云泰锦园11栋2楼255-266号","phone":"电话:15888744587"},{"name":"F8电竞网咖","address":"浙江省温州市永嘉县东城街道永建路万锦印象商住中心2号地块4幢201~202号室","phone":""},{"name":"优客电竞旭阳网咖","address":"双雁路银祥大厦2楼","phone":"电话:13868703802"},{"name":"穿越网咖(傲世店)","address":"南浦路376号","phone":"电话:18967752207"},{"name":"穿越电竞馆(瓯北店)","address":"瓯北街道双塔路1488号二楼(瓯北瑞天酒店二楼)","phone":"电话:13356136763"},{"name":"穿越电竞馆(有茶店)","address":"高田路黎富大厦112号","phone":"电话:18066404631"},{"name":"清俊网吧","address":"西象路90号南白象社区综合服务中心2层","phone":"电话:15888744587"},{"name":"奔驰网咖电竞(柳市店)","address":"大兴西路200号2楼","phone":"电话:15157775656"},{"name":"优客网咖网吧","address":"城南街道清远路243-259号2楼","phone":"电话:15058773555"},{"name":"优客电竞旭阳网咖","address":"双雁路银祥大厦2楼","phone":"电话:13868703802"},{"name":"穿越电竞馆(有茶店)","address":"高田路黎富大厦112号","phone":"电话:18066404631"},{"name":"宣雅阁电竞(至臻店)","address":"新桥街道华侨城·欢乐天地售楼处东南(高昂路东)","phone":"电话:15058301521"},{"name":"清俊网吧","address":"西象路90号南白象社区综合服务中心2层","phone":"电话:15888744587"},{"name":"奔驰网咖电竞(柳市店)","address":"大兴西路200号2楼","phone":"电话:15157775656"},{"name":"优客网咖网吧","address":"城南街道清远路243-259号2楼","phone":"电话:15058773555"},{"name":"穿越电竞馆(星王店)","address":"浙江省温州市鹿城区车站大道裕达大厦3号楼2楼","phone":""},{"name":"南龙电竞","address":"滨海二区2334号","phone":""},{"name":"杰拉电竞·网咖(壹号店)","address":"浙江省温州市鹿城区五马街道乘凉桥15号","phone":"电话:19957763899"},{"name":"太阳神网吧","address":"压永丰路8-14号","phone":"电话:0577-62997776"},{"name":"烁马电竞网咖","address":"五福路171号","phone":"电话:18067156884"},{"name":"星耀电竞网咖","address":"温州市鹿城区河岙线仰义锦园","phone":"电话:15888450003"},{"name":"华江电竞(金海店)","address":"金海三道545号海创名邸1幢1层001A","phone":"电话:15372823616"},{"name":"乐畅电竞馆","address":"虹南路天元广场","phone":"电话:18058825781"},{"name":"宣雅阁电竞(未来店)","address":"霞坊路188号温州未来ONE3号楼308-315室(连号)","phone":"电话:15058301521"},{"name":"诺米电竞馆(太一店)","address":"茶山街道卧龙路526-534号北辰大厦2幢2003、2004、2006","phone":"电话:13605778257"},{"name":"穿越电竞馆(人民路店)","address":"人民中路雪伦大楼141号2楼","phone":"电话:19016516783"},{"name":"沸蓝电竞(莘塍店)","address":"下村金色家园大厦1号","phone":"电话:15324500710"},{"name":"宣雅阁电竞网咖(云茂店)","address":"中庚漫游天地三楼","phone":"电话:15058301521"},{"name":"趣网电竞馆·网咖(城市蜂窝店)","address":"永安江路28号城市蜂窝","phone":"电话:18857730301"},{"name":"速龙网吧(新城店)","address":"清源路135号","phone":"电话:15990758789"},{"name":"爱尚电竞","address":"温州市龙湾区沙城街道中心街288号尚德雅苑1、2、3、5幢201室","phone":"电话:13655774060"},{"name":"宣雅阁电竞网咖(南站店)","address":"潘桥街道中汇路豪盛花苑12幢201-203室","phone":"电话:15058301521"},{"name":"红叶网吧","address":"黄田大道与千石大街交叉口西南80米","phone":""},{"name":"穿越网咖(热线店)","address":"鹿城路环都大厦201室南首","phone":"电话:13388562395"},{"name":"巢享网咖(玉海后垟店)","address":"后垟中路10幢4-8号","phone":"电话:18067766888"},{"name":"宣雅阁电竞(君尚店)","address":"仙竹路与沈竹路交叉口东140米","phone":""},{"name":"凯杰网咖(娄桥店)","address":"娄桥上汇工业区豪新路56号","phone":"电话:15088555005"},{"name":"六月电竞(三垟店)","address":"浙江省温州市瓯海区三垟街道S1站北面鑫伊广场14-17号商铺","phone":"电话:19057388161"},{"name":"合力网吧(新桥店)","address":"浙江省温州市瓯海区站前路99号","phone":""},{"name":"穿越电竞馆(铂金店)","address":"浙江省温州市高教园区星尚湾4号楼4楼东首","phone":"电话:19005876935"},{"name":"招财猫网吧(荣盛大楼店)","address":"温州市瑞安市荣盛大楼1层","phone":""},{"name":"趣网电竞馆·网咖(潘安店)","address":"鞋都大道与屿头南路交叉口东北角","phone":""},{"name":"未来电竞馆","address":"温州市永嘉县会展路三江立体城","phone":""},{"name":"音速电竞馆","address":"浙江省温州市瑞安市瑞安国际都会江南酒店南","phone":""},{"name":"宏电竞网咖","address":"温州市鹿城区渔藤路西都锦园","phone":""},{"name":"昊悦电竞(昊域广场店)","address":"海工大道787号A幢3楼A313、A314号","phone":"电话:18312924299"},{"name":"恒成电竞国乐店(国乐店)","address":"永丰西路与永强大道交叉口西北60米","phone":"电话:15381557256/16680448790"},{"name":"穿越电竞馆(吾悦店)","address":"瑞祥大道1317号2楼","phone":"电话:19016579705"},{"name":"恒成网咖(名豪店)","address":"温州大道国光大厦2号楼2层（三个先森的韩国炸鸡正对面）","phone":"电话:15372837565"},{"name":"穿越电竞馆(朝霞店)","address":"浙江省温州市鹿城区温金路307号二楼","phone":"电话:13396992803"},{"name":"杰拉电竞·网咖(宏地壹品国际店)","address":"浙江省温州市瓯海区宏地壹品国际二楼","phone":"电话:13388596025"},{"name":"穿越网咖(非凡店)","address":"浙江省温州市瓯海区仙岩街道沈东路69号2楼","phone":"电话:19005878201"},{"name":"穿越电竞馆(新城店)","address":"浙江省温州市鹿城区花源路黎明工业区55~57号2楼","phone":"电话:13353320736"},{"name":"恒成网咖(心缘店)","address":"瓯海大道249号霞王村路口2楼","phone":"电话:15381557256/15988780562"},{"name":"逗乐电竞·网咖·酒馆·棋牌","address":"荷花路联合广场3栋188号商铺","phone":"电话:13676709970"},{"name":"凯杰电竞(凯哥店)","address":"浙江省温州市瓯海区教导路3号","phone":"电话:15088555005"},{"name":"欧尚网咖(创意园店)","address":"三溪工业园康宏东路2号欧尚创意园内","phone":""},{"name":"尚品电竞(利玛店)","address":"滨海六路2165号滨海利玛广场1层MC5号铺位","phone":"电话:18906658651"},{"name":"恒成网咖(海鱼店)","address":"浙江省温州市永嘉县三桥社区楠华锦园4幢101室","phone":"电话:18758787879"},{"name":"温州市九洲网吧(时尚港购物中心店)","address":"腾达路108号","phone":""},{"name":"杰拉电竞·网咖(欧洲城店)","address":"飞霞北路14号","phone":"电话:15372801703"},{"name":"恒成网咖(锦园店)","address":"东港路51号大诚商厦","phone":""},{"name":"电竞网咖(龙腾南路店)","address":"浙江省温州市龙湾区龙腾南路92号","phone":""},{"name":"穿越电竞馆(六路店)","address":"浙江省温州市龙湾区滨海六路2356号","phone":"电话:18058840336"},{"name":"冲浪电竞馆·华江连锁(塘下店)","address":"紫荆假日广场（大润发后排9幢66）","phone":"电话:18958802626"},{"name":"铭宏网吧","address":"后垟中路33栋","phone":"电话:15382581888"},{"name":"恒成网咖·金龙店","address":"正岙路473号","phone":"电话:15669899131"},{"name":"潮人电玩(第一桥店)","address":"解放街第一桥纱帽河商城2楼","phone":"电话:0577-88269660"},{"name":"电竞驿站","address":"堡一社区文化路堡一农贸市场二楼","phone":"电话:13588910005"},{"name":"凯杰电竞(温馨店)","address":"梧慈路456-468号","phone":"电话:15088555005"},{"name":"第一回合(温州印象城店)","address":"温州印象城MEGA购物中心-B1-27-28-29-30b-36-37","phone":"电话:15356533601"},{"name":"华尔美网吧","address":"沈东路9号2层","phone":"电话:15067830771"},{"name":"金伟网吧","address":"中兴南街商贸小区4幢1楼","phone":"电话:15355926777"},{"name":"心情网吧","address":"北门街88号","phone":"电话:17367178527"},{"name":"米多多(杏垟店)","address":"温州市瑞安市S56中国石化加油站(杏垟站)西南侧约180米","phone":"电话:15858512337"},{"name":"穿越网咖(畅想店)","address":"宏源路68号","phone":"电话:18066403220"},{"name":"金桥电竞·千里马店","address":"三溪路11号2楼(近三溪路)","phone":"电话:0577-86256566"},{"name":"新都网吧","address":"广场西路255号新都大酒店后幢","phone":"电话:18757765828"},{"name":"天空之城游乐体验世界(温州吾悦店)","address":"雁荡西路与上江路交叉路口新城吾悦广场3楼Z08商铺","phone":"电话:18072127627"},{"name":"科宏电竞网咖","address":"温州市鹿城区双岙路双岙创业园西侧约110米","phone":"电话:15607777788"},{"name":"迎春网吧","address":"江滨中路200号","phone":"电话:13868809668"},{"name":"螃蟹电竞","address":"下社村12号","phone":"电话:13967743860"},{"name":"极速网吧","address":"香格里海景园AC幢205室","phone":""},{"name":"新一族网吧","address":"沿河北路与邮电路交叉口西北50米","phone":""},{"name":"加班网咖","address":"站前东小区锦源路华龙大楼1-108号","phone":"电话:13806867429"},{"name":"趣网电竞馆·网咖(青草店)","address":"任桥村康宁西路45号(二楼)","phone":""},{"name":"肯莱电竞","address":"温州市瓯海区大学路丽欧锦园东北侧约80米","phone":""},{"name":"魔羯座电竞小站(社叶店)","address":"瓯海区社叶村振社东路11号后面","phone":"电话:18968897222"},{"name":"宣雅阁电竞(竟梦店)","address":"温州市瑞安市镇中路汀田大厦东南侧约230米","phone":"电话:15058301521"},{"name":"趣网电竞馆(未来店)","address":"浙江省温州市龙湾区蒲州街道温州未来之城","phone":"电话:18758785123"},{"name":"巢享网咖(塘下广场路店)","address":"广场西路瑞豪家苑2幢201","phone":"电话:13396968067"},{"name":"西西网咖(瓯北店)","address":"堡二村前河西路2弄6号","phone":""},{"name":"猎狐网咖","address":"富海路132号","phone":"电话:15868556048"},{"name":"韦跃电竞(百佳广场店)","address":"浙江省温州市乐清市北白象镇东大街588号(行政服务中心对面)百佳广场F1","phone":""},{"name":"舞指竞网咖·纯竞(石马大厦店)","address":"伯乐东路102号石马大厦B栋二楼","phone":"电话:18905870222"},{"name":"金桥网吧(普明路)","address":"温瞿西路1889号2楼","phone":""},{"name":"巢享网咖(塘下沙渎店)","address":"时代路富博大厦1幢2单元201室","phone":"电话:18067766888"},{"name":"极度网咖(蔡桥商贸大厦B栋店)","address":"浙江省温州市永嘉县双塔路蔡桥商贸大厦b栋2楼","phone":"电话:18968991818"},{"name":"鹿米游电竞馆","address":"广场西路A20号","phone":""},{"name":"8号电竞馆","address":"温州市浙江省乐清市乐成街道清远路161号三楼","phone":""},{"name":"古岸园网吧","address":"娄桥街道金湖街与古心街交叉路口往东南约100米(古岸家园)","phone":""},{"name":"银申网吧(陶山店)","address":"花园路与陶马路交叉口南210米","phone":"电话:13958865452"},{"name":"恒成电竞(前京店)","address":"沿繁路与沿绣路交叉口正南方向111米","phone":"电话:13868684183"},{"name":"华江电竞(呈烽店)","address":"胜泉东路88号","phone":"电话:18968898433"},{"name":"彼岸电竞(月乐西街店)","address":"温州市瓯海区月乐西街御龙公馆1.2幢101号、102号店面","phone":""},{"name":"森林·网咖(交通东路店)","address":"交通东路672号(锦绣时代楼下)","phone":"电话:0577-62980005"},{"name":"星缘网咖","address":"龙腾南路260号二楼","phone":""},{"name":"顶尚畅游电竞馆","address":"工业区宝成路26号(第1幢第2层)","phone":"电话:13767549813"},{"name":"超越网咖","address":"虹港北路200号黎明村菜市场3层","phone":"电话:0577-62318656"},{"name":"尚风网咖(柳商店)","address":"柳黄路170号柳市商城F2层","phone":"电话:0577-62737266"},{"name":"恒成电竞（立海店）","address":"浙江省温州市瓯海区瞿溪街道国际真皮大世界","phone":""},{"name":"尚风电竞","address":"滨海六路新天地生活超市对面二楼","phone":"电话:13857799510"},{"name":"心缘网咖(龙霞店)","address":"龙霞南路与瓯海大道辅路交叉口东南40米","phone":"电话:18757712175"},{"name":"友间网咖(桥下店)","address":"桥下街东132号","phone":"电话:13706698279"},{"name":"天涯海角网吧(凯旋路店)","address":"东风工业区凯旋路20-1号","phone":""},{"name":"欧尚电竞(红狐店)","address":"浙江省温州市鹿城区仰义街道沿程路161号","phone":"电话:13317951361"},{"name":"东大网咖","address":"浙江省温州市乐清市开创路192-198号","phone":"电话:13336926877"},{"name":"穿越电竞馆(伯乐店)","address":"温州市瓯海区-繁盛路129号","phone":""}]